optimizer,lr,seed,epoch,val_loss,val_top1,val_top5
muon,0.005,42,0,1.886100,44.4600,89.7800
muon,0.005,42,1,1.078700,63.6200,96.8200
muon,0.005,42,2,0.774000,72.9600,98.2600
muon,0.005,42,3,0.545500,80.9800,99.1400
muon,0.005,42,4,0.483300,83.7300,99.3000
muon,0.005,42,5,0.416300,85.5400,99.3800
muon,0.005,42,6,0.395400,86.3300,99.5700
muon,0.005,42,7,0.339700,88.7200,99.6000
muon,0.005,42,8,0.322400,88.9900,99.7000
muon,0.005,42,9,0.296500,90.0000,99.7000
muon,0.005,42,10,0.308400,89.6900,99.6700
muon,0.005,42,11,0.304500,89.8400,99.6900
muon,0.005,42,12,0.290500,90.6500,99.7500
muon,0.005,42,13,0.287600,90.7900,99.7200
muon,0.005,42,14,0.264800,91.2200,99.7100
muon,0.005,42,15,0.256100,91.6500,99.6900
muon,0.005,42,16,0.253500,92.2500,99.7300
muon,0.005,42,17,0.254200,92.1300,99.7600
muon,0.005,42,18,0.241400,92.4200,99.8200
muon,0.005,42,19,0.243500,92.5800,99.7600
muon,0.005,42,20,0.237400,92.5700,99.7900
muon,0.005,42,21,0.236400,92.7900,99.7900
muon,0.005,42,22,0.235700,92.7300,99.8100
muon,0.005,42,23,0.235600,92.7600,99.8000
muon,0.005,43,0,1.922200,42.8200,88.8300
muon,0.005,43,1,1.091900,63.6700,96.7200
muon,0.005,43,2,0.708800,75.5700,98.5400
muon,0.005,43,3,0.545800,81.1600,98.9800
muon,0.005,43,4,0.501900,82.5700,99.2700
muon,0.005,43,5,0.396300,86.5100,99.4100
muon,0.005,43,6,0.414600,85.4700,99.4400
muon,0.005,43,7,0.362400,87.4400,99.5500
muon,0.005,43,8,0.316100,89.5800,99.6400
muon,0.005,43,9,0.313000,89.2000,99.7000
muon,0.005,43,10,0.291400,90.4500,99.6400
muon,0.005,43,11,0.296600,90.0800,99.6000
muon,0.005,43,12,0.292900,90.5600,99.6600
muon,0.005,43,13,0.271100,91.4000,99.6800
muon,0.005,43,14,0.271200,91.6300,99.6100
muon,0.005,43,15,0.260200,91.8800,99.7100
muon,0.005,43,16,0.257100,92.0900,99.7300
muon,0.005,43,17,0.245200,92.4900,99.7600
muon,0.005,43,18,0.251700,92.4900,99.7600
muon,0.005,43,19,0.243700,92.6200,99.8100
muon,0.005,43,20,0.240800,92.8100,99.8000
muon,0.005,43,21,0.235900,92.9000,99.8300
muon,0.005,43,22,0.237700,92.9200,99.8200
muon,0.005,43,23,0.236900,92.8700,99.8200
muon,0.005,44,0,1.906800,43.4000,89.3700
muon,0.005,44,1,1.072700,64.1400,96.7600
muon,0.005,44,2,0.719600,75.2700,98.2200
muon,0.005,44,3,0.635400,78.4100,98.7500
muon,0.005,44,4,0.506000,82.5000,99.0200
muon,0.005,44,5,0.404800,86.2000,99.3600
muon,0.005,44,6,0.368000,87.4800,99.4100
muon,0.005,44,7,0.353300,87.9300,99.5700
muon,0.005,44,8,0.311900,89.5200,99.6700
muon,0.005,44,9,0.296800,90.3200,99.6700
muon,0.005,44,10,0.321200,89.5700,99.7100
muon,0.005,44,11,0.306500,90.0700,99.7200
muon,0.005,44,12,0.280000,90.9300,99.7900
muon,0.005,44,13,0.274000,91.3500,99.7800
muon,0.005,44,14,0.268800,91.5400,99.7900
muon,0.005,44,15,0.260200,91.8300,99.7500
muon,0.005,44,16,0.255400,91.8800,99.8200
muon,0.005,44,17,0.242800,92.4200,99.7800
muon,0.005,44,18,0.243700,92.3200,99.7900
muon,0.005,44,19,0.241800,92.5500,99.8300
muon,0.005,44,20,0.235800,92.7300,99.8400
muon,0.005,44,21,0.233800,92.7100,99.8000
muon,0.005,44,22,0.233100,92.6900,99.8300
muon,0.005,44,23,0.233000,92.7300,99.8000
muon,0.01,42,0,1.602200,50.3800,92.5200
muon,0.01,42,1,0.825800,71.6700,97.9500
muon,0.01,42,2,0.634700,77.6000,99.0200
muon,0.01,42,3,0.524300,81.8800,99.1500
muon,0.01,42,4,0.423100,85.4900,99.4000
muon,0.01,42,5,0.380200,87.0500,99.4300
muon,0.01,42,6,0.357500,87.5900,99.5700
muon,0.01,42,7,0.327500,88.6000,99.6000
muon,0.01,42,8,0.330900,88.5600,99.6700
muon,0.01,42,9,0.301900,89.8700,99.7300
muon,0.01,42,10,0.279300,90.6800,99.7300
muon,0.01,42,11,0.277100,90.5300,99.7500
muon,0.01,42,12,0.257700,91.6300,99.7500
muon,0.01,42,13,0.256500,91.4900,99.7200
muon,0.01,42,14,0.246500,92.0900,99.7800
muon,0.01,42,15,0.229500,92.5500,99.8100
muon,0.01,42,16,0.234100,92.7800,99.8500
muon,0.01,42,17,0.236600,92.7700,99.8400
muon,0.01,42,18,0.224200,93.1700,99.8800
muon,0.01,42,19,0.223000,93.1200,99.8600
muon,0.01,42,20,0.217900,93.2500,99.8700
muon,0.01,42,21,0.212400,93.6200,99.8800
muon,0.01,42,22,0.213000,93.5000,99.8900
muon,0.01,42,23,0.212500,93.5200,99.8700
muon,0.01,43,0,1.644400,48.7300,92.2500
muon,0.01,43,1,0.816000,73.0100,97.9100
muon,0.01,43,2,0.587500,79.9100,98.9600
muon,0.01,43,3,0.494900,83.2100,98.9500
muon,0.01,43,4,0.483600,83.3600,99.2900
muon,0.01,43,5,0.357100,87.8900,99.5500
muon,0.01,43,6,0.416000,85.8600,99.3900
muon,0.01,43,7,0.332300,88.5900,99.6600
muon,0.01,43,8,0.299100,90.1000,99.6800
muon,0.01,43,9,0.280100,90.3700,99.7200
muon,0.01,43,10,0.273600,91.0600,99.7800
muon,0.01,43,11,0.273300,90.9700,99.6700
muon,0.01,43,12,0.287600,90.5200,99.7100
muon,0.01,43,13,0.262700,91.5200,99.7600
muon,0.01,43,14,0.266200,91.8600,99.6800
muon,0.01,43,15,0.250200,92.0500,99.7800
muon,0.01,43,16,0.243700,92.4500,99.8200
muon,0.01,43,17,0.235900,92.8200,99.8000
muon,0.01,43,18,0.235600,92.8800,99.8300
muon,0.01,43,19,0.226800,93.2500,99.8500
muon,0.01,43,20,0.227300,93.2300,99.8400
muon,0.01,43,21,0.223400,93.2800,99.8500
muon,0.01,43,22,0.223600,93.3000,99.8400
muon,0.01,43,23,0.223400,93.2900,99.8500
muon,0.01,44,0,1.614600,49.4700,92.4000
muon,0.01,44,1,0.839800,71.1100,98.1400
muon,0.01,44,2,0.610000,78.9400,98.7800
muon,0.01,44,3,0.567400,80.6100,99.0000
muon,0.01,44,4,0.432500,85.2400,99.3000
muon,0.01,44,5,0.407100,86.2500,99.3900
muon,0.01,44,6,0.361300,87.6100,99.6300
muon,0.01,44,7,0.322300,88.8100,99.7100
muon,0.01,44,8,0.326000,88.8200,99.6700
muon,0.01,44,9,0.276700,90.6400,99.6900
muon,0.01,44,10,0.302700,90.2900,99.6700
muon,0.01,44,11,0.266600,91.3400,99.7400
muon,0.01,44,12,0.252600,91.7600,99.7700
muon,0.01,44,13,0.262100,91.5500,99.7800
muon,0.01,44,14,0.235500,92.2400,99.8300
muon,0.01,44,15,0.243200,92.1100,99.8200
muon,0.01,44,16,0.234300,92.6800,99.7700
muon,0.01,44,17,0.231900,92.8800,99.8300
muon,0.01,44,18,0.225500,93.1800,99.8400
muon,0.01,44,19,0.225100,93.4400,99.8100
muon,0.01,44,20,0.220700,93.3300,99.8400
muon,0.01,44,21,0.217800,93.4200,99.8400
muon,0.01,44,22,0.217800,93.5400,99.8400
muon,0.01,44,23,0.217300,93.5300,99.8500
muon,0.02,42,0,1.263800,58.7000,95.8300
muon,0.02,42,1,0.747300,74.6000,98.0500
muon,0.02,42,2,0.575500,79.9300,98.8800
muon,0.02,42,3,0.464600,83.9900,99.3600
muon,0.02,42,4,0.414400,86.0900,99.4200
muon,0.02,42,5,0.357500,87.7300,99.5900
muon,0.02,42,6,0.327900,88.9100,99.7400
muon,0.02,42,7,0.295200,89.9700,99.7100
muon,0.02,42,8,0.297400,89.8100,99.7800
muon,0.02,42,9,0.281500,90.5400,99.8200
muon,0.02,42,10,0.272800,90.8000,99.7600
muon,0.02,42,11,0.251600,91.3800,99.8100
muon,0.02,42,12,0.243700,91.9100,99.7600
muon,0.02,42,13,0.243700,92.1500,99.8300
muon,0.02,42,14,0.245700,92.0500,99.7800
muon,0.02,42,15,0.232100,92.5300,99.7500
muon,0.02,42,16,0.227200,93.0400,99.8100
muon,0.02,42,17,0.220700,92.9900,99.7300
muon,0.02,42,18,0.212300,93.5900,99.8100
muon,0.02,42,19,0.213900,93.4700,99.8300
muon,0.02,42,20,0.210900,93.6100,99.8100
muon,0.02,42,21,0.207400,93.7600,99.8100
muon,0.02,42,22,0.207000,93.8200,99.8200
muon,0.02,42,23,0.207200,93.7800,99.8200
muon,0.02,43,0,1.292600,57.6200,95.3000
muon,0.02,43,1,0.675500,77.0000,98.5300
muon,0.02,43,2,0.494900,83.1200,99.0900
muon,0.02,43,3,0.435000,85.2700,99.3100
muon,0.02,43,4,0.497400,82.8600,99.1200
muon,0.02,43,5,0.360600,87.5400,99.6200
muon,0.02,43,6,0.338900,88.4200,99.6000
muon,0.02,43,7,0.316600,89.2400,99.6600
muon,0.02,43,8,0.286100,90.2800,99.7400
muon,0.02,43,9,0.280900,90.6200,99.6900
muon,0.02,43,10,0.269600,90.7600,99.8100
muon,0.02,43,11,0.269700,91.2800,99.7500
muon,0.02,43,12,0.252800,91.8300,99.7900
muon,0.02,43,13,0.246100,92.0100,99.8300
muon,0.02,43,14,0.251100,92.2200,99.7700
muon,0.02,43,15,0.232800,92.7400,99.8700
muon,0.02,43,16,0.228400,92.7700,99.8300
muon,0.02,43,17,0.224700,93.1000,99.8700
muon,0.02,43,18,0.221500,93.2600,99.9100
muon,0.02,43,19,0.217200,93.3900,99.8800
muon,0.02,43,20,0.216800,93.4200,99.8800
muon,0.02,43,21,0.211700,93.7100,99.8500
muon,0.02,43,22,0.212500,93.7600,99.9000
muon,0.02,43,23,0.212000,93.7400,99.8800
muon,0.02,44,0,1.276200,57.8800,95.5900
muon,0.02,44,1,0.755200,73.1000,98.3900
muon,0.02,44,2,0.584000,80.2100,98.7700
muon,0.02,44,3,0.497800,83.5400,99.1100
muon,0.02,44,4,0.429700,85.3300,99.3800
muon,0.02,44,5,0.391600,86.4100,99.3700
muon,0.02,44,6,0.354600,87.7000,99.6000
muon,0.02,44,7,0.309300,89.5800,99.6600
muon,0.02,44,8,0.291400,90.1500,99.6400
muon,0.02,44,9,0.293000,90.4000,99.7200
muon,0.02,44,10,0.296200,90.2500,99.7500
muon,0.02,44,11,0.251500,91.7600,99.7600
muon,0.02,44,12,0.251900,91.8000,99.6800
muon,0.02,44,13,0.248700,91.8900,99.7600
muon,0.02,44,14,0.236800,92.4400,99.7800
muon,0.02,44,15,0.236400,92.3800,99.8400
muon,0.02,44,16,0.234800,92.7500,99.7900
muon,0.02,44,17,0.222100,93.0400,99.8400
muon,0.02,44,18,0.225000,93.0500,99.8600
muon,0.02,44,19,0.222600,93.3600,99.8400
muon,0.02,44,20,0.218300,93.3100,99.8800
muon,0.02,44,21,0.216100,93.4800,99.8500
muon,0.02,44,22,0.215500,93.4900,99.8500
muon,0.02,44,23,0.215200,93.4600,99.8400
muon,0.04,42,0,0.964700,67.5300,97.4100
muon,0.04,42,1,0.791800,72.6000,97.8700
muon,0.04,42,2,0.627700,78.3100,98.8500
muon,0.04,42,3,0.479200,83.8500,99.1900
muon,0.04,42,4,0.433000,85.5900,99.2600
muon,0.04,42,5,0.358000,88.0300,99.6600
muon,0.04,42,6,0.321500,88.8200,99.6700
muon,0.04,42,7,0.373100,87.3400,99.5100
muon,0.04,42,8,0.303900,89.6300,99.7700
muon,0.04,42,9,0.284900,90.3700,99.7400
muon,0.04,42,10,0.278400,90.7100,99.8100
muon,0.04,42,11,0.252000,91.6700,99.8000
muon,0.04,42,12,0.246400,91.7800,99.8200
muon,0.04,42,13,0.237400,92.4500,99.8400
muon,0.04,42,14,0.242600,92.0900,99.8600
muon,0.04,42,15,0.242700,92.3200,99.8500
muon,0.04,42,16,0.234400,92.9000,99.8300
muon,0.04,42,17,0.237100,92.7600,99.8800
muon,0.04,42,18,0.220700,93.1700,99.8600
muon,0.04,42,19,0.221800,93.2800,99.8400
muon,0.04,42,20,0.216200,93.4300,99.8400
muon,0.04,42,21,0.216600,93.5400,99.8600
muon,0.04,42,22,0.215400,93.6200,99.8500
muon,0.04,42,23,0.215400,93.6500,99.8500
muon,0.04,43,0,1.056900,63.6600,96.6700
muon,0.04,43,1,0.619400,78.8800,98.7900
muon,0.04,43,2,0.546700,81.5100,98.9800
muon,0.04,43,3,0.439200,84.9800,99.1900
muon,0.04,43,4,0.422400,85.6000,99.3200
muon,0.04,43,5,0.383400,86.6900,99.6300
muon,0.04,43,6,0.397500,86.1500,99.5500
muon,0.04,43,7,0.305200,89.1700,99.7400
muon,0.04,43,8,0.285000,90.3800,99.7100
muon,0.04,43,9,0.275100,90.3900,99.7200
muon,0.04,43,10,0.262900,91.3900,99.8400
muon,0.04,43,11,0.257600,91.5500,99.8200
muon,0.04,43,12,0.264800,91.2500,99.8200
muon,0.04,43,13,0.251800,91.9000,99.8200
muon,0.04,43,14,0.246500,92.4400,99.7300
muon,0.04,43,15,0.246000,92.6200,99.7800
muon,0.04,43,16,0.230000,92.7800,99.7800
muon,0.04,43,17,0.226800,92.9500,99.7900
muon,0.04,43,18,0.223600,93.2100,99.8500
muon,0.04,43,19,0.217000,93.5700,99.8300
muon,0.04,43,20,0.218000,93.4200,99.8300
muon,0.04,43,21,0.213700,93.6000,99.8400
muon,0.04,43,22,0.213600,93.6200,99.8700
muon,0.04,43,23,0.212800,93.6800,99.8700
muon,0.04,44,0,1.005700,65.6100,97.3600
muon,0.04,44,1,0.775100,72.9600,98.1700
muon,0.04,44,2,0.583500,79.8000,98.9900
muon,0.04,44,3,0.526700,82.4700,99.0800
muon,0.04,44,4,0.423300,85.6900,99.3300
muon,0.04,44,5,0.353900,87.8300,99.6000
muon,0.04,44,6,0.338400,88.6100,99.5200
muon,0.04,44,7,0.337500,88.5700,99.6300
muon,0.04,44,8,0.283900,90.6200,99.7000
muon,0.04,44,9,0.267000,91.1000,99.6700
muon,0.04,44,10,0.301100,90.1400,99.6500
muon,0.04,44,11,0.273200,91.1400,99.7500
muon,0.04,44,12,0.254400,91.6000,99.7500
muon,0.04,44,13,0.242900,92.1500,99.8100
muon,0.04,44,14,0.241500,92.4700,99.8000
muon,0.04,44,15,0.241900,92.2900,99.7900
muon,0.04,44,16,0.234400,92.9000,99.8000
muon,0.04,44,17,0.223200,93.2000,99.8100
muon,0.04,44,18,0.214800,93.4700,99.8400
muon,0.04,44,19,0.216100,93.7300,99.8300
muon,0.04,44,20,0.213500,93.8500,99.8600
muon,0.04,44,21,0.210200,93.7800,99.8700
muon,0.04,44,22,0.209900,93.8600,99.8700
muon,0.04,44,23,0.210000,93.9200,99.8700
muon_moonlight,0.005,42,0,0.908900,69.0600,97.6900
muon_moonlight,0.005,42,1,0.673400,77.0700,98.3400
muon_moonlight,0.005,42,2,0.612900,78.6400,98.7400
muon_moonlight,0.005,42,3,0.458600,84.3500,99.1800
muon_moonlight,0.005,42,4,0.423800,85.5400,99.3900
muon_moonlight,0.005,42,5,0.394100,86.5200,99.5500
muon_moonlight,0.005,42,6,0.325300,88.8600,99.6100
muon_moonlight,0.005,42,7,0.299900,89.7700,99.6300
muon_moonlight,0.005,42,8,0.307300,89.5000,99.6700
muon_moonlight,0.005,42,9,0.276100,90.4900,99.7800
muon_moonlight,0.005,42,10,0.277000,90.6200,99.7600
muon_moonlight,0.005,42,11,0.245700,91.7200,99.8200
muon_moonlight,0.005,42,12,0.248200,92.0000,99.7400
muon_moonlight,0.005,42,13,0.248000,91.6800,99.7900
muon_moonlight,0.005,42,14,0.234500,92.4200,99.8600
muon_moonlight,0.005,42,15,0.232000,92.5000,99.8200
muon_moonlight,0.005,42,16,0.225700,93.0700,99.8200
muon_moonlight,0.005,42,17,0.226900,92.9400,99.8600
muon_moonlight,0.005,42,18,0.219400,93.1700,99.8400
muon_moonlight,0.005,42,19,0.218500,93.3000,99.8400
muon_moonlight,0.005,42,20,0.212700,93.5400,99.8400
muon_moonlight,0.005,42,21,0.210900,93.5800,99.8500
muon_moonlight,0.005,42,22,0.210900,93.6900,99.8300
muon_moonlight,0.005,42,23,0.210700,93.6900,99.8300
muon_moonlight,0.005,43,0,0.985800,66.1200,97.1500
muon_moonlight,0.005,43,1,0.638800,78.2600,98.5600
muon_moonlight,0.005,43,2,0.511100,82.6100,99.0200
muon_moonlight,0.005,43,3,0.459500,84.3900,99.1900
muon_moonlight,0.005,43,4,0.449600,84.5700,99.2900
muon_moonlight,0.005,43,5,0.370600,87.1300,99.5200
muon_moonlight,0.005,43,6,0.365300,87.4400,99.6100
muon_moonlight,0.005,43,7,0.314000,89.3300,99.7500
muon_moonlight,0.005,43,8,0.286800,90.5800,99.6400
muon_moonlight,0.005,43,9,0.264600,90.8800,99.7300
muon_moonlight,0.005,43,10,0.260900,91.0800,99.7800
muon_moonlight,0.005,43,11,0.253600,91.5000,99.7300
muon_moonlight,0.005,43,12,0.254600,91.4700,99.8000
muon_moonlight,0.005,43,13,0.244100,91.8000,99.7800
muon_moonlight,0.005,43,14,0.250900,92.1200,99.8000
muon_moonlight,0.005,43,15,0.232600,92.5300,99.8000
muon_moonlight,0.005,43,16,0.241300,92.5000,99.8000
muon_moonlight,0.005,43,17,0.221700,93.0300,99.8000
muon_moonlight,0.005,43,18,0.219900,93.2700,99.8000
muon_moonlight,0.005,43,19,0.215900,93.4100,99.8500
muon_moonlight,0.005,43,20,0.214300,93.4700,99.8700
muon_moonlight,0.005,43,21,0.211200,93.5700,99.8800
muon_moonlight,0.005,43,22,0.211300,93.4700,99.8800
muon_moonlight,0.005,43,23,0.210500,93.5600,99.8900
muon_moonlight,0.005,44,0,0.959300,66.9900,97.5200
muon_moonlight,0.005,44,1,0.717000,74.9900,98.3100
muon_moonlight,0.005,44,2,0.528100,81.8200,99.0500
muon_moonlight,0.005,44,3,0.493400,83.5300,99.0400
muon_moonlight,0.005,44,4,0.390900,86.7600,99.5100
muon_moonlight,0.005,44,5,0.361900,87.6900,99.5200
muon_moonlight,0.005,44,6,0.337100,88.8100,99.5300
muon_moonlight,0.005,44,7,0.322600,89.0900,99.6300
muon_moonlight,0.005,44,8,0.290800,90.2800,99.7000
muon_moonlight,0.005,44,9,0.261300,91.3100,99.7400
muon_moonlight,0.005,44,10,0.288900,90.4400,99.8000
muon_moonlight,0.005,44,11,0.288200,90.7800,99.7300
muon_moonlight,0.005,44,12,0.254700,91.6000,99.7800
muon_moonlight,0.005,44,13,0.245500,92.1000,99.8200
muon_moonlight,0.005,44,14,0.243000,92.4800,99.7300
muon_moonlight,0.005,44,15,0.232500,92.8000,99.8000
muon_moonlight,0.005,44,16,0.238900,92.7500,99.8000
muon_moonlight,0.005,44,17,0.218400,93.2400,99.8800
muon_moonlight,0.005,44,18,0.217600,93.1900,99.8500
muon_moonlight,0.005,44,19,0.217100,93.4300,99.8700
muon_moonlight,0.005,44,20,0.214900,93.6300,99.8600
muon_moonlight,0.005,44,21,0.213900,93.6200,99.8600
muon_moonlight,0.005,44,22,0.213600,93.6000,99.8800
muon_moonlight,0.005,44,23,0.213100,93.6800,99.8800
muon_moonlight,0.01,42,0,0.898600,69.3400,97.2700
muon_moonlight,0.01,42,1,0.672900,77.3400,98.1600
muon_moonlight,0.01,42,2,0.592500,79.4900,98.7400
muon_moonlight,0.01,42,3,0.438500,85.0700,99.3700
muon_moonlight,0.01,42,4,0.414400,85.9700,99.4900
muon_moonlight,0.01,42,5,0.365200,87.6400,99.6300
muon_moonlight,0.01,42,6,0.304100,89.6000,99.7000
muon_moonlight,0.01,42,7,0.297800,89.9500,99.7700
muon_moonlight,0.01,42,8,0.300000,90.1300,99.7800
muon_moonlight,0.01,42,9,0.264500,91.1700,99.7400
muon_moonlight,0.01,42,10,0.270700,91.0900,99.7200
muon_moonlight,0.01,42,11,0.268100,91.1200,99.7400
muon_moonlight,0.01,42,12,0.257700,91.6700,99.7600
muon_moonlight,0.01,42,13,0.261800,91.7700,99.7700
muon_moonlight,0.01,42,14,0.252200,91.8400,99.8400
muon_moonlight,0.01,42,15,0.223000,92.8300,99.8200
muon_moonlight,0.01,42,16,0.226200,93.3200,99.8300
muon_moonlight,0.01,42,17,0.233900,93.1300,99.8400
muon_moonlight,0.01,42,18,0.221500,93.3700,99.9000
muon_moonlight,0.01,42,19,0.221600,93.4500,99.8200
muon_moonlight,0.01,42,20,0.213700,93.5900,99.8700
muon_moonlight,0.01,42,21,0.214500,93.5600,99.8700
muon_moonlight,0.01,42,22,0.213000,93.6000,99.8800
muon_moonlight,0.01,42,23,0.212800,93.5600,99.8700
muon_moonlight,0.01,43,0,0.872600,69.0700,97.7200
muon_moonlight,0.01,43,1,0.653300,78.1400,98.3100
muon_moonlight,0.01,43,2,0.466400,84.1000,99.2400
muon_moonlight,0.01,43,3,0.422200,85.5900,99.4600
muon_moonlight,0.01,43,4,0.457900,84.4100,99.2200
muon_moonlight,0.01,43,5,0.334300,88.5100,99.6200
muon_moonlight,0.01,43,6,0.354800,87.7500,99.5700
muon_moonlight,0.01,43,7,0.303100,89.7500,99.7000
muon_moonlight,0.01,43,8,0.281400,90.6300,99.6700
muon_moonlight,0.01,43,9,0.268100,91.0500,99.7600
muon_moonlight,0.01,43,10,0.261400,91.2900,99.8400
muon_moonlight,0.01,43,11,0.248700,91.5900,99.7900
muon_moonlight,0.01,43,12,0.253500,91.6700,99.8500
muon_moonlight,0.01,43,13,0.235900,92.4600,99.8300
muon_moonlight,0.01,43,14,0.253900,92.2300,99.7900
muon_moonlight,0.01,43,15,0.232300,92.6900,99.8400
muon_moonlight,0.01,43,16,0.229500,92.8600,99.8600
muon_moonlight,0.01,43,17,0.229300,92.9300,99.8700
muon_moonlight,0.01,43,18,0.224700,93.2400,99.8500
muon_moonlight,0.01,43,19,0.212300,93.5300,99.8600
muon_moonlight,0.01,43,20,0.212200,93.6500,99.8800
muon_moonlight,0.01,43,21,0.207700,93.8000,99.8500
muon_moonlight,0.01,43,22,0.207800,93.7600,99.8700
muon_moonlight,0.01,43,23,0.207200,93.7500,99.8600
muon_moonlight,0.01,44,0,0.913800,68.5100,96.3400
muon_moonlight,0.01,44,1,0.802700,72.3300,97.6900
muon_moonlight,0.01,44,2,0.629000,78.8800,98.5800
muon_moonlight,0.01,44,3,0.474700,84.2700,99.3600
muon_moonlight,0.01,44,4,0.409600,85.8800,99.3900
muon_moonlight,0.01,44,5,0.362400,87.4100,99.5800
muon_moonlight,0.01,44,6,0.364200,87.5800,99.5300
muon_moonlight,0.01,44,7,0.318200,89.3800,99.5800
muon_moonlight,0.01,44,8,0.286500,90.2200,99.7500
muon_moonlight,0.01,44,9,0.270500,91.2400,99.7500
muon_moonlight,0.01,44,10,0.295100,90.2400,99.8400
muon_moonlight,0.01,44,11,0.261900,91.3600,99.7400
muon_moonlight,0.01,44,12,0.258200,91.5500,99.8100
muon_moonlight,0.01,44,13,0.250100,91.9000,99.8100
muon_moonlight,0.01,44,14,0.224500,92.8200,99.7700
muon_moonlight,0.01,44,15,0.227600,92.9000,99.8400
muon_moonlight,0.01,44,16,0.224000,93.0000,99.8500
muon_moonlight,0.01,44,17,0.217000,93.4400,99.8400
muon_moonlight,0.01,44,18,0.215400,93.3800,99.8000
muon_moonlight,0.01,44,19,0.211800,93.6400,99.8700
muon_moonlight,0.01,44,20,0.208400,93.7800,99.8700
muon_moonlight,0.01,44,21,0.206500,93.9300,99.8800
muon_moonlight,0.01,44,22,0.206400,93.8800,99.8700
muon_moonlight,0.01,44,23,0.205800,93.9300,99.8800
muon_moonlight,0.02,42,0,1.134300,63.8800,95.5400
muon_moonlight,0.02,42,1,0.755200,74.4000,98.4000
muon_moonlight,0.02,42,2,0.588500,79.8500,99.1100
muon_moonlight,0.02,42,3,0.447500,84.8800,99.2800
muon_moonlight,0.02,42,4,0.409300,85.9600,99.3600
muon_moonlight,0.02,42,5,0.345700,88.3000,99.5600
muon_moonlight,0.02,42,6,0.316600,88.8300,99.7100
muon_moonlight,0.02,42,7,0.288900,90.1700,99.7200
muon_moonlight,0.02,42,8,0.323500,89.2200,99.6900
muon_moonlight,0.02,42,9,0.260400,91.1800,99.7900
muon_moonlight,0.02,42,10,0.268000,91.1100,99.7200
muon_moonlight,0.02,42,11,0.246900,91.8600,99.8500
muon_moonlight,0.02,42,12,0.250100,92.2000,99.8200
muon_moonlight,0.02,42,13,0.278700,91.3500,99.7600
muon_moonlight,0.02,42,14,0.246400,92.3100,99.8100
muon_moonlight,0.02,42,15,0.232500,92.9200,99.8300
muon_moonlight,0.02,42,16,0.224700,93.2500,99.8300
muon_moonlight,0.02,42,17,0.226100,93.0800,99.8100
muon_moonlight,0.02,42,18,0.221400,93.4100,99.8700
muon_moonlight,0.02,42,19,0.218900,93.6800,99.8500
muon_moonlight,0.02,42,20,0.212000,93.7800,99.8600
muon_moonlight,0.02,42,21,0.211900,93.7300,99.8800
muon_moonlight,0.02,42,22,0.210800,93.7500,99.8800
muon_moonlight,0.02,42,23,0.210800,93.7400,99.8800
muon_moonlight,0.02,43,0,0.876400,69.5900,97.5000
muon_moonlight,0.02,43,1,0.610600,79.3600,98.6100
muon_moonlight,0.02,43,2,0.469900,84.3500,99.2000
muon_moonlight,0.02,43,3,0.439400,85.1700,99.3600
muon_moonlight,0.02,43,4,0.448700,84.5700,99.3500
muon_moonlight,0.02,43,5,0.346500,88.2200,99.6600
muon_moonlight,0.02,43,6,0.350800,88.2800,99.6900
muon_moonlight,0.02,43,7,0.302200,89.3800,99.7100
muon_moonlight,0.02,43,8,0.315500,89.5100,99.6400
muon_moonlight,0.02,43,9,0.288500,90.0100,99.7400
muon_moonlight,0.02,43,10,0.272500,90.7700,99.7600
muon_moonlight,0.02,43,11,0.256800,91.5600,99.7300
muon_moonlight,0.02,43,12,0.268200,91.4900,99.6700
muon_moonlight,0.02,43,13,0.246400,92.1400,99.8400
muon_moonlight,0.02,43,14,0.237800,92.6200,99.7800
muon_moonlight,0.02,43,15,0.243300,92.3500,99.8400
muon_moonlight,0.02,43,16,0.254200,91.9800,99.8300
muon_moonlight,0.02,43,17,0.231200,92.8400,99.8200
muon_moonlight,0.02,43,18,0.231200,92.9800,99.8000
muon_moonlight,0.02,43,19,0.222900,93.1300,99.8500
muon_moonlight,0.02,43,20,0.222700,93.0900,99.8500
muon_moonlight,0.02,43,21,0.222200,93.2400,99.8500
muon_moonlight,0.02,43,22,0.221600,93.2400,99.8400
muon_moonlight,0.02,43,23,0.220800,93.1800,99.8500
muon_moonlight,0.02,44,0,0.878700,69.9600,96.8300
muon_moonlight,0.02,44,1,0.886800,69.7700,97.2500
muon_moonlight,0.02,44,2,0.503300,82.9100,99.2400
muon_moonlight,0.02,44,3,0.516500,82.7000,98.8700
muon_moonlight,0.02,44,4,0.402200,85.8800,99.5500
muon_moonlight,0.02,44,5,0.364500,87.3500,99.4800
muon_moonlight,0.02,44,6,0.336400,88.5600,99.5700
muon_moonlight,0.02,44,7,0.333100,88.6300,99.6000
muon_moonlight,0.02,44,8,0.285100,90.3000,99.6700
muon_moonlight,0.02,44,9,0.272900,90.7800,99.6700
muon_moonlight,0.02,44,10,0.276400,91.2600,99.8400
muon_moonlight,0.02,44,11,0.265800,91.4000,99.7400
muon_moonlight,0.02,44,12,0.235600,92.2200,99.8300
muon_moonlight,0.02,44,13,0.236800,92.4500,99.7500
muon_moonlight,0.02,44,14,0.235200,92.5000,99.7800
muon_moonlight,0.02,44,15,0.227800,92.7900,99.7700
muon_moonlight,0.02,44,16,0.229600,93.0600,99.7800
muon_moonlight,0.02,44,17,0.220600,93.1300,99.7900
muon_moonlight,0.02,44,18,0.215200,93.3300,99.8300
muon_moonlight,0.02,44,19,0.215400,93.6200,99.8400
muon_moonlight,0.02,44,20,0.213100,93.3600,99.8600
muon_moonlight,0.02,44,21,0.210000,93.4900,99.8700
muon_moonlight,0.02,44,22,0.208300,93.5400,99.8700
muon_moonlight,0.02,44,23,0.208500,93.5600,99.8600
muon_moonlight,0.04,42,0,1.170200,64.1600,95.1500
muon_moonlight,0.04,42,1,0.716200,75.5100,98.4700
muon_moonlight,0.04,42,2,0.571300,80.5900,98.8000
muon_moonlight,0.04,42,3,0.441400,85.1700,99.3600
muon_moonlight,0.04,42,4,0.424000,85.7300,99.3100
muon_moonlight,0.04,42,5,0.378600,87.4400,99.4500
muon_moonlight,0.04,42,6,0.314700,89.1500,99.6300
muon_moonlight,0.04,42,7,0.306900,89.5500,99.6900
muon_moonlight,0.04,42,8,0.287400,89.9500,99.6900
muon_moonlight,0.04,42,9,0.279200,90.7300,99.7800
muon_moonlight,0.04,42,10,0.281900,90.6600,99.7000
muon_moonlight,0.04,42,11,0.252700,91.8800,99.7800
muon_moonlight,0.04,42,12,0.244900,92.3300,99.7500
muon_moonlight,0.04,42,13,0.272800,91.4500,99.7500
muon_moonlight,0.04,42,14,0.242900,92.6200,99.7900
muon_moonlight,0.04,42,15,0.225400,93.0400,99.8200
muon_moonlight,0.04,42,16,0.224300,93.0300,99.8200
muon_moonlight,0.04,42,17,0.218000,93.1700,99.8300
muon_moonlight,0.04,42,18,0.212700,93.5700,99.8600
muon_moonlight,0.04,42,19,0.216100,93.4500,99.8400
muon_moonlight,0.04,42,20,0.208500,93.7300,99.8800
muon_moonlight,0.04,42,21,0.210100,93.7500,99.8600
muon_moonlight,0.04,42,22,0.209200,93.8200,99.8700
muon_moonlight,0.04,42,23,0.209500,93.8000,99.8500
muon_moonlight,0.04,43,0,0.966400,67.4600,96.8900
muon_moonlight,0.04,43,1,0.563000,81.1700,98.8100
muon_moonlight,0.04,43,2,0.500900,83.1300,98.9600
muon_moonlight,0.04,43,3,0.436600,85.2300,99.3100
muon_moonlight,0.04,43,4,0.449200,84.4300,99.3700
muon_moonlight,0.04,43,5,0.358300,87.5200,99.5000
muon_moonlight,0.04,43,6,0.416100,85.6700,99.5100
muon_moonlight,0.04,43,7,0.306600,89.4200,99.7600
muon_moonlight,0.04,43,8,0.290000,90.2800,99.7100
muon_moonlight,0.04,43,9,0.259400,91.0600,99.7400
muon_moonlight,0.04,43,10,0.272400,90.9800,99.7400
muon_moonlight,0.04,43,11,0.252000,91.6100,99.7900
muon_moonlight,0.04,43,12,0.233300,92.3100,99.8000
muon_moonlight,0.04,43,13,0.226000,92.6800,99.7900
muon_moonlight,0.04,43,14,0.248700,92.3500,99.7700
muon_moonlight,0.04,43,15,0.231500,92.8200,99.8100
muon_moonlight,0.04,43,16,0.237600,92.5500,99.8700
muon_moonlight,0.04,43,17,0.226900,92.8800,99.8400
muon_moonlight,0.04,43,18,0.209100,93.6100,99.8800
muon_moonlight,0.04,43,19,0.210000,93.5200,99.8500
muon_moonlight,0.04,43,20,0.205700,93.8900,99.9200
muon_moonlight,0.04,43,21,0.205300,93.9800,99.9100
muon_moonlight,0.04,43,22,0.203800,93.9700,99.8900
muon_moonlight,0.04,43,23,0.203300,93.9900,99.9100
muon_moonlight,0.04,44,0,0.972500,67.6700,95.0000
muon_moonlight,0.04,44,1,0.732700,74.3900,98.2400
muon_moonlight,0.04,44,2,0.550600,80.9900,99.0800
muon_moonlight,0.04,44,3,0.465200,84.4100,99.3800
muon_moonlight,0.04,44,4,0.404400,86.1800,99.4500
muon_moonlight,0.04,44,5,0.352600,88.1200,99.5800
muon_moonlight,0.04,44,6,0.347100,88.0600,99.6900
muon_moonlight,0.04,44,7,0.326300,89.0800,99.6200
muon_moonlight,0.04,44,8,0.303500,89.8700,99.6400
muon_moonlight,0.04,44,9,0.270300,90.8300,99.7400
muon_moonlight,0.04,44,10,0.282500,91.1300,99.7300
muon_moonlight,0.04,44,11,0.265900,91.4000,99.8100
muon_moonlight,0.04,44,12,0.261900,91.5900,99.7700
muon_moonlight,0.04,44,13,0.241700,92.4400,99.8400
muon_moonlight,0.04,44,14,0.235600,92.7300,99.8200
muon_moonlight,0.04,44,15,0.232800,92.6300,99.8100
muon_moonlight,0.04,44,16,0.233500,93.2400,99.8100
muon_moonlight,0.04,44,17,0.235900,93.0900,99.8700
muon_moonlight,0.04,44,18,0.230500,93.2000,99.8500
muon_moonlight,0.04,44,19,0.234000,93.0400,99.8100
muon_moonlight,0.04,44,20,0.226400,93.1900,99.8700
muon_moonlight,0.04,44,21,0.220500,93.3700,99.8700
muon_moonlight,0.04,44,22,0.221300,93.4300,99.8600
muon_moonlight,0.04,44,23,0.221100,93.4600,99.8600
orscale_muon,0.005,42,0,2.039700,40.9300,87.7200
orscale_muon,0.005,42,1,1.331100,55.1400,94.8100
orscale_muon,0.005,42,2,0.892000,68.8400,97.5600
orscale_muon,0.005,42,3,0.623600,78.7500,98.9700
orscale_muon,0.005,42,4,0.545500,81.3700,99.0400
orscale_muon,0.005,42,5,0.465100,84.2700,99.3200
orscale_muon,0.005,42,6,0.418500,85.6800,99.4300
orscale_muon,0.005,42,7,0.397600,86.6900,99.3900
orscale_muon,0.005,42,8,0.363300,87.7200,99.6200
orscale_muon,0.005,42,9,0.332200,88.6500,99.6700
orscale_muon,0.005,42,10,0.326400,89.3000,99.6700
orscale_muon,0.005,42,11,0.315400,89.5300,99.7200
orscale_muon,0.005,42,12,0.321900,89.3500,99.7100
orscale_muon,0.005,42,13,0.314600,89.9100,99.6700
orscale_muon,0.005,42,14,0.277600,90.8200,99.7600
orscale_muon,0.005,42,15,0.280900,90.8300,99.7400
orscale_muon,0.005,42,16,0.272800,91.1800,99.7900
orscale_muon,0.005,42,17,0.273300,91.1700,99.7800
orscale_muon,0.005,42,18,0.260500,91.7400,99.7700
orscale_muon,0.005,42,19,0.263200,91.8400,99.8200
orscale_muon,0.005,42,20,0.256000,91.8200,99.8000
orscale_muon,0.005,42,21,0.254200,91.9000,99.7900
orscale_muon,0.005,42,22,0.253400,92.0700,99.8100
orscale_muon,0.005,42,23,0.253800,92.0100,99.8100
orscale_muon,0.005,43,0,2.067400,39.8200,85.7400
orscale_muon,0.005,43,1,1.361200,54.6200,94.5500
orscale_muon,0.005,43,2,0.865600,70.0500,98.0600
orscale_muon,0.005,43,3,0.634900,78.2300,98.8600
orscale_muon,0.005,43,4,0.552500,81.1500,99.0700
orscale_muon,0.005,43,5,0.442600,84.9900,99.2600
orscale_muon,0.005,43,6,0.436200,84.8000,99.4000
orscale_muon,0.005,43,7,0.385600,86.9400,99.3600
orscale_muon,0.005,43,8,0.342100,88.4500,99.5000
orscale_muon,0.005,43,9,0.322600,89.0300,99.6200
orscale_muon,0.005,43,10,0.323200,89.2500,99.6500
orscale_muon,0.005,43,11,0.297600,90.0800,99.7100
orscale_muon,0.005,43,12,0.313200,89.6000,99.7300
orscale_muon,0.005,43,13,0.289000,90.7400,99.6800
orscale_muon,0.005,43,14,0.302400,90.3300,99.5800
orscale_muon,0.005,43,15,0.271100,91.2100,99.6700
orscale_muon,0.005,43,16,0.280000,91.2200,99.6100
orscale_muon,0.005,43,17,0.258000,91.8300,99.7300
orscale_muon,0.005,43,18,0.263500,91.8200,99.7300
orscale_muon,0.005,43,19,0.254000,91.9800,99.7800
orscale_muon,0.005,43,20,0.252900,92.2400,99.7800
orscale_muon,0.005,43,21,0.250600,92.2600,99.8000
orscale_muon,0.005,43,22,0.251600,92.1100,99.7800
orscale_muon,0.005,43,23,0.250900,92.1000,99.8000
orscale_muon,0.005,44,0,2.056200,39.7200,86.8500
orscale_muon,0.005,44,1,1.331000,55.5600,94.9300
orscale_muon,0.005,44,2,0.860100,70.2100,97.7900
orscale_muon,0.005,44,3,0.689700,76.2600,98.5600
orscale_muon,0.005,44,4,0.566400,80.3700,98.9400
orscale_muon,0.005,44,5,0.489300,82.7600,99.2200
orscale_muon,0.005,44,6,0.396200,86.1600,99.4600
orscale_muon,0.005,44,7,0.384100,86.6700,99.5200
orscale_muon,0.005,44,8,0.367300,87.0700,99.6100
orscale_muon,0.005,44,9,0.326200,88.8500,99.6300
orscale_muon,0.005,44,10,0.338000,88.5200,99.6200
orscale_muon,0.005,44,11,0.343300,88.5300,99.6600
orscale_muon,0.005,44,12,0.291500,90.2500,99.7600
orscale_muon,0.005,44,13,0.293900,90.5400,99.7100
orscale_muon,0.005,44,14,0.283900,91.0700,99.7400
orscale_muon,0.005,44,15,0.274700,91.3600,99.7000
orscale_muon,0.005,44,16,0.276900,91.6000,99.7100
orscale_muon,0.005,44,17,0.261500,91.7700,99.7800
orscale_muon,0.005,44,18,0.257200,92.2100,99.7500
orscale_muon,0.005,44,19,0.256300,92.0200,99.8100
orscale_muon,0.005,44,20,0.251300,92.4600,99.7400
orscale_muon,0.005,44,21,0.247700,92.5300,99.7700
orscale_muon,0.005,44,22,0.246500,92.5900,99.7600
orscale_muon,0.005,44,23,0.246500,92.6300,99.7700
orscale_muon,0.01,42,0,1.832300,45.2800,90.4700
orscale_muon,0.01,42,1,1.008300,66.0400,97.2900
orscale_muon,0.01,42,2,0.758900,73.5600,98.3400
orscale_muon,0.01,42,3,0.544200,81.3600,98.9600
orscale_muon,0.01,42,4,0.494100,83.2800,99.2200
orscale_muon,0.01,42,5,0.436500,85.1200,99.4300
orscale_muon,0.01,42,6,0.378900,86.9300,99.5800
orscale_muon,0.01,42,7,0.343300,88.2900,99.6600
orscale_muon,0.01,42,8,0.344000,88.1100,99.5600
orscale_muon,0.01,42,9,0.309600,89.6500,99.6200
orscale_muon,0.01,42,10,0.297900,90.1000,99.7600
orscale_muon,0.01,42,11,0.293200,90.2200,99.6400
orscale_muon,0.01,42,12,0.275500,90.7200,99.6900
orscale_muon,0.01,42,13,0.274500,91.0000,99.8000
orscale_muon,0.01,42,14,0.256100,91.5300,99.7700
orscale_muon,0.01,42,15,0.240400,92.0700,99.7500
orscale_muon,0.01,42,16,0.244200,92.1000,99.8500
orscale_muon,0.01,42,17,0.230700,92.3800,99.8100
orscale_muon,0.01,42,18,0.219900,92.9600,99.8100
orscale_muon,0.01,42,19,0.219600,93.1200,99.7900
orscale_muon,0.01,42,20,0.210000,93.3500,99.8600
orscale_muon,0.01,42,21,0.205500,93.5800,99.8500
orscale_muon,0.01,42,22,0.204100,93.6300,99.8500
orscale_muon,0.01,42,23,0.204400,93.6000,99.8600
orscale_muon,0.01,43,0,1.870900,43.6000,89.6100
orscale_muon,0.01,43,1,1.032200,65.5200,97.0600
orscale_muon,0.01,43,2,0.689600,76.3300,98.5400
orscale_muon,0.01,43,3,0.532400,81.6800,99.0200
orscale_muon,0.01,43,4,0.525900,81.5800,99.1200
orscale_muon,0.01,43,5,0.387200,86.7700,99.5300
orscale_muon,0.01,43,6,0.435700,84.7500,99.5000
orscale_muon,0.01,43,7,0.382600,87.2100,99.4600
orscale_muon,0.01,43,8,0.349600,87.9800,99.5900
orscale_muon,0.01,43,9,0.331900,88.6100,99.6600
orscale_muon,0.01,43,10,0.292000,90.1600,99.6800
orscale_muon,0.01,43,11,0.288200,90.4200,99.7000
orscale_muon,0.01,43,12,0.292600,90.4000,99.6800
orscale_muon,0.01,43,13,0.292600,90.4400,99.6000
orscale_muon,0.01,43,14,0.261000,91.3600,99.7300
orscale_muon,0.01,43,15,0.252200,91.7100,99.7800
orscale_muon,0.01,43,16,0.241700,92.2500,99.8600
orscale_muon,0.01,43,17,0.225900,92.6400,99.7900
orscale_muon,0.01,43,18,0.236500,92.7100,99.7900
orscale_muon,0.01,43,19,0.217700,93.1900,99.7800
orscale_muon,0.01,43,20,0.209700,93.3700,99.8300
orscale_muon,0.01,43,21,0.208900,93.5600,99.8300
orscale_muon,0.01,43,22,0.208800,93.6300,99.8400
orscale_muon,0.01,43,23,0.208100,93.6300,99.8400
orscale_muon,0.01,44,0,1.854200,44.5700,89.8800
orscale_muon,0.01,44,1,1.009100,66.3700,97.3900
orscale_muon,0.01,44,2,0.709600,75.7700,98.1700
orscale_muon,0.01,44,3,0.593600,79.7100,98.7800
orscale_muon,0.01,44,4,0.514000,82.4800,98.9600
orscale_muon,0.01,44,5,0.430200,85.2700,99.2600
orscale_muon,0.01,44,6,0.387900,86.3800,99.5600
orscale_muon,0.01,44,7,0.402500,86.0100,99.5300
orscale_muon,0.01,44,8,0.366200,87.1600,99.6100
orscale_muon,0.01,44,9,0.311700,89.4200,99.6500
orscale_muon,0.01,44,10,0.336900,88.4500,99.6400
orscale_muon,0.01,44,11,0.285600,90.4400,99.7600
orscale_muon,0.01,44,12,0.268300,91.2200,99.7400
orscale_muon,0.01,44,13,0.267700,90.9900,99.7800
orscale_muon,0.01,44,14,0.257400,91.5500,99.8000
orscale_muon,0.01,44,15,0.257400,91.5400,99.8400
orscale_muon,0.01,44,16,0.229800,92.7800,99.8700
orscale_muon,0.01,44,17,0.222500,92.8800,99.8600
orscale_muon,0.01,44,18,0.219500,92.9100,99.8400
orscale_muon,0.01,44,19,0.212400,93.3500,99.8800
orscale_muon,0.01,44,20,0.210200,93.3100,99.8800
orscale_muon,0.01,44,21,0.206200,93.5200,99.8600
orscale_muon,0.01,44,22,0.205000,93.5600,99.8700
orscale_muon,0.01,44,23,0.204500,93.5800,99.8700
orscale_muon,0.02,42,0,1.536800,51.9300,93.4700
orscale_muon,0.02,42,1,0.806600,72.4000,98.0500
orscale_muon,0.02,42,2,0.664600,76.5400,98.7700
orscale_muon,0.02,42,3,0.506200,82.5900,99.0300
orscale_muon,0.02,42,4,0.481300,83.7300,99.3300
orscale_muon,0.02,42,5,0.446000,84.8400,99.3300
orscale_muon,0.02,42,6,0.477600,83.9600,99.4200
orscale_muon,0.02,42,7,0.444900,84.9400,99.2900
orscale_muon,0.02,42,8,0.418900,86.3400,99.2900
orscale_muon,0.02,42,9,0.302800,89.6500,99.6700
orscale_muon,0.02,42,10,0.300900,89.7600,99.7100
orscale_muon,0.02,42,11,0.276000,90.6500,99.8000
orscale_muon,0.02,42,12,0.246000,91.5200,99.7800
orscale_muon,0.02,42,13,0.255800,91.4000,99.8600
orscale_muon,0.02,42,14,0.226900,92.4600,99.8600
orscale_muon,0.02,42,15,0.225100,92.5200,99.8300
orscale_muon,0.02,42,16,0.217100,93.1300,99.8300
orscale_muon,0.02,42,17,0.207500,93.3300,99.8500
orscale_muon,0.02,42,18,0.203100,93.5800,99.8500
orscale_muon,0.02,42,19,0.203000,93.5300,99.8600
orscale_muon,0.02,42,20,0.193000,93.9300,99.8900
orscale_muon,0.02,42,21,0.193400,93.8600,99.8700
orscale_muon,0.02,42,22,0.190800,94.1200,99.8700
orscale_muon,0.02,42,23,0.190600,94.1500,99.8700
orscale_muon,0.02,43,0,1.574000,50.3700,92.7400
orscale_muon,0.02,43,1,0.783000,74.0000,97.9700
orscale_muon,0.02,43,2,0.578600,79.8200,98.9300
orscale_muon,0.02,43,3,0.470900,83.9200,99.1600
orscale_muon,0.02,43,4,0.686700,77.3000,98.4900
orscale_muon,0.02,43,5,0.483100,83.4600,99.2500
orscale_muon,0.02,43,6,0.528200,82.1500,99.3700
orscale_muon,0.02,43,7,0.419700,85.9600,99.4700
orscale_muon,0.02,43,8,0.387700,86.7100,99.5000
orscale_muon,0.02,43,9,0.348900,87.8200,99.5900
orscale_muon,0.02,43,10,0.282800,90.1500,99.7700
orscale_muon,0.02,43,11,0.298600,89.9800,99.7100
orscale_muon,0.02,43,12,0.286200,90.0600,99.7800
orscale_muon,0.02,43,13,0.236700,91.8700,99.7800
orscale_muon,0.02,43,14,0.238200,92.3700,99.7900
orscale_muon,0.02,43,15,0.217500,92.7800,99.8400
orscale_muon,0.02,43,16,0.231100,92.6600,99.8600
orscale_muon,0.02,43,17,0.210600,93.2400,99.8800
orscale_muon,0.02,43,18,0.208500,93.4500,99.9100
orscale_muon,0.02,43,19,0.199500,93.6400,99.8700
orscale_muon,0.02,43,20,0.199400,93.8200,99.8600
orscale_muon,0.02,43,21,0.196000,93.9500,99.9000
orscale_muon,0.02,43,22,0.195600,94.0300,99.8900
orscale_muon,0.02,43,23,0.195600,93.9600,99.8900
orscale_muon,0.02,44,0,1.542200,50.9200,93.2600
orscale_muon,0.02,44,1,0.798200,72.0200,98.2800
orscale_muon,0.02,44,2,0.643100,77.8600,98.6400
orscale_muon,0.02,44,3,0.577600,80.5600,98.6300
orscale_muon,0.02,44,4,0.549200,81.4400,98.7500
orscale_muon,0.02,44,5,0.451600,84.2000,99.2800
orscale_muon,0.02,44,6,0.487200,83.4000,99.1500
orscale_muon,0.02,44,7,0.547800,82.0500,98.7100
orscale_muon,0.02,44,8,0.449100,84.6300,99.2600
orscale_muon,0.02,44,9,0.319100,89.3300,99.5300
orscale_muon,0.02,44,10,0.337300,88.7700,99.6200
orscale_muon,0.02,44,11,0.272200,90.6600,99.7500
orscale_muon,0.02,44,12,0.248500,91.6000,99.8100
orscale_muon,0.02,44,13,0.247400,91.7400,99.6900
orscale_muon,0.02,44,14,0.220900,92.6300,99.8100
orscale_muon,0.02,44,15,0.208100,92.9700,99.8700
orscale_muon,0.02,44,16,0.209000,93.4200,99.8100
orscale_muon,0.02,44,17,0.197500,93.4700,99.9000
orscale_muon,0.02,44,18,0.195100,93.9200,99.8800
orscale_muon,0.02,44,19,0.194600,94.0000,99.9000
orscale_muon,0.02,44,20,0.193000,94.0100,99.8900
orscale_muon,0.02,44,21,0.190000,94.1100,99.9100
orscale_muon,0.02,44,22,0.188700,94.1900,99.9200
orscale_muon,0.02,44,23,0.188100,94.2000,99.9300
orscale_muon,0.04,42,0,1.200100,60.8600,96.3600
orscale_muon,0.04,42,1,0.753100,74.2600,97.8700
orscale_muon,0.04,42,2,0.717900,75.5900,98.3300
orscale_muon,0.04,42,3,0.641100,78.7600,98.8400
orscale_muon,0.04,42,4,0.709500,77.9300,98.6200
orscale_muon,0.04,42,5,0.427100,85.3100,99.3800
orscale_muon,0.04,42,6,0.343000,87.8900,99.5800
orscale_muon,0.04,42,7,0.303700,89.3800,99.7200
orscale_muon,0.04,42,8,0.288100,90.2400,99.7800
orscale_muon,0.04,42,9,0.271700,90.8700,99.7800
orscale_muon,0.04,42,10,0.281200,90.5700,99.7000
orscale_muon,0.04,42,11,0.247200,91.7400,99.7400
orscale_muon,0.04,42,12,0.238900,92.0100,99.7800
orscale_muon,0.04,42,13,0.251500,91.8800,99.7900
orscale_muon,0.04,42,14,0.225500,92.8100,99.7800
orscale_muon,0.04,42,15,0.223000,92.7500,99.8100
orscale_muon,0.04,42,16,0.215700,93.3100,99.8400
orscale_muon,0.04,42,17,0.221500,93.0800,99.7900
orscale_muon,0.04,42,18,0.210700,93.5300,99.8600
orscale_muon,0.04,42,19,0.210200,93.8200,99.8300
orscale_muon,0.04,42,20,0.205100,93.9100,99.8800
orscale_muon,0.04,42,21,0.204200,94.0200,99.8800
orscale_muon,0.04,42,22,0.204100,94.0000,99.8900
orscale_muon,0.04,42,23,0.204100,94.0100,99.8700
orscale_muon,0.04,43,0,1.225700,59.7400,95.6900
orscale_muon,0.04,43,1,0.656300,77.6400,98.5900
orscale_muon,0.04,43,2,0.533900,81.6700,98.9700
orscale_muon,0.04,43,3,0.634800,79.1500,98.4500
orscale_muon,0.04,43,4,0.659500,79.0700,98.6800
orscale_muon,0.04,43,5,0.392400,86.2200,99.5300
orscale_muon,0.04,43,6,0.414300,85.6600,99.6100
orscale_muon,0.04,43,7,0.290800,90.1100,99.7200
orscale_muon,0.04,43,8,0.280500,90.3600,99.6700
orscale_muon,0.04,43,9,0.292100,89.7400,99.7900
orscale_muon,0.04,43,10,0.245700,91.9200,99.7700
orscale_muon,0.04,43,11,0.257400,91.6600,99.7700
orscale_muon,0.04,43,12,0.249800,91.6700,99.8200
orscale_muon,0.04,43,13,0.236100,92.0900,99.7600
orscale_muon,0.04,43,14,0.231900,92.7200,99.6800
orscale_muon,0.04,43,15,0.228800,92.8400,99.7700
orscale_muon,0.04,43,16,0.219100,93.0300,99.7600
orscale_muon,0.04,43,17,0.220800,93.1600,99.8100
orscale_muon,0.04,43,18,0.211900,93.4000,99.8100
orscale_muon,0.04,43,19,0.207100,93.6800,99.7800
orscale_muon,0.04,43,20,0.207200,93.8000,99.7800
orscale_muon,0.04,43,21,0.206000,93.8400,99.8100
orscale_muon,0.04,43,22,0.205900,93.8800,99.8200
orscale_muon,0.04,43,23,0.205300,93.9000,99.8100
orscale_muon,0.04,44,0,1.215200,59.9700,96.0400
orscale_muon,0.04,44,1,0.763400,72.9600,98.3800
orscale_muon,0.04,44,2,0.668900,77.3200,98.5500
orscale_muon,0.04,44,3,0.826200,73.7800,97.8900
orscale_muon,0.04,44,4,0.779500,76.5000,98.0700
orscale_muon,0.04,44,5,0.390000,86.6600,99.4200
orscale_muon,0.04,44,6,0.352200,87.7800,99.4600
orscale_muon,0.04,44,7,0.310700,89.2600,99.6900
orscale_muon,0.04,44,8,0.285900,90.5000,99.6500
orscale_muon,0.04,44,9,0.263500,91.1200,99.7400
orscale_muon,0.04,44,10,0.281700,90.4700,99.7500
orscale_muon,0.04,44,11,0.249800,91.5700,99.8200
orscale_muon,0.04,44,12,0.240300,92.1400,99.8000
orscale_muon,0.04,44,13,0.235900,92.3700,99.8200
orscale_muon,0.04,44,14,0.229700,92.5900,99.8000
orscale_muon,0.04,44,15,0.230300,92.6500,99.8000
orscale_muon,0.04,44,16,0.222800,93.1900,99.8600
orscale_muon,0.04,44,17,0.215300,93.4400,99.8100
orscale_muon,0.04,44,18,0.210800,93.7200,99.8400
orscale_muon,0.04,44,19,0.207300,93.8500,99.8600
orscale_muon,0.04,44,20,0.205800,93.8200,99.8600
orscale_muon,0.04,44,21,0.202100,93.8800,99.8800
orscale_muon,0.04,44,22,0.202500,93.9600,99.8900
orscale_muon,0.04,44,23,0.201900,93.9100,99.8900
orscale_muon_wd,0.005,42,0,2.040000,41.0400,87.6300
orscale_muon_wd,0.005,42,1,1.331400,55.1800,94.8500
orscale_muon_wd,0.005,42,2,0.891900,68.8800,97.7400
orscale_muon_wd,0.005,42,3,0.641600,78.1100,98.9500
orscale_muon_wd,0.005,42,4,0.537900,81.6500,99.0700
orscale_muon_wd,0.005,42,5,0.479100,83.4500,99.2200
orscale_muon_wd,0.005,42,6,0.414100,85.7300,99.4200
orscale_muon_wd,0.005,42,7,0.392100,86.6700,99.4700
orscale_muon_wd,0.005,42,8,0.347300,88.0900,99.6500
orscale_muon_wd,0.005,42,9,0.320200,89.1500,99.6500
orscale_muon_wd,0.005,42,10,0.321900,89.1000,99.7300
orscale_muon_wd,0.005,42,11,0.309700,89.5500,99.7100
orscale_muon_wd,0.005,42,12,0.303700,89.7300,99.6400
orscale_muon_wd,0.005,42,13,0.315300,89.7500,99.6400
orscale_muon_wd,0.005,42,14,0.283200,90.7100,99.7900
orscale_muon_wd,0.005,42,15,0.276100,91.2200,99.7200
orscale_muon_wd,0.005,42,16,0.269000,91.4800,99.7900
orscale_muon_wd,0.005,42,17,0.272900,91.6400,99.7400
orscale_muon_wd,0.005,42,18,0.257100,91.9400,99.8000
orscale_muon_wd,0.005,42,19,0.261600,92.1300,99.7900
orscale_muon_wd,0.005,42,20,0.252600,92.1900,99.8600
orscale_muon_wd,0.005,42,21,0.251200,92.2900,99.8700
orscale_muon_wd,0.005,42,22,0.250200,92.3900,99.8800
orscale_muon_wd,0.005,42,23,0.249700,92.3600,99.8600
orscale_muon_wd,0.005,43,0,2.067600,39.9400,85.7900
orscale_muon_wd,0.005,43,1,1.361000,54.5900,94.6300
orscale_muon_wd,0.005,43,2,0.865500,69.9800,97.9700
orscale_muon_wd,0.005,43,3,0.642100,77.6800,98.8600
orscale_muon_wd,0.005,43,4,0.541400,81.2700,99.1100
orscale_muon_wd,0.005,43,5,0.443700,84.8300,99.3200
orscale_muon_wd,0.005,43,6,0.428200,84.8200,99.4400
orscale_muon_wd,0.005,43,7,0.408500,86.1400,99.3600
orscale_muon_wd,0.005,43,8,0.350400,88.3500,99.5900
orscale_muon_wd,0.005,43,9,0.343200,88.0800,99.6000
orscale_muon_wd,0.005,43,10,0.321000,89.4200,99.6500
orscale_muon_wd,0.005,43,11,0.306300,89.5900,99.6500
orscale_muon_wd,0.005,43,12,0.325700,89.6500,99.6600
orscale_muon_wd,0.005,43,13,0.292900,90.4900,99.7100
orscale_muon_wd,0.005,43,14,0.308600,90.4500,99.6900
orscale_muon_wd,0.005,43,15,0.279500,91.0000,99.7500
orscale_muon_wd,0.005,43,16,0.275700,91.5200,99.6400
orscale_muon_wd,0.005,43,17,0.263900,91.7400,99.7400
orscale_muon_wd,0.005,43,18,0.265700,91.7900,99.7400
orscale_muon_wd,0.005,43,19,0.260000,92.1100,99.7800
orscale_muon_wd,0.005,43,20,0.258900,92.0800,99.8300
orscale_muon_wd,0.005,43,21,0.255200,92.0700,99.8200
orscale_muon_wd,0.005,43,22,0.256200,92.2800,99.8200
orscale_muon_wd,0.005,43,23,0.255500,92.1900,99.8000
orscale_muon_wd,0.005,44,0,2.056200,39.6700,86.8600
orscale_muon_wd,0.005,44,1,1.329400,55.5300,94.9900
orscale_muon_wd,0.005,44,2,0.864300,70.1100,97.7800
orscale_muon_wd,0.005,44,3,0.683700,76.2000,98.4300
orscale_muon_wd,0.005,44,4,0.563000,80.3300,98.9600
orscale_muon_wd,0.005,44,5,0.503900,82.5500,99.1600
orscale_muon_wd,0.005,44,6,0.403300,86.2300,99.5100
orscale_muon_wd,0.005,44,7,0.395200,86.3400,99.5400
orscale_muon_wd,0.005,44,8,0.350500,87.9900,99.6600
orscale_muon_wd,0.005,44,9,0.325500,89.0300,99.6400
orscale_muon_wd,0.005,44,10,0.328200,89.1600,99.7200
orscale_muon_wd,0.005,44,11,0.338000,88.5400,99.7100
orscale_muon_wd,0.005,44,12,0.302300,90.1500,99.7200
orscale_muon_wd,0.005,44,13,0.305200,89.9500,99.7300
orscale_muon_wd,0.005,44,14,0.275200,91.1200,99.7500
orscale_muon_wd,0.005,44,15,0.283200,90.9200,99.7600
orscale_muon_wd,0.005,44,16,0.270200,91.5500,99.7100
orscale_muon_wd,0.005,44,17,0.264100,91.6500,99.7600
orscale_muon_wd,0.005,44,18,0.256200,92.0200,99.7700
orscale_muon_wd,0.005,44,19,0.258800,92.1800,99.8000
orscale_muon_wd,0.005,44,20,0.255800,92.2500,99.8200
orscale_muon_wd,0.005,44,21,0.252900,92.3200,99.8500
orscale_muon_wd,0.005,44,22,0.251900,92.4900,99.8200
orscale_muon_wd,0.005,44,23,0.251700,92.3900,99.8300
orscale_muon_wd,0.01,42,0,1.832900,45.4500,90.4300
orscale_muon_wd,0.01,42,1,1.005700,66.0600,97.2100
orscale_muon_wd,0.01,42,2,0.741400,74.2300,98.4600
orscale_muon_wd,0.01,42,3,0.541300,81.1800,99.2500
orscale_muon_wd,0.01,42,4,0.536100,82.0100,99.1300
orscale_muon_wd,0.01,42,5,0.416700,85.4800,99.4700
orscale_muon_wd,0.01,42,6,0.372400,87.0200,99.6400
orscale_muon_wd,0.01,42,7,0.348700,88.1200,99.5600
orscale_muon_wd,0.01,42,8,0.346300,88.0500,99.6800
orscale_muon_wd,0.01,42,9,0.306900,89.7400,99.7100
orscale_muon_wd,0.01,42,10,0.282500,90.5100,99.6800
orscale_muon_wd,0.01,42,11,0.316800,89.3600,99.5900
orscale_muon_wd,0.01,42,12,0.281500,90.5000,99.7400
orscale_muon_wd,0.01,42,13,0.302300,90.2400,99.7600
orscale_muon_wd,0.01,42,14,0.268600,91.3600,99.7600
orscale_muon_wd,0.01,42,15,0.252500,91.5900,99.7200
orscale_muon_wd,0.01,42,16,0.238600,92.4900,99.7600
orscale_muon_wd,0.01,42,17,0.229800,92.5200,99.8100
orscale_muon_wd,0.01,42,18,0.217400,93.0300,99.8600
orscale_muon_wd,0.01,42,19,0.215200,93.2300,99.8400
orscale_muon_wd,0.01,42,20,0.205400,93.5100,99.8800
orscale_muon_wd,0.01,42,21,0.202800,93.6700,99.8500
orscale_muon_wd,0.01,42,22,0.203100,93.7300,99.8300
orscale_muon_wd,0.01,42,23,0.202700,93.7800,99.8300
orscale_muon_wd,0.01,43,0,1.871400,43.6500,89.5700
orscale_muon_wd,0.01,43,1,1.031100,65.2700,97.0500
orscale_muon_wd,0.01,43,2,0.681800,76.2300,98.6000
orscale_muon_wd,0.01,43,3,0.536800,81.7300,98.9200
orscale_muon_wd,0.01,43,4,0.485300,83.2400,99.2100
orscale_muon_wd,0.01,43,5,0.401200,86.1300,99.5300
orscale_muon_wd,0.01,43,6,0.449200,84.0000,99.4100
orscale_muon_wd,0.01,43,7,0.400400,86.5100,99.3900
orscale_muon_wd,0.01,43,8,0.348100,88.1500,99.5300
orscale_muon_wd,0.01,43,9,0.327400,88.6700,99.6300
orscale_muon_wd,0.01,43,10,0.289100,90.3300,99.6700
orscale_muon_wd,0.01,43,11,0.307900,89.7200,99.6200
orscale_muon_wd,0.01,43,12,0.308900,89.4100,99.7200
orscale_muon_wd,0.01,43,13,0.279700,90.7800,99.6700
orscale_muon_wd,0.01,43,14,0.270600,91.3200,99.6900
orscale_muon_wd,0.01,43,15,0.247700,91.8900,99.7800
orscale_muon_wd,0.01,43,16,0.253200,91.5200,99.6400
orscale_muon_wd,0.01,43,17,0.248900,92.0300,99.7700
orscale_muon_wd,0.01,43,18,0.235300,92.6800,99.8200
orscale_muon_wd,0.01,43,19,0.222900,93.0600,99.7700
orscale_muon_wd,0.01,43,20,0.224700,93.1200,99.7800
orscale_muon_wd,0.01,43,21,0.217600,93.2600,99.8200
orscale_muon_wd,0.01,43,22,0.217500,93.2800,99.8200
orscale_muon_wd,0.01,43,23,0.216900,93.3400,99.8300
orscale_muon_wd,0.01,44,0,1.853700,44.6900,89.9600
orscale_muon_wd,0.01,44,1,1.006700,66.3400,97.4200
orscale_muon_wd,0.01,44,2,0.698900,76.0500,98.3100
orscale_muon_wd,0.01,44,3,0.612000,79.1600,98.7700
orscale_muon_wd,0.01,44,4,0.492500,83.0100,98.9500
orscale_muon_wd,0.01,44,5,0.399700,86.2200,99.3800
orscale_muon_wd,0.01,44,6,0.368700,87.3000,99.5100
orscale_muon_wd,0.01,44,7,0.427700,85.4200,99.4300
orscale_muon_wd,0.01,44,8,0.336400,88.7100,99.5700
orscale_muon_wd,0.01,44,9,0.306600,89.9100,99.5700
orscale_muon_wd,0.01,44,10,0.314200,89.0800,99.6500
orscale_muon_wd,0.01,44,11,0.289900,90.3600,99.6900
orscale_muon_wd,0.01,44,12,0.281000,90.6800,99.7400
orscale_muon_wd,0.01,44,13,0.265400,91.0200,99.6800
orscale_muon_wd,0.01,44,14,0.260500,91.1800,99.8000
orscale_muon_wd,0.01,44,15,0.241400,92.1700,99.8300
orscale_muon_wd,0.01,44,16,0.240800,92.1700,99.8300
orscale_muon_wd,0.01,44,17,0.220700,92.7000,99.8600
orscale_muon_wd,0.01,44,18,0.216900,93.1000,99.8600
orscale_muon_wd,0.01,44,19,0.216300,93.1100,99.8300
orscale_muon_wd,0.01,44,20,0.214500,93.3300,99.8700
orscale_muon_wd,0.01,44,21,0.205400,93.5200,99.8900
orscale_muon_wd,0.01,44,22,0.204900,93.6900,99.9200
orscale_muon_wd,0.01,44,23,0.204200,93.6900,99.9100
orscale_muon_wd,0.02,42,0,1.537000,51.9300,93.4100
orscale_muon_wd,0.02,42,1,0.792500,72.7800,98.1400
orscale_muon_wd,0.02,42,2,0.660200,76.7400,98.8000
orscale_muon_wd,0.02,42,3,0.524500,81.7500,99.1000
orscale_muon_wd,0.02,42,4,0.573000,80.6300,98.8600
orscale_muon_wd,0.02,42,5,0.514700,82.5000,99.1600
orscale_muon_wd,0.02,42,6,0.469300,84.3400,99.1900
orscale_muon_wd,0.02,42,7,0.448200,84.8900,99.2300
orscale_muon_wd,0.02,42,8,0.379200,87.0600,99.4500
orscale_muon_wd,0.02,42,9,0.319600,89.1400,99.6700
orscale_muon_wd,0.02,42,10,0.319700,88.9700,99.6400
orscale_muon_wd,0.02,42,11,0.275800,90.6300,99.7200
orscale_muon_wd,0.02,42,12,0.257800,91.3000,99.7200
orscale_muon_wd,0.02,42,13,0.257800,91.4500,99.7700
orscale_muon_wd,0.02,42,14,0.237000,92.1000,99.8500
orscale_muon_wd,0.02,42,15,0.220600,92.7300,99.8400
orscale_muon_wd,0.02,42,16,0.210500,93.1400,99.8500
orscale_muon_wd,0.02,42,17,0.208200,93.3500,99.7900
orscale_muon_wd,0.02,42,18,0.201400,93.4600,99.8800
orscale_muon_wd,0.02,42,19,0.207000,93.6000,99.8200
orscale_muon_wd,0.02,42,20,0.197700,93.8800,99.8200
orscale_muon_wd,0.02,42,21,0.194800,93.9300,99.8300
orscale_muon_wd,0.02,42,22,0.195000,93.9800,99.8400
orscale_muon_wd,0.02,42,23,0.194600,93.9600,99.8400
orscale_muon_wd,0.02,43,0,1.572300,50.3600,92.7700
orscale_muon_wd,0.02,43,1,0.783600,73.9000,97.9600
orscale_muon_wd,0.02,43,2,0.606000,79.2200,98.7600
orscale_muon_wd,0.02,43,3,0.477400,83.6900,98.9400
orscale_muon_wd,0.02,43,4,0.647000,78.1500,98.9400
orscale_muon_wd,0.02,43,5,0.480600,83.4400,99.3500
orscale_muon_wd,0.02,43,6,0.543300,81.7500,99.0800
orscale_muon_wd,0.02,43,7,0.504300,83.5600,99.1600
orscale_muon_wd,0.02,43,8,0.412900,86.1900,99.4500
orscale_muon_wd,0.02,43,9,0.332500,88.2200,99.6600
orscale_muon_wd,0.02,43,10,0.302400,89.6200,99.6800
orscale_muon_wd,0.02,43,11,0.286900,90.3000,99.6900
orscale_muon_wd,0.02,43,12,0.261400,90.9200,99.7600
orscale_muon_wd,0.02,43,13,0.226000,92.3500,99.8000
orscale_muon_wd,0.02,43,14,0.236500,92.4400,99.8000
orscale_muon_wd,0.02,43,15,0.220200,92.6900,99.8000
orscale_muon_wd,0.02,43,16,0.215300,92.9600,99.8200
orscale_muon_wd,0.02,43,17,0.202000,93.4600,99.8700
orscale_muon_wd,0.02,43,18,0.199700,93.5900,99.8200
orscale_muon_wd,0.02,43,19,0.195600,93.7500,99.8400
orscale_muon_wd,0.02,43,20,0.191900,93.8900,99.8700
orscale_muon_wd,0.02,43,21,0.191900,94.1000,99.8500
orscale_muon_wd,0.02,43,22,0.190400,94.0800,99.8600
orscale_muon_wd,0.02,43,23,0.190100,94.1100,99.8500
orscale_muon_wd,0.02,44,0,1.541800,51.1300,93.3200
orscale_muon_wd,0.02,44,1,0.803200,71.6700,98.3300
orscale_muon_wd,0.02,44,2,0.647100,77.5100,98.6900
orscale_muon_wd,0.02,44,3,0.663800,78.0300,98.4400
orscale_muon_wd,0.02,44,4,0.466300,84.1200,99.2400
orscale_muon_wd,0.02,44,5,0.461700,84.3200,99.3100
orscale_muon_wd,0.02,44,6,0.460300,84.2400,99.3100
orscale_muon_wd,0.02,44,7,0.431000,85.7500,99.1200
orscale_muon_wd,0.02,44,8,0.470900,84.1000,99.2100
orscale_muon_wd,0.02,44,9,0.344200,88.8100,99.5800
orscale_muon_wd,0.02,44,10,0.314700,89.2600,99.7000
orscale_muon_wd,0.02,44,11,0.279200,90.4500,99.6500
orscale_muon_wd,0.02,44,12,0.260400,91.2600,99.7700
orscale_muon_wd,0.02,44,13,0.252200,91.7400,99.7300
orscale_muon_wd,0.02,44,14,0.229700,92.6000,99.7600
orscale_muon_wd,0.02,44,15,0.219200,92.8100,99.8500
orscale_muon_wd,0.02,44,16,0.210100,93.2600,99.7900
orscale_muon_wd,0.02,44,17,0.205300,93.6200,99.8700
orscale_muon_wd,0.02,44,18,0.194100,93.9200,99.8500
orscale_muon_wd,0.02,44,19,0.194300,93.9800,99.8800
orscale_muon_wd,0.02,44,20,0.198600,93.9500,99.9000
orscale_muon_wd,0.02,44,21,0.193200,94.0300,99.8800
orscale_muon_wd,0.02,44,22,0.192800,94.1400,99.9000
orscale_muon_wd,0.02,44,23,0.192400,94.1600,99.9000
orscale_muon_wd,0.04,42,0,1.203100,61.0200,96.2500
orscale_muon_wd,0.04,42,1,0.767800,73.5100,97.9400
orscale_muon_wd,0.04,42,2,0.694500,76.8000,98.7700
orscale_muon_wd,0.04,42,3,0.568400,81.2700,98.7900
orscale_muon_wd,0.04,42,4,0.651900,78.8300,98.8200
orscale_muon_wd,0.04,42,5,0.482400,83.3600,99.4100
orscale_muon_wd,0.04,42,6,0.323900,88.9300,99.6400
orscale_muon_wd,0.04,42,7,0.319700,89.1300,99.6800
orscale_muon_wd,0.04,42,8,0.288700,90.3000,99.7600
orscale_muon_wd,0.04,42,9,0.286400,90.4200,99.7700
orscale_muon_wd,0.04,42,10,0.280200,90.6000,99.7200
orscale_muon_wd,0.04,42,11,0.257200,91.5900,99.7000
orscale_muon_wd,0.04,42,12,0.242700,91.9800,99.7700
orscale_muon_wd,0.04,42,13,0.256600,91.5600,99.8000
orscale_muon_wd,0.04,42,14,0.228800,92.3200,99.8000
orscale_muon_wd,0.04,42,15,0.216200,92.9800,99.7200
orscale_muon_wd,0.04,42,16,0.212100,93.5700,99.7400
orscale_muon_wd,0.04,42,17,0.210100,93.4600,99.8900
orscale_muon_wd,0.04,42,18,0.202300,93.5800,99.8700
orscale_muon_wd,0.04,42,19,0.205900,93.7500,99.8500
orscale_muon_wd,0.04,42,20,0.195300,93.9300,99.8700
orscale_muon_wd,0.04,42,21,0.195100,93.9600,99.8700
orscale_muon_wd,0.04,42,22,0.196100,93.9600,99.8800
orscale_muon_wd,0.04,42,23,0.195800,93.9900,99.8600
orscale_muon_wd,0.04,43,0,1.225600,59.3600,95.7700
orscale_muon_wd,0.04,43,1,0.659600,77.9100,98.4500
orscale_muon_wd,0.04,43,2,0.554000,81.1500,98.8600
orscale_muon_wd,0.04,43,3,0.647100,78.6500,98.5300
orscale_muon_wd,0.04,43,4,1.001800,72.0700,97.1700
orscale_muon_wd,0.04,43,5,0.410000,86.0200,99.4400
orscale_muon_wd,0.04,43,6,0.375500,87.0700,99.5600
orscale_muon_wd,0.04,43,7,0.317700,89.2100,99.6800
orscale_muon_wd,0.04,43,8,0.286500,90.1500,99.6500
orscale_muon_wd,0.04,43,9,0.264900,91.0200,99.7600
orscale_muon_wd,0.04,43,10,0.278100,90.6500,99.7900
orscale_muon_wd,0.04,43,11,0.257100,91.4100,99.7700
orscale_muon_wd,0.04,43,12,0.247500,91.7400,99.8800
orscale_muon_wd,0.04,43,13,0.229400,92.3800,99.7900
orscale_muon_wd,0.04,43,14,0.235400,92.3800,99.8100
orscale_muon_wd,0.04,43,15,0.238800,92.3100,99.7900
orscale_muon_wd,0.04,43,16,0.233200,92.4800,99.7300
orscale_muon_wd,0.04,43,17,0.204000,93.6400,99.8000
orscale_muon_wd,0.04,43,18,0.211400,93.4200,99.8300
orscale_muon_wd,0.04,43,19,0.199800,93.5300,99.8700
orscale_muon_wd,0.04,43,20,0.198400,93.6900,99.9000
orscale_muon_wd,0.04,43,21,0.196600,93.8100,99.8800
orscale_muon_wd,0.04,43,22,0.196000,93.8400,99.8900
orscale_muon_wd,0.04,43,23,0.195800,93.8500,99.8800
orscale_muon_wd,0.04,44,0,1.218000,59.8600,96.1600
orscale_muon_wd,0.04,44,1,0.779300,72.1400,98.2200
orscale_muon_wd,0.04,44,2,0.644600,78.1100,98.4900
orscale_muon_wd,0.04,44,3,0.888900,72.5700,97.1800
orscale_muon_wd,0.04,44,4,0.676300,78.0400,98.5800
orscale_muon_wd,0.04,44,5,0.435200,85.2700,99.3900
orscale_muon_wd,0.04,44,6,0.335000,88.5800,99.5300
orscale_muon_wd,0.04,44,7,0.335600,88.5900,99.4800
orscale_muon_wd,0.04,44,8,0.298000,90.1300,99.5500
orscale_muon_wd,0.04,44,9,0.275700,90.6900,99.7000
orscale_muon_wd,0.04,44,10,0.295500,90.2700,99.7400
orscale_muon_wd,0.04,44,11,0.260400,91.4600,99.7300
orscale_muon_wd,0.04,44,12,0.250600,91.3900,99.8200
orscale_muon_wd,0.04,44,13,0.247400,91.8600,99.7600
orscale_muon_wd,0.04,44,14,0.232800,92.3100,99.8200
orscale_muon_wd,0.04,44,15,0.232900,92.4500,99.8500
orscale_muon_wd,0.04,44,16,0.227300,92.8900,99.9200
orscale_muon_wd,0.04,44,17,0.219900,93.1800,99.8400
orscale_muon_wd,0.04,44,18,0.205500,93.6400,99.8800
orscale_muon_wd,0.04,44,19,0.210000,93.4900,99.9200
orscale_muon_wd,0.04,44,20,0.205200,93.6200,99.8900
orscale_muon_wd,0.04,44,21,0.203700,93.5300,99.9200
orscale_muon_wd,0.04,44,22,0.203300,93.7200,99.9000
orscale_muon_wd,0.04,44,23,0.203100,93.6700,99.9000
orscale_muon_moonlight,0.005,42,0,1.867200,44.6800,89.8900
orscale_muon_moonlight,0.005,42,1,1.070100,64.0700,96.9400
orscale_muon_moonlight,0.005,42,2,0.795200,72.0900,98.3300
orscale_muon_moonlight,0.005,42,3,0.583400,79.9000,99.1000
orscale_muon_moonlight,0.005,42,4,0.513300,82.4800,99.1500
orscale_muon_moonlight,0.005,42,5,0.443100,84.3800,99.4000
orscale_muon_moonlight,0.005,42,6,0.385800,86.5800,99.4900
orscale_muon_moonlight,0.005,42,7,0.376800,87.3600,99.6000
orscale_muon_moonlight,0.005,42,8,0.341000,88.4500,99.6000
orscale_muon_moonlight,0.005,42,9,0.317000,89.0600,99.6400
orscale_muon_moonlight,0.005,42,10,0.313000,89.4000,99.6800
orscale_muon_moonlight,0.005,42,11,0.289800,90.3900,99.6700
orscale_muon_moonlight,0.005,42,12,0.289000,90.2400,99.7300
orscale_muon_moonlight,0.005,42,13,0.307000,89.8900,99.8000
orscale_muon_moonlight,0.005,42,14,0.284900,90.9700,99.7800
orscale_muon_moonlight,0.005,42,15,0.265300,91.5000,99.8100
orscale_muon_moonlight,0.005,42,16,0.260200,91.6900,99.7700
orscale_muon_moonlight,0.005,42,17,0.261900,91.8200,99.7800
orscale_muon_moonlight,0.005,42,18,0.249900,92.1300,99.8600
orscale_muon_moonlight,0.005,42,19,0.250700,92.2400,99.8500
orscale_muon_moonlight,0.005,42,20,0.241300,92.4300,99.8700
orscale_muon_moonlight,0.005,42,21,0.240900,92.4900,99.8700
orscale_muon_moonlight,0.005,42,22,0.241300,92.5200,99.8700
orscale_muon_moonlight,0.005,42,23,0.241300,92.5900,99.8700
orscale_muon_moonlight,0.005,43,0,1.902100,43.3300,88.8300
orscale_muon_moonlight,0.005,43,1,1.086100,63.9800,96.5100
orscale_muon_moonlight,0.005,43,2,0.711700,75.1700,98.5800
orscale_muon_moonlight,0.005,43,3,0.565200,80.9100,98.8900
orscale_muon_moonlight,0.005,43,4,0.505100,82.8500,99.2600
orscale_muon_moonlight,0.005,43,5,0.408100,86.1100,99.3300
orscale_muon_moonlight,0.005,43,6,0.406500,85.9000,99.4900
orscale_muon_moonlight,0.005,43,7,0.377700,87.0700,99.4700
orscale_muon_moonlight,0.005,43,8,0.322200,89.0900,99.5000
orscale_muon_moonlight,0.005,43,9,0.324000,89.0300,99.5900
orscale_muon_moonlight,0.005,43,10,0.303400,90.1800,99.7200
orscale_muon_moonlight,0.005,43,11,0.294200,89.9400,99.7100
orscale_muon_moonlight,0.005,43,12,0.297300,90.1000,99.7300
orscale_muon_moonlight,0.005,43,13,0.273300,91.1200,99.7000
orscale_muon_moonlight,0.005,43,14,0.285000,90.7600,99.7300
orscale_muon_moonlight,0.005,43,15,0.271400,91.6500,99.7700
orscale_muon_moonlight,0.005,43,16,0.266500,91.8900,99.7700
orscale_muon_moonlight,0.005,43,17,0.265000,91.9700,99.7200
orscale_muon_moonlight,0.005,43,18,0.252400,92.2100,99.8100
orscale_muon_moonlight,0.005,43,19,0.247600,92.5500,99.8400
orscale_muon_moonlight,0.005,43,20,0.248300,92.7100,99.8700
orscale_muon_moonlight,0.005,43,21,0.246400,92.6700,99.8300
orscale_muon_moonlight,0.005,43,22,0.245600,92.5700,99.8300
orscale_muon_moonlight,0.005,43,23,0.245500,92.5300,99.8300
orscale_muon_moonlight,0.005,44,0,1.884800,43.6500,89.3900
orscale_muon_moonlight,0.005,44,1,1.068500,64.6400,96.8300
orscale_muon_moonlight,0.005,44,2,0.729700,75.1400,98.3200
orscale_muon_moonlight,0.005,44,3,0.626700,78.5600,98.7800
orscale_muon_moonlight,0.005,44,4,0.510500,82.4900,99.0400
orscale_muon_moonlight,0.005,44,5,0.424000,85.0800,99.3600
orscale_muon_moonlight,0.005,44,6,0.382500,86.7700,99.4500
orscale_muon_moonlight,0.005,44,7,0.363600,87.4400,99.4500
orscale_muon_moonlight,0.005,44,8,0.340400,88.4000,99.6400
orscale_muon_moonlight,0.005,44,9,0.306100,89.7800,99.5700
orscale_muon_moonlight,0.005,44,10,0.332100,88.8600,99.6500
orscale_muon_moonlight,0.005,44,11,0.315200,89.5800,99.5500
orscale_muon_moonlight,0.005,44,12,0.293400,90.2600,99.7200
orscale_muon_moonlight,0.005,44,13,0.282100,90.7100,99.6700
orscale_muon_moonlight,0.005,44,14,0.262900,91.7100,99.7500
orscale_muon_moonlight,0.005,44,15,0.274100,91.6600,99.7200
orscale_muon_moonlight,0.005,44,16,0.269100,91.6400,99.6500
orscale_muon_moonlight,0.005,44,17,0.260000,92.0800,99.7400
orscale_muon_moonlight,0.005,44,18,0.259400,91.9400,99.7700
orscale_muon_moonlight,0.005,44,19,0.253000,92.5600,99.7900
orscale_muon_moonlight,0.005,44,20,0.253800,92.5800,99.7900
orscale_muon_moonlight,0.005,44,21,0.251700,92.5300,99.7700
orscale_muon_moonlight,0.005,44,22,0.249800,92.6800,99.8000
orscale_muon_moonlight,0.005,44,23,0.249500,92.6300,99.7800
orscale_muon_moonlight,0.01,42,0,1.578500,50.3600,92.6600
orscale_muon_moonlight,0.01,42,1,0.837800,71.1900,97.8800
orscale_muon_moonlight,0.01,42,2,0.664600,76.8200,98.8800
orscale_muon_moonlight,0.01,42,3,0.509500,82.4200,99.1400
orscale_muon_moonlight,0.01,42,4,0.449200,84.8700,99.2700
orscale_muon_moonlight,0.01,42,5,0.411000,85.8800,99.4300
orscale_muon_moonlight,0.01,42,6,0.370100,87.1900,99.4600
orscale_muon_moonlight,0.01,42,7,0.343100,88.0600,99.5400
orscale_muon_moonlight,0.01,42,8,0.338700,88.5000,99.6500
orscale_muon_moonlight,0.01,42,9,0.309400,89.4000,99.6700
orscale_muon_moonlight,0.01,42,10,0.325900,89.2800,99.5700
orscale_muon_moonlight,0.01,42,11,0.300800,90.0300,99.6600
orscale_muon_moonlight,0.01,42,12,0.308700,89.9200,99.5900
orscale_muon_moonlight,0.01,42,13,0.294200,90.4900,99.7500
orscale_muon_moonlight,0.01,42,14,0.251700,91.5300,99.7600
orscale_muon_moonlight,0.01,42,15,0.262400,91.6100,99.7600
orscale_muon_moonlight,0.01,42,16,0.237600,92.2900,99.7900
orscale_muon_moonlight,0.01,42,17,0.241100,92.3400,99.8100
orscale_muon_moonlight,0.01,42,18,0.217300,92.9600,99.8900
orscale_muon_moonlight,0.01,42,19,0.221500,93.0200,99.8400
orscale_muon_moonlight,0.01,42,20,0.211700,93.3200,99.8700
orscale_muon_moonlight,0.01,42,21,0.208400,93.5500,99.8800
orscale_muon_moonlight,0.01,42,22,0.208000,93.5400,99.8800
orscale_muon_moonlight,0.01,42,23,0.207900,93.5400,99.8700
orscale_muon_moonlight,0.01,43,0,1.617600,49.0100,92.1900
orscale_muon_moonlight,0.01,43,1,0.822600,72.6100,97.9600
orscale_muon_moonlight,0.01,43,2,0.638600,77.8600,98.8500
orscale_muon_moonlight,0.01,43,3,0.482600,83.4100,99.2200
orscale_muon_moonlight,0.01,43,4,0.482100,83.3100,99.1800
orscale_muon_moonlight,0.01,43,5,0.377400,87.1000,99.5800
orscale_muon_moonlight,0.01,43,6,0.415700,85.7400,99.5200
orscale_muon_moonlight,0.01,43,7,0.384900,86.9400,99.4600
orscale_muon_moonlight,0.01,43,8,0.341400,88.5200,99.5700
orscale_muon_moonlight,0.01,43,9,0.357400,87.6100,99.6700
orscale_muon_moonlight,0.01,43,10,0.300300,89.6300,99.7100
orscale_muon_moonlight,0.01,43,11,0.298600,89.7800,99.7100
orscale_muon_moonlight,0.01,43,12,0.289100,90.2300,99.7800
orscale_muon_moonlight,0.01,43,13,0.278000,90.8400,99.6600
orscale_muon_moonlight,0.01,43,14,0.263900,91.4400,99.7800
orscale_muon_moonlight,0.01,43,15,0.247700,91.9600,99.7900
orscale_muon_moonlight,0.01,43,16,0.246000,92.2300,99.7800
orscale_muon_moonlight,0.01,43,17,0.229800,92.7900,99.8200
orscale_muon_moonlight,0.01,43,18,0.241800,92.5600,99.8700
orscale_muon_moonlight,0.01,43,19,0.215100,93.1400,99.8600
orscale_muon_moonlight,0.01,43,20,0.214900,93.1700,99.8600
orscale_muon_moonlight,0.01,43,21,0.214000,93.4400,99.8800
orscale_muon_moonlight,0.01,43,22,0.213400,93.4400,99.8400
orscale_muon_moonlight,0.01,43,23,0.213300,93.4300,99.8300
orscale_muon_moonlight,0.01,44,0,1.590800,49.8800,92.5700
orscale_muon_moonlight,0.01,44,1,0.834000,71.4900,98.1800
orscale_muon_moonlight,0.01,44,2,0.651500,77.8400,98.5400
orscale_muon_moonlight,0.01,44,3,0.554600,81.1800,98.9400
orscale_muon_moonlight,0.01,44,4,0.446500,84.9300,99.2800
orscale_muon_moonlight,0.01,44,5,0.417500,85.7000,99.2800
orscale_muon_moonlight,0.01,44,6,0.383400,86.7300,99.4600
orscale_muon_moonlight,0.01,44,7,0.423700,85.5700,99.4700
orscale_muon_moonlight,0.01,44,8,0.313800,89.2800,99.6300
orscale_muon_moonlight,0.01,44,9,0.303400,90.0100,99.5900
orscale_muon_moonlight,0.01,44,10,0.342000,88.4600,99.7000
orscale_muon_moonlight,0.01,44,11,0.298800,90.1500,99.7700
orscale_muon_moonlight,0.01,44,12,0.286600,90.7100,99.7300
orscale_muon_moonlight,0.01,44,13,0.277300,90.6900,99.7100
orscale_muon_moonlight,0.01,44,14,0.254300,91.4900,99.7800
orscale_muon_moonlight,0.01,44,15,0.239800,92.2300,99.8300
orscale_muon_moonlight,0.01,44,16,0.244300,92.2800,99.8300
orscale_muon_moonlight,0.01,44,17,0.229600,92.7900,99.8400
orscale_muon_moonlight,0.01,44,18,0.214500,93.2700,99.8700
orscale_muon_moonlight,0.01,44,19,0.219300,93.0700,99.8400
orscale_muon_moonlight,0.01,44,20,0.215300,93.2100,99.8700
orscale_muon_moonlight,0.01,44,21,0.214000,93.5000,99.8200
orscale_muon_moonlight,0.01,44,22,0.213200,93.5700,99.8400
orscale_muon_moonlight,0.01,44,23,0.212800,93.5700,99.8400
orscale_muon_moonlight,0.02,42,0,1.249700,58.5100,95.8800
orscale_muon_moonlight,0.02,42,1,0.711700,75.7200,98.4200
orscale_muon_moonlight,0.02,42,2,0.636100,77.3800,98.7200
orscale_muon_moonlight,0.02,42,3,0.499000,82.6900,99.2600
orscale_muon_moonlight,0.02,42,4,0.490700,83.8800,99.1600
orscale_muon_moonlight,0.02,42,5,0.568500,80.8500,99.0800
orscale_muon_moonlight,0.02,42,6,0.557800,81.4200,99.0500
orscale_muon_moonlight,0.02,42,7,0.433500,84.9600,99.3900
orscale_muon_moonlight,0.02,42,8,0.463000,84.2600,99.3400
orscale_muon_moonlight,0.02,42,9,0.377000,87.0800,99.5700
orscale_muon_moonlight,0.02,42,10,0.376400,87.0000,99.4500
orscale_muon_moonlight,0.02,42,11,0.374700,87.3300,99.3900
orscale_muon_moonlight,0.02,42,12,0.365000,88.1000,99.4700
orscale_muon_moonlight,0.02,42,13,0.349000,88.0600,99.5900
orscale_muon_moonlight,0.02,42,14,0.263000,91.0000,99.7800
orscale_muon_moonlight,0.02,42,15,0.264700,91.2900,99.6400
orscale_muon_moonlight,0.02,42,16,0.234700,91.9100,99.8100
orscale_muon_moonlight,0.02,42,17,0.210700,92.9600,99.8100
orscale_muon_moonlight,0.02,42,18,0.202400,93.2500,99.8400
orscale_muon_moonlight,0.02,42,19,0.192600,93.6100,99.8100
orscale_muon_moonlight,0.02,42,20,0.183800,93.8600,99.8800
orscale_muon_moonlight,0.02,42,21,0.182500,94.0800,99.8500
orscale_muon_moonlight,0.02,42,22,0.179800,94.2500,99.8800
orscale_muon_moonlight,0.02,42,23,0.179200,94.1800,99.8800
orscale_muon_moonlight,0.02,43,0,1.276800,57.4700,95.3200
orscale_muon_moonlight,0.02,43,1,0.674600,77.5400,98.5000
orscale_muon_moonlight,0.02,43,2,0.540000,81.9200,98.8900
orscale_muon_moonlight,0.02,43,3,0.479800,83.7700,99.0800
orscale_muon_moonlight,0.02,43,4,0.634100,78.6300,98.5300
orscale_muon_moonlight,0.02,43,5,0.474800,83.5900,99.2300
orscale_muon_moonlight,0.02,43,6,0.480800,83.5800,99.3300
orscale_muon_moonlight,0.02,43,7,0.439500,85.1200,99.3500
orscale_muon_moonlight,0.02,43,8,0.399300,86.4800,99.4300
orscale_muon_moonlight,0.02,43,9,0.412100,85.8300,99.4300
orscale_muon_moonlight,0.02,43,10,0.355600,88.0100,99.5400
orscale_muon_moonlight,0.02,43,11,0.401500,86.2800,99.5600
orscale_muon_moonlight,0.02,43,12,0.354600,88.2000,99.5300
orscale_muon_moonlight,0.02,43,13,0.291800,89.9500,99.6500
orscale_muon_moonlight,0.02,43,14,0.269300,91.0100,99.6200
orscale_muon_moonlight,0.02,43,15,0.247100,91.5100,99.7200
orscale_muon_moonlight,0.02,43,16,0.239700,92.1800,99.7600
orscale_muon_moonlight,0.02,43,17,0.225600,92.5500,99.8100
orscale_muon_moonlight,0.02,43,18,0.204900,93.1300,99.8500
orscale_muon_moonlight,0.02,43,19,0.192600,93.4800,99.8600
orscale_muon_moonlight,0.02,43,20,0.185300,93.7100,99.9000
orscale_muon_moonlight,0.02,43,21,0.181300,94.0200,99.8900
orscale_muon_moonlight,0.02,43,22,0.180500,93.9100,99.8900
orscale_muon_moonlight,0.02,43,23,0.180400,93.8600,99.9000
orscale_muon_moonlight,0.02,44,0,1.255800,58.6600,95.7700
orscale_muon_moonlight,0.02,44,1,0.728900,74.6400,98.4700
orscale_muon_moonlight,0.02,44,2,0.582500,80.0700,98.9100
orscale_muon_moonlight,0.02,44,3,0.527100,82.1000,99.0600
orscale_muon_moonlight,0.02,44,4,0.555500,81.1100,98.6200
orscale_muon_moonlight,0.02,44,5,0.489200,83.1000,99.2500
orscale_muon_moonlight,0.02,44,6,0.438100,85.0000,99.3700
orscale_muon_moonlight,0.02,44,7,0.518900,82.1600,99.0200
orscale_muon_moonlight,0.02,44,8,0.487500,84.0000,99.0000
orscale_muon_moonlight,0.02,44,9,0.365600,87.6600,99.3900
orscale_muon_moonlight,0.02,44,10,0.439400,84.9700,99.2800
orscale_muon_moonlight,0.02,44,11,0.330200,88.5500,99.6500
orscale_muon_moonlight,0.02,44,12,0.336100,88.5700,99.5400
orscale_muon_moonlight,0.02,44,13,0.353400,88.3200,99.5200
orscale_muon_moonlight,0.02,44,14,0.296400,90.0400,99.6100
orscale_muon_moonlight,0.02,44,15,0.251700,91.5200,99.7500
orscale_muon_moonlight,0.02,44,16,0.219300,92.7600,99.8600
orscale_muon_moonlight,0.02,44,17,0.213500,92.8100,99.8100
orscale_muon_moonlight,0.02,44,18,0.201200,93.5600,99.8300
orscale_muon_moonlight,0.02,44,19,0.203600,93.5200,99.8600
orscale_muon_moonlight,0.02,44,20,0.196300,94.0100,99.8700
orscale_muon_moonlight,0.02,44,21,0.186100,94.0200,99.9100
orscale_muon_moonlight,0.02,44,22,0.185400,94.0700,99.8900
orscale_muon_moonlight,0.02,44,23,0.184000,94.0900,99.9000
orscale_muon_moonlight,0.04,42,0,0.972200,67.4200,97.2800
orscale_muon_moonlight,0.04,42,1,0.731300,74.6300,98.2800
orscale_muon_moonlight,0.04,42,2,0.640400,77.8800,98.7300
orscale_muon_moonlight,0.04,42,3,0.591200,80.4800,98.7800
orscale_muon_moonlight,0.04,42,4,1.046600,71.7600,97.6900
orscale_muon_moonlight,0.04,42,5,0.641300,79.9200,98.8800
orscale_muon_moonlight,0.04,42,6,0.389400,86.6700,99.5000
orscale_muon_moonlight,0.04,42,7,0.333900,88.5800,99.6600
orscale_muon_moonlight,0.04,42,8,0.303700,89.5200,99.7000
orscale_muon_moonlight,0.04,42,9,0.298200,89.8600,99.6500
orscale_muon_moonlight,0.04,42,10,0.297800,89.9900,99.7000
orscale_muon_moonlight,0.04,42,11,0.255000,91.3200,99.8100
orscale_muon_moonlight,0.04,42,12,0.244700,91.9200,99.7600
orscale_muon_moonlight,0.04,42,13,0.251000,91.5300,99.8300
orscale_muon_moonlight,0.04,42,14,0.230800,92.4300,99.8600
orscale_muon_moonlight,0.04,42,15,0.219000,92.7200,99.8500
orscale_muon_moonlight,0.04,42,16,0.226200,92.7500,99.8000
orscale_muon_moonlight,0.04,42,17,0.220000,92.9600,99.8700
orscale_muon_moonlight,0.04,42,18,0.210400,93.2700,99.8800
orscale_muon_moonlight,0.04,42,19,0.204500,93.4400,99.8700
orscale_muon_moonlight,0.04,42,20,0.199000,93.8400,99.8900
orscale_muon_moonlight,0.04,42,21,0.198400,93.6400,99.8900
orscale_muon_moonlight,0.04,42,22,0.198600,93.6400,99.9000
orscale_muon_moonlight,0.04,42,23,0.198600,93.7400,99.8700
orscale_muon_moonlight,0.04,43,0,1.037700,64.7700,96.9100
orscale_muon_moonlight,0.04,43,1,0.661800,77.7400,98.1500
orscale_muon_moonlight,0.04,43,2,0.558200,80.6300,98.7700
orscale_muon_moonlight,0.04,43,3,0.673200,77.5000,98.6100
orscale_muon_moonlight,0.04,43,4,1.085200,70.3200,96.9000
orscale_muon_moonlight,0.04,43,5,0.643400,79.6000,98.7100
orscale_muon_moonlight,0.04,43,6,0.439300,84.6200,99.4600
orscale_muon_moonlight,0.04,43,7,0.320100,89.0500,99.5900
orscale_muon_moonlight,0.04,43,8,0.292400,89.9800,99.6300
orscale_muon_moonlight,0.04,43,9,0.272400,90.4200,99.7500
orscale_muon_moonlight,0.04,43,10,0.261300,91.1000,99.8500
orscale_muon_moonlight,0.04,43,11,0.253100,91.4100,99.7600
orscale_muon_moonlight,0.04,43,12,0.264500,91.0200,99.7800
orscale_muon_moonlight,0.04,43,13,0.241200,91.9200,99.7500
orscale_muon_moonlight,0.04,43,14,0.230800,92.5300,99.7700
orscale_muon_moonlight,0.04,43,15,0.221200,92.7900,99.8200
orscale_muon_moonlight,0.04,43,16,0.219000,92.8700,99.7900
orscale_muon_moonlight,0.04,43,17,0.213400,93.2300,99.8300
orscale_muon_moonlight,0.04,43,18,0.208900,93.4800,99.8900
orscale_muon_moonlight,0.04,43,19,0.202400,93.6700,99.8600
orscale_muon_moonlight,0.04,43,20,0.202000,93.6600,99.8600
orscale_muon_moonlight,0.04,43,21,0.198400,93.7900,99.8700
orscale_muon_moonlight,0.04,43,22,0.198200,93.8300,99.8600
orscale_muon_moonlight,0.04,43,23,0.197600,93.8400,99.8700
orscale_muon_moonlight,0.04,44,0,1.013200,65.0400,97.3600
orscale_muon_moonlight,0.04,44,1,0.722200,75.2300,98.3300
orscale_muon_moonlight,0.04,44,2,0.605300,79.4200,98.9000
orscale_muon_moonlight,0.04,44,3,0.760000,76.2600,97.6200
orscale_muon_moonlight,0.04,44,4,0.801900,76.4400,97.9600
orscale_muon_moonlight,0.04,44,5,0.625800,80.3600,99.0300
orscale_muon_moonlight,0.04,44,6,0.379400,87.2300,99.4500
orscale_muon_moonlight,0.04,44,7,0.375200,87.1500,99.5000
orscale_muon_moonlight,0.04,44,8,0.309200,89.3300,99.6400
orscale_muon_moonlight,0.04,44,9,0.261000,91.0900,99.7400
orscale_muon_moonlight,0.04,44,10,0.289000,89.9700,99.7500
orscale_muon_moonlight,0.04,44,11,0.267100,91.0800,99.7100
orscale_muon_moonlight,0.04,44,12,0.240700,92.1400,99.8100
orscale_muon_moonlight,0.04,44,13,0.258800,91.4500,99.7400
orscale_muon_moonlight,0.04,44,14,0.224600,92.8900,99.8300
orscale_muon_moonlight,0.04,44,15,0.230100,92.7200,99.8200
orscale_muon_moonlight,0.04,44,16,0.216900,93.2900,99.8600
orscale_muon_moonlight,0.04,44,17,0.207400,93.4000,99.8300
orscale_muon_moonlight,0.04,44,18,0.203900,93.6200,99.8400
orscale_muon_moonlight,0.04,44,19,0.204800,93.8300,99.8700
orscale_muon_moonlight,0.04,44,20,0.200800,93.8700,99.8600
orscale_muon_moonlight,0.04,44,21,0.199600,93.8400,99.8700
orscale_muon_moonlight,0.04,44,22,0.198200,93.9200,99.8800
orscale_muon_moonlight,0.04,44,23,0.197800,94.0000,99.8700
mutrust,0.005,42,0,1.381200,54.7300,94.7800
mutrust,0.005,42,1,0.739500,74.3500,98.1900
mutrust,0.005,42,2,0.676900,76.5700,98.2500
mutrust,0.005,42,3,0.496000,82.9900,99.2700
mutrust,0.005,42,4,0.441700,85.1100,99.2500
mutrust,0.005,42,5,0.385200,86.6600,99.4800
mutrust,0.005,42,6,0.313800,88.9200,99.7200
mutrust,0.005,42,7,0.314200,89.2500,99.6800
mutrust,0.005,42,8,0.288900,90.1900,99.6900
mutrust,0.005,42,9,0.280600,90.5100,99.7300
mutrust,0.005,42,10,0.272600,91.0500,99.7400
mutrust,0.005,42,11,0.263900,91.2200,99.6900
mutrust,0.005,42,12,0.246000,91.9700,99.7700
mutrust,0.005,42,13,0.239200,92.4100,99.8200
mutrust,0.005,42,14,0.240500,92.2200,99.8600
mutrust,0.005,42,15,0.228900,92.6400,99.7900
mutrust,0.005,42,16,0.226800,93.0900,99.8500
mutrust,0.005,42,17,0.231700,92.9900,99.7700
mutrust,0.005,42,18,0.213600,93.5100,99.8200
mutrust,0.005,42,19,0.215700,93.5300,99.8700
mutrust,0.005,42,20,0.204600,93.8800,99.8300
mutrust,0.005,42,21,0.204200,93.9400,99.8700
mutrust,0.005,42,22,0.203800,93.9900,99.8800
mutrust,0.005,42,23,0.203700,94.0000,99.8800
mutrust,0.005,43,0,1.391800,53.2500,94.0500
mutrust,0.005,43,1,0.648000,77.9200,98.7200
mutrust,0.005,43,2,0.562800,81.0800,98.7700
mutrust,0.005,43,3,0.516700,82.2300,98.9000
mutrust,0.005,43,4,0.468200,84.0700,99.1900
mutrust,0.005,43,5,0.375900,87.0700,99.4600
mutrust,0.005,43,6,0.378000,86.8800,99.5800
mutrust,0.005,43,7,0.318800,89.1100,99.6500
mutrust,0.005,43,8,0.274100,90.7100,99.7600
mutrust,0.005,43,9,0.263600,91.0200,99.8000
mutrust,0.005,43,10,0.268500,90.8500,99.8100
mutrust,0.005,43,11,0.275500,90.9500,99.8100
mutrust,0.005,43,12,0.251400,91.7100,99.8300
mutrust,0.005,43,13,0.235300,92.1700,99.8200
mutrust,0.005,43,14,0.241500,92.4200,99.8100
mutrust,0.005,43,15,0.225600,92.8900,99.8800
mutrust,0.005,43,16,0.224500,93.0400,99.8600
mutrust,0.005,43,17,0.216600,93.1400,99.8800
mutrust,0.005,43,18,0.214900,93.1500,99.9100
mutrust,0.005,43,19,0.208300,93.4600,99.9000
mutrust,0.005,43,20,0.208500,93.5900,99.9200
mutrust,0.005,43,21,0.205000,93.6800,99.9200
mutrust,0.005,43,22,0.205100,93.7000,99.9000
mutrust,0.005,43,23,0.204800,93.6800,99.9000
mutrust,0.005,44,0,1.377100,54.0100,94.5100
mutrust,0.005,44,1,0.795100,71.4900,98.1300
mutrust,0.005,44,2,0.640200,77.9700,98.6800
mutrust,0.005,44,3,0.589400,80.1300,98.8700
mutrust,0.005,44,4,0.387800,86.7700,99.4700
mutrust,0.005,44,5,0.355800,87.5500,99.6400
mutrust,0.005,44,6,0.342000,88.3400,99.6500
mutrust,0.005,44,7,0.323300,88.8400,99.6400
mutrust,0.005,44,8,0.284800,90.5000,99.7300
mutrust,0.005,44,9,0.251600,91.7100,99.7700
mutrust,0.005,44,10,0.274900,91.0300,99.7600
mutrust,0.005,44,11,0.254300,91.6400,99.8500
mutrust,0.005,44,12,0.241300,92.0300,99.8100
mutrust,0.005,44,13,0.253500,91.7800,99.8100
mutrust,0.005,44,14,0.238700,92.7600,99.7900
mutrust,0.005,44,15,0.234200,92.4000,99.8400
mutrust,0.005,44,16,0.224900,93.1700,99.8500
mutrust,0.005,44,17,0.229100,93.1400,99.8700
mutrust,0.005,44,18,0.225600,93.2300,99.8600
mutrust,0.005,44,19,0.212800,93.6600,99.8700
mutrust,0.005,44,20,0.213500,93.7000,99.8700
mutrust,0.005,44,21,0.209900,93.7900,99.8900
mutrust,0.005,44,22,0.210200,93.9000,99.8900
mutrust,0.005,44,23,0.209600,93.8500,99.9000
mutrust,0.01,42,0,0.952900,66.3300,97.1600
mutrust,0.01,42,1,0.804400,72.9200,97.5300
mutrust,0.01,42,2,0.647500,77.8100,98.7300
mutrust,0.01,42,3,0.434400,85.0100,99.4000
mutrust,0.01,42,4,0.427400,85.6100,99.3400
mutrust,0.01,42,5,0.387800,86.6500,99.5300
mutrust,0.01,42,6,0.322100,89.0800,99.6900
mutrust,0.01,42,7,0.296800,89.9000,99.6200
mutrust,0.01,42,8,0.317600,89.3800,99.7000
mutrust,0.01,42,9,0.266800,91.0500,99.8300
mutrust,0.01,42,10,0.266400,91.2000,99.7800
mutrust,0.01,42,11,0.250500,91.6100,99.7100
mutrust,0.01,42,12,0.256000,91.9500,99.7200
mutrust,0.01,42,13,0.247000,92.1800,99.8000
mutrust,0.01,42,14,0.242700,92.4700,99.8400
mutrust,0.01,42,15,0.230500,92.9300,99.7800
mutrust,0.01,42,16,0.228500,93.1000,99.8300
mutrust,0.01,42,17,0.225000,93.2100,99.8400
mutrust,0.01,42,18,0.216500,93.5300,99.8200
mutrust,0.01,42,19,0.216000,93.5000,99.8100
mutrust,0.01,42,20,0.214700,93.6800,99.8300
mutrust,0.01,42,21,0.210600,93.8100,99.8500
mutrust,0.01,42,22,0.209900,93.8300,99.8300
mutrust,0.01,42,23,0.209600,93.8400,99.8300
mutrust,0.01,43,0,1.017500,64.0100,96.9000
mutrust,0.01,43,1,0.713800,76.0600,98.0000
mutrust,0.01,43,2,0.518500,82.4400,99.0500
mutrust,0.01,43,3,0.408600,86.1200,99.4200
mutrust,0.01,43,4,0.477700,83.8600,99.0700
mutrust,0.01,43,5,0.371600,87.1800,99.6100
mutrust,0.01,43,6,0.375900,86.8300,99.6300
mutrust,0.01,43,7,0.333900,88.7300,99.6300
mutrust,0.01,43,8,0.271100,90.8400,99.7000
mutrust,0.01,43,9,0.305900,89.4200,99.7000
mutrust,0.01,43,10,0.263300,91.0600,99.8100
mutrust,0.01,43,11,0.276500,90.8900,99.7100
mutrust,0.01,43,12,0.248400,91.9000,99.8200
mutrust,0.01,43,13,0.240200,92.3800,99.7600
mutrust,0.01,43,14,0.240300,92.1800,99.8000
mutrust,0.01,43,15,0.245700,92.0200,99.8600
mutrust,0.01,43,16,0.228400,92.7800,99.8200
mutrust,0.01,43,17,0.228300,92.9300,99.8000
mutrust,0.01,43,18,0.223700,93.0700,99.8300
mutrust,0.01,43,19,0.215300,93.3400,99.8200
mutrust,0.01,43,20,0.216700,93.4600,99.8200
mutrust,0.01,43,21,0.213300,93.5300,99.8700
mutrust,0.01,43,22,0.213900,93.5700,99.8600
mutrust,0.01,43,23,0.213500,93.5500,99.8700
mutrust,0.01,44,0,0.985300,65.1000,96.9300
mutrust,0.01,44,1,0.876000,69.5800,97.5400
mutrust,0.01,44,2,0.554500,81.0600,98.8400
mutrust,0.01,44,3,0.555500,81.4000,98.9200
mutrust,0.01,44,4,0.379700,87.2300,99.5200
mutrust,0.01,44,5,0.365100,87.3300,99.5600
mutrust,0.01,44,6,0.350700,87.7100,99.5800
mutrust,0.01,44,7,0.311500,89.2800,99.6500
mutrust,0.01,44,8,0.284100,90.2500,99.6500
mutrust,0.01,44,9,0.257700,91.4100,99.7000
mutrust,0.01,44,10,0.282300,90.7200,99.7800
mutrust,0.01,44,11,0.275600,90.9900,99.8100
mutrust,0.01,44,12,0.261000,91.6100,99.8000
mutrust,0.01,44,13,0.252200,91.9200,99.7500
mutrust,0.01,44,14,0.236500,92.4400,99.7800
mutrust,0.01,44,15,0.239200,92.5300,99.8400
mutrust,0.01,44,16,0.235300,92.7700,99.8400
mutrust,0.01,44,17,0.232200,92.9100,99.8600
mutrust,0.01,44,18,0.230100,93.0200,99.8700
mutrust,0.01,44,19,0.224200,93.1600,99.8800
mutrust,0.01,44,20,0.222000,93.3800,99.9000
mutrust,0.01,44,21,0.217100,93.6700,99.8400
mutrust,0.01,44,22,0.217500,93.4800,99.8800
mutrust,0.01,44,23,0.217200,93.6000,99.8500
mutrust,0.02,42,0,1.304300,58.8600,95.0300
mutrust,0.02,42,1,0.738400,74.7500,98.2800
mutrust,0.02,42,2,0.614300,78.8100,98.7700
mutrust,0.02,42,3,0.436600,84.7500,99.5200
mutrust,0.02,42,4,0.393700,86.9200,99.4500
mutrust,0.02,42,5,0.368400,87.2500,99.5400
mutrust,0.02,42,6,0.307900,89.7000,99.6900
mutrust,0.02,42,7,0.292500,90.0100,99.6600
mutrust,0.02,42,8,0.312300,89.4000,99.6500
mutrust,0.02,42,9,0.291600,90.1000,99.7600
mutrust,0.02,42,10,0.272600,90.8900,99.7800
mutrust,0.02,42,11,0.263100,91.3700,99.7100
mutrust,0.02,42,12,0.241300,92.3900,99.8700
mutrust,0.02,42,13,0.257100,91.7500,99.8100
mutrust,0.02,42,14,0.242900,92.3000,99.8700
mutrust,0.02,42,15,0.229100,92.8400,99.8600
mutrust,0.02,42,16,0.229100,92.9100,99.7700
mutrust,0.02,42,17,0.232700,92.9100,99.8300
mutrust,0.02,42,18,0.226300,93.3100,99.8100
mutrust,0.02,42,19,0.228700,93.0900,99.8000
mutrust,0.02,42,20,0.220700,93.3500,99.8400
mutrust,0.02,42,21,0.219000,93.5300,99.8600
mutrust,0.02,42,22,0.218800,93.5100,99.8500
mutrust,0.02,42,23,0.218900,93.4500,99.8700
mutrust,0.02,43,0,1.032100,65.1300,96.6400
mutrust,0.02,43,1,0.663400,77.5000,98.2400
mutrust,0.02,43,2,0.499000,83.1100,99.1800
mutrust,0.02,43,3,0.407600,85.9000,99.3500
mutrust,0.02,43,4,0.412500,85.7800,99.3900
mutrust,0.02,43,5,0.352200,88.0100,99.6800
mutrust,0.02,43,6,0.350400,87.7400,99.6600
mutrust,0.02,43,7,0.311100,89.2500,99.7100
mutrust,0.02,43,8,0.283200,90.3300,99.6900
mutrust,0.02,43,9,0.267500,90.9400,99.7600
mutrust,0.02,43,10,0.266900,91.1000,99.7600
mutrust,0.02,43,11,0.250600,91.9100,99.8000
mutrust,0.02,43,12,0.250000,91.5600,99.8500
mutrust,0.02,43,13,0.244300,92.0600,99.8200
mutrust,0.02,43,14,0.238800,92.6300,99.7700
mutrust,0.02,43,15,0.225100,92.8800,99.8600
mutrust,0.02,43,16,0.233400,92.9100,99.8400
mutrust,0.02,43,17,0.226700,93.2700,99.7900
mutrust,0.02,43,18,0.217200,93.5300,99.8800
mutrust,0.02,43,19,0.212000,93.5400,99.8400
mutrust,0.02,43,20,0.211000,93.7800,99.8700
mutrust,0.02,43,21,0.209500,93.8800,99.8500
mutrust,0.02,43,22,0.208500,93.8600,99.8600
mutrust,0.02,43,23,0.208100,93.9300,99.8700
mutrust,0.02,44,0,1.261500,59.7400,92.1900
mutrust,0.02,44,1,0.806500,72.0600,97.9700
mutrust,0.02,44,2,0.554200,80.7600,98.9700
mutrust,0.02,44,3,0.511200,82.7300,99.2100
mutrust,0.02,44,4,0.367700,87.2600,99.4900
mutrust,0.02,44,5,0.354100,88.0700,99.6200
mutrust,0.02,44,6,0.356500,87.8800,99.5400
mutrust,0.02,44,7,0.324000,88.8700,99.6700
mutrust,0.02,44,8,0.294800,90.0100,99.6500
mutrust,0.02,44,9,0.275700,90.8800,99.7200
mutrust,0.02,44,10,0.305900,90.0300,99.6800
mutrust,0.02,44,11,0.278500,91.2800,99.8100
mutrust,0.02,44,12,0.250800,91.9700,99.7900
mutrust,0.02,44,13,0.254700,91.7700,99.8100
mutrust,0.02,44,14,0.232200,92.6400,99.7900
mutrust,0.02,44,15,0.233600,92.6100,99.8000
mutrust,0.02,44,16,0.233300,92.7700,99.9000
mutrust,0.02,44,17,0.226000,93.0600,99.8000
mutrust,0.02,44,18,0.219600,93.4000,99.8800
mutrust,0.02,44,19,0.220200,93.5900,99.8500
mutrust,0.02,44,20,0.216100,93.6600,99.9100
mutrust,0.02,44,21,0.215500,93.7400,99.8700
mutrust,0.02,44,22,0.215000,93.7400,99.8700
mutrust,0.02,44,23,0.214800,93.7200,99.8900
mutrust,0.04,42,0,1.577000,55.8100,92.5000
mutrust,0.04,42,1,0.666600,76.9700,98.3500
mutrust,0.04,42,2,0.566100,80.6400,99.1000
mutrust,0.04,42,3,0.440600,85.4000,99.3700
mutrust,0.04,42,4,0.408300,86.2000,99.3300
mutrust,0.04,42,5,0.375900,87.2800,99.6000
mutrust,0.04,42,6,0.317100,89.1400,99.6600
mutrust,0.04,42,7,0.285500,90.1300,99.7000
mutrust,0.04,42,8,0.295400,90.0400,99.8100
mutrust,0.04,42,9,0.296200,90.2800,99.7200
mutrust,0.04,42,10,0.281500,90.9500,99.7500
mutrust,0.04,42,11,0.250100,91.8700,99.7700
mutrust,0.04,42,12,0.245900,91.9400,99.7600
mutrust,0.04,42,13,0.265500,91.6600,99.7700
mutrust,0.04,42,14,0.251200,91.9100,99.8500
mutrust,0.04,42,15,0.232000,92.4800,99.8000
mutrust,0.04,42,16,0.234900,93.0100,99.7800
mutrust,0.04,42,17,0.229300,92.8900,99.8100
mutrust,0.04,42,18,0.219100,93.4800,99.8100
mutrust,0.04,42,19,0.219800,93.6100,99.7900
mutrust,0.04,42,20,0.211500,93.8300,99.8200
mutrust,0.04,42,21,0.211300,93.8300,99.8500
mutrust,0.04,42,22,0.211500,93.8300,99.8200
mutrust,0.04,42,23,0.211100,93.8600,99.8100
mutrust,0.04,43,0,1.046600,64.8100,95.7300
mutrust,0.04,43,1,0.568000,80.7900,98.9300
mutrust,0.04,43,2,0.469100,84.3700,99.0800
mutrust,0.04,43,3,0.414800,85.7900,99.3000
mutrust,0.04,43,4,0.420100,85.7500,99.4200
mutrust,0.04,43,5,0.358900,87.4800,99.4800
mutrust,0.04,43,6,0.360500,87.6800,99.6400
mutrust,0.04,43,7,0.302000,89.5500,99.7200
mutrust,0.04,43,8,0.292200,90.1000,99.6600
mutrust,0.04,43,9,0.271400,90.8800,99.7300
mutrust,0.04,43,10,0.271500,91.0600,99.7600
mutrust,0.04,43,11,0.264000,91.4500,99.8000
mutrust,0.04,43,12,0.271100,91.2900,99.7200
mutrust,0.04,43,13,0.242200,92.4400,99.8500
mutrust,0.04,43,14,0.242900,92.4600,99.7900
mutrust,0.04,43,15,0.232500,92.7200,99.8300
mutrust,0.04,43,16,0.224100,93.0700,99.8100
mutrust,0.04,43,17,0.224400,93.0100,99.8300
mutrust,0.04,43,18,0.220600,93.2700,99.8400
mutrust,0.04,43,19,0.217100,93.5600,99.8100
mutrust,0.04,43,20,0.215500,93.5100,99.8200
mutrust,0.04,43,21,0.212100,93.7900,99.8100
mutrust,0.04,43,22,0.211300,93.8200,99.8000
mutrust,0.04,43,23,0.210500,93.8800,99.8100
mutrust,0.04,44,0,1.176200,62.1500,93.2000
mutrust,0.04,44,1,0.827700,71.7500,97.0700
mutrust,0.04,44,2,0.586400,79.6800,98.8300
mutrust,0.04,44,3,0.599800,79.9200,99.1700
mutrust,0.04,44,4,0.384800,86.8300,99.4300
mutrust,0.04,44,5,0.350100,88.0400,99.5900
mutrust,0.04,44,6,0.309200,89.5600,99.6300
mutrust,0.04,44,7,0.313500,89.2300,99.7100
mutrust,0.04,44,8,0.291800,90.0000,99.7700
mutrust,0.04,44,9,0.269600,90.8900,99.7700
mutrust,0.04,44,10,0.264400,91.1400,99.8000
mutrust,0.04,44,11,0.249800,91.5600,99.8100
mutrust,0.04,44,12,0.250300,91.8500,99.7800
mutrust,0.04,44,13,0.244900,92.1500,99.8300
mutrust,0.04,44,14,0.250700,92.1000,99.7600
mutrust,0.04,44,15,0.229500,92.7800,99.8800
mutrust,0.04,44,16,0.234200,92.7800,99.8900
mutrust,0.04,44,17,0.227300,93.1900,99.8400
mutrust,0.04,44,18,0.215100,93.3800,99.8700
mutrust,0.04,44,19,0.218000,93.4300,99.8700
mutrust,0.04,44,20,0.213800,93.6400,99.9000
mutrust,0.04,44,21,0.211600,93.6200,99.8900
mutrust,0.04,44,22,0.211800,93.7200,99.8900
mutrust,0.04,44,23,0.211500,93.6600,99.9000
adamw,0.001,42,0,1.276400,54.7100,94.5900
adamw,0.001,42,1,1.071600,61.9700,96.0900
adamw,0.001,42,2,0.883100,68.6200,97.9700
adamw,0.001,42,3,0.735200,74.6200,98.2700
adamw,0.001,42,4,0.777600,73.1500,98.6400
adamw,0.001,42,5,0.762100,74.4200,98.8500
adamw,0.001,42,6,0.517900,82.5500,99.0500
adamw,0.001,42,7,0.587700,80.2000,98.7800
adamw,0.001,42,8,0.476400,83.7300,99.4600
adamw,0.001,42,9,0.383900,86.9100,99.4800
adamw,0.001,42,10,0.386700,87.1300,99.5500
adamw,0.001,42,11,0.399900,86.7600,99.2600
adamw,0.001,42,12,0.376400,87.6900,99.6200
adamw,0.001,42,13,0.356000,88.4600,99.5500
adamw,0.001,42,14,0.322000,89.0700,99.7600
adamw,0.001,42,15,0.337700,89.1300,99.6100
adamw,0.001,42,16,0.354400,88.3000,99.6900
adamw,0.001,42,17,0.271000,90.8500,99.8400
adamw,0.001,42,18,0.258000,91.4700,99.8100
adamw,0.001,42,19,0.238800,92.0900,99.8100
adamw,0.001,42,20,0.236400,92.3500,99.8100
adamw,0.001,42,21,0.236700,92.3500,99.8300
adamw,0.001,42,22,0.233700,92.3100,99.8300
adamw,0.001,42,23,0.234200,92.3900,99.8200
adamw,0.001,43,0,1.492300,46.0500,92.0700
adamw,0.001,43,1,0.945600,67.7400,96.8600
adamw,0.001,43,2,0.753300,73.8900,97.9000
adamw,0.001,43,3,0.706100,75.3700,98.5800
adamw,0.001,43,4,0.791400,73.7200,97.6600
adamw,0.001,43,5,0.512600,82.4700,99.2200
adamw,0.001,43,6,0.500500,82.4500,99.3000
adamw,0.001,43,7,0.472200,84.0700,99.1700
adamw,0.001,43,8,0.467300,84.4500,99.0300
adamw,0.001,43,9,0.508700,82.7000,99.2700
adamw,0.001,43,10,0.356900,88.0000,99.6100
adamw,0.001,43,11,0.451200,84.6900,99.5300
adamw,0.001,43,12,0.409100,85.9900,99.6100
adamw,0.001,43,13,0.301800,89.8500,99.6900
adamw,0.001,43,14,0.415200,87.4300,99.4900
adamw,0.001,43,15,0.295500,90.2700,99.7200
adamw,0.001,43,16,0.268800,91.1100,99.7400
adamw,0.001,43,17,0.273300,91.1700,99.7800
adamw,0.001,43,18,0.282000,90.8900,99.7200
adamw,0.001,43,19,0.237700,92.2200,99.8100
adamw,0.001,43,20,0.234700,92.4700,99.8300
adamw,0.001,43,21,0.229900,92.6800,99.8500
adamw,0.001,43,22,0.229300,92.5600,99.8500
adamw,0.001,43,23,0.229000,92.5900,99.8500
adamw,0.001,44,0,1.304500,53.6900,94.8100
adamw,0.001,44,1,0.978300,65.7400,97.7900
adamw,0.001,44,2,1.025100,64.6300,95.9800
adamw,0.001,44,3,0.753400,74.3300,98.5700
adamw,0.001,44,4,0.744000,73.9500,98.2600
adamw,0.001,44,5,0.593400,79.1100,98.7900
adamw,0.001,44,6,0.548700,81.4500,98.8100
adamw,0.001,44,7,0.633100,78.2400,98.9500
adamw,0.001,44,8,0.567100,81.2700,98.8200
adamw,0.001,44,9,0.394300,86.8700,99.3900
adamw,0.001,44,10,0.420800,85.4100,99.5700
adamw,0.001,44,11,0.341100,88.2900,99.6300
adamw,0.001,44,12,0.379000,87.1000,99.3900
adamw,0.001,44,13,0.496200,84.3500,99.4900
adamw,0.001,44,14,0.348800,88.4700,99.5900
adamw,0.001,44,15,0.289400,90.7800,99.6300
adamw,0.001,44,16,0.272400,91.0400,99.7300
adamw,0.001,44,17,0.266400,91.4700,99.7700
adamw,0.001,44,18,0.254900,91.8000,99.8000
adamw,0.001,44,19,0.249300,92.1100,99.8100
adamw,0.001,44,20,0.240500,92.2300,99.8500
adamw,0.001,44,21,0.234700,92.4500,99.8400
adamw,0.001,44,22,0.234100,92.7000,99.8300
adamw,0.001,44,23,0.233500,92.6100,99.8400
adamw,0.003,42,0,1.141500,60.1500,95.1600
adamw,0.003,42,1,1.000100,65.7600,96.0700
adamw,0.003,42,2,0.808400,71.5200,98.1300
adamw,0.003,42,3,0.631700,77.8300,98.8000
adamw,0.003,42,4,0.742800,75.7700,98.5800
adamw,0.003,42,5,0.628800,78.8900,99.1800
adamw,0.003,42,6,0.539900,82.8700,98.8100
adamw,0.003,42,7,0.433500,85.1600,99.3100
adamw,0.003,42,8,0.438600,85.5500,99.3600
adamw,0.003,42,9,0.355100,88.0800,99.5600
adamw,0.003,42,10,0.414600,86.6200,99.4400
adamw,0.003,42,11,0.356300,88.4400,99.6300
adamw,0.003,42,12,0.391400,87.6700,99.4400
adamw,0.003,42,13,0.353700,88.6800,99.6500
adamw,0.003,42,14,0.274900,90.9500,99.7000
adamw,0.003,42,15,0.282600,91.3600,99.7600
adamw,0.003,42,16,0.259100,91.9100,99.7800
adamw,0.003,42,17,0.259000,92.0900,99.7700
adamw,0.003,42,18,0.233900,92.8000,99.7800
adamw,0.003,42,19,0.235600,92.8900,99.8100
adamw,0.003,42,20,0.231600,93.1300,99.8100
adamw,0.003,42,21,0.228200,93.0800,99.8200
adamw,0.003,42,22,0.227800,93.1000,99.8400
adamw,0.003,42,23,0.228000,93.1900,99.8300
adamw,0.003,43,0,1.225200,55.7600,94.8400
adamw,0.003,43,1,0.872500,70.1600,97.3800
adamw,0.003,43,2,0.738500,74.4900,98.3100
adamw,0.003,43,3,0.699200,75.7300,98.4400
adamw,0.003,43,4,0.645700,77.5400,98.5900
adamw,0.003,43,5,0.521500,81.8500,99.2400
adamw,0.003,43,6,0.445000,84.5100,99.2800
adamw,0.003,43,7,0.465600,84.7300,99.1600
adamw,0.003,43,8,0.397000,86.6400,99.4300
adamw,0.003,43,9,0.459500,85.2600,99.3600
adamw,0.003,43,10,0.367500,88.2100,99.4800
adamw,0.003,43,11,0.347500,88.4600,99.5800
adamw,0.003,43,12,0.349500,88.6000,99.6400
adamw,0.003,43,13,0.338800,89.4700,99.6400
adamw,0.003,43,14,0.339300,89.5000,99.7000
adamw,0.003,43,15,0.281100,91.2300,99.6500
adamw,0.003,43,16,0.266400,91.9800,99.7100
adamw,0.003,43,17,0.251900,92.3200,99.7800
adamw,0.003,43,18,0.239000,92.9300,99.8100
adamw,0.003,43,19,0.237600,93.0800,99.8400
adamw,0.003,43,20,0.239400,93.1000,99.8000
adamw,0.003,43,21,0.229300,93.1100,99.8400
adamw,0.003,43,22,0.230700,93.1100,99.8100
adamw,0.003,43,23,0.231100,93.0800,99.8000
adamw,0.003,44,0,1.452500,47.9100,91.5900
adamw,0.003,44,1,0.748400,73.7900,98.4900
adamw,0.003,44,2,0.882800,69.6900,97.6800
adamw,0.003,44,3,0.856300,71.5400,98.0800
adamw,0.003,44,4,0.641900,78.7900,97.4400
adamw,0.003,44,5,0.535300,81.2400,98.8900
adamw,0.003,44,6,0.428700,85.3100,99.3600
adamw,0.003,44,7,0.655200,78.8400,98.4100
adamw,0.003,44,8,0.394600,86.7400,99.3100
adamw,0.003,44,9,0.471900,85.1400,99.0100
adamw,0.003,44,10,0.416100,86.0300,99.6100
adamw,0.003,44,11,0.322800,88.6800,99.6200
adamw,0.003,44,12,0.360400,88.2900,99.6300
adamw,0.003,44,13,0.431100,86.5900,99.6000
adamw,0.003,44,14,0.302800,90.2500,99.7300
adamw,0.003,44,15,0.264400,91.7100,99.6900
adamw,0.003,44,16,0.257500,92.0500,99.8500
adamw,0.003,44,17,0.253300,92.2500,99.8200
adamw,0.003,44,18,0.240000,92.6600,99.8200
adamw,0.003,44,19,0.233100,92.8300,99.8700
adamw,0.003,44,20,0.233200,92.9100,99.8700
adamw,0.003,44,21,0.232300,92.7600,99.8600
adamw,0.003,44,22,0.230600,93.0000,99.8600
adamw,0.003,44,23,0.230200,93.0300,99.8600
adamw,0.01,42,0,1.009900,64.5500,96.5100
adamw,0.01,42,1,0.843900,70.0900,98.1100
adamw,0.01,42,2,0.810200,72.6700,97.9400
adamw,0.01,42,3,0.830400,71.9300,98.2000
adamw,0.01,42,4,0.720500,77.1300,98.2500
adamw,0.01,42,5,0.466600,84.1900,99.2400
adamw,0.01,42,6,0.520600,82.7500,99.2600
adamw,0.01,42,7,0.500800,83.4600,99.2200
adamw,0.01,42,8,0.396400,87.2600,99.4700
adamw,0.01,42,9,0.369600,87.9100,99.4400
adamw,0.01,42,10,0.339700,88.5900,99.6300
adamw,0.01,42,11,0.311000,89.8800,99.7200
adamw,0.01,42,12,0.361900,89.0500,99.6800
adamw,0.01,42,13,0.403200,87.7700,99.7300
adamw,0.01,42,14,0.307800,90.7400,99.8100
adamw,0.01,42,15,0.285900,91.6200,99.7900
adamw,0.01,42,16,0.286400,91.6100,99.8200
adamw,0.01,42,17,0.262200,92.4600,99.8200
adamw,0.01,42,18,0.247100,92.9100,99.8600
adamw,0.01,42,19,0.247600,93.0500,99.8600
adamw,0.01,42,20,0.249600,93.0300,99.8500
adamw,0.01,42,21,0.243600,93.1200,99.8600
adamw,0.01,42,22,0.243000,93.0500,99.8600
adamw,0.01,42,23,0.244000,93.0900,99.8500
adamw,0.01,43,0,1.045200,62.2300,96.5200
adamw,0.01,43,1,0.878400,70.3800,97.0600
adamw,0.01,43,2,0.760300,74.7700,98.5100
adamw,0.01,43,3,0.819500,71.8500,97.7000
adamw,0.01,43,4,0.681800,78.3700,98.0300
adamw,0.01,43,5,0.561500,81.0800,99.2300
adamw,0.01,43,6,0.840200,74.6900,98.2400
adamw,0.01,43,7,0.412200,86.7200,99.4000
adamw,0.01,43,8,0.385700,86.7700,99.6600
adamw,0.01,43,9,0.400500,86.8700,99.6100
adamw,0.01,43,10,0.394300,87.9100,99.5500
adamw,0.01,43,11,0.339000,89.3100,99.7000
adamw,0.01,43,12,0.397700,88.4200,99.6300
adamw,0.01,43,13,0.323800,90.1400,99.6100
adamw,0.01,43,14,0.296900,90.9600,99.7200
adamw,0.01,43,15,0.292900,91.5900,99.7400
adamw,0.01,43,16,0.267800,92.2500,99.7700
adamw,0.01,43,17,0.263900,92.5700,99.7800
adamw,0.01,43,18,0.259800,92.6300,99.7900
adamw,0.01,43,19,0.259600,92.7400,99.8100
adamw,0.01,43,20,0.255900,92.9800,99.7500
adamw,0.01,43,21,0.252500,93.1300,99.8000
adamw,0.01,43,22,0.253900,93.0700,99.8000
adamw,0.01,43,23,0.254100,93.1300,99.8000
adamw,0.01,44,0,1.247500,57.1000,94.4000
adamw,0.01,44,1,0.957100,66.7700,96.7600
adamw,0.01,44,2,0.973600,67.1500,97.8100
adamw,0.01,44,3,0.679400,76.9600,98.6000
adamw,0.01,44,4,0.762500,75.4500,97.9200
adamw,0.01,44,5,0.447100,84.8100,99.2000
adamw,0.01,44,6,0.466500,84.1700,99.3100
adamw,0.01,44,7,0.473300,83.7700,99.2500
adamw,0.01,44,8,0.456800,85.6600,99.6000
adamw,0.01,44,9,0.391000,87.1400,99.4500
adamw,0.01,44,10,0.404600,87.0900,99.3800
adamw,0.01,44,11,0.316000,89.5100,99.6500
adamw,0.01,44,12,0.316000,90.2200,99.7200
adamw,0.01,44,13,0.325500,89.9200,99.5500
adamw,0.01,44,14,0.295800,90.9800,99.8000
adamw,0.01,44,15,0.287600,91.2600,99.7500
adamw,0.01,44,16,0.258300,92.5300,99.8200
adamw,0.01,44,17,0.269500,92.5000,99.8100
adamw,0.01,44,18,0.248200,92.8700,99.8200
adamw,0.01,44,19,0.244200,93.1800,99.8500
adamw,0.01,44,20,0.246400,93.1500,99.8400
adamw,0.01,44,21,0.246200,93.1900,99.8700
adamw,0.01,44,22,0.246400,93.1500,99.8700
adamw,0.01,44,23,0.245400,93.1600,99.8700
lamb,0.001,42,0,2.157000,30.6900,80.9700
lamb,0.001,42,1,1.812800,41.3600,89.5100
lamb,0.001,42,2,1.501000,50.2200,93.7100
lamb,0.001,42,3,1.279300,56.1900,95.3700
lamb,0.001,42,4,1.010100,65.3600,96.8700
lamb,0.001,42,5,0.902600,68.3600,97.6200
lamb,0.001,42,6,0.779700,73.0400,98.2600
lamb,0.001,42,7,0.754800,73.8300,98.2900
lamb,0.001,42,8,0.663400,76.7300,98.9100
lamb,0.001,42,9,0.631100,77.7900,98.8300
lamb,0.001,42,10,0.588100,79.8000,98.9400
lamb,0.001,42,11,0.634600,78.1200,98.3600
lamb,0.001,42,12,0.525800,81.9400,99.0300
lamb,0.001,42,13,0.541600,81.4400,99.1700
lamb,0.001,42,14,0.511000,82.8900,99.1800
lamb,0.001,42,15,0.519300,82.7700,99.0900
lamb,0.001,42,16,0.489500,83.2200,99.3200
lamb,0.001,42,17,0.442300,84.8100,99.3400
lamb,0.001,42,18,0.445200,84.9100,99.3900
lamb,0.001,42,19,0.430800,85.2700,99.4100
lamb,0.001,42,20,0.426300,85.3200,99.4500
lamb,0.001,42,21,0.424100,85.4800,99.4500
lamb,0.001,42,22,0.423600,85.3900,99.4500
lamb,0.001,42,23,0.424100,85.4900,99.4300
lamb,0.001,43,0,2.182800,26.6200,76.7800
lamb,0.001,43,1,1.846300,40.4400,89.0600
lamb,0.001,43,2,1.520300,49.1900,93.3800
lamb,0.001,43,3,1.230800,58.6600,95.8700
lamb,0.001,43,4,1.096500,60.6300,96.4200
lamb,0.001,43,5,0.894600,68.5600,97.6200
lamb,0.001,43,6,0.821900,70.5400,98.1400
lamb,0.001,43,7,0.762100,73.6100,98.2100
lamb,0.001,43,8,0.636600,78.4200,98.8700
lamb,0.001,43,9,0.627100,77.3800,98.8700
lamb,0.001,43,10,0.650800,78.0600,98.5600
lamb,0.001,43,11,0.665200,76.5900,98.8500
lamb,0.001,43,12,0.582400,79.3800,99.0100
lamb,0.001,43,13,0.540100,81.1900,99.0700
lamb,0.001,43,14,0.510900,82.7700,99.2300
lamb,0.001,43,15,0.470000,83.8200,99.2700
lamb,0.001,43,16,0.476300,83.9200,99.2400
lamb,0.001,43,17,0.450300,84.7200,99.2900
lamb,0.001,43,18,0.436300,84.9400,99.4300
lamb,0.001,43,19,0.437100,84.9500,99.3500
lamb,0.001,43,20,0.420800,85.3700,99.4500
lamb,0.001,43,21,0.417600,85.4800,99.4300
lamb,0.001,43,22,0.418800,85.5600,99.4700
lamb,0.001,43,23,0.418200,85.5700,99.4600
lamb,0.001,44,0,2.172600,26.9600,78.5300
lamb,0.001,44,1,1.837800,41.7400,88.8100
lamb,0.001,44,2,1.489600,49.8300,93.4600
lamb,0.001,44,3,1.237800,57.6400,95.6200
lamb,0.001,44,4,1.021300,65.0700,97.1800
lamb,0.001,44,5,0.927500,67.5600,97.3800
lamb,0.001,44,6,0.818700,71.4400,98.1800
lamb,0.001,44,7,0.839200,70.5000,98.1600
lamb,0.001,44,8,0.707600,75.4000,98.2700
lamb,0.001,44,9,0.605700,78.9400,98.9100
lamb,0.001,44,10,0.616000,79.0500,98.9200
lamb,0.001,44,11,0.614300,78.9000,98.6500
lamb,0.001,44,12,0.560300,80.7900,99.1900
lamb,0.001,44,13,0.539800,81.2100,99.0800
lamb,0.001,44,14,0.545500,81.7500,99.0800
lamb,0.001,44,15,0.513700,82.4600,99.0900
lamb,0.001,44,16,0.486100,83.4300,99.4100
lamb,0.001,44,17,0.482900,83.5200,99.2600
lamb,0.001,44,18,0.441300,84.8500,99.3500
lamb,0.001,44,19,0.432300,85.2100,99.4500
lamb,0.001,44,20,0.429800,85.2800,99.4800
lamb,0.001,44,21,0.421800,85.6900,99.4400
lamb,0.001,44,22,0.421800,85.6900,99.4700
lamb,0.001,44,23,0.421400,85.6800,99.4200
lamb,0.003,42,0,1.917200,36.6900,87.4900
lamb,0.003,42,1,1.371900,53.9900,94.6500
lamb,0.003,42,2,1.111500,59.6400,96.6400
lamb,0.003,42,3,0.959000,66.7300,96.8700
lamb,0.003,42,4,1.120000,62.5500,96.8700
lamb,0.003,42,5,0.869200,71.6600,97.7900
lamb,0.003,42,6,0.680400,76.8400,98.6700
lamb,0.003,42,7,0.604500,79.6600,98.4400
lamb,0.003,42,8,0.510400,82.3200,99.2100
lamb,0.003,42,9,0.496900,82.9600,99.1000
lamb,0.003,42,10,0.424400,85.8000,99.3300
lamb,0.003,42,11,0.436800,85.4400,99.1700
lamb,0.003,42,12,0.405800,86.3100,99.4800
lamb,0.003,42,13,0.363500,87.7900,99.5200
lamb,0.003,42,14,0.358800,87.8700,99.5900
lamb,0.003,42,15,0.395800,87.4000,99.4600
lamb,0.003,42,16,0.395900,87.3200,99.5900
lamb,0.003,42,17,0.337900,88.8600,99.6300
lamb,0.003,42,18,0.327500,89.4600,99.6100
lamb,0.003,42,19,0.316000,89.8200,99.6900
lamb,0.003,42,20,0.307800,90.2400,99.7200
lamb,0.003,42,21,0.302000,90.2700,99.7300
lamb,0.003,42,22,0.300500,90.3900,99.7200
lamb,0.003,42,23,0.300100,90.2900,99.6900
lamb,0.003,43,0,1.953400,35.8000,86.9500
lamb,0.003,43,1,1.440500,50.4900,93.4500
lamb,0.003,43,2,1.137900,60.5000,95.7300
lamb,0.003,43,3,0.841400,70.3800,98.0300
lamb,0.003,43,4,0.731000,74.2400,98.7600
lamb,0.003,43,5,0.688500,76.4500,98.5400
lamb,0.003,43,6,0.645800,77.5100,98.5400
lamb,0.003,43,7,0.665700,78.0700,98.4400
lamb,0.003,43,8,0.561600,81.1000,98.9900
lamb,0.003,43,9,0.521600,82.7300,99.0300
lamb,0.003,43,10,0.497000,83.4500,99.2100
lamb,0.003,43,11,0.574200,80.8300,99.2200
lamb,0.003,43,12,0.468700,84.4200,99.2700
lamb,0.003,43,13,0.390000,86.9600,99.4600
lamb,0.003,43,14,0.442100,86.2100,99.2000
lamb,0.003,43,15,0.366100,87.8600,99.5800
lamb,0.003,43,16,0.374200,88.0800,99.5400
lamb,0.003,43,17,0.329700,89.3400,99.6400
lamb,0.003,43,18,0.319600,89.8700,99.7100
lamb,0.003,43,19,0.295900,90.4400,99.6800
lamb,0.003,43,20,0.294700,90.3600,99.7200
lamb,0.003,43,21,0.288000,90.6900,99.7300
lamb,0.003,43,22,0.288000,90.6200,99.7600
lamb,0.003,43,23,0.287200,90.6200,99.7600
lamb,0.003,44,0,1.936700,35.7500,86.4300
lamb,0.003,44,1,1.377900,53.6200,94.8400
lamb,0.003,44,2,1.067400,63.0500,96.5500
lamb,0.003,44,3,1.046700,63.8900,96.6500
lamb,0.003,44,4,0.821000,71.2900,97.8500
lamb,0.003,44,5,0.700100,76.2400,98.0100
lamb,0.003,44,6,0.604600,78.8800,98.7300
lamb,0.003,44,7,0.852700,71.9800,98.0300
lamb,0.003,44,8,0.612800,79.6000,98.5500
lamb,0.003,44,9,0.623200,79.7100,98.8500
lamb,0.003,44,10,0.449900,84.7900,99.2300
lamb,0.003,44,11,0.401800,86.2100,99.5500
lamb,0.003,44,12,0.438100,85.4100,99.2800
lamb,0.003,44,13,0.556900,82.4900,99.3500
lamb,0.003,44,14,0.351400,88.2900,99.5200
lamb,0.003,44,15,0.387900,87.5800,99.4500
lamb,0.003,44,16,0.340600,88.8400,99.6600
lamb,0.003,44,17,0.353100,88.4700,99.6000
lamb,0.003,44,18,0.315400,89.5900,99.6900
lamb,0.003,44,19,0.303200,90.2100,99.7100
lamb,0.003,44,20,0.302700,90.3800,99.7800
lamb,0.003,44,21,0.292300,90.5900,99.7700
lamb,0.003,44,22,0.289300,90.8400,99.7800
lamb,0.003,44,23,0.289500,90.8300,99.7700
lamb,0.01,42,0,1.492100,48.1100,92.9800
lamb,0.01,42,1,1.289900,56.3900,93.6200
lamb,0.01,42,2,1.083700,63.5000,95.0800
lamb,0.01,42,3,0.959500,68.8300,96.6300
lamb,0.01,42,4,0.844900,72.6400,98.0800
lamb,0.01,42,5,0.792400,74.6700,97.9600
lamb,0.01,42,6,0.761500,76.4900,98.6000
lamb,0.01,42,7,0.629100,78.7800,98.9200
lamb,0.01,42,8,0.542400,82.6900,99.0800
lamb,0.01,42,9,0.648400,79.2900,98.7500
lamb,0.01,42,10,0.570400,81.4000,98.9800
lamb,0.01,42,11,0.547700,82.5500,98.9200
lamb,0.01,42,12,0.460100,84.9700,99.1900
lamb,0.01,42,13,0.465600,84.7100,99.2200
lamb,0.01,42,14,0.360900,87.8800,99.5800
lamb,0.01,42,15,0.389500,87.6500,99.6300
lamb,0.01,42,16,0.436600,86.7300,99.5000
lamb,0.01,42,17,0.286300,90.7300,99.7200
lamb,0.01,42,18,0.283100,90.8400,99.8000
lamb,0.01,42,19,0.253000,91.8500,99.7800
lamb,0.01,42,20,0.249800,91.9700,99.8400
lamb,0.01,42,21,0.244700,92.2100,99.8200
lamb,0.01,42,22,0.242000,92.3400,99.8300
lamb,0.01,42,23,0.242300,92.3500,99.8500
lamb,0.01,43,0,1.530300,46.5100,92.3800
lamb,0.01,43,1,0.983000,65.2500,96.9700
lamb,0.01,43,2,0.896600,69.4700,97.7100
lamb,0.01,43,3,0.755300,74.0900,98.0900
lamb,0.01,43,4,0.790600,73.4800,98.4300
lamb,0.01,43,5,0.858700,71.2100,97.9000
lamb,0.01,43,6,1.053100,68.1400,95.9500
lamb,0.01,43,7,0.628400,78.7000,99.1200
lamb,0.01,43,8,0.499000,83.0800,98.9800
lamb,0.01,43,9,0.677500,80.7000,97.5000
lamb,0.01,43,10,0.695800,79.8700,98.3600
lamb,0.01,43,11,0.562700,81.2200,98.8800
lamb,0.01,43,12,0.429700,86.2200,99.4300
lamb,0.01,43,13,0.563700,83.4500,98.5900
lamb,0.01,43,14,0.361200,88.2000,99.6300
lamb,0.01,43,15,0.339500,89.1600,99.7100
lamb,0.01,43,16,0.293600,90.6000,99.7400
lamb,0.01,43,17,0.285300,90.9200,99.7400
lamb,0.01,43,18,0.301400,90.9200,99.6900
lamb,0.01,43,19,0.249000,92.1600,99.8000
lamb,0.01,43,20,0.260900,91.9800,99.8500
lamb,0.01,43,21,0.240000,92.6000,99.8000
lamb,0.01,43,22,0.239800,92.5700,99.8100
lamb,0.01,43,23,0.239100,92.7200,99.8300
lamb,0.01,44,0,1.521500,45.4900,92.5600
lamb,0.01,44,1,1.045200,63.3000,96.9600
lamb,0.01,44,2,1.314900,58.4400,93.7300
lamb,0.01,44,3,0.819800,73.0100,97.8200
lamb,0.01,44,4,0.926600,70.1500,96.8700
lamb,0.01,44,5,0.630500,77.8600,98.9300
lamb,0.01,44,6,0.535300,81.5100,99.0700
lamb,0.01,44,7,0.561000,80.1900,99.1600
lamb,0.01,44,8,0.874900,73.6300,98.1900
lamb,0.01,44,9,0.658000,80.4600,98.2900
lamb,0.01,44,10,0.573300,82.3700,98.4200
lamb,0.01,44,11,0.433000,85.1000,99.5100
lamb,0.01,44,12,0.487700,83.8500,99.0500
lamb,0.01,44,13,0.495100,84.2500,99.4000
lamb,0.01,44,14,0.367700,87.5600,99.5400
lamb,0.01,44,15,0.320500,89.6700,99.6400
lamb,0.01,44,16,0.284300,90.6500,99.7600
lamb,0.01,44,17,0.313000,90.3200,99.6900
lamb,0.01,44,18,0.268000,91.7500,99.7300
lamb,0.01,44,19,0.252500,91.9000,99.7500
lamb,0.01,44,20,0.262200,91.9100,99.7700
lamb,0.01,44,21,0.245400,92.3400,99.8200
lamb,0.01,44,22,0.240900,92.1800,99.8000
lamb,0.01,44,23,0.241600,92.3200,99.8100
muscale,0.04,42,0,1.181500,63.6200,95.4200
muscale,0.04,42,1,0.599300,79.4400,98.7100
muscale,0.04,42,2,0.639300,77.9200,98.9700
muscale,0.04,42,3,0.462100,84.2900,99.2000
muscale,0.04,42,4,0.430900,85.7600,99.2500
muscale,0.04,42,5,0.351400,88.0300,99.6100
muscale,0.04,42,6,0.323800,88.8600,99.6400
muscale,0.04,42,7,0.304900,89.7700,99.6400
muscale,0.04,42,8,0.315100,89.2300,99.7400
muscale,0.04,42,9,0.270500,91.0400,99.8400
muscale,0.04,42,10,0.250100,91.9700,99.7900
muscale,0.04,42,11,0.247200,91.8700,99.8400
muscale,0.04,42,12,0.261100,91.7700,99.7400
muscale,0.04,42,13,0.255600,92.0200,99.8400
muscale,0.04,42,14,0.243000,92.2700,99.8600
muscale,0.04,42,15,0.229700,93.0400,99.8600
muscale,0.04,42,16,0.225900,93.0600,99.8100
muscale,0.04,42,17,0.224200,93.1100,99.7900
muscale,0.04,42,18,0.224700,93.2500,99.8200
muscale,0.04,42,19,0.220100,93.6100,99.8500
muscale,0.04,42,20,0.210800,93.6700,99.8900
muscale,0.04,42,21,0.209600,93.7600,99.8900
muscale,0.04,42,22,0.209500,93.8800,99.9100
muscale,0.04,42,23,0.209500,93.8700,99.9000
muscale,0.04,43,0,0.918500,69.2300,96.7300
muscale,0.04,43,1,0.605800,79.2100,98.8100
muscale,0.04,43,2,0.461500,84.3100,99.2900
muscale,0.04,43,3,0.418600,85.6500,99.4100
muscale,0.04,43,4,0.454900,84.3000,99.3500
muscale,0.04,43,5,0.347600,87.8900,99.5400
muscale,0.04,43,6,0.341100,88.5000,99.5400
muscale,0.04,43,7,0.313400,89.1800,99.6900
muscale,0.04,43,8,0.297400,90.0400,99.6300
muscale,0.04,43,9,0.273200,90.9300,99.6700
muscale,0.04,43,10,0.279600,90.9500,99.8000
muscale,0.04,43,11,0.268500,91.4700,99.8000
muscale,0.04,43,12,0.259300,91.7200,99.8200
muscale,0.04,43,13,0.247000,92.2300,99.8300
muscale,0.04,43,14,0.260600,91.8900,99.7300
muscale,0.04,43,15,0.227700,92.7000,99.8500
muscale,0.04,43,16,0.227000,93.0700,99.7900
muscale,0.04,43,17,0.218400,93.2100,99.8000
muscale,0.04,43,18,0.221600,93.3300,99.8100
muscale,0.04,43,19,0.216000,93.3400,99.8600
muscale,0.04,43,20,0.214600,93.6100,99.8800
muscale,0.04,43,21,0.212100,93.5200,99.8600
muscale,0.04,43,22,0.211500,93.8100,99.8700
muscale,0.04,43,23,0.211900,93.7700,99.8800
muscale,0.04,44,0,0.984500,67.0000,95.8400
muscale,0.04,44,1,0.784600,73.0800,97.9500
muscale,0.04,44,2,0.595700,79.7200,98.9900
muscale,0.04,44,3,0.503900,82.8500,99.1000
muscale,0.04,44,4,0.384200,86.8200,99.5400
muscale,0.04,44,5,0.364400,87.4100,99.4900
muscale,0.04,44,6,0.359600,87.6700,99.6400
muscale,0.04,44,7,0.301700,89.7300,99.6600
muscale,0.04,44,8,0.285400,90.3800,99.6900
muscale,0.04,44,9,0.274300,90.8100,99.6600
muscale,0.04,44,10,0.262700,91.3400,99.8400
muscale,0.04,44,11,0.267400,91.1900,99.8300
muscale,0.04,44,12,0.247900,91.7300,99.8600
muscale,0.04,44,13,0.243900,92.1700,99.7800
muscale,0.04,44,14,0.231400,92.6100,99.8300
muscale,0.04,44,15,0.224900,92.9400,99.9100
muscale,0.04,44,16,0.229300,93.0400,99.8700
muscale,0.04,44,17,0.219900,93.2100,99.8500
muscale,0.04,44,18,0.217800,93.3000,99.9000
muscale,0.04,44,19,0.215300,93.4400,99.9000
muscale,0.04,44,20,0.211500,93.6300,99.9200
muscale,0.04,44,21,0.209700,93.6200,99.9000
muscale,0.04,44,22,0.209900,93.8200,99.9000
muscale,0.04,44,23,0.209400,93.6800,99.9100
muscale,0.06,42,0,1.266700,61.3900,94.9300
muscale,0.06,42,1,0.731500,75.0800,98.3500
muscale,0.06,42,2,0.576200,80.1600,99.1600
muscale,0.06,42,3,0.427000,85.5000,99.3300
muscale,0.06,42,4,0.414900,86.2800,99.3600
muscale,0.06,42,5,0.375500,87.2200,99.5300
muscale,0.06,42,6,0.314900,89.1300,99.6900
muscale,0.06,42,7,0.285900,90.3100,99.7100
muscale,0.06,42,8,0.289400,90.2000,99.7800
muscale,0.06,42,9,0.265300,91.0700,99.7900
muscale,0.06,42,10,0.255200,91.5000,99.8000
muscale,0.06,42,11,0.259700,91.5400,99.7800
muscale,0.06,42,12,0.238800,92.2300,99.7700
muscale,0.06,42,13,0.294100,90.6100,99.6500
muscale,0.06,42,14,0.230700,92.3900,99.8700
muscale,0.06,42,15,0.226000,92.9700,99.7700
muscale,0.06,42,16,0.221400,93.1600,99.8300
muscale,0.06,42,17,0.227700,93.1000,99.8500
muscale,0.06,42,18,0.212900,93.3600,99.8800
muscale,0.06,42,19,0.217900,93.5400,99.8500
muscale,0.06,42,20,0.208500,93.6200,99.8800
muscale,0.06,42,21,0.206300,93.6900,99.9000
muscale,0.06,42,22,0.206700,93.8500,99.8400
muscale,0.06,42,23,0.206400,93.8700,99.8600
muscale,0.06,43,0,0.909200,69.4200,97.0900
muscale,0.06,43,1,0.603700,79.5500,98.5400
muscale,0.06,43,2,0.486400,83.8100,99.1400
muscale,0.06,43,3,0.420300,85.3100,99.3900
muscale,0.06,43,4,0.411500,85.8400,99.4100
muscale,0.06,43,5,0.335600,88.5400,99.6100
muscale,0.06,43,6,0.396400,86.3700,99.6300
muscale,0.06,43,7,0.292200,90.0100,99.7300
muscale,0.06,43,8,0.271100,91.0200,99.7200
muscale,0.06,43,9,0.288400,89.8800,99.7400
muscale,0.06,43,10,0.248700,91.6700,99.8200
muscale,0.06,43,11,0.254800,91.3400,99.8400
muscale,0.06,43,12,0.251300,91.9000,99.8300
muscale,0.06,43,13,0.244000,91.8900,99.8000
muscale,0.06,43,14,0.234000,92.7600,99.7500
muscale,0.06,43,15,0.227000,92.6800,99.8700
muscale,0.06,43,16,0.222500,93.0700,99.8000
muscale,0.06,43,17,0.220100,93.1200,99.8300
muscale,0.06,43,18,0.215100,93.3400,99.9000
muscale,0.06,43,19,0.211100,93.6500,99.8700
muscale,0.06,43,20,0.206900,93.7500,99.8800
muscale,0.06,43,21,0.202100,93.9100,99.8700
muscale,0.06,43,22,0.201500,94.0400,99.8800
muscale,0.06,43,23,0.201200,94.0700,99.8800
muscale,0.06,44,0,0.964000,67.6800,95.2100
muscale,0.06,44,1,0.732600,74.6300,97.9300
muscale,0.06,44,2,0.518800,82.2700,99.1400
muscale,0.06,44,3,0.450500,84.7100,99.2400
muscale,0.06,44,4,0.377500,87.1700,99.4800
muscale,0.06,44,5,0.351800,88.1000,99.5800
muscale,0.06,44,6,0.343100,88.3300,99.6300
muscale,0.06,44,7,0.331400,88.7600,99.5000
muscale,0.06,44,8,0.295600,90.0300,99.6400
muscale,0.06,44,9,0.272100,91.0900,99.6600
muscale,0.06,44,10,0.288500,90.2400,99.8700
muscale,0.06,44,11,0.268800,91.2900,99.7800
muscale,0.06,44,12,0.257000,91.8600,99.7900
muscale,0.06,44,13,0.240300,92.1800,99.8000
muscale,0.06,44,14,0.237400,92.6600,99.7600
muscale,0.06,44,15,0.244300,92.3200,99.8000
muscale,0.06,44,16,0.237300,92.7000,99.8000
muscale,0.06,44,17,0.219300,93.3300,99.8300
muscale,0.06,44,18,0.224200,93.3300,99.8200
muscale,0.06,44,19,0.220600,93.4500,99.8500
muscale,0.06,44,20,0.218400,93.5500,99.8300
muscale,0.06,44,21,0.217900,93.6500,99.8500
muscale,0.06,44,22,0.217600,93.6500,99.8600
muscale,0.06,44,23,0.217000,93.7100,99.8400
muscale,0.08,42,0,1.302200,59.7700,93.9600
muscale,0.08,42,1,0.615400,78.9400,98.5600
muscale,0.08,42,2,0.571500,79.8800,98.9500
muscale,0.08,42,3,0.437700,85.4700,99.3500
muscale,0.08,42,4,0.394100,86.7000,99.3800
muscale,0.08,42,5,0.367900,87.4000,99.5800
muscale,0.08,42,6,0.321500,88.8600,99.6800
muscale,0.08,42,7,0.301100,89.6400,99.7200
muscale,0.08,42,8,0.320400,89.1500,99.6400
muscale,0.08,42,9,0.267400,90.9700,99.8600
muscale,0.08,42,10,0.274600,90.8500,99.7600
muscale,0.08,42,11,0.253800,91.6800,99.7400
muscale,0.08,42,12,0.273100,91.5500,99.6400
muscale,0.08,42,13,0.274900,91.6000,99.7100
muscale,0.08,42,14,0.241700,92.5300,99.7800
muscale,0.08,42,15,0.227700,92.9000,99.8400
muscale,0.08,42,16,0.230400,93.1200,99.8100
muscale,0.08,42,17,0.234000,92.9300,99.8100
muscale,0.08,42,18,0.221200,93.4400,99.8200
muscale,0.08,42,19,0.227200,93.2000,99.8000
muscale,0.08,42,20,0.217200,93.4900,99.8400
muscale,0.08,42,21,0.215700,93.7400,99.8200
muscale,0.08,42,22,0.215800,93.7400,99.8400
muscale,0.08,42,23,0.215700,93.7500,99.8400
muscale,0.08,43,0,0.904500,69.7300,97.0700
muscale,0.08,43,1,0.604400,79.4900,98.7100
muscale,0.08,43,2,0.482400,83.8100,99.1900
muscale,0.08,43,3,0.414000,85.9800,99.3900
muscale,0.08,43,4,0.446900,84.4100,99.3100
muscale,0.08,43,5,0.354000,87.7300,99.6100
muscale,0.08,43,6,0.399900,86.1000,99.5200
muscale,0.08,43,7,0.318000,89.1800,99.6600
muscale,0.08,43,8,0.287700,90.1100,99.6400
muscale,0.08,43,9,0.338300,88.5600,99.6000
muscale,0.08,43,10,0.262500,91.1600,99.7600
muscale,0.08,43,11,0.265800,91.3500,99.7400
muscale,0.08,43,12,0.271900,91.3800,99.7800
muscale,0.08,43,13,0.240900,92.3500,99.8000
muscale,0.08,43,14,0.246600,92.3400,99.7600
muscale,0.08,43,15,0.229100,92.6700,99.7800
muscale,0.08,43,16,0.244800,92.5200,99.7900
muscale,0.08,43,17,0.229500,93.0200,99.7900
muscale,0.08,43,18,0.220900,93.4500,99.8100
muscale,0.08,43,19,0.215200,93.6800,99.8600
muscale,0.08,43,20,0.211900,93.6800,99.8000
muscale,0.08,43,21,0.210300,93.7500,99.8400
muscale,0.08,43,22,0.210800,93.8500,99.8300
muscale,0.08,43,23,0.209900,93.8700,99.8200
muscale,0.08,44,0,0.966100,67.8500,95.5000
muscale,0.08,44,1,0.802600,72.4600,97.6000
muscale,0.08,44,2,0.601000,79.3500,98.9600
muscale,0.08,44,3,0.516800,82.3300,99.1500
muscale,0.08,44,4,0.409800,85.9300,99.1800
muscale,0.08,44,5,0.375800,87.0500,99.5200
muscale,0.08,44,6,0.336400,88.5800,99.6600
muscale,0.08,44,7,0.338700,88.2700,99.6500
muscale,0.08,44,8,0.285100,90.5600,99.6800
muscale,0.08,44,9,0.268500,90.9600,99.7400
muscale,0.08,44,10,0.295800,90.2500,99.8200
muscale,0.08,44,11,0.268600,91.2600,99.7300
muscale,0.08,44,12,0.265100,91.8000,99.8200
muscale,0.08,44,13,0.256600,91.9600,99.7500
muscale,0.08,44,14,0.244100,92.5000,99.8500
muscale,0.08,44,15,0.235300,92.4900,99.7800
muscale,0.08,44,16,0.233900,92.9400,99.7900
muscale,0.08,44,17,0.229700,93.2700,99.7900
muscale,0.08,44,18,0.230700,93.1200,99.8000
muscale,0.08,44,19,0.223800,93.5500,99.8400
muscale,0.08,44,20,0.223400,93.4000,99.8000
muscale,0.08,44,21,0.222200,93.4800,99.8300
muscale,0.08,44,22,0.222400,93.3600,99.8400
muscale,0.08,44,23,0.222000,93.3800,99.8400
muscale,0.12,42,0,1.184200,63.2100,95.4900
muscale,0.12,42,1,0.640200,78.1500,98.5000
muscale,0.12,42,2,0.574500,80.4100,98.9000
muscale,0.12,42,3,0.435700,85.0800,99.3900
muscale,0.12,42,4,0.407500,86.4100,99.3000
muscale,0.12,42,5,0.380700,86.8700,99.5100
muscale,0.12,42,6,0.314100,89.0400,99.6600
muscale,0.12,42,7,0.320400,88.9400,99.5600
muscale,0.12,42,8,0.324100,89.2000,99.6900
muscale,0.12,42,9,0.271300,90.8700,99.8300
muscale,0.12,42,10,0.290100,90.5800,99.7400
muscale,0.12,42,11,0.245100,91.7700,99.7600
muscale,0.12,42,12,0.255500,91.8300,99.6900
muscale,0.12,42,13,0.261600,91.7800,99.8500
muscale,0.12,42,14,0.251100,92.1900,99.8000
muscale,0.12,42,15,0.232000,92.7900,99.8800
muscale,0.12,42,16,0.223900,93.1200,99.8400
muscale,0.12,42,17,0.225900,93.0200,99.8100
muscale,0.12,42,18,0.223400,93.3300,99.8500
muscale,0.12,42,19,0.217100,93.5600,99.8400
muscale,0.12,42,20,0.210500,93.6400,99.8900
muscale,0.12,42,21,0.210100,93.7300,99.8600
muscale,0.12,42,22,0.210800,93.7600,99.8800
muscale,0.12,42,23,0.210400,93.8100,99.8900
muscale,0.12,43,0,0.949600,67.7500,96.2900
muscale,0.12,43,1,0.576800,80.4500,98.7600
muscale,0.12,43,2,0.487700,83.3700,99.2000
muscale,0.12,43,3,0.422500,85.8000,99.4400
muscale,0.12,43,4,0.411900,85.6800,99.4300
muscale,0.12,43,5,0.336900,88.6300,99.6600
muscale,0.12,43,6,0.376600,86.9000,99.5500
muscale,0.12,43,7,0.310900,89.6600,99.6300
muscale,0.12,43,8,0.275200,90.7100,99.7000
muscale,0.12,43,9,0.285700,90.2900,99.7300
muscale,0.12,43,10,0.260900,91.3400,99.7700
muscale,0.12,43,11,0.256300,91.5100,99.7700
muscale,0.12,43,12,0.255400,91.5600,99.8000
muscale,0.12,43,13,0.245300,91.9200,99.8200
muscale,0.12,43,14,0.250500,92.1600,99.7800
muscale,0.12,43,15,0.225400,92.6600,99.8000
muscale,0.12,43,16,0.237900,92.7200,99.7500
muscale,0.12,43,17,0.221900,93.1000,99.8000
muscale,0.12,43,18,0.228200,93.2300,99.8000
muscale,0.12,43,19,0.220100,93.3300,99.8400
muscale,0.12,43,20,0.221000,93.5800,99.8400
muscale,0.12,43,21,0.214600,93.6200,99.8400
muscale,0.12,43,22,0.215200,93.4900,99.8300
muscale,0.12,43,23,0.214400,93.5200,99.8300
muscale,0.12,44,0,0.973100,67.4400,95.3000
muscale,0.12,44,1,0.760200,74.1300,98.1400
muscale,0.12,44,2,0.527300,81.6900,99.2100
muscale,0.12,44,3,0.428100,85.4800,99.4500
muscale,0.12,44,4,0.364700,87.6500,99.4700
muscale,0.12,44,5,0.375800,87.4000,99.4800
muscale,0.12,44,6,0.339800,88.5200,99.7000
muscale,0.12,44,7,0.308000,89.4200,99.6800
muscale,0.12,44,8,0.293800,90.0300,99.6700
muscale,0.12,44,9,0.269000,90.8600,99.6900
muscale,0.12,44,10,0.281700,90.7500,99.7500
muscale,0.12,44,11,0.257500,91.5700,99.7700
muscale,0.12,44,12,0.259500,91.4400,99.7700
muscale,0.12,44,13,0.256800,91.9500,99.7300
muscale,0.12,44,14,0.238000,92.5300,99.8300
muscale,0.12,44,15,0.236200,92.4200,99.8900
muscale,0.12,44,16,0.235500,92.6200,99.8500
muscale,0.12,44,17,0.227300,93.1900,99.8500
muscale,0.12,44,18,0.221800,93.2900,99.8300
muscale,0.12,44,19,0.224900,93.3000,99.8500
muscale,0.12,44,20,0.223100,93.2900,99.8700
muscale,0.12,44,21,0.221400,93.3900,99.8600
muscale,0.12,44,22,0.220900,93.3600,99.8700
muscale,0.12,44,23,0.220500,93.3800,99.8700
