optimizer,lr,seed,epoch,step,train_loss,train_top1,lr_mult,elapsed_s
muon,0.005,42,0,50,2.275100,18.2900,0.1000,6.100
muon,0.005,42,1,100,1.906100,42.3800,0.2000,8.200
muon,0.005,42,1,150,1.684800,46.6100,0.3000,9.900
muon,0.005,42,2,200,1.074300,64.2900,0.4000,11.900
muon,0.005,42,2,250,0.950500,67.7100,0.5000,13.500
muon,0.005,42,3,300,0.664600,78.0600,0.6000,15.600
muon,0.005,42,3,350,0.629800,78.7000,0.7000,17.200
muon,0.005,42,4,400,0.497200,83.6400,0.8000,19.200
muon,0.005,42,4,450,0.475400,84.1500,0.9000,20.900
muon,0.005,42,5,500,0.391000,86.9900,1.0000,22.900
muon,0.005,42,5,550,0.385400,87.1700,0.9982,24.500
muon,0.005,42,6,600,0.324900,89.3300,0.9926,26.600
muon,0.005,42,6,650,0.317600,89.4700,0.9835,28.200
muon,0.005,42,7,700,0.244500,92.0000,0.9708,30.200
muon,0.005,42,7,750,0.257000,91.6300,0.9546,31.800
muon,0.005,42,8,800,0.214200,93.1800,0.9350,33.900
muon,0.005,42,8,850,0.210500,93.2000,0.9122,35.500
muon,0.005,42,9,900,0.166200,94.9700,0.8864,37.600
muon,0.005,42,9,950,0.179100,94.2600,0.8578,39.200
muon,0.005,42,10,1000,0.143600,95.6400,0.8265,41.200
muon,0.005,42,10,1050,0.149800,95.2100,0.7928,43.000
muon,0.005,42,11,1100,0.118000,96.4700,0.7569,45.200
muon,0.005,42,11,1150,0.123700,96.1700,0.7192,46.800
muon,0.005,42,12,1200,0.093200,97.1400,0.6798,48.800
muon,0.005,42,12,1250,0.098000,96.9200,0.6391,50.500
muon,0.005,42,13,1300,0.080300,97.5700,0.5973,52.600
muon,0.005,42,13,1350,0.081400,97.5500,0.5549,54.200
muon,0.005,42,14,1400,0.065200,98.2000,0.5120,56.300
muon,0.005,42,14,1450,0.065500,98.0500,0.4691,57.900
muon,0.005,42,15,1500,0.055900,98.3900,0.4264,60.000
muon,0.005,42,15,1550,0.054400,98.4800,0.3842,61.600
muon,0.005,42,16,1600,0.040900,98.8900,0.3429,63.700
muon,0.005,42,17,1650,0.025100,99.6100,0.3027,65.800
muon,0.005,42,17,1700,0.031900,99.2500,0.2640,67.400
muon,0.005,42,18,1750,0.030600,99.2700,0.2271,69.500
muon,0.005,42,18,1800,0.025800,99.4500,0.1921,71.100
muon,0.005,42,19,1850,0.019500,99.6100,0.1594,73.200
muon,0.005,42,19,1900,0.020900,99.6000,0.1293,74.800
muon,0.005,42,20,1950,0.017800,99.6900,0.1018,76.900
muon,0.005,42,20,2000,0.016900,99.6700,0.0774,78.500
muon,0.005,42,21,2050,0.014800,99.7900,0.0560,80.600
muon,0.005,42,21,2100,0.014000,99.8000,0.0379,82.200
muon,0.005,42,22,2150,0.011600,99.8000,0.0232,84.200
muon,0.005,42,22,2200,0.011900,99.8100,0.0120,85.900
muon,0.005,42,23,2250,0.011700,99.8900,0.0045,87.900
muon,0.005,42,23,2300,0.011600,99.8500,0.0006,89.600
muon,0.005,43,0,50,2.294300,14.4200,0.1000,6.100
muon,0.005,43,1,100,1.925600,42.9000,0.2000,8.200
muon,0.005,43,1,150,1.714100,45.7600,0.3000,9.900
muon,0.005,43,2,200,1.098600,62.6600,0.4000,11.900
muon,0.005,43,2,250,0.979500,66.8500,0.5000,13.500
muon,0.005,43,3,300,0.672000,77.1100,0.6000,15.600
muon,0.005,43,3,350,0.639700,78.5300,0.7000,17.100
muon,0.005,43,4,400,0.506300,83.4500,0.8000,19.200
muon,0.005,43,4,450,0.487300,83.9000,0.9000,20.800
muon,0.005,43,5,500,0.408400,86.4100,1.0000,22.800
muon,0.005,43,5,550,0.397500,86.7300,0.9982,24.500
muon,0.005,43,6,600,0.318600,89.4100,0.9926,26.500
muon,0.005,43,6,650,0.315100,89.6200,0.9835,28.100
muon,0.005,43,7,700,0.252600,91.6100,0.9708,30.200
muon,0.005,43,7,750,0.260200,91.3200,0.9546,31.800
muon,0.005,43,8,800,0.214300,93.2900,0.9350,33.800
muon,0.005,43,8,850,0.216200,92.9100,0.9122,35.500
muon,0.005,43,9,900,0.182300,94.0800,0.8864,37.500
muon,0.005,43,9,950,0.184600,94.0000,0.8578,39.200
muon,0.005,43,10,1000,0.147300,95.4800,0.8265,41.200
muon,0.005,43,10,1050,0.152000,95.0900,0.7928,43.000
muon,0.005,43,11,1100,0.123300,96.2100,0.7569,45.200
muon,0.005,43,11,1150,0.126200,96.1000,0.7192,46.800
muon,0.005,43,12,1200,0.099200,97.0200,0.6798,48.800
muon,0.005,43,12,1250,0.102300,96.8300,0.6391,50.500
muon,0.005,43,13,1300,0.079800,97.6800,0.5973,52.600
muon,0.005,43,13,1350,0.081600,97.5500,0.5549,54.200
muon,0.005,43,14,1400,0.067500,98.0800,0.5120,56.300
muon,0.005,43,14,1450,0.066800,98.1000,0.4691,57.900
muon,0.005,43,15,1500,0.053800,98.5600,0.4264,60.000
muon,0.005,43,15,1550,0.052400,98.6300,0.3842,61.600
muon,0.005,43,16,1600,0.041700,98.9300,0.3429,63.600
muon,0.005,43,17,1650,0.023200,99.8000,0.3027,65.700
muon,0.005,43,17,1700,0.031300,99.3000,0.2640,67.300
muon,0.005,43,18,1750,0.026400,99.4600,0.2271,69.400
muon,0.005,43,18,1800,0.025100,99.4500,0.1921,71.100
muon,0.005,43,19,1850,0.021600,99.3900,0.1594,73.100
muon,0.005,43,19,1900,0.019600,99.6500,0.1293,74.800
muon,0.005,43,20,1950,0.016500,99.7300,0.1018,76.800
muon,0.005,43,20,2000,0.016400,99.7300,0.0774,78.400
muon,0.005,43,21,2050,0.015400,99.7300,0.0560,80.500
muon,0.005,43,21,2100,0.014500,99.7600,0.0379,82.100
muon,0.005,43,22,2150,0.013400,99.8400,0.0232,84.100
muon,0.005,43,22,2200,0.012900,99.8300,0.0120,85.800
muon,0.005,43,23,2250,0.012900,99.8400,0.0045,87.800
muon,0.005,43,23,2300,0.012500,99.8200,0.0006,89.500
muon,0.005,44,0,50,2.284900,15.3900,0.1000,6.000
muon,0.005,44,1,100,1.930100,40.4900,0.2000,8.600
muon,0.005,44,1,150,1.697600,46.2900,0.3000,10.700
muon,0.005,44,2,200,1.111900,63.1800,0.4000,13.200
muon,0.005,44,2,250,0.963000,67.3200,0.5000,15.300
muon,0.005,44,3,300,0.693300,76.4100,0.6000,17.900
muon,0.005,44,3,350,0.636200,78.5700,0.7000,20.000
muon,0.005,44,4,400,0.496200,83.4000,0.8000,22.500
muon,0.005,44,4,450,0.478700,84.0600,0.9000,24.500
muon,0.005,44,5,500,0.397400,86.9800,1.0000,27.100
muon,0.005,44,5,550,0.384400,87.1700,0.9982,29.200
muon,0.005,44,6,600,0.313500,89.6900,0.9926,31.600
muon,0.005,44,6,650,0.309300,89.8300,0.9835,33.700
muon,0.005,44,7,700,0.245900,92.0800,0.9708,36.200
muon,0.005,44,7,750,0.253100,91.7400,0.9546,38.200
muon,0.005,44,8,800,0.207900,93.1600,0.9350,40.700
muon,0.005,44,8,850,0.208700,93.1200,0.9122,42.900
muon,0.005,44,9,900,0.175700,94.4900,0.8864,45.400
muon,0.005,44,9,950,0.174400,94.4600,0.8578,47.500
muon,0.005,44,10,1000,0.143400,95.4000,0.8265,50.100
muon,0.005,44,10,1050,0.148100,95.2900,0.7928,52.100
muon,0.005,44,11,1100,0.116900,96.3900,0.7569,54.600
muon,0.005,44,11,1150,0.119400,96.2700,0.7192,56.700
muon,0.005,44,12,1200,0.103100,96.8600,0.6798,59.300
muon,0.005,44,12,1250,0.100800,96.9700,0.6391,61.400
muon,0.005,44,13,1300,0.077600,97.6000,0.5973,63.900
muon,0.005,44,13,1350,0.077700,97.6300,0.5549,66.000
muon,0.005,44,14,1400,0.064400,98.1000,0.5120,68.600
muon,0.005,44,14,1450,0.064800,98.1100,0.4691,70.600
muon,0.005,44,15,1500,0.049500,98.7000,0.4264,73.100
muon,0.005,44,15,1550,0.051200,98.6100,0.3842,75.200
muon,0.005,44,16,1600,0.039600,99.0000,0.3429,77.700
muon,0.005,44,17,1650,0.044400,98.4400,0.3027,80.300
muon,0.005,44,17,1700,0.029700,99.3500,0.2640,82.400
muon,0.005,44,18,1750,0.026800,99.4100,0.2271,84.900
muon,0.005,44,18,1800,0.025700,99.4700,0.1921,87.000
muon,0.005,44,19,1850,0.015900,99.7200,0.1594,89.600
muon,0.005,44,19,1900,0.019500,99.6300,0.1293,91.700
muon,0.005,44,20,1950,0.012400,99.8600,0.1018,94.200
muon,0.005,44,20,2000,0.015000,99.7600,0.0774,96.400
muon,0.005,44,21,2050,0.013600,99.8000,0.0560,98.900
muon,0.005,44,21,2100,0.014000,99.7800,0.0379,101.000
muon,0.005,44,22,2150,0.011100,99.8800,0.0232,103.600
muon,0.005,44,22,2200,0.011500,99.8500,0.0120,105.700
muon,0.005,44,23,2250,0.010600,99.8700,0.0045,108.300
muon,0.005,44,23,2300,0.010500,99.8900,0.0006,110.400
muon,0.01,42,0,50,2.247700,22.5500,0.1000,6.100
muon,0.01,42,1,100,1.644500,49.0200,0.2000,8.700
muon,0.01,42,1,150,1.365100,55.5800,0.3000,10.800
muon,0.01,42,2,200,0.810500,73.6300,0.4000,13.300
muon,0.01,42,2,250,0.734000,75.2100,0.5000,15.400
muon,0.01,42,3,300,0.524400,83.0900,0.6000,17.900
muon,0.01,42,3,350,0.514100,82.9800,0.7000,19.900
muon,0.01,42,4,400,0.420800,86.5100,0.8000,22.500
muon,0.01,42,4,450,0.409300,86.6500,0.9000,24.500
muon,0.01,42,5,500,0.347600,88.4200,1.0000,27.000
muon,0.01,42,5,550,0.343000,88.6500,0.9982,29.100
muon,0.01,42,6,600,0.290100,90.8000,0.9926,31.600
muon,0.01,42,6,650,0.287000,90.6300,0.9835,33.700
muon,0.01,42,7,700,0.222900,92.8000,0.9708,36.200
muon,0.01,42,7,750,0.232400,92.5000,0.9546,38.200
muon,0.01,42,8,800,0.191400,93.8500,0.9350,40.800
muon,0.01,42,8,850,0.192300,93.7200,0.9122,42.900
muon,0.01,42,9,900,0.153500,95.3200,0.8864,45.400
muon,0.01,42,9,950,0.159100,94.9200,0.8578,47.500
muon,0.01,42,10,1000,0.129400,95.9000,0.8265,50.100
muon,0.01,42,10,1050,0.134100,95.6300,0.7928,52.200
muon,0.01,42,11,1100,0.107100,96.7400,0.7569,54.700
muon,0.01,42,11,1150,0.111200,96.4500,0.7192,56.800
muon,0.01,42,12,1200,0.086900,97.2700,0.6798,59.300
muon,0.01,42,12,1250,0.088800,97.2100,0.6391,61.400
muon,0.01,42,13,1300,0.071700,97.9200,0.5973,63.900
muon,0.01,42,13,1350,0.072100,97.8600,0.5549,66.100
muon,0.01,42,14,1400,0.055400,98.3800,0.5120,68.600
muon,0.01,42,14,1450,0.056200,98.4100,0.4691,70.700
muon,0.01,42,15,1500,0.046300,98.7500,0.4264,73.200
muon,0.01,42,15,1550,0.045700,98.7500,0.3842,75.300
muon,0.01,42,16,1600,0.035500,99.1500,0.3429,77.800
muon,0.01,42,17,1650,0.020300,99.8000,0.3027,80.300
muon,0.01,42,17,1700,0.026100,99.3700,0.2640,82.400
muon,0.01,42,18,1750,0.024400,99.5100,0.2271,84.900
muon,0.01,42,18,1800,0.021300,99.5800,0.1921,87.100
muon,0.01,42,19,1850,0.016000,99.5300,0.1594,89.600
muon,0.01,42,19,1900,0.016700,99.6800,0.1293,91.700
muon,0.01,42,20,1950,0.014100,99.7900,0.1018,94.300
muon,0.01,42,20,2000,0.013300,99.7700,0.0774,96.400
muon,0.01,42,21,2050,0.011200,99.8600,0.0560,98.900
muon,0.01,42,21,2100,0.010400,99.8900,0.0379,101.100
muon,0.01,42,22,2150,0.010100,99.9100,0.0232,103.600
muon,0.01,42,22,2200,0.010000,99.8700,0.0120,105.700
muon,0.01,42,23,2250,0.008800,99.9000,0.0045,108.300
muon,0.01,42,23,2300,0.008700,99.9200,0.0006,110.400
muon,0.01,43,0,50,2.268600,17.9600,0.1000,5.600
muon,0.01,43,1,100,1.652500,49.2200,0.2000,8.200
muon,0.01,43,1,150,1.395800,54.3400,0.3000,10.300
muon,0.01,43,2,200,0.813100,72.5600,0.4000,12.800
muon,0.01,43,2,250,0.750600,75.0500,0.5000,14.800
muon,0.01,43,3,300,0.534500,82.2500,0.6000,17.300
muon,0.01,43,3,350,0.525400,82.5800,0.7000,19.400
muon,0.01,43,4,400,0.421600,86.2000,0.8000,21.900
muon,0.01,43,4,450,0.418000,86.1500,0.9000,23.900
muon,0.01,43,5,500,0.362200,88.0300,1.0000,26.400
muon,0.01,43,5,550,0.353200,88.3400,0.9982,28.500
muon,0.01,43,6,600,0.281100,90.8500,0.9926,31.100
muon,0.01,43,6,650,0.280000,90.7700,0.9835,33.200
muon,0.01,43,7,700,0.223900,92.9300,0.9708,35.700
muon,0.01,43,7,750,0.232600,92.3600,0.9546,37.800
muon,0.01,43,8,800,0.197400,93.8100,0.9350,40.300
muon,0.01,43,8,850,0.197400,93.5700,0.9122,42.400
muon,0.01,43,9,900,0.162000,94.8700,0.8864,45.000
muon,0.01,43,9,950,0.166700,94.5600,0.8578,47.100
muon,0.01,43,10,1000,0.133600,95.7600,0.8265,49.600
muon,0.01,43,10,1050,0.137500,95.6500,0.7928,51.700
muon,0.01,43,11,1100,0.108800,96.6100,0.7569,54.200
muon,0.01,43,11,1150,0.110400,96.6000,0.7192,56.300
muon,0.01,43,12,1200,0.087400,97.3400,0.6798,58.800
muon,0.01,43,12,1250,0.089100,97.1700,0.6391,60.900
muon,0.01,43,13,1300,0.070500,97.9000,0.5973,63.400
muon,0.01,43,13,1350,0.072200,97.8200,0.5549,65.500
muon,0.01,43,14,1400,0.060300,98.3000,0.5120,68.000
muon,0.01,43,14,1450,0.058500,98.3100,0.4691,70.000
muon,0.01,43,15,1500,0.045000,98.7300,0.4264,72.500
muon,0.01,43,15,1550,0.044400,98.8000,0.3842,74.600
muon,0.01,43,16,1600,0.037800,98.9600,0.3429,77.000
muon,0.01,43,17,1650,0.020300,99.6100,0.3027,79.500
muon,0.01,43,17,1700,0.026700,99.4000,0.2640,81.500
muon,0.01,43,18,1750,0.021600,99.5600,0.2271,84.000
muon,0.01,43,18,1800,0.019700,99.6000,0.1921,86.100
muon,0.01,43,19,1850,0.016600,99.6900,0.1594,88.500
muon,0.01,43,19,1900,0.015600,99.7400,0.1293,90.600
muon,0.01,43,20,1950,0.011800,99.8800,0.1018,93.200
muon,0.01,43,20,2000,0.012800,99.8000,0.0774,95.200
muon,0.01,43,21,2050,0.010900,99.8900,0.0560,97.700
muon,0.01,43,21,2100,0.010800,99.8200,0.0379,99.800
muon,0.01,43,22,2150,0.009100,99.9000,0.0232,102.300
muon,0.01,43,22,2200,0.009800,99.8600,0.0120,104.400
muon,0.01,43,23,2250,0.010600,99.8700,0.0045,106.900
muon,0.01,43,23,2300,0.009500,99.8900,0.0006,109.000
muon,0.01,44,0,50,2.258000,19.7600,0.1000,5.600
muon,0.01,44,1,100,1.668000,46.3500,0.2000,8.000
muon,0.01,44,1,150,1.375400,54.8600,0.3000,10.100
muon,0.01,44,2,200,0.845600,71.5800,0.4000,12.600
muon,0.01,44,2,250,0.740100,75.2000,0.5000,14.700
muon,0.01,44,3,300,0.548300,81.9700,0.6000,17.100
muon,0.01,44,3,350,0.511900,83.1600,0.7000,19.200
muon,0.01,44,4,400,0.416800,86.5600,0.8000,21.600
muon,0.01,44,4,450,0.406900,86.4200,0.9000,23.700
muon,0.01,44,5,500,0.343800,88.9700,1.0000,26.200
muon,0.01,44,5,550,0.339900,88.9400,0.9982,28.300
muon,0.01,44,6,600,0.276800,91.1100,0.9926,30.800
muon,0.01,44,6,650,0.277000,91.0000,0.9835,32.900
muon,0.01,44,7,700,0.225100,92.4900,0.9708,35.500
muon,0.01,44,7,750,0.231200,92.4800,0.9546,37.500
muon,0.01,44,8,800,0.188600,93.9300,0.9350,40.100
muon,0.01,44,8,850,0.189700,93.8200,0.9122,42.200
muon,0.01,44,9,900,0.153900,95.1100,0.8864,44.700
muon,0.01,44,9,950,0.157900,95.0400,0.8578,46.800
muon,0.01,44,10,1000,0.132800,96.0100,0.8265,49.300
muon,0.01,44,10,1050,0.134800,95.7100,0.7928,51.400
muon,0.01,44,11,1100,0.106800,96.6700,0.7569,54.000
muon,0.01,44,11,1150,0.109400,96.5400,0.7192,56.100
muon,0.01,44,12,1200,0.088000,97.3500,0.6798,58.500
muon,0.01,44,12,1250,0.090200,97.2000,0.6391,60.600
muon,0.01,44,13,1300,0.069900,97.9500,0.5973,63.100
muon,0.01,44,13,1350,0.069500,97.9400,0.5549,65.200
muon,0.01,44,14,1400,0.057100,98.3900,0.5120,67.700
muon,0.01,44,14,1450,0.056000,98.3900,0.4691,69.800
muon,0.01,44,15,1500,0.043500,98.8300,0.4264,72.200
muon,0.01,44,15,1550,0.044100,98.8200,0.3842,74.300
muon,0.01,44,16,1600,0.033000,99.2000,0.3429,76.700
muon,0.01,44,17,1650,0.029000,99.6100,0.3027,79.200
muon,0.01,44,17,1700,0.026700,99.3700,0.2640,81.200
muon,0.01,44,18,1750,0.025100,99.3700,0.2271,83.700
muon,0.01,44,18,1800,0.021900,99.5400,0.1921,85.800
muon,0.01,44,19,1850,0.013800,99.8300,0.1594,88.300
muon,0.01,44,19,1900,0.015700,99.7300,0.1293,90.400
muon,0.01,44,20,1950,0.010500,99.8800,0.1018,92.900
muon,0.01,44,20,2000,0.011700,99.8400,0.0774,94.900
muon,0.01,44,21,2050,0.012100,99.8200,0.0560,97.400
muon,0.01,44,21,2100,0.011400,99.8200,0.0379,99.500
muon,0.01,44,22,2150,0.008400,99.9100,0.0232,102.100
muon,0.01,44,22,2200,0.008900,99.9200,0.0120,104.100
muon,0.01,44,23,2250,0.008400,99.9000,0.0045,106.700
muon,0.01,44,23,2300,0.008900,99.8900,0.0006,108.700
muon,0.02,42,0,50,2.197400,26.4000,0.1000,6.500
muon,0.02,42,1,100,1.326500,56.3200,0.2000,9.100
muon,0.02,42,1,150,1.063000,64.9400,0.3000,11.100
muon,0.02,42,2,200,0.650000,78.7800,0.4000,13.500
muon,0.02,42,2,250,0.608600,79.9900,0.5000,15.600
muon,0.02,42,3,300,0.461700,85.1800,0.6000,18.100
muon,0.02,42,3,350,0.460100,85.0200,0.7000,20.200
muon,0.02,42,4,400,0.385100,87.4800,0.8000,23.600
muon,0.02,42,4,450,0.376300,87.6800,0.9000,25.700
muon,0.02,42,5,500,0.324700,89.3100,1.0000,28.200
muon,0.02,42,5,550,0.323500,89.2700,0.9982,30.300
muon,0.02,42,6,600,0.273500,91.1500,0.9926,32.800
muon,0.02,42,6,650,0.273000,90.9800,0.9835,34.800
muon,0.02,42,7,700,0.208400,93.5200,0.9708,37.300
muon,0.02,42,7,750,0.218500,92.9900,0.9546,39.300
muon,0.02,42,8,800,0.177700,94.0500,0.9350,41.800
muon,0.02,42,8,850,0.180000,94.0600,0.9122,43.900
muon,0.02,42,9,900,0.143600,95.5700,0.8864,46.400
muon,0.02,42,9,950,0.152200,95.1300,0.8578,48.500
muon,0.02,42,10,1000,0.118300,96.4100,0.8265,51.000
muon,0.02,42,10,1050,0.124000,96.1300,0.7928,53.000
muon,0.02,42,11,1100,0.099300,97.0100,0.7569,55.500
muon,0.02,42,11,1150,0.103800,96.7400,0.7192,57.600
muon,0.02,42,12,1200,0.080200,97.6200,0.6798,60.100
muon,0.02,42,12,1250,0.083000,97.4600,0.6391,62.100
muon,0.02,42,13,1300,0.067500,97.9600,0.5973,64.600
muon,0.02,42,13,1350,0.068800,97.9100,0.5549,66.700
muon,0.02,42,14,1400,0.054100,98.4700,0.5120,69.100
muon,0.02,42,14,1450,0.054300,98.3900,0.4691,71.200
muon,0.02,42,15,1500,0.043900,98.8200,0.4264,73.600
muon,0.02,42,15,1550,0.043700,98.8100,0.3842,75.700
muon,0.02,42,16,1600,0.033000,99.1900,0.3429,78.100
muon,0.02,42,17,1650,0.020900,99.4100,0.3027,80.700
muon,0.02,42,17,1700,0.024500,99.4100,0.2640,82.700
muon,0.02,42,18,1750,0.021900,99.5600,0.2271,85.200
muon,0.02,42,18,1800,0.019000,99.6200,0.1921,87.300
muon,0.02,42,19,1850,0.013900,99.8000,0.1594,89.800
muon,0.02,42,19,1900,0.014600,99.7100,0.1293,91.900
muon,0.02,42,20,1950,0.012200,99.8000,0.1018,94.300
muon,0.02,42,20,2000,0.011600,99.8200,0.0774,96.400
muon,0.02,42,21,2050,0.009100,99.8900,0.0560,98.900
muon,0.02,42,21,2100,0.009600,99.8700,0.0379,101.000
muon,0.02,42,22,2150,0.008600,99.8400,0.0232,103.500
muon,0.02,42,22,2200,0.008500,99.8700,0.0120,105.600
muon,0.02,42,23,2250,0.007500,99.9400,0.0045,108.100
muon,0.02,42,23,2300,0.007800,99.9200,0.0006,110.100
muon,0.02,43,0,50,2.221700,21.7000,0.1000,6.500
muon,0.02,43,1,100,1.305000,58.7900,0.2000,9.200
muon,0.02,43,1,150,1.087000,63.9600,0.3000,11.400
muon,0.02,43,2,200,0.654700,78.5500,0.4000,13.800
muon,0.02,43,2,250,0.622900,79.4000,0.5000,15.900
muon,0.02,43,3,300,0.459900,85.3500,0.6000,18.300
muon,0.02,43,3,350,0.467300,84.6900,0.7000,21.100
muon,0.02,43,4,400,0.390100,87.5500,0.8000,23.800
muon,0.02,43,4,450,0.388000,87.1300,0.9000,25.900
muon,0.02,43,5,500,0.338100,88.9300,1.0000,28.300
muon,0.02,43,5,550,0.331700,89.0200,0.9982,30.400
muon,0.02,43,6,600,0.264000,91.3200,0.9926,32.800
muon,0.02,43,6,650,0.265700,91.1600,0.9835,34.900
muon,0.02,43,7,700,0.211800,93.3500,0.9708,37.400
muon,0.02,43,7,750,0.219200,92.8700,0.9546,39.500
muon,0.02,43,8,800,0.179500,94.3400,0.9350,41.900
muon,0.02,43,8,850,0.185700,93.9300,0.9122,44.000
muon,0.02,43,9,900,0.151200,95.2000,0.8864,46.400
muon,0.02,43,9,950,0.154800,95.0400,0.8578,48.500
muon,0.02,43,10,1000,0.127500,95.9200,0.8265,51.000
muon,0.02,43,10,1050,0.129000,95.8200,0.7928,53.100
muon,0.02,43,11,1100,0.104300,96.7600,0.7569,55.600
muon,0.02,43,11,1150,0.107800,96.5900,0.7192,57.700
muon,0.02,43,12,1200,0.082100,97.5600,0.6798,60.100
muon,0.02,43,12,1250,0.085700,97.4000,0.6391,62.300
muon,0.02,43,13,1300,0.064600,98.1500,0.5973,64.700
muon,0.02,43,13,1350,0.067000,97.9900,0.5549,66.800
muon,0.02,43,14,1400,0.055000,98.4800,0.5120,69.200
muon,0.02,43,14,1450,0.055500,98.4500,0.4691,71.300
muon,0.02,43,15,1500,0.042600,98.9100,0.4264,73.700
muon,0.02,43,15,1550,0.042700,98.8500,0.3842,75.800
muon,0.02,43,16,1600,0.033900,99.1200,0.3429,78.200
muon,0.02,43,17,1650,0.016500,100.0000,0.3027,80.700
muon,0.02,43,17,1700,0.024200,99.4900,0.2640,82.800
muon,0.02,43,18,1750,0.018200,99.5600,0.2271,85.300
muon,0.02,43,18,1800,0.018100,99.6700,0.1921,87.400
muon,0.02,43,19,1850,0.014300,99.7200,0.1594,89.800
muon,0.02,43,19,1900,0.014900,99.7000,0.1293,91.900
muon,0.02,43,20,1950,0.011700,99.7900,0.1018,94.400
muon,0.02,43,20,2000,0.011800,99.8000,0.0774,96.500
muon,0.02,43,21,2050,0.009000,99.9500,0.0560,99.000
muon,0.02,43,21,2100,0.009300,99.8900,0.0379,101.100
muon,0.02,43,22,2150,0.009500,99.8900,0.0232,103.600
muon,0.02,43,22,2200,0.009100,99.8600,0.0120,105.700
muon,0.02,43,23,2250,0.009800,99.8400,0.0045,108.100
muon,0.02,43,23,2300,0.008600,99.8800,0.0006,110.200
muon,0.02,44,0,50,2.208900,23.8600,0.1000,6.200
muon,0.02,44,1,100,1.347500,54.6200,0.2000,8.400
muon,0.02,44,1,150,1.072600,64.2000,0.3000,10.100
muon,0.02,44,2,200,0.681700,77.9000,0.4000,12.100
muon,0.02,44,2,250,0.607900,80.0700,0.5000,13.800
muon,0.02,44,3,300,0.473200,84.4400,0.6000,15.900
muon,0.02,44,3,350,0.454000,84.9400,0.7000,17.500
muon,0.02,44,4,400,0.389200,87.5200,0.8000,19.600
muon,0.02,44,4,450,0.376600,87.6300,0.9000,21.200
muon,0.02,44,5,500,0.326700,89.3800,1.0000,23.300
muon,0.02,44,5,550,0.321600,89.3400,0.9982,25.000
muon,0.02,44,6,600,0.267800,91.3400,0.9926,27.000
muon,0.02,44,6,650,0.262600,91.4600,0.9835,28.600
muon,0.02,44,7,700,0.211100,93.0600,0.9708,30.700
muon,0.02,44,7,750,0.219800,92.8200,0.9546,32.300
muon,0.02,44,8,800,0.176700,94.3300,0.9350,34.400
muon,0.02,44,8,850,0.178800,94.1600,0.9122,36.000
muon,0.02,44,9,900,0.147200,95.2900,0.8864,38.100
muon,0.02,44,9,950,0.150600,95.1300,0.8578,39.800
muon,0.02,44,10,1000,0.127100,95.9600,0.8265,41.800
muon,0.02,44,10,1050,0.129500,95.8400,0.7928,43.600
muon,0.02,44,11,1100,0.103200,96.6700,0.7569,45.800
muon,0.02,44,11,1150,0.104400,96.6600,0.7192,47.500
muon,0.02,44,12,1200,0.085600,97.4700,0.6798,49.500
muon,0.02,44,12,1250,0.086300,97.4100,0.6391,51.200
muon,0.02,44,13,1300,0.067700,97.9900,0.5973,53.300
muon,0.02,44,13,1350,0.067100,97.9300,0.5549,55.000
muon,0.02,44,14,1400,0.053000,98.4000,0.5120,57.000
muon,0.02,44,14,1450,0.054300,98.3300,0.4691,58.700
muon,0.02,44,15,1500,0.043600,98.7700,0.4264,60.800
muon,0.02,44,15,1550,0.042800,98.7900,0.3842,62.400
muon,0.02,44,16,1600,0.033600,99.0900,0.3429,64.500
muon,0.02,44,17,1650,0.033600,99.0200,0.3027,66.600
muon,0.02,44,17,1700,0.024500,99.4100,0.2640,68.200
muon,0.02,44,18,1750,0.018000,99.6600,0.2271,70.300
muon,0.02,44,18,1800,0.020300,99.5600,0.1921,72.000
muon,0.02,44,19,1850,0.012800,99.7200,0.1594,74.100
muon,0.02,44,19,1900,0.013900,99.7700,0.1293,75.800
muon,0.02,44,20,1950,0.008600,99.9600,0.1018,77.800
muon,0.02,44,20,2000,0.010900,99.8500,0.0774,79.500
muon,0.02,44,21,2050,0.010200,99.8300,0.0560,81.600
muon,0.02,44,21,2100,0.009700,99.8700,0.0379,83.200
muon,0.02,44,22,2150,0.008100,99.8700,0.0232,85.300
muon,0.02,44,22,2200,0.008100,99.8800,0.0120,87.000
muon,0.02,44,23,2250,0.008000,99.9200,0.0045,89.000
muon,0.02,44,23,2300,0.007700,99.9300,0.0006,90.700
muon,0.04,42,0,50,2.111000,30.0800,0.1000,6.300
muon,0.04,42,1,100,1.049300,65.5600,0.2000,8.400
muon,0.04,42,1,150,0.860100,71.9600,0.3000,10.100
muon,0.04,42,2,200,0.573300,81.9000,0.4000,12.200
muon,0.04,42,2,250,0.547800,82.1800,0.5000,13.800
muon,0.04,42,3,300,0.431000,86.3900,0.6000,16.000
muon,0.04,42,3,350,0.434800,86.0900,0.7000,17.600
muon,0.04,42,4,400,0.374500,88.3800,0.8000,19.700
muon,0.04,42,4,450,0.363400,88.1600,0.9000,21.400
muon,0.04,42,5,500,0.310000,90.1400,1.0000,23.500
muon,0.04,42,5,550,0.315000,89.6800,0.9982,25.200
muon,0.04,42,6,600,0.265800,91.2900,0.9926,27.200
muon,0.04,42,6,650,0.264500,91.3200,0.9835,28.900
muon,0.04,42,7,700,0.203600,93.3100,0.9708,31.000
muon,0.04,42,7,750,0.213900,92.9500,0.9546,32.600
muon,0.04,42,8,800,0.179100,94.2800,0.9350,34.700
muon,0.04,42,8,850,0.176800,94.3100,0.9122,36.400
muon,0.04,42,9,900,0.142100,95.4600,0.8864,38.500
muon,0.04,42,9,950,0.148800,95.0900,0.8578,40.200
muon,0.04,42,10,1000,0.116500,96.3800,0.8265,42.300
muon,0.04,42,10,1050,0.124800,96.0400,0.7928,44.100
muon,0.04,42,11,1100,0.097900,96.9200,0.7569,46.300
muon,0.04,42,11,1150,0.101900,96.8000,0.7192,48.000
muon,0.04,42,12,1200,0.078700,97.6100,0.6798,50.000
muon,0.04,42,12,1250,0.080100,97.5900,0.6391,51.800
muon,0.04,42,13,1300,0.064500,98.0700,0.5973,53.900
muon,0.04,42,13,1350,0.065400,97.9900,0.5549,55.600
muon,0.04,42,14,1400,0.050800,98.5300,0.5120,57.700
muon,0.04,42,14,1450,0.051300,98.5300,0.4691,59.400
muon,0.04,42,15,1500,0.043100,98.8200,0.4264,61.600
muon,0.04,42,15,1550,0.041900,98.8200,0.3842,63.200
muon,0.04,42,16,1600,0.030500,99.2800,0.3429,65.300
muon,0.04,42,17,1650,0.022500,99.4100,0.3027,67.500
muon,0.04,42,17,1700,0.023900,99.4900,0.2640,69.100
muon,0.04,42,18,1750,0.023700,99.4100,0.2271,71.300
muon,0.04,42,18,1800,0.017600,99.6500,0.1921,73.000
muon,0.04,42,19,1850,0.014400,99.7800,0.1594,75.100
muon,0.04,42,19,1900,0.014700,99.7200,0.1293,76.800
muon,0.04,42,20,1950,0.011400,99.8000,0.1018,78.900
muon,0.04,42,20,2000,0.011000,99.8000,0.0774,80.600
muon,0.04,42,21,2050,0.010200,99.8600,0.0560,82.700
muon,0.04,42,21,2100,0.009300,99.8800,0.0379,84.400
muon,0.04,42,22,2150,0.007500,99.9400,0.0232,86.500
muon,0.04,42,22,2200,0.007600,99.9300,0.0120,88.200
muon,0.04,42,23,2250,0.006600,99.9600,0.0045,90.300
muon,0.04,42,23,2300,0.007100,99.9300,0.0006,92.000
muon,0.04,43,0,50,2.140600,25.3800,0.1000,7.200
muon,0.04,43,1,100,1.003100,68.0300,0.2000,9.800
muon,0.04,43,1,150,0.876800,71.2900,0.3000,11.900
muon,0.04,43,2,200,0.574500,82.0600,0.4000,14.500
muon,0.04,43,2,250,0.563500,81.3800,0.5000,16.600
muon,0.04,43,3,300,0.435100,86.2400,0.6000,19.100
muon,0.04,43,3,350,0.440600,85.8000,0.7000,22.100
muon,0.04,43,4,400,0.369300,87.9200,0.8000,24.700
muon,0.04,43,4,450,0.367400,87.8600,0.9000,26.700
muon,0.04,43,5,500,0.321800,89.5300,1.0000,29.300
muon,0.04,43,5,550,0.319900,89.3000,0.9982,31.400
muon,0.04,43,6,600,0.255600,91.5300,0.9926,33.900
muon,0.04,43,6,650,0.257300,91.5100,0.9835,36.000
muon,0.04,43,7,700,0.201900,93.4400,0.9708,38.500
muon,0.04,43,7,750,0.213300,92.8700,0.9546,40.600
muon,0.04,43,8,800,0.175200,94.3900,0.9350,43.100
muon,0.04,43,8,850,0.181400,94.0300,0.9122,45.200
muon,0.04,43,9,900,0.149200,95.3400,0.8864,47.700
muon,0.04,43,9,950,0.154000,95.0300,0.8578,49.800
muon,0.04,43,10,1000,0.127500,96.1300,0.8265,52.300
muon,0.04,43,10,1050,0.126800,95.9900,0.7928,54.400
muon,0.04,43,11,1100,0.098100,96.9100,0.7569,57.600
muon,0.04,43,11,1150,0.103300,96.6300,0.7192,59.800
muon,0.04,43,12,1200,0.081900,97.5300,0.6798,62.300
muon,0.04,43,12,1250,0.081900,97.5200,0.6391,64.400
muon,0.04,43,13,1300,0.064900,98.0900,0.5973,66.900
muon,0.04,43,13,1350,0.066100,98.0200,0.5549,68.900
muon,0.04,43,14,1400,0.052700,98.5100,0.5120,71.500
muon,0.04,43,14,1450,0.052400,98.5400,0.4691,73.500
muon,0.04,43,15,1500,0.041400,98.8900,0.4264,76.100
muon,0.04,43,15,1550,0.041200,98.8600,0.3842,78.100
muon,0.04,43,16,1600,0.033400,99.1500,0.3429,80.600
muon,0.04,43,17,1650,0.022900,99.8000,0.3027,83.100
muon,0.04,43,17,1700,0.024200,99.4300,0.2640,85.100
muon,0.04,43,18,1750,0.018500,99.6600,0.2271,87.600
muon,0.04,43,18,1800,0.018600,99.6100,0.1921,89.700
muon,0.04,43,19,1850,0.013300,99.7500,0.1594,92.100
muon,0.04,43,19,1900,0.014500,99.7000,0.1293,94.100
muon,0.04,43,20,1950,0.010600,99.8200,0.1018,96.600
muon,0.04,43,20,2000,0.011100,99.8200,0.0774,98.700
muon,0.04,43,21,2050,0.010400,99.8500,0.0560,101.100
muon,0.04,43,21,2100,0.009600,99.8400,0.0379,103.200
muon,0.04,43,22,2150,0.009600,99.8500,0.0232,105.600
muon,0.04,43,22,2200,0.008500,99.8900,0.0120,107.700
muon,0.04,43,23,2250,0.009000,99.8900,0.0045,110.300
muon,0.04,43,23,2300,0.008400,99.8800,0.0006,112.300
muon,0.04,44,0,50,2.124900,28.0700,0.1000,5.800
muon,0.04,44,1,100,1.068100,63.9300,0.2000,8.400
muon,0.04,44,1,150,0.871000,70.8200,0.3000,10.500
muon,0.04,44,2,200,0.596800,80.9600,0.4000,13.000
muon,0.04,44,2,250,0.546000,82.2800,0.5000,15.100
muon,0.04,44,3,300,0.442800,85.7200,0.6000,17.700
muon,0.04,44,3,350,0.425700,86.1300,0.7000,20.700
muon,0.04,44,4,400,0.365500,88.7200,0.8000,23.300
muon,0.04,44,4,450,0.358500,88.2200,0.9000,25.400
muon,0.04,44,5,500,0.309200,90.4000,1.0000,27.900
muon,0.04,44,5,550,0.310900,89.8000,0.9982,30.000
muon,0.04,44,6,600,0.255500,91.7500,0.9926,32.500
muon,0.04,44,6,650,0.253300,91.6500,0.9835,34.600
muon,0.04,44,7,700,0.208700,93.0100,0.9708,37.100
muon,0.04,44,7,750,0.213700,92.8700,0.9546,39.200
muon,0.04,44,8,800,0.178500,94.3900,0.9350,41.700
muon,0.04,44,8,850,0.176300,94.3800,0.9122,43.800
muon,0.04,44,9,900,0.145000,95.3700,0.8864,46.300
muon,0.04,44,9,950,0.146300,95.2700,0.8578,48.400
muon,0.04,44,10,1000,0.119400,96.1500,0.8265,50.900
muon,0.04,44,10,1050,0.124400,95.9900,0.7928,53.100
muon,0.04,44,11,1100,0.099700,96.9000,0.7569,56.300
muon,0.04,44,11,1150,0.102100,96.8000,0.7192,58.400
muon,0.04,44,12,1200,0.083800,97.3800,0.6798,60.900
muon,0.04,44,12,1250,0.082700,97.3900,0.6391,63.000
muon,0.04,44,13,1300,0.065200,97.9400,0.5973,65.500
muon,0.04,44,13,1350,0.065000,98.0300,0.5549,67.600
muon,0.04,44,14,1400,0.053000,98.5200,0.5120,70.100
muon,0.04,44,14,1450,0.053400,98.4600,0.4691,72.200
muon,0.04,44,15,1500,0.040400,98.9100,0.4264,74.700
muon,0.04,44,15,1550,0.040600,98.8800,0.3842,76.800
muon,0.04,44,16,1600,0.032400,99.1600,0.3429,79.300
muon,0.04,44,17,1650,0.037100,98.8300,0.3027,81.800
muon,0.04,44,17,1700,0.024000,99.4400,0.2640,83.800
muon,0.04,44,18,1750,0.019400,99.3700,0.2271,86.300
muon,0.04,44,18,1800,0.019700,99.5600,0.1921,88.400
muon,0.04,44,19,1850,0.013200,99.6900,0.1594,90.800
muon,0.04,44,19,1900,0.014400,99.7400,0.1293,92.900
muon,0.04,44,20,1950,0.009800,99.8200,0.1018,95.200
muon,0.04,44,20,2000,0.010300,99.8400,0.0774,97.300
muon,0.04,44,21,2050,0.010900,99.8000,0.0560,99.700
muon,0.04,44,21,2100,0.009900,99.8400,0.0379,101.800
muon,0.04,44,22,2150,0.008200,99.8700,0.0232,104.300
muon,0.04,44,22,2200,0.008000,99.9000,0.0120,106.400
muon,0.04,44,23,2250,0.007200,99.9600,0.0045,108.900
muon,0.04,44,23,2300,0.007400,99.9300,0.0006,110.900
muon_moonlight,0.005,42,0,50,2.064600,31.6900,0.1000,6.000
muon_moonlight,0.005,42,1,100,1.005600,67.3200,0.2000,8.100
muon_moonlight,0.005,42,1,150,0.842600,72.6000,0.3000,9.800
muon_moonlight,0.005,42,2,200,0.573300,82.2300,0.4000,11.900
muon_moonlight,0.005,42,2,250,0.548200,82.3100,0.5000,13.500
muon_moonlight,0.005,42,3,300,0.430400,85.5300,0.6000,15.600
muon_moonlight,0.005,42,3,350,0.432100,85.7300,0.7000,17.200
muon_moonlight,0.005,42,4,400,0.380100,87.2600,0.8000,19.300
muon_moonlight,0.005,42,4,450,0.364500,87.9900,0.9000,20.900
muon_moonlight,0.005,42,5,500,0.314300,90.2200,1.0000,23.000
muon_moonlight,0.005,42,5,550,0.314500,89.7700,0.9982,24.700
muon_moonlight,0.005,42,6,600,0.268600,91.3600,0.9926,26.700
muon_moonlight,0.005,42,6,650,0.263200,91.3300,0.9835,28.300
muon_moonlight,0.005,42,7,700,0.204200,93.3200,0.9708,30.400
muon_moonlight,0.005,42,7,750,0.213200,93.0500,0.9546,32.000
muon_moonlight,0.005,42,8,800,0.173200,94.4600,0.9350,34.100
muon_moonlight,0.005,42,8,850,0.177900,94.2700,0.9122,35.700
muon_moonlight,0.005,42,9,900,0.139200,95.5400,0.8864,37.800
muon_moonlight,0.005,42,9,950,0.149000,95.1800,0.8578,39.500
muon_moonlight,0.005,42,10,1000,0.119700,96.1700,0.8265,41.600
muon_moonlight,0.005,42,10,1050,0.123900,96.0500,0.7928,43.400
muon_moonlight,0.005,42,11,1100,0.095000,97.0100,0.7569,45.900
muon_moonlight,0.005,42,11,1150,0.099900,96.8500,0.7192,47.500
muon_moonlight,0.005,42,12,1200,0.078700,97.7200,0.6798,49.500
muon_moonlight,0.005,42,12,1250,0.079900,97.6000,0.6391,51.200
muon_moonlight,0.005,42,13,1300,0.061800,98.1800,0.5973,53.300
muon_moonlight,0.005,42,13,1350,0.063000,98.1100,0.5549,55.000
muon_moonlight,0.005,42,14,1400,0.051400,98.5600,0.5120,57.000
muon_moonlight,0.005,42,14,1450,0.051900,98.5400,0.4691,58.600
muon_moonlight,0.005,42,15,1500,0.040100,98.9300,0.4264,60.800
muon_moonlight,0.005,42,15,1550,0.040500,98.9200,0.3842,62.400
muon_moonlight,0.005,42,16,1600,0.032000,99.1700,0.3429,64.400
muon_moonlight,0.005,42,17,1650,0.022200,99.4100,0.3027,66.600
muon_moonlight,0.005,42,17,1700,0.023400,99.4900,0.2640,68.200
muon_moonlight,0.005,42,18,1750,0.019700,99.5600,0.2271,70.300
muon_moonlight,0.005,42,18,1800,0.018400,99.6200,0.1921,72.000
muon_moonlight,0.005,42,19,1850,0.013500,99.6900,0.1594,74.100
muon_moonlight,0.005,42,19,1900,0.014100,99.7400,0.1293,75.800
muon_moonlight,0.005,42,20,1950,0.013200,99.7500,0.1018,77.900
muon_moonlight,0.005,42,20,2000,0.011100,99.8300,0.0774,79.500
muon_moonlight,0.005,42,21,2050,0.009300,99.8500,0.0560,81.600
muon_moonlight,0.005,42,21,2100,0.009100,99.8700,0.0379,83.200
muon_moonlight,0.005,42,22,2150,0.007700,99.9300,0.0232,85.300
muon_moonlight,0.005,42,22,2200,0.008200,99.9000,0.0120,87.000
muon_moonlight,0.005,42,23,2250,0.007300,99.9100,0.0045,89.000
muon_moonlight,0.005,42,23,2300,0.007500,99.8900,0.0006,90.700
muon_moonlight,0.005,43,0,50,2.095300,27.3200,0.1000,6.000
muon_moonlight,0.005,43,1,100,0.961000,68.6200,0.2000,8.200
muon_moonlight,0.005,43,1,150,0.857300,71.9000,0.3000,9.900
muon_moonlight,0.005,43,2,200,0.578200,82.1000,0.4000,12.000
muon_moonlight,0.005,43,2,250,0.562500,81.7600,0.5000,13.600
muon_moonlight,0.005,43,3,300,0.439400,86.2200,0.6000,15.800
muon_moonlight,0.005,43,3,350,0.444600,85.5900,0.7000,17.400
muon_moonlight,0.005,43,4,400,0.372100,87.9600,0.8000,19.500
muon_moonlight,0.005,43,4,450,0.371800,87.7600,0.9000,21.200
muon_moonlight,0.005,43,5,500,0.327600,89.3200,1.0000,23.200
muon_moonlight,0.005,43,5,550,0.321600,89.4600,0.9982,24.900
muon_moonlight,0.005,43,6,600,0.257800,91.2800,0.9926,27.000
muon_moonlight,0.005,43,6,650,0.259400,91.3800,0.9835,28.600
muon_moonlight,0.005,43,7,700,0.208600,93.3900,0.9708,30.800
muon_moonlight,0.005,43,7,750,0.214900,93.0100,0.9546,32.400
muon_moonlight,0.005,43,8,800,0.178000,94.3800,0.9350,34.400
muon_moonlight,0.005,43,8,850,0.179400,94.1400,0.9122,36.100
muon_moonlight,0.005,43,9,900,0.153000,95.2000,0.8864,38.200
muon_moonlight,0.005,43,9,950,0.155300,94.9300,0.8578,39.900
muon_moonlight,0.005,43,10,1000,0.127400,95.8500,0.8265,42.000
muon_moonlight,0.005,43,10,1050,0.128800,95.8100,0.7928,43.800
muon_moonlight,0.005,43,11,1100,0.101800,96.8200,0.7569,46.300
muon_moonlight,0.005,43,11,1150,0.104900,96.6600,0.7192,48.000
muon_moonlight,0.005,43,12,1200,0.079700,97.7100,0.6798,50.000
muon_moonlight,0.005,43,12,1250,0.084400,97.4300,0.6391,51.700
muon_moonlight,0.005,43,13,1300,0.065200,98.1200,0.5973,53.800
muon_moonlight,0.005,43,13,1350,0.067300,97.9800,0.5549,55.500
muon_moonlight,0.005,43,14,1400,0.052700,98.5200,0.5120,57.600
muon_moonlight,0.005,43,14,1450,0.052500,98.5000,0.4691,59.200
muon_moonlight,0.005,43,15,1500,0.039400,98.9500,0.4264,61.400
muon_moonlight,0.005,43,15,1550,0.040200,98.9100,0.3842,63.000
muon_moonlight,0.005,43,16,1600,0.034400,99.0900,0.3429,65.100
muon_moonlight,0.005,43,17,1650,0.023800,99.6100,0.3027,67.300
muon_moonlight,0.005,43,17,1700,0.023300,99.5100,0.2640,68.900
muon_moonlight,0.005,43,18,1750,0.020800,99.6600,0.2271,71.100
muon_moonlight,0.005,43,18,1800,0.018400,99.6700,0.1921,72.800
muon_moonlight,0.005,43,19,1850,0.014300,99.6700,0.1594,74.900
muon_moonlight,0.005,43,19,1900,0.015200,99.6800,0.1293,76.600
muon_moonlight,0.005,43,20,1950,0.011700,99.7900,0.1018,78.700
muon_moonlight,0.005,43,20,2000,0.012100,99.7800,0.0774,80.300
muon_moonlight,0.005,43,21,2050,0.011600,99.8000,0.0560,82.500
muon_moonlight,0.005,43,21,2100,0.009800,99.8500,0.0379,84.100
muon_moonlight,0.005,43,22,2150,0.008100,99.9400,0.0232,86.200
muon_moonlight,0.005,43,22,2200,0.008500,99.9100,0.0120,87.900
muon_moonlight,0.005,43,23,2250,0.008300,99.9000,0.0045,89.900
muon_moonlight,0.005,43,23,2300,0.008000,99.9100,0.0006,91.600
muon_moonlight,0.005,44,0,50,2.078200,29.4800,0.1000,5.900
muon_moonlight,0.005,44,1,100,1.018100,65.8900,0.2000,8.500
muon_moonlight,0.005,44,1,150,0.851200,71.9300,0.3000,10.500
muon_moonlight,0.005,44,2,200,0.595300,81.6400,0.4000,13.000
muon_moonlight,0.005,44,2,250,0.548100,82.2400,0.5000,15.000
muon_moonlight,0.005,44,3,300,0.453400,85.2400,0.6000,17.500
muon_moonlight,0.005,44,3,350,0.432200,85.8800,0.7000,19.600
muon_moonlight,0.005,44,4,400,0.369500,88.3800,0.8000,22.100
muon_moonlight,0.005,44,4,450,0.359600,88.2100,0.9000,24.200
muon_moonlight,0.005,44,5,500,0.317900,89.9600,1.0000,26.700
muon_moonlight,0.005,44,5,550,0.315500,89.7300,0.9982,28.800
muon_moonlight,0.005,44,6,600,0.255600,91.4500,0.9926,31.300
muon_moonlight,0.005,44,6,650,0.253200,91.6300,0.9835,33.400
muon_moonlight,0.005,44,7,700,0.205100,93.3100,0.9708,35.900
muon_moonlight,0.005,44,7,750,0.212800,93.0400,0.9546,38.000
muon_moonlight,0.005,44,8,800,0.173300,94.4700,0.9350,40.500
muon_moonlight,0.005,44,8,850,0.174300,94.3000,0.9122,42.600
muon_moonlight,0.005,44,9,900,0.145900,95.4000,0.8864,45.100
muon_moonlight,0.005,44,9,950,0.148700,95.2500,0.8578,47.200
muon_moonlight,0.005,44,10,1000,0.119400,96.1700,0.8265,49.800
muon_moonlight,0.005,44,10,1050,0.124100,95.9800,0.7928,51.800
muon_moonlight,0.005,44,11,1100,0.099200,96.9100,0.7569,54.500
muon_moonlight,0.005,44,11,1150,0.100200,96.9200,0.7192,56.600
muon_moonlight,0.005,44,12,1200,0.081900,97.4000,0.6798,59.000
muon_moonlight,0.005,44,12,1250,0.084300,97.3500,0.6391,61.100
muon_moonlight,0.005,44,13,1300,0.066100,98.0700,0.5973,63.600
muon_moonlight,0.005,44,13,1350,0.066500,98.0100,0.5549,65.700
muon_moonlight,0.005,44,14,1400,0.050900,98.5400,0.5120,68.200
muon_moonlight,0.005,44,14,1450,0.051700,98.5100,0.4691,70.300
muon_moonlight,0.005,44,15,1500,0.044000,98.7600,0.4264,72.900
muon_moonlight,0.005,44,15,1550,0.042200,98.8000,0.3842,75.000
muon_moonlight,0.005,44,16,1600,0.031600,99.2800,0.3429,77.600
muon_moonlight,0.005,44,17,1650,0.028900,98.6300,0.3027,80.100
muon_moonlight,0.005,44,17,1700,0.023900,99.4100,0.2640,82.200
muon_moonlight,0.005,44,18,1750,0.021200,99.4100,0.2271,84.700
muon_moonlight,0.005,44,18,1800,0.019800,99.5700,0.1921,86.800
muon_moonlight,0.005,44,19,1850,0.012500,99.8000,0.1594,89.400
muon_moonlight,0.005,44,19,1900,0.014100,99.7300,0.1293,91.400
muon_moonlight,0.005,44,20,1950,0.008900,99.8600,0.1018,94.000
muon_moonlight,0.005,44,20,2000,0.010400,99.8300,0.0774,96.100
muon_moonlight,0.005,44,21,2050,0.009000,99.8300,0.0560,98.600
muon_moonlight,0.005,44,21,2100,0.010000,99.8200,0.0379,100.700
muon_moonlight,0.005,44,22,2150,0.007600,99.9300,0.0232,103.300
muon_moonlight,0.005,44,22,2200,0.008500,99.8900,0.0120,105.400
muon_moonlight,0.005,44,23,2250,0.007300,99.9500,0.0045,108.000
muon_moonlight,0.005,44,23,2300,0.007300,99.9200,0.0006,110.100
muon_moonlight,0.01,42,0,50,1.922500,36.6100,0.1000,6.800
muon_moonlight,0.01,42,1,100,0.871300,69.9200,0.2000,9.100
muon_moonlight,0.01,42,1,150,0.751500,75.7600,0.3000,11.200
muon_moonlight,0.01,42,2,200,0.527900,83.0400,0.4000,13.400
muon_moonlight,0.01,42,2,250,0.517500,83.2800,0.5000,15.600
muon_moonlight,0.01,42,3,300,0.419300,86.5500,0.6000,17.900
muon_moonlight,0.01,42,3,350,0.422100,86.2700,0.7000,20.000
muon_moonlight,0.01,42,4,400,0.365100,88.2200,0.8000,22.400
muon_moonlight,0.01,42,4,450,0.358200,88.3000,0.9000,24.400
muon_moonlight,0.01,42,5,500,0.304900,90.3000,1.0000,26.900
muon_moonlight,0.01,42,5,550,0.306300,90.0000,0.9982,29.000
muon_moonlight,0.01,42,6,600,0.255100,91.8400,0.9926,31.400
muon_moonlight,0.01,42,6,650,0.256900,91.6500,0.9835,33.500
muon_moonlight,0.01,42,7,700,0.201100,93.3600,0.9708,36.000
muon_moonlight,0.01,42,7,750,0.209700,93.1900,0.9546,38.100
muon_moonlight,0.01,42,8,800,0.176900,94.1700,0.9350,40.600
muon_moonlight,0.01,42,8,850,0.174600,94.2600,0.9122,42.600
muon_moonlight,0.01,42,9,900,0.140900,95.4600,0.8864,45.100
muon_moonlight,0.01,42,9,950,0.148400,95.1700,0.8578,47.300
muon_moonlight,0.01,42,10,1000,0.117000,96.2400,0.8265,49.800
muon_moonlight,0.01,42,10,1050,0.123000,96.0300,0.7928,51.900
muon_moonlight,0.01,42,11,1100,0.096700,96.9600,0.7569,54.400
muon_moonlight,0.01,42,11,1150,0.102500,96.7300,0.7192,56.500
muon_moonlight,0.01,42,12,1200,0.079200,97.5200,0.6798,58.900
muon_moonlight,0.01,42,12,1250,0.080400,97.4700,0.6391,61.000
muon_moonlight,0.01,42,13,1300,0.063100,98.2700,0.5973,63.500
muon_moonlight,0.01,42,13,1350,0.063400,98.1500,0.5549,65.600
muon_moonlight,0.01,42,14,1400,0.050600,98.5700,0.5120,68.200
muon_moonlight,0.01,42,14,1450,0.050600,98.5600,0.4691,70.300
muon_moonlight,0.01,42,15,1500,0.040200,98.8800,0.4264,72.900
muon_moonlight,0.01,42,15,1550,0.040900,98.8800,0.3842,75.000
muon_moonlight,0.01,42,16,1600,0.030400,99.2100,0.3429,77.600
muon_moonlight,0.01,42,17,1650,0.019200,99.4100,0.3027,80.100
muon_moonlight,0.01,42,17,1700,0.024000,99.4300,0.2640,82.200
muon_moonlight,0.01,42,18,1750,0.023500,99.3200,0.2271,84.700
muon_moonlight,0.01,42,18,1800,0.018800,99.5800,0.1921,86.800
muon_moonlight,0.01,42,19,1850,0.013500,99.8000,0.1594,89.400
muon_moonlight,0.01,42,19,1900,0.014700,99.7100,0.1293,91.500
muon_moonlight,0.01,42,20,1950,0.012500,99.8000,0.1018,94.000
muon_moonlight,0.01,42,20,2000,0.010800,99.8200,0.0774,96.100
muon_moonlight,0.01,42,21,2050,0.008700,99.8800,0.0560,98.600
muon_moonlight,0.01,42,21,2100,0.008900,99.8700,0.0379,100.700
muon_moonlight,0.01,42,22,2150,0.007500,99.9000,0.0232,103.300
muon_moonlight,0.01,42,22,2200,0.008200,99.9000,0.0120,105.500
muon_moonlight,0.01,42,23,2250,0.006700,99.9400,0.0045,108.000
muon_moonlight,0.01,42,23,2300,0.007400,99.9100,0.0006,110.100
muon_moonlight,0.01,43,0,50,1.957200,32.8800,0.1000,6.400
muon_moonlight,0.01,43,1,100,0.834500,73.5700,0.2000,9.000
muon_moonlight,0.01,43,1,150,0.766800,75.1200,0.3000,11.100
muon_moonlight,0.01,43,2,200,0.543900,83.6600,0.4000,13.700
muon_moonlight,0.01,43,2,250,0.530200,82.8000,0.5000,15.800
muon_moonlight,0.01,43,3,300,0.419100,86.8300,0.6000,18.300
muon_moonlight,0.01,43,3,350,0.425500,86.1600,0.7000,20.400
muon_moonlight,0.01,43,4,400,0.358000,88.3800,0.8000,23.000
muon_moonlight,0.01,43,4,450,0.361100,88.1300,0.9000,25.100
muon_moonlight,0.01,43,5,500,0.317600,89.6400,1.0000,27.600
muon_moonlight,0.01,43,5,550,0.315600,89.5300,0.9982,29.700
muon_moonlight,0.01,43,6,600,0.255200,91.5100,0.9926,32.300
muon_moonlight,0.01,43,6,650,0.254500,91.6300,0.9835,34.300
muon_moonlight,0.01,43,7,700,0.202400,93.5300,0.9708,36.800
muon_moonlight,0.01,43,7,750,0.212300,93.0300,0.9546,38.900
muon_moonlight,0.01,43,8,800,0.178300,94.1900,0.9350,41.400
muon_moonlight,0.01,43,8,850,0.182200,93.9500,0.9122,43.500
muon_moonlight,0.01,43,9,900,0.149700,95.2500,0.8864,46.000
muon_moonlight,0.01,43,9,950,0.156100,94.9600,0.8578,48.100
muon_moonlight,0.01,43,10,1000,0.123400,96.0900,0.8265,50.600
muon_moonlight,0.01,43,10,1050,0.124900,96.0000,0.7928,52.700
muon_moonlight,0.01,43,11,1100,0.097700,97.0900,0.7569,55.200
muon_moonlight,0.01,43,11,1150,0.101500,96.8900,0.7192,57.300
muon_moonlight,0.01,43,12,1200,0.080800,97.5500,0.6798,59.900
muon_moonlight,0.01,43,12,1250,0.082500,97.4600,0.6391,62.000
muon_moonlight,0.01,43,13,1300,0.062700,98.1700,0.5973,64.500
muon_moonlight,0.01,43,13,1350,0.066200,97.9900,0.5549,66.600
muon_moonlight,0.01,43,14,1400,0.053100,98.4700,0.5120,69.100
muon_moonlight,0.01,43,14,1450,0.054000,98.4400,0.4691,71.200
muon_moonlight,0.01,43,15,1500,0.041500,98.8700,0.4264,73.700
muon_moonlight,0.01,43,15,1550,0.040700,98.9000,0.3842,75.700
muon_moonlight,0.01,43,16,1600,0.032500,99.1200,0.3429,79.200
muon_moonlight,0.01,43,17,1650,0.022600,99.6100,0.3027,81.700
muon_moonlight,0.01,43,17,1700,0.024400,99.4100,0.2640,83.800
muon_moonlight,0.01,43,18,1750,0.015900,99.6100,0.2271,86.300
muon_moonlight,0.01,43,18,1800,0.017500,99.6700,0.1921,88.400
muon_moonlight,0.01,43,19,1850,0.015500,99.5800,0.1594,90.800
muon_moonlight,0.01,43,19,1900,0.014400,99.7100,0.1293,92.900
muon_moonlight,0.01,43,20,1950,0.010500,99.8600,0.1018,95.400
muon_moonlight,0.01,43,20,2000,0.011100,99.8300,0.0774,97.500
muon_moonlight,0.01,43,21,2050,0.010600,99.8800,0.0560,100.000
muon_moonlight,0.01,43,21,2100,0.009500,99.8700,0.0379,102.100
muon_moonlight,0.01,43,22,2150,0.008900,99.8900,0.0232,104.500
muon_moonlight,0.01,43,22,2200,0.008300,99.8900,0.0120,106.600
muon_moonlight,0.01,43,23,2250,0.009100,99.8100,0.0045,109.100
muon_moonlight,0.01,43,23,2300,0.008200,99.8900,0.0006,111.200
muon_moonlight,0.01,44,0,50,1.938300,34.3300,0.1000,6.400
muon_moonlight,0.01,44,1,100,0.885500,70.3800,0.2000,9.000
muon_moonlight,0.01,44,1,150,0.758500,75.4100,0.3000,11.100
muon_moonlight,0.01,44,2,200,0.560700,83.1100,0.4000,13.700
muon_moonlight,0.01,44,2,250,0.518300,83.3300,0.5000,15.800
muon_moonlight,0.01,44,3,300,0.430800,85.9400,0.6000,18.300
muon_moonlight,0.01,44,3,350,0.416100,86.3100,0.7000,20.400
muon_moonlight,0.01,44,4,400,0.368400,88.0400,0.8000,23.000
muon_moonlight,0.01,44,4,450,0.355900,88.3500,0.9000,25.100
muon_moonlight,0.01,44,5,500,0.305300,90.0700,1.0000,27.600
muon_moonlight,0.01,44,5,550,0.305700,89.9100,0.9982,29.700
muon_moonlight,0.01,44,6,600,0.245900,92.0200,0.9926,32.200
muon_moonlight,0.01,44,6,650,0.249300,91.7800,0.9835,34.300
muon_moonlight,0.01,44,7,700,0.204600,93.4400,0.9708,36.800
muon_moonlight,0.01,44,7,750,0.213000,93.0300,0.9546,38.900
muon_moonlight,0.01,44,8,800,0.170100,94.4900,0.9350,41.400
muon_moonlight,0.01,44,8,850,0.172400,94.4300,0.9122,43.500
muon_moonlight,0.01,44,9,900,0.146700,95.3600,0.8864,46.000
muon_moonlight,0.01,44,9,950,0.148000,95.2000,0.8578,48.100
muon_moonlight,0.01,44,10,1000,0.120300,96.2200,0.8265,50.600
muon_moonlight,0.01,44,10,1050,0.122900,96.0800,0.7928,52.700
muon_moonlight,0.01,44,11,1100,0.097700,97.1000,0.7569,55.200
muon_moonlight,0.01,44,11,1150,0.099700,96.9000,0.7192,57.300
muon_moonlight,0.01,44,12,1200,0.085900,97.4600,0.6798,59.800
muon_moonlight,0.01,44,12,1250,0.085700,97.4000,0.6391,61.900
muon_moonlight,0.01,44,13,1300,0.064300,98.1500,0.5973,64.400
muon_moonlight,0.01,44,13,1350,0.065800,98.0500,0.5549,66.500
muon_moonlight,0.01,44,14,1400,0.052700,98.4500,0.5120,69.100
muon_moonlight,0.01,44,14,1450,0.053900,98.4000,0.4691,71.100
muon_moonlight,0.01,44,15,1500,0.040100,98.9500,0.4264,73.600
muon_moonlight,0.01,44,15,1550,0.040400,98.9300,0.3842,75.700
muon_moonlight,0.01,44,16,1600,0.030900,99.1700,0.3429,79.100
muon_moonlight,0.01,44,17,1650,0.032500,99.0200,0.3027,81.700
muon_moonlight,0.01,44,17,1700,0.023400,99.4500,0.2640,83.700
muon_moonlight,0.01,44,18,1750,0.016300,99.7100,0.2271,86.200
muon_moonlight,0.01,44,18,1800,0.019700,99.5100,0.1921,88.300
muon_moonlight,0.01,44,19,1850,0.014600,99.6100,0.1594,90.700
muon_moonlight,0.01,44,19,1900,0.014800,99.7100,0.1293,92.800
muon_moonlight,0.01,44,20,1950,0.010600,99.8800,0.1018,95.300
muon_moonlight,0.01,44,20,2000,0.010900,99.8100,0.0774,97.400
muon_moonlight,0.01,44,21,2050,0.009200,99.8500,0.0560,99.900
muon_moonlight,0.01,44,21,2100,0.009500,99.8500,0.0379,102.000
muon_moonlight,0.01,44,22,2150,0.007900,99.8800,0.0232,104.500
muon_moonlight,0.01,44,22,2200,0.008000,99.9100,0.0120,106.500
muon_moonlight,0.01,44,23,2250,0.007500,99.9300,0.0045,109.000
muon_moonlight,0.01,44,23,2300,0.007800,99.9100,0.0006,111.100
muon_moonlight,0.02,42,0,50,1.764200,41.6300,0.1000,5.400
muon_moonlight,0.02,42,1,100,0.791900,74.2200,0.2000,7.600
muon_moonlight,0.02,42,1,150,0.700200,77.6000,0.3000,9.200
muon_moonlight,0.02,42,2,200,0.514300,84.2400,0.4000,11.300
muon_moonlight,0.02,42,2,250,0.501000,83.8800,0.5000,12.900
muon_moonlight,0.02,42,3,300,0.412000,86.8500,0.6000,15.000
muon_moonlight,0.02,42,3,350,0.411900,86.6700,0.7000,16.700
muon_moonlight,0.02,42,4,400,0.356600,88.6400,0.8000,18.800
muon_moonlight,0.02,42,4,450,0.347700,88.5100,0.9000,20.500
muon_moonlight,0.02,42,5,500,0.300800,90.1600,1.0000,22.600
muon_moonlight,0.02,42,5,550,0.306200,89.8800,0.9982,24.300
muon_moonlight,0.02,42,6,600,0.261200,91.4500,0.9926,26.400
muon_moonlight,0.02,42,6,650,0.259700,91.4000,0.9835,28.100
muon_moonlight,0.02,42,7,700,0.193200,93.6900,0.9708,30.200
muon_moonlight,0.02,42,7,750,0.209200,93.1900,0.9546,31.900
muon_moonlight,0.02,42,8,800,0.168400,94.5200,0.9350,34.000
muon_moonlight,0.02,42,8,850,0.171500,94.3900,0.9122,35.700
muon_moonlight,0.02,42,9,900,0.143300,95.3600,0.8864,37.700
muon_moonlight,0.02,42,9,950,0.146700,95.2300,0.8578,39.400
muon_moonlight,0.02,42,10,1000,0.115800,96.4400,0.8265,41.500
muon_moonlight,0.02,42,10,1050,0.120600,96.1300,0.7928,43.400
muon_moonlight,0.02,42,11,1100,0.096400,97.0500,0.7569,45.600
muon_moonlight,0.02,42,11,1150,0.100300,96.7900,0.7192,47.300
muon_moonlight,0.02,42,12,1200,0.078400,97.6300,0.6798,49.400
muon_moonlight,0.02,42,12,1250,0.080600,97.5200,0.6391,51.100
muon_moonlight,0.02,42,13,1300,0.062700,98.1500,0.5973,53.200
muon_moonlight,0.02,42,13,1350,0.064700,97.9500,0.5549,54.900
muon_moonlight,0.02,42,14,1400,0.052600,98.4200,0.5120,57.000
muon_moonlight,0.02,42,14,1450,0.051600,98.5100,0.4691,58.700
muon_moonlight,0.02,42,15,1500,0.043300,98.7700,0.4264,60.900
muon_moonlight,0.02,42,15,1550,0.042800,98.7400,0.3842,62.500
muon_moonlight,0.02,42,16,1600,0.029800,99.3600,0.3429,64.600
muon_moonlight,0.02,42,17,1650,0.017900,99.8000,0.3027,66.800
muon_moonlight,0.02,42,17,1700,0.024100,99.4200,0.2640,68.500
muon_moonlight,0.02,42,18,1750,0.027200,99.2700,0.2271,70.600
muon_moonlight,0.02,42,18,1800,0.018400,99.6200,0.1921,72.300
muon_moonlight,0.02,42,19,1850,0.012400,99.8300,0.1594,74.400
muon_moonlight,0.02,42,19,1900,0.014600,99.7000,0.1293,76.000
muon_moonlight,0.02,42,20,1950,0.012300,99.7500,0.1018,78.100
muon_moonlight,0.02,42,20,2000,0.010700,99.8200,0.0774,79.800
muon_moonlight,0.02,42,21,2050,0.008600,99.9100,0.0560,81.900
muon_moonlight,0.02,42,21,2100,0.008400,99.9100,0.0379,83.500
muon_moonlight,0.02,42,22,2150,0.007500,99.8900,0.0232,85.600
muon_moonlight,0.02,42,22,2200,0.008000,99.8900,0.0120,87.300
muon_moonlight,0.02,42,23,2250,0.007600,99.8800,0.0045,89.400
muon_moonlight,0.02,42,23,2300,0.007300,99.9100,0.0006,91.100
muon_moonlight,0.02,43,0,50,1.799800,38.7600,0.1000,5.400
muon_moonlight,0.02,43,1,100,0.772600,75.4600,0.2000,7.600
muon_moonlight,0.02,43,1,150,0.720300,76.9200,0.3000,9.200
muon_moonlight,0.02,43,2,200,0.521700,84.1800,0.4000,11.300
muon_moonlight,0.02,43,2,250,0.515200,83.3800,0.5000,12.900
muon_moonlight,0.02,43,3,300,0.400800,87.1700,0.6000,15.000
muon_moonlight,0.02,43,3,350,0.416600,86.4200,0.7000,16.600
muon_moonlight,0.02,43,4,400,0.350500,88.5100,0.8000,18.700
muon_moonlight,0.02,43,4,450,0.357800,88.1400,0.9000,20.400
muon_moonlight,0.02,43,5,500,0.317400,89.5300,1.0000,22.500
muon_moonlight,0.02,43,5,550,0.314200,89.6500,0.9982,24.100
muon_moonlight,0.02,43,6,600,0.251600,91.9500,0.9926,26.200
muon_moonlight,0.02,43,6,650,0.250400,91.8300,0.9835,27.800
muon_moonlight,0.02,43,7,700,0.199400,93.7000,0.9708,30.000
muon_moonlight,0.02,43,7,750,0.209600,93.0800,0.9546,31.600
muon_moonlight,0.02,43,8,800,0.172900,94.5700,0.9350,33.700
muon_moonlight,0.02,43,8,850,0.176800,94.2200,0.9122,35.300
muon_moonlight,0.02,43,9,900,0.151300,94.9700,0.8864,37.400
muon_moonlight,0.02,43,9,950,0.153800,94.9900,0.8578,39.100
muon_moonlight,0.02,43,10,1000,0.124600,96.0700,0.8265,41.100
muon_moonlight,0.02,43,10,1050,0.125700,95.8400,0.7928,42.900
muon_moonlight,0.02,43,11,1100,0.100400,96.8600,0.7569,45.100
muon_moonlight,0.02,43,11,1150,0.103400,96.6900,0.7192,46.800
muon_moonlight,0.02,43,12,1200,0.080800,97.5400,0.6798,48.800
muon_moonlight,0.02,43,12,1250,0.082400,97.5100,0.6391,50.500
muon_moonlight,0.02,43,13,1300,0.063400,98.2000,0.5973,52.600
muon_moonlight,0.02,43,13,1350,0.065600,98.0200,0.5549,54.300
muon_moonlight,0.02,43,14,1400,0.053600,98.5200,0.5120,56.400
muon_moonlight,0.02,43,14,1450,0.052600,98.5300,0.4691,58.000
muon_moonlight,0.02,43,15,1500,0.039900,99.0000,0.4264,60.100
muon_moonlight,0.02,43,15,1550,0.040400,98.9400,0.3842,61.800
muon_moonlight,0.02,43,16,1600,0.032300,99.2100,0.3429,63.800
muon_moonlight,0.02,43,17,1650,0.021300,99.6100,0.3027,66.000
muon_moonlight,0.02,43,17,1700,0.023400,99.4400,0.2640,67.600
muon_moonlight,0.02,43,18,1750,0.016300,99.9000,0.2271,69.700
muon_moonlight,0.02,43,18,1800,0.018200,99.6700,0.1921,71.400
muon_moonlight,0.02,43,19,1850,0.016800,99.6100,0.1594,73.500
muon_moonlight,0.02,43,19,1900,0.014000,99.7200,0.1293,75.100
muon_moonlight,0.02,43,20,1950,0.010300,99.8800,0.1018,77.200
muon_moonlight,0.02,43,20,2000,0.011400,99.8000,0.0774,78.800
muon_moonlight,0.02,43,21,2050,0.010700,99.8500,0.0560,81.000
muon_moonlight,0.02,43,21,2100,0.009800,99.8500,0.0379,82.600
muon_moonlight,0.02,43,22,2150,0.009000,99.8800,0.0232,84.700
muon_moonlight,0.02,43,22,2200,0.008600,99.8800,0.0120,86.400
muon_moonlight,0.02,43,23,2250,0.008600,99.8500,0.0045,88.400
muon_moonlight,0.02,43,23,2300,0.007900,99.8800,0.0006,90.100
muon_moonlight,0.02,44,0,50,1.784600,39.5700,0.1000,6.300
muon_moonlight,0.02,44,1,100,0.817100,73.8900,0.2000,8.900
muon_moonlight,0.02,44,1,150,0.705600,77.3700,0.3000,11.000
muon_moonlight,0.02,44,2,200,0.539800,83.3300,0.4000,14.500
muon_moonlight,0.02,44,2,250,0.499600,84.0600,0.5000,16.500
muon_moonlight,0.02,44,3,300,0.427200,86.2800,0.6000,19.100
muon_moonlight,0.02,44,3,350,0.408800,86.6600,0.7000,21.200
muon_moonlight,0.02,44,4,400,0.355500,88.5100,0.8000,23.700
muon_moonlight,0.02,44,4,450,0.348400,88.6000,0.9000,25.800
muon_moonlight,0.02,44,5,500,0.310400,90.0800,1.0000,28.300
muon_moonlight,0.02,44,5,550,0.305600,89.9800,0.9982,30.400
muon_moonlight,0.02,44,6,600,0.253500,91.5400,0.9926,32.900
muon_moonlight,0.02,44,6,650,0.251000,91.6900,0.9835,35.000
muon_moonlight,0.02,44,7,700,0.201000,93.5000,0.9708,37.500
muon_moonlight,0.02,44,7,750,0.210800,93.1200,0.9546,39.600
muon_moonlight,0.02,44,8,800,0.171500,94.4000,0.9350,42.100
muon_moonlight,0.02,44,8,850,0.171300,94.3900,0.9122,44.300
muon_moonlight,0.02,44,9,900,0.143400,95.4000,0.8864,46.800
muon_moonlight,0.02,44,9,950,0.145700,95.3400,0.8578,48.900
muon_moonlight,0.02,44,10,1000,0.124300,95.9500,0.8265,51.300
muon_moonlight,0.02,44,10,1050,0.124200,95.9400,0.7928,53.400
muon_moonlight,0.02,44,11,1100,0.096900,96.9800,0.7569,55.800
muon_moonlight,0.02,44,11,1150,0.098700,96.9200,0.7192,57.900
muon_moonlight,0.02,44,12,1200,0.080000,97.5300,0.6798,60.400
muon_moonlight,0.02,44,12,1250,0.082100,97.4400,0.6391,62.500
muon_moonlight,0.02,44,13,1300,0.066400,98.1100,0.5973,64.900
muon_moonlight,0.02,44,13,1350,0.065100,98.0800,0.5549,67.000
muon_moonlight,0.02,44,14,1400,0.051200,98.5200,0.5120,69.600
muon_moonlight,0.02,44,14,1450,0.052700,98.4600,0.4691,71.700
muon_moonlight,0.02,44,15,1500,0.041200,98.8500,0.4264,74.200
muon_moonlight,0.02,44,15,1550,0.040800,98.8500,0.3842,76.200
muon_moonlight,0.02,44,16,1600,0.032700,99.1500,0.3429,78.700
muon_moonlight,0.02,44,17,1650,0.039100,98.6300,0.3027,81.200
muon_moonlight,0.02,44,17,1700,0.024200,99.4100,0.2640,83.300
muon_moonlight,0.02,44,18,1750,0.017100,99.7100,0.2271,85.800
muon_moonlight,0.02,44,18,1800,0.020000,99.5600,0.1921,87.900
muon_moonlight,0.02,44,19,1850,0.013000,99.7500,0.1594,90.400
muon_moonlight,0.02,44,19,1900,0.014000,99.7300,0.1293,92.500
muon_moonlight,0.02,44,20,1950,0.010000,99.8600,0.1018,95.000
muon_moonlight,0.02,44,20,2000,0.010700,99.8300,0.0774,97.100
muon_moonlight,0.02,44,21,2050,0.010100,99.8300,0.0560,99.600
muon_moonlight,0.02,44,21,2100,0.010000,99.8400,0.0379,101.700
muon_moonlight,0.02,44,22,2150,0.008000,99.8900,0.0232,104.200
muon_moonlight,0.02,44,22,2200,0.008400,99.8800,0.0120,106.300
muon_moonlight,0.02,44,23,2250,0.007100,99.9400,0.0045,108.800
muon_moonlight,0.02,44,23,2300,0.007000,99.9400,0.0006,110.900
muon_moonlight,0.04,42,0,50,1.615300,46.4000,0.1000,6.200
muon_moonlight,0.04,42,1,100,0.751100,75.4600,0.2000,8.900
muon_moonlight,0.04,42,1,150,0.671900,78.6300,0.3000,10.900
muon_moonlight,0.04,42,2,200,0.502600,83.7600,0.4000,14.400
muon_moonlight,0.04,42,2,250,0.489300,84.2800,0.5000,16.500
muon_moonlight,0.04,42,3,300,0.402000,87.6100,0.6000,19.000
muon_moonlight,0.04,42,3,350,0.407200,86.8000,0.7000,21.100
muon_moonlight,0.04,42,4,400,0.358400,88.4900,0.8000,23.700
muon_moonlight,0.04,42,4,450,0.347100,88.6400,0.9000,25.800
muon_moonlight,0.04,42,5,500,0.298800,90.4400,1.0000,28.300
muon_moonlight,0.04,42,5,550,0.302900,90.1100,0.9982,30.400
muon_moonlight,0.04,42,6,600,0.257900,91.6600,0.9926,32.900
muon_moonlight,0.04,42,6,650,0.255100,91.5200,0.9835,35.000
muon_moonlight,0.04,42,7,700,0.194100,93.8300,0.9708,37.500
muon_moonlight,0.04,42,7,750,0.205100,93.3500,0.9546,39.600
muon_moonlight,0.04,42,8,800,0.171800,94.2300,0.9350,42.100
muon_moonlight,0.04,42,8,850,0.172100,94.3300,0.9122,44.200
muon_moonlight,0.04,42,9,900,0.138600,95.6700,0.8864,46.700
muon_moonlight,0.04,42,9,950,0.143600,95.2600,0.8578,48.900
muon_moonlight,0.04,42,10,1000,0.116700,96.2400,0.8265,51.300
muon_moonlight,0.04,42,10,1050,0.120900,96.0900,0.7928,53.400
muon_moonlight,0.04,42,11,1100,0.097700,97.0200,0.7569,56.000
muon_moonlight,0.04,42,11,1150,0.101500,96.7700,0.7192,58.100
muon_moonlight,0.04,42,12,1200,0.080100,97.6000,0.6798,60.400
muon_moonlight,0.04,42,12,1250,0.082100,97.4200,0.6391,62.600
muon_moonlight,0.04,42,13,1300,0.063400,98.0500,0.5973,65.000
muon_moonlight,0.04,42,13,1350,0.062900,98.0600,0.5549,67.100
muon_moonlight,0.04,42,14,1400,0.051400,98.6100,0.5120,69.600
muon_moonlight,0.04,42,14,1450,0.051400,98.5400,0.4691,71.700
muon_moonlight,0.04,42,15,1500,0.041300,98.8900,0.4264,74.100
muon_moonlight,0.04,42,15,1550,0.041400,98.8500,0.3842,76.200
muon_moonlight,0.04,42,16,1600,0.031100,99.1900,0.3429,78.700
muon_moonlight,0.04,42,17,1650,0.017900,99.8000,0.3027,81.200
muon_moonlight,0.04,42,17,1700,0.022600,99.5200,0.2640,83.300
muon_moonlight,0.04,42,18,1750,0.019700,99.3200,0.2271,85.800
muon_moonlight,0.04,42,18,1800,0.018000,99.5800,0.1921,87.800
muon_moonlight,0.04,42,19,1850,0.017200,99.6400,0.1594,90.300
muon_moonlight,0.04,42,19,1900,0.014700,99.7100,0.1293,92.500
muon_moonlight,0.04,42,20,1950,0.012100,99.8000,0.1018,95.000
muon_moonlight,0.04,42,20,2000,0.010700,99.8200,0.0774,97.000
muon_moonlight,0.04,42,21,2050,0.008900,99.8600,0.0560,99.500
muon_moonlight,0.04,42,21,2100,0.009000,99.8600,0.0379,101.600
muon_moonlight,0.04,42,22,2150,0.008000,99.8900,0.0232,104.200
muon_moonlight,0.04,42,22,2200,0.007900,99.8900,0.0120,106.200
muon_moonlight,0.04,42,23,2250,0.007200,99.9400,0.0045,108.700
muon_moonlight,0.04,42,23,2300,0.007400,99.9200,0.0006,110.900
muon_moonlight,0.04,43,0,50,1.654400,43.9100,0.1000,5.600
muon_moonlight,0.04,43,1,100,0.726700,77.8600,0.2000,7.800
muon_moonlight,0.04,43,1,150,0.690400,78.1400,0.3000,9.400
muon_moonlight,0.04,43,2,200,0.517800,83.9800,0.4000,11.500
muon_moonlight,0.04,43,2,250,0.505700,83.7100,0.5000,13.100
muon_moonlight,0.04,43,3,300,0.402500,87.2600,0.6000,15.200
muon_moonlight,0.04,43,3,350,0.414500,86.4500,0.7000,16.800
muon_moonlight,0.04,43,4,400,0.354800,88.4800,0.8000,18.800
muon_moonlight,0.04,43,4,450,0.354600,88.2800,0.9000,20.500
muon_moonlight,0.04,43,5,500,0.319100,89.4700,1.0000,22.600
muon_moonlight,0.04,43,5,550,0.315500,89.5800,0.9982,24.200
muon_moonlight,0.04,43,6,600,0.252000,91.5900,0.9926,26.300
muon_moonlight,0.04,43,6,650,0.251100,91.7300,0.9835,27.900
muon_moonlight,0.04,43,7,700,0.204200,93.3800,0.9708,30.000
muon_moonlight,0.04,43,7,750,0.211700,92.9300,0.9546,31.600
muon_moonlight,0.04,43,8,800,0.171900,94.4100,0.9350,33.600
muon_moonlight,0.04,43,8,850,0.180000,94.0900,0.9122,35.300
muon_moonlight,0.04,43,9,900,0.150700,95.1000,0.8864,37.300
muon_moonlight,0.04,43,9,950,0.152700,94.9900,0.8578,39.000
muon_moonlight,0.04,43,10,1000,0.123300,96.3200,0.8265,41.100
muon_moonlight,0.04,43,10,1050,0.125100,96.0900,0.7928,42.800
muon_moonlight,0.04,43,11,1100,0.099800,96.8900,0.7569,45.100
muon_moonlight,0.04,43,11,1150,0.103200,96.7500,0.7192,46.700
muon_moonlight,0.04,43,12,1200,0.081400,97.5900,0.6798,48.700
muon_moonlight,0.04,43,12,1250,0.083400,97.4600,0.6391,50.500
muon_moonlight,0.04,43,13,1300,0.063300,98.1000,0.5973,52.500
muon_moonlight,0.04,43,13,1350,0.065500,98.0300,0.5549,54.200
muon_moonlight,0.04,43,14,1400,0.057300,98.2000,0.5120,56.300
muon_moonlight,0.04,43,14,1450,0.054900,98.3800,0.4691,58.000
muon_moonlight,0.04,43,15,1500,0.041000,98.8400,0.4264,60.100
muon_moonlight,0.04,43,15,1550,0.040400,98.8700,0.3842,61.800
muon_moonlight,0.04,43,16,1600,0.032500,99.1200,0.3429,63.800
muon_moonlight,0.04,43,17,1650,0.024300,99.2200,0.3027,65.900
muon_moonlight,0.04,43,17,1700,0.023700,99.4400,0.2640,67.600
muon_moonlight,0.04,43,18,1750,0.018700,99.7100,0.2271,69.600
muon_moonlight,0.04,43,18,1800,0.018100,99.6200,0.1921,71.300
muon_moonlight,0.04,43,19,1850,0.015100,99.6100,0.1594,73.400
muon_moonlight,0.04,43,19,1900,0.014200,99.7000,0.1293,75.100
muon_moonlight,0.04,43,20,1950,0.011900,99.7300,0.1018,77.200
muon_moonlight,0.04,43,20,2000,0.012000,99.7900,0.0774,78.800
muon_moonlight,0.04,43,21,2050,0.009900,99.8600,0.0560,81.000
muon_moonlight,0.04,43,21,2100,0.009400,99.8700,0.0379,82.600
muon_moonlight,0.04,43,22,2150,0.008300,99.9500,0.0232,84.700
muon_moonlight,0.04,43,22,2200,0.008400,99.8800,0.0120,86.500
muon_moonlight,0.04,43,23,2250,0.008100,99.9100,0.0045,88.500
muon_moonlight,0.04,43,23,2300,0.008300,99.8700,0.0006,90.300
muon_moonlight,0.04,44,0,50,1.644000,44.3700,0.1000,5.700
muon_moonlight,0.04,44,1,100,0.772200,76.0400,0.2000,7.800
muon_moonlight,0.04,44,1,150,0.674400,78.4300,0.3000,9.400
muon_moonlight,0.04,44,2,200,0.527200,83.6900,0.4000,11.500
muon_moonlight,0.04,44,2,250,0.490700,84.3400,0.5000,13.100
muon_moonlight,0.04,44,3,300,0.415800,86.7800,0.6000,15.300
muon_moonlight,0.04,44,3,350,0.402200,86.9500,0.7000,16.900
muon_moonlight,0.04,44,4,400,0.359600,88.4600,0.8000,18.900
muon_moonlight,0.04,44,4,450,0.348500,88.3600,0.9000,20.600
muon_moonlight,0.04,44,5,500,0.302200,90.3300,1.0000,22.700
muon_moonlight,0.04,44,5,550,0.301200,90.1200,0.9982,24.400
muon_moonlight,0.04,44,6,600,0.253300,91.9600,0.9926,26.500
muon_moonlight,0.04,44,6,650,0.250500,91.9300,0.9835,28.200
muon_moonlight,0.04,44,7,700,0.207500,93.0700,0.9708,30.300
muon_moonlight,0.04,44,7,750,0.209500,93.0900,0.9546,31.900
muon_moonlight,0.04,44,8,800,0.174600,94.4400,0.9350,34.000
muon_moonlight,0.04,44,8,850,0.173200,94.2900,0.9122,35.700
muon_moonlight,0.04,44,9,900,0.145700,95.3300,0.8864,37.700
muon_moonlight,0.04,44,9,950,0.146100,95.1800,0.8578,39.400
muon_moonlight,0.04,44,10,1000,0.118800,96.4300,0.8265,41.500
muon_moonlight,0.04,44,10,1050,0.123700,96.0700,0.7928,43.400
muon_moonlight,0.04,44,11,1100,0.101800,96.8800,0.7569,45.600
muon_moonlight,0.04,44,11,1150,0.102600,96.7700,0.7192,47.300
muon_moonlight,0.04,44,12,1200,0.085000,97.4100,0.6798,49.300
muon_moonlight,0.04,44,12,1250,0.084000,97.4500,0.6391,51.100
muon_moonlight,0.04,44,13,1300,0.067100,98.0100,0.5973,53.200
muon_moonlight,0.04,44,13,1350,0.066300,98.0000,0.5549,54.900
muon_moonlight,0.04,44,14,1400,0.050300,98.6800,0.5120,57.000
muon_moonlight,0.04,44,14,1450,0.051700,98.5700,0.4691,58.600
muon_moonlight,0.04,44,15,1500,0.039800,98.8900,0.4264,60.700
muon_moonlight,0.04,44,15,1550,0.039500,98.9000,0.3842,62.300
muon_moonlight,0.04,44,16,1600,0.029500,99.2900,0.3429,64.400
muon_moonlight,0.04,44,17,1650,0.035800,98.6300,0.3027,66.500
muon_moonlight,0.04,44,17,1700,0.023300,99.4600,0.2640,68.100
muon_moonlight,0.04,44,18,1750,0.019700,99.5100,0.2271,70.200
muon_moonlight,0.04,44,18,1800,0.019800,99.5200,0.1921,71.900
muon_moonlight,0.04,44,19,1850,0.014100,99.7800,0.1594,73.900
muon_moonlight,0.04,44,19,1900,0.014200,99.7300,0.1293,75.600
muon_moonlight,0.04,44,20,1950,0.010800,99.7300,0.1018,77.600
muon_moonlight,0.04,44,20,2000,0.011000,99.7900,0.0774,79.300
muon_moonlight,0.04,44,21,2050,0.008600,99.9200,0.0560,81.500
muon_moonlight,0.04,44,21,2100,0.009600,99.8500,0.0379,83.100
muon_moonlight,0.04,44,22,2150,0.007000,99.9300,0.0232,85.200
muon_moonlight,0.04,44,22,2200,0.008200,99.8800,0.0120,86.900
muon_moonlight,0.04,44,23,2250,0.007200,99.9100,0.0045,89.000
muon_moonlight,0.04,44,23,2300,0.007500,99.9200,0.0006,90.600
orscale_muon,0.005,42,0,50,2.287100,15.1500,0.1000,5.800
orscale_muon,0.005,42,1,100,2.048000,39.1900,0.2000,7.900
orscale_muon,0.005,42,1,150,1.886100,41.5900,0.3000,9.600
orscale_muon,0.005,42,2,200,1.350800,55.7000,0.4000,11.700
orscale_muon,0.005,42,2,250,1.199500,59.4400,0.5000,13.300
orscale_muon,0.005,42,3,300,0.843500,71.9600,0.6000,15.400
orscale_muon,0.005,42,3,350,0.789500,72.9200,0.7000,17.100
orscale_muon,0.005,42,4,400,0.618600,78.7100,0.8000,19.100
orscale_muon,0.005,42,4,450,0.580000,80.4000,0.9000,20.800
orscale_muon,0.005,42,5,500,0.466100,84.3400,1.0000,22.800
orscale_muon,0.005,42,5,550,0.457700,84.6600,0.9982,24.500
orscale_muon,0.005,42,6,600,0.380700,87.7300,0.9926,26.600
orscale_muon,0.005,42,6,650,0.371900,87.6300,0.9835,28.200
orscale_muon,0.005,42,7,700,0.294900,90.2700,0.9708,30.300
orscale_muon,0.005,42,7,750,0.304100,89.9800,0.9546,31.900
orscale_muon,0.005,42,8,800,0.260900,91.3000,0.9350,34.000
orscale_muon,0.005,42,8,850,0.255500,91.6000,0.9122,35.700
orscale_muon,0.005,42,9,900,0.208000,93.3700,0.8864,37.700
orscale_muon,0.005,42,9,950,0.219200,92.8200,0.8578,39.400
orscale_muon,0.005,42,10,1000,0.175500,94.5100,0.8265,41.400
orscale_muon,0.005,42,10,1050,0.184000,94.0500,0.7928,43.200
orscale_muon,0.005,42,11,1100,0.149600,95.4000,0.7569,45.600
orscale_muon,0.005,42,11,1150,0.155200,95.0900,0.7192,47.300
orscale_muon,0.005,42,12,1200,0.125000,96.1400,0.6798,49.300
orscale_muon,0.005,42,12,1250,0.128900,95.9000,0.6391,51.000
orscale_muon,0.005,42,13,1300,0.104400,96.8900,0.5973,53.100
orscale_muon,0.005,42,13,1350,0.108300,96.7000,0.5549,54.800
orscale_muon,0.005,42,14,1400,0.088400,97.4200,0.5120,56.900
orscale_muon,0.005,42,14,1450,0.088200,97.3700,0.4691,58.500
orscale_muon,0.005,42,15,1500,0.073300,97.8900,0.4264,60.700
orscale_muon,0.005,42,15,1550,0.073600,97.8500,0.3842,62.300
orscale_muon,0.005,42,16,1600,0.056600,98.4400,0.3429,64.500
orscale_muon,0.005,42,17,1650,0.039500,99.2200,0.3027,66.600
orscale_muon,0.005,42,17,1700,0.046100,98.8500,0.2640,68.300
orscale_muon,0.005,42,18,1750,0.037000,99.1200,0.2271,70.300
orscale_muon,0.005,42,18,1800,0.036500,99.1800,0.1921,72.000
orscale_muon,0.005,42,19,1850,0.028600,99.4100,0.1594,74.100
orscale_muon,0.005,42,19,1900,0.029200,99.4500,0.1293,75.800
orscale_muon,0.005,42,20,1950,0.024800,99.6300,0.1018,77.900
orscale_muon,0.005,42,20,2000,0.024100,99.5500,0.0774,79.500
orscale_muon,0.005,42,21,2050,0.020300,99.6800,0.0560,81.700
orscale_muon,0.005,42,21,2100,0.020400,99.6900,0.0379,83.300
orscale_muon,0.005,42,22,2150,0.017600,99.7100,0.0232,85.400
orscale_muon,0.005,42,22,2200,0.019000,99.7000,0.0120,87.100
orscale_muon,0.005,42,23,2250,0.016800,99.7800,0.0045,89.200
orscale_muon,0.005,42,23,2300,0.017600,99.7300,0.0006,90.900
orscale_muon,0.005,43,0,50,2.305900,12.0700,0.1000,5.800
orscale_muon,0.005,43,1,100,2.067900,39.1300,0.2000,7.900
orscale_muon,0.005,43,1,150,1.914100,40.7400,0.3000,9.600
orscale_muon,0.005,43,2,200,1.377500,53.4200,0.4000,11.700
orscale_muon,0.005,43,2,250,1.234600,58.0300,0.5000,13.300
orscale_muon,0.005,43,3,300,0.869700,70.3300,0.6000,15.400
orscale_muon,0.005,43,3,350,0.801900,72.7400,0.7000,17.000
orscale_muon,0.005,43,4,400,0.623000,79.3100,0.8000,19.100
orscale_muon,0.005,43,4,450,0.588700,80.2500,0.9000,20.700
orscale_muon,0.005,43,5,500,0.488400,83.4600,1.0000,22.800
orscale_muon,0.005,43,5,550,0.465200,84.1300,0.9982,24.500
orscale_muon,0.005,43,6,600,0.366700,88.3400,0.9926,26.500
orscale_muon,0.005,43,6,650,0.364900,88.0500,0.9835,28.100
orscale_muon,0.005,43,7,700,0.302000,89.8100,0.9708,30.200
orscale_muon,0.005,43,7,750,0.309300,89.5700,0.9546,31.900
orscale_muon,0.005,43,8,800,0.255900,91.6400,0.9350,33.900
orscale_muon,0.005,43,8,850,0.259800,91.3000,0.9122,35.600
orscale_muon,0.005,43,9,900,0.225300,92.3800,0.8864,37.600
orscale_muon,0.005,43,9,950,0.226500,92.5400,0.8578,39.300
orscale_muon,0.005,43,10,1000,0.186500,94.0100,0.8265,41.300
orscale_muon,0.005,43,10,1050,0.187700,93.9600,0.7928,43.100
orscale_muon,0.005,43,11,1100,0.154800,94.9300,0.7569,45.400
orscale_muon,0.005,43,11,1150,0.157500,94.8300,0.7192,47.100
orscale_muon,0.005,43,12,1200,0.126300,96.1500,0.6798,49.100
orscale_muon,0.005,43,12,1250,0.130700,95.9300,0.6391,50.800
orscale_muon,0.005,43,13,1300,0.108100,96.7400,0.5973,52.900
orscale_muon,0.005,43,13,1350,0.107800,96.7200,0.5549,54.600
orscale_muon,0.005,43,14,1400,0.090900,97.2700,0.5120,56.700
orscale_muon,0.005,43,14,1450,0.088900,97.3200,0.4691,58.300
orscale_muon,0.005,43,15,1500,0.070900,98.0100,0.4264,60.500
orscale_muon,0.005,43,15,1550,0.070700,97.9600,0.3842,62.200
orscale_muon,0.005,43,16,1600,0.059400,98.4300,0.3429,64.300
orscale_muon,0.005,43,17,1650,0.045800,98.6300,0.3027,66.500
orscale_muon,0.005,43,17,1700,0.045700,98.8800,0.2640,68.200
orscale_muon,0.005,43,18,1750,0.037400,99.0700,0.2271,70.300
orscale_muon,0.005,43,18,1800,0.036400,99.0900,0.1921,72.000
orscale_muon,0.005,43,19,1850,0.027100,99.3900,0.1594,74.100
orscale_muon,0.005,43,19,1900,0.027800,99.4200,0.1293,75.800
orscale_muon,0.005,43,20,1950,0.023100,99.5700,0.1018,77.800
orscale_muon,0.005,43,20,2000,0.025100,99.5100,0.0774,79.400
orscale_muon,0.005,43,21,2050,0.022900,99.5900,0.0560,81.600
orscale_muon,0.005,43,21,2100,0.021000,99.6300,0.0379,83.200
orscale_muon,0.005,43,22,2150,0.018900,99.7600,0.0232,85.300
orscale_muon,0.005,43,22,2200,0.018900,99.7100,0.0120,87.000
orscale_muon,0.005,43,23,2250,0.019200,99.7100,0.0045,89.100
orscale_muon,0.005,43,23,2300,0.018700,99.7300,0.0006,90.700
orscale_muon,0.005,44,0,50,2.296800,12.5000,0.1000,5.400
orscale_muon,0.005,44,1,100,2.067500,37.4300,0.2000,7.500
orscale_muon,0.005,44,1,150,1.901200,41.3000,0.3000,9.200
orscale_muon,0.005,44,2,200,1.369200,54.2300,0.4000,11.200
orscale_muon,0.005,44,2,250,1.206500,58.9400,0.5000,12.900
orscale_muon,0.005,44,3,300,0.873500,69.6600,0.6000,15.000
orscale_muon,0.005,44,3,350,0.803000,72.3600,0.7000,16.600
orscale_muon,0.005,44,4,400,0.617600,79.4400,0.8000,18.600
orscale_muon,0.005,44,4,450,0.581300,80.4200,0.9000,20.300
orscale_muon,0.005,44,5,500,0.475400,84.4400,1.0000,22.400
orscale_muon,0.005,44,5,550,0.456400,84.8200,0.9982,24.000
orscale_muon,0.005,44,6,600,0.373900,87.4100,0.9926,26.100
orscale_muon,0.005,44,6,650,0.364700,87.8500,0.9835,27.700
orscale_muon,0.005,44,7,700,0.299900,89.9000,0.9708,29.800
orscale_muon,0.005,44,7,750,0.302700,89.9000,0.9546,31.400
orscale_muon,0.005,44,8,800,0.250200,91.9000,0.9350,33.400
orscale_muon,0.005,44,8,850,0.249800,91.7100,0.9122,35.000
orscale_muon,0.005,44,9,900,0.214800,93.1400,0.8864,37.100
orscale_muon,0.005,44,9,950,0.217100,93.0000,0.8578,38.800
orscale_muon,0.005,44,10,1000,0.175900,94.4500,0.8265,40.900
orscale_muon,0.005,44,10,1050,0.183300,94.0600,0.7928,42.700
orscale_muon,0.005,44,11,1100,0.152300,95.2700,0.7569,44.900
orscale_muon,0.005,44,11,1150,0.152800,95.1400,0.7192,46.600
orscale_muon,0.005,44,12,1200,0.128700,96.1400,0.6798,48.600
orscale_muon,0.005,44,12,1250,0.132000,95.9400,0.6391,50.200
orscale_muon,0.005,44,13,1300,0.105200,96.7900,0.5973,52.300
orscale_muon,0.005,44,13,1350,0.105000,96.7500,0.5549,54.000
orscale_muon,0.005,44,14,1400,0.087400,97.3800,0.5120,56.000
orscale_muon,0.005,44,14,1450,0.086400,97.3600,0.4691,57.600
orscale_muon,0.005,44,15,1500,0.068000,98.1500,0.4264,59.800
orscale_muon,0.005,44,15,1550,0.068500,98.0600,0.3842,61.400
orscale_muon,0.005,44,16,1600,0.054800,98.5600,0.3429,63.400
orscale_muon,0.005,44,17,1650,0.060400,98.2400,0.3027,65.600
orscale_muon,0.005,44,17,1700,0.043300,98.9500,0.2640,67.200
orscale_muon,0.005,44,18,1750,0.033900,99.1200,0.2271,69.300
orscale_muon,0.005,44,18,1800,0.036700,99.1200,0.1921,71.000
orscale_muon,0.005,44,19,1850,0.025700,99.5000,0.1594,73.000
orscale_muon,0.005,44,19,1900,0.029100,99.3900,0.1293,74.700
orscale_muon,0.005,44,20,1950,0.022500,99.5700,0.1018,76.800
orscale_muon,0.005,44,20,2000,0.023200,99.5400,0.0774,78.400
orscale_muon,0.005,44,21,2050,0.020400,99.6400,0.0560,80.500
orscale_muon,0.005,44,21,2100,0.020800,99.6500,0.0379,82.200
orscale_muon,0.005,44,22,2150,0.017500,99.7600,0.0232,84.200
orscale_muon,0.005,44,22,2200,0.017900,99.7300,0.0120,85.900
orscale_muon,0.005,44,23,2250,0.017700,99.7000,0.0045,87.900
orscale_muon,0.005,44,23,2300,0.017300,99.7500,0.0006,89.600
orscale_muon,0.01,42,0,50,2.270700,19.2200,0.1000,5.500
orscale_muon,0.01,42,1,100,1.857300,44.2100,0.2000,7.600
orscale_muon,0.01,42,1,150,1.622100,48.2900,0.3000,9.200
orscale_muon,0.01,42,2,200,1.011000,66.3700,0.4000,11.300
orscale_muon,0.01,42,2,250,0.899000,69.4800,0.5000,12.900
orscale_muon,0.01,42,3,300,0.634500,79.0600,0.6000,15.000
orscale_muon,0.01,42,3,350,0.601600,79.7200,0.7000,16.600
orscale_muon,0.01,42,4,400,0.485900,84.1600,0.8000,18.700
orscale_muon,0.01,42,4,450,0.462800,84.5600,0.9000,20.300
orscale_muon,0.01,42,5,500,0.388600,87.0600,1.0000,22.400
orscale_muon,0.01,42,5,550,0.387200,87.0600,0.9982,24.000
orscale_muon,0.01,42,6,600,0.332600,89.4000,0.9926,26.000
orscale_muon,0.01,42,6,650,0.331200,89.0100,0.9835,27.600
orscale_muon,0.01,42,7,700,0.264300,91.2400,0.9708,29.700
orscale_muon,0.01,42,7,750,0.278100,90.7500,0.9546,31.300
orscale_muon,0.01,42,8,800,0.237400,92.1100,0.9350,33.400
orscale_muon,0.01,42,8,850,0.238900,92.1500,0.9122,35.000
orscale_muon,0.01,42,9,900,0.202900,93.5000,0.8864,37.100
orscale_muon,0.01,42,9,950,0.216500,92.8300,0.8578,38.700
orscale_muon,0.01,42,10,1000,0.179100,94.3100,0.8265,40.800
orscale_muon,0.01,42,10,1050,0.186600,93.8700,0.7928,42.500
orscale_muon,0.01,42,11,1100,0.155000,95.2200,0.7569,44.700
orscale_muon,0.01,42,11,1150,0.164100,94.7500,0.7192,46.400
orscale_muon,0.01,42,12,1200,0.132500,95.8000,0.6798,48.400
orscale_muon,0.01,42,12,1250,0.138500,95.4800,0.6391,50.000
orscale_muon,0.01,42,13,1300,0.112900,96.4200,0.5973,52.100
orscale_muon,0.01,42,13,1350,0.117500,96.2700,0.5549,53.700
orscale_muon,0.01,42,14,1400,0.094700,97.0800,0.5120,55.800
orscale_muon,0.01,42,14,1450,0.094800,97.1000,0.4691,57.400
orscale_muon,0.01,42,15,1500,0.077900,97.7100,0.4264,59.500
orscale_muon,0.01,42,15,1550,0.078700,97.6700,0.3842,61.100
orscale_muon,0.01,42,16,1600,0.055600,98.4400,0.3429,63.100
orscale_muon,0.01,42,17,1650,0.050800,98.2400,0.3027,65.200
orscale_muon,0.01,42,17,1700,0.044800,98.8500,0.2640,66.800
orscale_muon,0.01,42,18,1750,0.038500,99.0700,0.2271,68.900
orscale_muon,0.01,42,18,1800,0.034600,99.2000,0.1921,70.600
orscale_muon,0.01,42,19,1850,0.022600,99.6900,0.1594,72.700
orscale_muon,0.01,42,19,1900,0.024100,99.4900,0.1293,74.300
orscale_muon,0.01,42,20,1950,0.019600,99.6700,0.1018,76.400
orscale_muon,0.01,42,20,2000,0.018700,99.6900,0.0774,78.000
orscale_muon,0.01,42,21,2050,0.013100,99.8000,0.0560,80.100
orscale_muon,0.01,42,21,2100,0.014000,99.7800,0.0379,81.700
orscale_muon,0.01,42,22,2150,0.012000,99.7600,0.0232,83.800
orscale_muon,0.01,42,22,2200,0.011800,99.8500,0.0120,85.400
orscale_muon,0.01,42,23,2250,0.011100,99.8700,0.0045,87.500
orscale_muon,0.01,42,23,2300,0.010600,99.8800,0.0006,89.200
orscale_muon,0.01,43,0,50,2.290100,15.1000,0.1000,5.700
orscale_muon,0.01,43,1,100,1.875300,43.3600,0.2000,7.900
orscale_muon,0.01,43,1,150,1.651600,47.2300,0.3000,9.500
orscale_muon,0.01,43,2,200,1.033100,65.3300,0.4000,11.600
orscale_muon,0.01,43,2,250,0.924400,69.0400,0.5000,13.200
orscale_muon,0.01,43,3,300,0.641500,78.2600,0.6000,15.300
orscale_muon,0.01,43,3,350,0.612800,79.3600,0.7000,16.900
orscale_muon,0.01,43,4,400,0.495500,83.4500,0.8000,18.900
orscale_muon,0.01,43,4,450,0.475500,84.2400,0.9000,20.600
orscale_muon,0.01,43,5,500,0.406200,86.3000,1.0000,22.600
orscale_muon,0.01,43,5,550,0.399600,86.5700,0.9982,24.300
orscale_muon,0.01,43,6,600,0.323000,89.5300,0.9926,26.400
orscale_muon,0.01,43,6,650,0.326600,89.2000,0.9835,28.000
orscale_muon,0.01,43,7,700,0.274800,90.9100,0.9708,30.100
orscale_muon,0.01,43,7,750,0.285000,90.4200,0.9546,31.700
orscale_muon,0.01,43,8,800,0.241500,92.2600,0.9350,33.800
orscale_muon,0.01,43,8,850,0.247600,91.7300,0.9122,35.400
orscale_muon,0.01,43,9,900,0.217700,92.9600,0.8864,37.500
orscale_muon,0.01,43,9,950,0.222300,92.6300,0.8578,39.100
orscale_muon,0.01,43,10,1000,0.187900,93.7900,0.8265,41.200
orscale_muon,0.01,43,10,1050,0.191900,93.5900,0.7928,43.000
orscale_muon,0.01,43,11,1100,0.165000,94.8000,0.7569,45.400
orscale_muon,0.01,43,11,1150,0.168000,94.6300,0.7192,47.000
orscale_muon,0.01,43,12,1200,0.138000,95.7900,0.6798,49.000
orscale_muon,0.01,43,12,1250,0.141900,95.4300,0.6391,50.700
orscale_muon,0.01,43,13,1300,0.117700,96.2800,0.5973,52.800
orscale_muon,0.01,43,13,1350,0.119200,96.1800,0.5549,54.500
orscale_muon,0.01,43,14,1400,0.095000,97.1300,0.5120,56.500
orscale_muon,0.01,43,14,1450,0.096700,97.0200,0.4691,58.200
orscale_muon,0.01,43,15,1500,0.077000,97.8300,0.4264,60.300
orscale_muon,0.01,43,15,1550,0.076900,97.7900,0.3842,61.900
orscale_muon,0.01,43,16,1600,0.061300,98.2600,0.3429,64.000
orscale_muon,0.01,43,17,1650,0.046500,98.8300,0.3027,66.100
orscale_muon,0.01,43,17,1700,0.045600,98.7400,0.2640,67.700
orscale_muon,0.01,43,18,1750,0.032100,99.4600,0.2271,69.800
orscale_muon,0.01,43,18,1800,0.032800,99.2800,0.1921,71.500
orscale_muon,0.01,43,19,1850,0.025100,99.5000,0.1594,73.600
orscale_muon,0.01,43,19,1900,0.024900,99.4800,0.1293,75.300
orscale_muon,0.01,43,20,1950,0.017700,99.7700,0.1018,77.300
orscale_muon,0.01,43,20,2000,0.018900,99.6700,0.0774,79.000
orscale_muon,0.01,43,21,2050,0.014400,99.8200,0.0560,81.100
orscale_muon,0.01,43,21,2100,0.014000,99.8000,0.0379,82.700
orscale_muon,0.01,43,22,2150,0.012300,99.8500,0.0232,84.800
orscale_muon,0.01,43,22,2200,0.012200,99.8300,0.0120,86.500
orscale_muon,0.01,43,23,2250,0.012000,99.8400,0.0045,88.500
orscale_muon,0.01,43,23,2300,0.011200,99.8600,0.0006,90.200
orscale_muon,0.01,44,0,50,2.280600,16.2800,0.1000,5.800
orscale_muon,0.01,44,1,100,1.882500,41.4700,0.2000,8.000
orscale_muon,0.01,44,1,150,1.635000,47.7300,0.3000,9.700
orscale_muon,0.01,44,2,200,1.052700,64.6500,0.4000,11.700
orscale_muon,0.01,44,2,250,0.910600,69.0900,0.5000,13.300
orscale_muon,0.01,44,3,300,0.660200,77.6700,0.6000,15.400
orscale_muon,0.01,44,3,350,0.605900,79.7300,0.7000,17.100
orscale_muon,0.01,44,4,400,0.479100,83.9400,0.8000,19.100
orscale_muon,0.01,44,4,450,0.465000,84.4000,0.9000,20.800
orscale_muon,0.01,44,5,500,0.396000,87.2700,1.0000,22.800
orscale_muon,0.01,44,5,550,0.384400,87.2400,0.9982,24.500
orscale_muon,0.01,44,6,600,0.323600,89.1200,0.9926,26.600
orscale_muon,0.01,44,6,650,0.322300,89.4800,0.9835,28.200
orscale_muon,0.01,44,7,700,0.270700,91.1700,0.9708,30.300
orscale_muon,0.01,44,7,750,0.278800,90.8000,0.9546,31.900
orscale_muon,0.01,44,8,800,0.239000,92.1800,0.9350,34.000
orscale_muon,0.01,44,8,850,0.239100,92.1800,0.9122,35.600
orscale_muon,0.01,44,9,900,0.210000,93.2100,0.8864,37.700
orscale_muon,0.01,44,9,950,0.214800,92.9400,0.8578,39.400
orscale_muon,0.01,44,10,1000,0.183600,93.9800,0.8265,41.400
orscale_muon,0.01,44,10,1050,0.190600,93.6800,0.7928,43.200
orscale_muon,0.01,44,11,1100,0.158500,94.9200,0.7569,45.400
orscale_muon,0.01,44,11,1150,0.163700,94.6800,0.7192,47.100
orscale_muon,0.01,44,12,1200,0.136000,95.5000,0.6798,49.100
orscale_muon,0.01,44,12,1250,0.141600,95.3400,0.6391,50.800
orscale_muon,0.01,44,13,1300,0.114300,96.4500,0.5973,52.800
orscale_muon,0.01,44,13,1350,0.114500,96.4300,0.5549,54.500
orscale_muon,0.01,44,14,1400,0.096200,97.0400,0.5120,56.600
orscale_muon,0.01,44,14,1450,0.095600,97.0400,0.4691,58.200
orscale_muon,0.01,44,15,1500,0.072900,97.9200,0.4264,60.400
orscale_muon,0.01,44,15,1550,0.075000,97.7400,0.3842,62.000
orscale_muon,0.01,44,16,1600,0.058900,98.3000,0.3429,64.100
orscale_muon,0.01,44,17,1650,0.053600,98.4400,0.3027,66.200
orscale_muon,0.01,44,17,1700,0.042700,98.9600,0.2640,67.800
orscale_muon,0.01,44,18,1750,0.036700,99.0700,0.2271,69.900
orscale_muon,0.01,44,18,1800,0.035200,99.1500,0.1921,71.600
orscale_muon,0.01,44,19,1850,0.021600,99.6100,0.1594,73.600
orscale_muon,0.01,44,19,1900,0.023800,99.5100,0.1293,75.300
orscale_muon,0.01,44,20,1950,0.016600,99.6700,0.1018,77.400
orscale_muon,0.01,44,20,2000,0.017800,99.6600,0.0774,79.000
orscale_muon,0.01,44,21,2050,0.015800,99.6800,0.0560,81.200
orscale_muon,0.01,44,21,2100,0.015000,99.7100,0.0379,82.800
orscale_muon,0.01,44,22,2150,0.011700,99.8000,0.0232,84.900
orscale_muon,0.01,44,22,2200,0.011200,99.8500,0.0120,86.500
orscale_muon,0.01,44,23,2250,0.011200,99.8100,0.0045,88.600
orscale_muon,0.01,44,23,2300,0.010400,99.8800,0.0006,90.300
orscale_muon,0.02,42,0,50,2.239600,23.3800,0.1000,5.600
orscale_muon,0.02,42,1,100,1.582900,49.9300,0.2000,7.700
orscale_muon,0.02,42,1,150,1.299800,57.7100,0.3000,9.400
orscale_muon,0.02,42,2,200,0.772100,74.8000,0.4000,11.400
orscale_muon,0.02,42,2,250,0.703000,76.5800,0.5000,13.100
orscale_muon,0.02,42,3,300,0.512100,83.5100,0.6000,15.200
orscale_muon,0.02,42,3,350,0.505900,83.4800,0.7000,16.800
orscale_muon,0.02,42,4,400,0.429200,85.9900,0.8000,18.800
orscale_muon,0.02,42,4,450,0.427900,85.8600,0.9000,20.500
orscale_muon,0.02,42,5,500,0.384400,87.4300,1.0000,22.500
orscale_muon,0.02,42,5,550,0.400500,86.5900,0.9982,24.200
orscale_muon,0.02,42,6,600,0.375400,87.6500,0.9926,26.300
orscale_muon,0.02,42,6,650,0.379100,87.3300,0.9835,27.900
orscale_muon,0.02,42,7,700,0.323700,89.3000,0.9708,30.000
orscale_muon,0.02,42,7,750,0.347800,88.4000,0.9546,31.600
orscale_muon,0.02,42,8,800,0.322500,89.3100,0.9350,33.600
orscale_muon,0.02,42,8,850,0.324000,89.3200,0.9122,35.300
orscale_muon,0.02,42,9,900,0.278900,90.8500,0.8864,37.400
orscale_muon,0.02,42,9,950,0.282100,90.5900,0.8578,39.000
orscale_muon,0.02,42,10,1000,0.218500,93.2700,0.8265,41.100
orscale_muon,0.02,42,10,1050,0.222100,92.7500,0.7928,42.900
orscale_muon,0.02,42,11,1100,0.174300,94.3100,0.7569,45.100
orscale_muon,0.02,42,11,1150,0.177900,94.1600,0.7192,46.800
orscale_muon,0.02,42,12,1200,0.138100,95.6100,0.6798,48.800
orscale_muon,0.02,42,12,1250,0.138800,95.4900,0.6391,50.600
orscale_muon,0.02,42,13,1300,0.107300,96.6700,0.5973,52.600
orscale_muon,0.02,42,13,1350,0.109400,96.5500,0.5549,54.300
orscale_muon,0.02,42,14,1400,0.087600,97.3100,0.5120,56.300
orscale_muon,0.02,42,14,1450,0.087200,97.3800,0.4691,58.000
orscale_muon,0.02,42,15,1500,0.067600,98.0400,0.4264,60.000
orscale_muon,0.02,42,15,1550,0.067600,98.0200,0.3842,61.600
orscale_muon,0.02,42,16,1600,0.050200,98.6900,0.3429,63.700
orscale_muon,0.02,42,17,1650,0.033600,99.2200,0.3027,65.800
orscale_muon,0.02,42,17,1700,0.038600,99.0900,0.2640,67.500
orscale_muon,0.02,42,18,1750,0.035600,99.0200,0.2271,69.600
orscale_muon,0.02,42,18,1800,0.029300,99.3500,0.1921,71.300
orscale_muon,0.02,42,19,1850,0.020900,99.5800,0.1594,73.300
orscale_muon,0.02,42,19,1900,0.022200,99.5500,0.1293,75.000
orscale_muon,0.02,42,20,1950,0.019400,99.5300,0.1018,77.100
orscale_muon,0.02,42,20,2000,0.016800,99.7100,0.0774,78.800
orscale_muon,0.02,42,21,2050,0.013100,99.8600,0.0560,80.900
orscale_muon,0.02,42,21,2100,0.013500,99.8100,0.0379,82.500
orscale_muon,0.02,42,22,2150,0.010600,99.9100,0.0232,84.600
orscale_muon,0.02,42,22,2200,0.011200,99.8900,0.0120,86.300
orscale_muon,0.02,42,23,2250,0.010700,99.8800,0.0045,88.400
orscale_muon,0.02,42,23,2300,0.010400,99.8800,0.0006,90.100
orscale_muon,0.02,43,0,50,2.260800,18.7800,0.1000,5.600
orscale_muon,0.02,43,1,100,1.584800,50.3300,0.2000,7.800
orscale_muon,0.02,43,1,150,1.329300,56.5300,0.3000,9.400
orscale_muon,0.02,43,2,200,0.770300,74.1900,0.4000,11.500
orscale_muon,0.02,43,2,250,0.717000,76.0600,0.5000,13.100
orscale_muon,0.02,43,3,300,0.516500,82.9900,0.6000,15.200
orscale_muon,0.02,43,3,350,0.515700,82.8400,0.7000,16.800
orscale_muon,0.02,43,4,400,0.437600,85.6400,0.8000,18.800
orscale_muon,0.02,43,4,450,0.437000,85.4700,0.9000,20.500
orscale_muon,0.02,43,5,500,0.399400,87.0600,1.0000,22.500
orscale_muon,0.02,43,5,550,0.408500,86.5100,0.9982,24.200
orscale_muon,0.02,43,6,600,0.360000,88.3200,0.9926,26.300
orscale_muon,0.02,43,6,650,0.369100,87.8000,0.9835,27.900
orscale_muon,0.02,43,7,700,0.338800,88.5900,0.9708,30.000
orscale_muon,0.02,43,7,750,0.353400,88.1800,0.9546,31.600
orscale_muon,0.02,43,8,800,0.317800,89.1400,0.9350,33.600
orscale_muon,0.02,43,8,850,0.326000,89.0800,0.9122,35.300
orscale_muon,0.02,43,9,900,0.289600,90.4500,0.8864,37.400
orscale_muon,0.02,43,9,950,0.289900,90.3800,0.8578,39.000
orscale_muon,0.02,43,10,1000,0.227400,92.5100,0.8265,41.100
orscale_muon,0.02,43,10,1050,0.225400,92.4900,0.7928,42.800
orscale_muon,0.02,43,11,1100,0.178100,94.2800,0.7569,45.100
orscale_muon,0.02,43,11,1150,0.178900,94.1000,0.7192,46.700
orscale_muon,0.02,43,12,1200,0.137100,95.6600,0.6798,48.700
orscale_muon,0.02,43,12,1250,0.138900,95.5900,0.6391,50.400
orscale_muon,0.02,43,13,1300,0.110200,96.5600,0.5973,52.500
orscale_muon,0.02,43,13,1350,0.109800,96.5300,0.5549,54.200
orscale_muon,0.02,43,14,1400,0.088000,97.4100,0.5120,56.200
orscale_muon,0.02,43,14,1450,0.086000,97.4400,0.4691,57.900
orscale_muon,0.02,43,15,1500,0.066700,98.0400,0.4264,60.000
orscale_muon,0.02,43,15,1550,0.066200,98.0500,0.3842,61.600
orscale_muon,0.02,43,16,1600,0.052000,98.5600,0.3429,63.700
orscale_muon,0.02,43,17,1650,0.039100,99.0200,0.3027,65.800
orscale_muon,0.02,43,17,1700,0.037800,99.1200,0.2640,67.400
orscale_muon,0.02,43,18,1750,0.028900,99.5100,0.2271,69.500
orscale_muon,0.02,43,18,1800,0.027500,99.3900,0.1921,71.100
orscale_muon,0.02,43,19,1850,0.020800,99.5800,0.1594,73.200
orscale_muon,0.02,43,19,1900,0.020800,99.6300,0.1293,74.900
orscale_muon,0.02,43,20,1950,0.015000,99.7900,0.1018,76.900
orscale_muon,0.02,43,20,2000,0.017400,99.6500,0.0774,78.600
orscale_muon,0.02,43,21,2050,0.013800,99.7700,0.0560,80.700
orscale_muon,0.02,43,21,2100,0.013200,99.8200,0.0379,82.300
orscale_muon,0.02,43,22,2150,0.011400,99.8500,0.0232,84.300
orscale_muon,0.02,43,22,2200,0.011500,99.8500,0.0120,86.000
orscale_muon,0.02,43,23,2250,0.011400,99.8600,0.0045,88.100
orscale_muon,0.02,43,23,2300,0.010800,99.8700,0.0006,89.700
orscale_muon,0.02,44,0,50,2.250000,20.6500,0.1000,6.500
orscale_muon,0.02,44,1,100,1.602900,48.7600,0.2000,9.300
orscale_muon,0.02,44,1,150,1.309800,56.9100,0.3000,11.600
orscale_muon,0.02,44,2,200,0.803200,73.6300,0.4000,14.300
orscale_muon,0.02,44,2,250,0.706900,76.5000,0.5000,16.600
orscale_muon,0.02,44,3,300,0.531400,82.4700,0.6000,19.300
orscale_muon,0.02,44,3,350,0.500900,83.4500,0.7000,21.600
orscale_muon,0.02,44,4,400,0.430800,85.8700,0.8000,24.300
orscale_muon,0.02,44,4,450,0.427900,85.7100,0.9000,26.600
orscale_muon,0.02,44,5,500,0.397500,87.2500,1.0000,29.400
orscale_muon,0.02,44,5,550,0.403500,86.8000,0.9982,31.700
orscale_muon,0.02,44,6,600,0.354000,88.5400,0.9926,34.500
orscale_muon,0.02,44,6,650,0.365200,87.9300,0.9835,36.800
orscale_muon,0.02,44,7,700,0.332800,89.1200,0.9708,39.600
orscale_muon,0.02,44,7,750,0.346000,88.5500,0.9546,41.900
orscale_muon,0.02,44,8,800,0.314500,89.6000,0.9350,44.700
orscale_muon,0.02,44,8,850,0.320500,89.3700,0.9122,47.000
orscale_muon,0.02,44,9,900,0.287300,90.3300,0.8864,49.800
orscale_muon,0.02,44,9,950,0.282500,90.4500,0.8578,52.100
orscale_muon,0.02,44,10,1000,0.223900,92.7900,0.8265,54.800
orscale_muon,0.02,44,10,1050,0.223700,92.6300,0.7928,57.100
orscale_muon,0.02,44,11,1100,0.171800,94.6200,0.7569,59.800
orscale_muon,0.02,44,11,1150,0.175200,94.3200,0.7192,62.100
orscale_muon,0.02,44,12,1200,0.145700,95.3100,0.6798,64.900
orscale_muon,0.02,44,12,1250,0.143600,95.3100,0.6391,67.200
orscale_muon,0.02,44,13,1300,0.107000,96.7700,0.5973,70.000
orscale_muon,0.02,44,13,1350,0.108200,96.6800,0.5549,72.300
orscale_muon,0.02,44,14,1400,0.085900,97.3400,0.5120,75.100
orscale_muon,0.02,44,14,1450,0.085700,97.3500,0.4691,77.400
orscale_muon,0.02,44,15,1500,0.066800,98.1900,0.4264,80.300
orscale_muon,0.02,44,15,1550,0.066300,98.1400,0.3842,82.600
orscale_muon,0.02,44,16,1600,0.050000,98.6000,0.3429,85.300
orscale_muon,0.02,44,17,1650,0.052200,98.0500,0.3027,87.900
orscale_muon,0.02,44,17,1700,0.038600,99.0000,0.2640,90.300
orscale_muon,0.02,44,18,1750,0.028600,99.3700,0.2271,93.000
orscale_muon,0.02,44,18,1800,0.030200,99.3200,0.1921,95.300
orscale_muon,0.02,44,19,1850,0.020100,99.5000,0.1594,97.900
orscale_muon,0.02,44,19,1900,0.020800,99.6100,0.1293,100.300
orscale_muon,0.02,44,20,1950,0.017100,99.7900,0.1018,102.900
orscale_muon,0.02,44,20,2000,0.016500,99.7300,0.0774,105.300
orscale_muon,0.02,44,21,2050,0.013700,99.7900,0.0560,107.900
orscale_muon,0.02,44,21,2100,0.013800,99.7900,0.0379,110.200
orscale_muon,0.02,44,22,2150,0.011200,99.8900,0.0232,112.900
orscale_muon,0.02,44,22,2200,0.012100,99.8300,0.0120,115.200
orscale_muon,0.02,44,23,2250,0.010300,99.9200,0.0045,118.000
orscale_muon,0.02,44,23,2300,0.010900,99.8900,0.0006,120.300
orscale_muon,0.04,42,0,50,2.182700,27.0300,0.1000,6.700
orscale_muon,0.04,42,1,100,1.265200,58.4000,0.2000,9.400
orscale_muon,0.04,42,1,150,1.013100,66.5700,0.3000,11.800
orscale_muon,0.04,42,2,200,0.630900,79.8500,0.4000,14.400
orscale_muon,0.04,42,2,250,0.603500,80.0400,0.5000,16.700
orscale_muon,0.04,42,3,300,0.489500,84.4200,0.6000,19.400
orscale_muon,0.04,42,3,350,0.503200,83.6000,0.7000,21.700
orscale_muon,0.04,42,4,400,0.478300,84.3900,0.8000,24.400
orscale_muon,0.04,42,4,450,0.491200,83.7300,0.9000,26.700
orscale_muon,0.04,42,5,500,0.434300,85.7900,1.0000,29.400
orscale_muon,0.04,42,5,550,0.417100,86.0800,0.9982,31.700
orscale_muon,0.04,42,6,600,0.328500,88.9300,0.9926,34.500
orscale_muon,0.04,42,6,650,0.319900,89.2600,0.9835,36.800
orscale_muon,0.04,42,7,700,0.233900,92.2300,0.9708,39.600
orscale_muon,0.04,42,7,750,0.246200,91.7800,0.9546,41.900
orscale_muon,0.04,42,8,800,0.197500,93.5900,0.9350,44.700
orscale_muon,0.04,42,8,850,0.199400,93.4900,0.9122,47.000
orscale_muon,0.04,42,9,900,0.157500,95.0400,0.8864,49.700
orscale_muon,0.04,42,9,950,0.164600,94.6700,0.8578,52.000
orscale_muon,0.04,42,10,1000,0.131600,95.8000,0.8265,54.800
orscale_muon,0.04,42,10,1050,0.137400,95.6000,0.7928,57.200
orscale_muon,0.04,42,11,1100,0.110700,96.5300,0.7569,59.900
orscale_muon,0.04,42,11,1150,0.113900,96.4400,0.7192,62.200
orscale_muon,0.04,42,12,1200,0.087300,97.2200,0.6798,64.900
orscale_muon,0.04,42,12,1250,0.090000,97.1300,0.6391,67.200
orscale_muon,0.04,42,13,1300,0.069600,98.0200,0.5973,70.000
orscale_muon,0.04,42,13,1350,0.071300,97.9500,0.5549,72.300
orscale_muon,0.04,42,14,1400,0.057500,98.4400,0.5120,75.100
orscale_muon,0.04,42,14,1450,0.056400,98.4700,0.4691,77.400
orscale_muon,0.04,42,15,1500,0.046300,98.7600,0.4264,80.200
orscale_muon,0.04,42,15,1550,0.046400,98.7400,0.3842,82.500
orscale_muon,0.04,42,16,1600,0.035700,99.0800,0.3429,85.200
orscale_muon,0.04,42,17,1650,0.017300,99.8000,0.3027,87.900
orscale_muon,0.04,42,17,1700,0.026500,99.4600,0.2640,90.100
orscale_muon,0.04,42,18,1750,0.020800,99.6600,0.2271,92.900
orscale_muon,0.04,42,18,1800,0.020300,99.6000,0.1921,95.200
orscale_muon,0.04,42,19,1850,0.014900,99.7200,0.1594,97.900
orscale_muon,0.04,42,19,1900,0.016100,99.6900,0.1293,100.200
orscale_muon,0.04,42,20,1950,0.012700,99.8000,0.1018,102.800
orscale_muon,0.04,42,20,2000,0.012300,99.8300,0.0774,105.100
orscale_muon,0.04,42,21,2050,0.010400,99.8300,0.0560,107.800
orscale_muon,0.04,42,21,2100,0.010200,99.8600,0.0379,110.100
orscale_muon,0.04,42,22,2150,0.009000,99.8900,0.0232,112.800
orscale_muon,0.04,42,22,2200,0.009100,99.8800,0.0120,115.200
orscale_muon,0.04,42,23,2250,0.008100,99.9200,0.0045,117.900
orscale_muon,0.04,42,23,2300,0.008200,99.9100,0.0006,120.100
orscale_muon,0.04,43,0,50,2.208000,22.3900,0.1000,6.800
orscale_muon,0.04,43,1,100,1.232700,61.2600,0.2000,9.700
orscale_muon,0.04,43,1,150,1.033300,65.7700,0.3000,12.000
orscale_muon,0.04,43,2,200,0.635900,79.8500,0.4000,14.700
orscale_muon,0.04,43,2,250,0.614200,80.0900,0.5000,17.100
orscale_muon,0.04,43,3,300,0.490600,83.9000,0.6000,19.800
orscale_muon,0.04,43,3,350,0.512200,83.2300,0.7000,22.200
orscale_muon,0.04,43,4,400,0.485200,84.0300,0.8000,24.900
orscale_muon,0.04,43,4,450,0.494700,83.4700,0.9000,27.200
orscale_muon,0.04,43,5,500,0.450700,84.9500,1.0000,30.000
orscale_muon,0.04,43,5,550,0.424200,85.7800,0.9982,32.300
orscale_muon,0.04,43,6,600,0.312900,89.9100,0.9926,35.100
orscale_muon,0.04,43,6,650,0.309900,89.5800,0.9835,37.500
orscale_muon,0.04,43,7,700,0.245400,92.0300,0.9708,40.300
orscale_muon,0.04,43,7,750,0.251200,91.5800,0.9546,42.600
orscale_muon,0.04,43,8,800,0.202800,93.7600,0.9350,45.400
orscale_muon,0.04,43,8,850,0.205900,93.4100,0.9122,47.700
orscale_muon,0.04,43,9,900,0.168800,94.6900,0.8864,50.500
orscale_muon,0.04,43,9,950,0.170600,94.5500,0.8578,52.800
orscale_muon,0.04,43,10,1000,0.139400,95.6400,0.8265,55.600
orscale_muon,0.04,43,10,1050,0.140500,95.4700,0.7928,58.000
orscale_muon,0.04,43,11,1100,0.110700,96.5800,0.7569,60.700
orscale_muon,0.04,43,11,1150,0.115300,96.3800,0.7192,63.000
orscale_muon,0.04,43,12,1200,0.091200,97.1700,0.6798,65.700
orscale_muon,0.04,43,12,1250,0.093000,97.0300,0.6391,68.000
orscale_muon,0.04,43,13,1300,0.070500,98.0300,0.5973,70.800
orscale_muon,0.04,43,13,1350,0.073000,97.9300,0.5549,73.100
orscale_muon,0.04,43,14,1400,0.060100,98.3200,0.5120,75.800
orscale_muon,0.04,43,14,1450,0.058500,98.3300,0.4691,78.000
orscale_muon,0.04,43,15,1500,0.044800,98.7800,0.4264,80.700
orscale_muon,0.04,43,15,1550,0.044400,98.7700,0.3842,83.000
orscale_muon,0.04,43,16,1600,0.037100,99.1000,0.3429,85.800
orscale_muon,0.04,43,17,1650,0.023100,99.4100,0.3027,88.500
orscale_muon,0.04,43,17,1700,0.025800,99.4100,0.2640,90.800
orscale_muon,0.04,43,18,1750,0.019000,99.7100,0.2271,93.500
orscale_muon,0.04,43,18,1800,0.020100,99.5700,0.1921,95.800
orscale_muon,0.04,43,19,1850,0.015400,99.6700,0.1594,98.600
orscale_muon,0.04,43,19,1900,0.016100,99.6700,0.1293,100.900
orscale_muon,0.04,43,20,1950,0.012000,99.8400,0.1018,103.700
orscale_muon,0.04,43,20,2000,0.012500,99.8300,0.0774,106.000
orscale_muon,0.04,43,21,2050,0.011900,99.8200,0.0560,108.800
orscale_muon,0.04,43,21,2100,0.010500,99.8700,0.0379,111.200
orscale_muon,0.04,43,22,2150,0.009600,99.8700,0.0232,113.900
orscale_muon,0.04,43,22,2200,0.009500,99.8800,0.0120,116.300
orscale_muon,0.04,43,23,2250,0.009200,99.9300,0.0045,119.000
orscale_muon,0.04,43,23,2300,0.008800,99.9100,0.0006,121.400
orscale_muon,0.04,44,0,50,2.194700,24.8000,0.1000,6.800
orscale_muon,0.04,44,1,100,1.287200,56.7100,0.2000,9.600
orscale_muon,0.04,44,1,150,1.022200,65.8200,0.3000,12.000
orscale_muon,0.04,44,2,200,0.660900,78.6100,0.4000,14.700
orscale_muon,0.04,44,2,250,0.600200,80.4700,0.5000,17.100
orscale_muon,0.04,44,3,300,0.506300,83.7200,0.6000,19.800
orscale_muon,0.04,44,3,350,0.498000,83.7200,0.7000,22.100
orscale_muon,0.04,44,4,400,0.480300,83.9000,0.8000,24.900
orscale_muon,0.04,44,4,450,0.488100,83.9400,0.9000,27.200
orscale_muon,0.04,44,5,500,0.439600,85.7400,1.0000,30.000
orscale_muon,0.04,44,5,550,0.414700,86.2200,0.9982,32.300
orscale_muon,0.04,44,6,600,0.313300,89.6500,0.9926,35.100
orscale_muon,0.04,44,6,650,0.309100,89.6100,0.9835,37.500
orscale_muon,0.04,44,7,700,0.244400,91.9900,0.9708,40.200
orscale_muon,0.04,44,7,750,0.249800,91.7000,0.9546,42.600
orscale_muon,0.04,44,8,800,0.199800,93.8400,0.9350,45.400
orscale_muon,0.04,44,8,850,0.197300,93.6200,0.9122,47.700
orscale_muon,0.04,44,9,900,0.162700,94.7800,0.8864,50.500
orscale_muon,0.04,44,9,950,0.166100,94.6600,0.8578,52.800
orscale_muon,0.04,44,10,1000,0.135900,95.7900,0.8265,55.600
orscale_muon,0.04,44,10,1050,0.140900,95.4800,0.7928,57.900
orscale_muon,0.04,44,11,1100,0.108700,96.5800,0.7569,60.600
orscale_muon,0.04,44,11,1150,0.110200,96.5100,0.7192,62.900
orscale_muon,0.04,44,12,1200,0.093400,97.0100,0.6798,65.600
orscale_muon,0.04,44,12,1250,0.094100,97.0200,0.6391,67.900
orscale_muon,0.04,44,13,1300,0.070200,97.8900,0.5973,70.600
orscale_muon,0.04,44,13,1350,0.071100,97.8900,0.5549,72.900
orscale_muon,0.04,44,14,1400,0.057500,98.4900,0.5120,75.700
orscale_muon,0.04,44,14,1450,0.057700,98.4000,0.4691,78.000
orscale_muon,0.04,44,15,1500,0.044800,98.7800,0.4264,80.600
orscale_muon,0.04,44,15,1550,0.045000,98.7300,0.3842,82.900
orscale_muon,0.04,44,16,1600,0.035300,99.1000,0.3429,85.700
orscale_muon,0.04,44,17,1650,0.033200,99.0200,0.3027,88.400
orscale_muon,0.04,44,17,1700,0.026400,99.3900,0.2640,90.700
orscale_muon,0.04,44,18,1750,0.020200,99.7100,0.2271,93.500
orscale_muon,0.04,44,18,1800,0.021300,99.5800,0.1921,95.800
orscale_muon,0.04,44,19,1850,0.013200,99.7800,0.1594,98.600
orscale_muon,0.04,44,19,1900,0.015600,99.7200,0.1293,100.900
orscale_muon,0.04,44,20,1950,0.010100,99.9200,0.1018,103.700
orscale_muon,0.04,44,20,2000,0.011300,99.8700,0.0774,106.000
orscale_muon,0.04,44,21,2050,0.010800,99.8200,0.0560,108.800
orscale_muon,0.04,44,21,2100,0.011000,99.8200,0.0379,111.100
orscale_muon,0.04,44,22,2150,0.009000,99.8500,0.0232,113.900
orscale_muon,0.04,44,22,2200,0.009300,99.8800,0.0120,116.300
orscale_muon,0.04,44,23,2250,0.007900,99.9200,0.0045,119.000
orscale_muon,0.04,44,23,2300,0.008400,99.9100,0.0006,121.400
orscale_muon_wd,0.005,42,0,50,2.287000,15.1100,0.1000,5.100
orscale_muon_wd,0.005,42,1,100,2.048000,39.1300,0.2000,7.200
orscale_muon_wd,0.005,42,1,150,1.886200,41.7100,0.3000,8.900
orscale_muon_wd,0.005,42,2,200,1.350600,55.6300,0.4000,11.000
orscale_muon_wd,0.005,42,2,250,1.199000,59.4500,0.5000,12.600
orscale_muon_wd,0.005,42,3,300,0.843500,72.1800,0.6000,14.800
orscale_muon_wd,0.005,42,3,350,0.789600,73.1200,0.7000,16.400
orscale_muon_wd,0.005,42,4,400,0.619500,78.6500,0.8000,18.500
orscale_muon_wd,0.005,42,4,450,0.580900,80.2700,0.9000,20.200
orscale_muon_wd,0.005,42,5,500,0.467800,84.2400,1.0000,22.300
orscale_muon_wd,0.005,42,5,550,0.457600,84.7100,0.9982,24.000
orscale_muon_wd,0.005,42,6,600,0.382700,87.3800,0.9926,26.000
orscale_muon_wd,0.005,42,6,650,0.372600,87.6100,0.9835,27.600
orscale_muon_wd,0.005,42,7,700,0.297500,90.3300,0.9708,29.800
orscale_muon_wd,0.005,42,7,750,0.307200,89.8200,0.9546,31.400
orscale_muon_wd,0.005,42,8,800,0.261200,91.2600,0.9350,33.500
orscale_muon_wd,0.005,42,8,850,0.254700,91.5200,0.9122,35.200
orscale_muon_wd,0.005,42,9,900,0.207100,93.4600,0.8864,37.300
orscale_muon_wd,0.005,42,9,950,0.218300,92.7600,0.8578,39.000
orscale_muon_wd,0.005,42,10,1000,0.183800,94.2700,0.8265,41.100
orscale_muon_wd,0.005,42,10,1050,0.186600,94.0300,0.7928,43.000
orscale_muon_wd,0.005,42,11,1100,0.151000,95.2300,0.7569,45.300
orscale_muon_wd,0.005,42,11,1150,0.155800,95.0500,0.7192,47.000
orscale_muon_wd,0.005,42,12,1200,0.125500,96.0900,0.6798,49.000
orscale_muon_wd,0.005,42,12,1250,0.128200,95.9000,0.6391,50.700
orscale_muon_wd,0.005,42,13,1300,0.103400,96.8600,0.5973,52.800
orscale_muon_wd,0.005,42,13,1350,0.107500,96.7000,0.5549,54.600
orscale_muon_wd,0.005,42,14,1400,0.089400,97.3700,0.5120,56.600
orscale_muon_wd,0.005,42,14,1450,0.088900,97.3800,0.4691,58.300
orscale_muon_wd,0.005,42,15,1500,0.072800,97.8800,0.4264,60.400
orscale_muon_wd,0.005,42,15,1550,0.073900,97.8200,0.3842,62.000
orscale_muon_wd,0.005,42,16,1600,0.056500,98.4700,0.3429,64.100
orscale_muon_wd,0.005,42,17,1650,0.032200,99.4100,0.3027,66.200
orscale_muon_wd,0.005,42,17,1700,0.044700,98.9200,0.2640,67.900
orscale_muon_wd,0.005,42,18,1750,0.045200,98.7300,0.2271,70.000
orscale_muon_wd,0.005,42,18,1800,0.037200,99.1200,0.1921,71.600
orscale_muon_wd,0.005,42,19,1850,0.028700,99.5000,0.1594,73.700
orscale_muon_wd,0.005,42,19,1900,0.029200,99.4400,0.1293,75.400
orscale_muon_wd,0.005,42,20,1950,0.024700,99.4700,0.1018,77.500
orscale_muon_wd,0.005,42,20,2000,0.024400,99.5100,0.0774,79.100
orscale_muon_wd,0.005,42,21,2050,0.020200,99.6800,0.0560,81.300
orscale_muon_wd,0.005,42,21,2100,0.020600,99.6500,0.0379,82.900
orscale_muon_wd,0.005,42,22,2150,0.016200,99.7900,0.0232,85.000
orscale_muon_wd,0.005,42,22,2200,0.018100,99.7300,0.0120,86.700
orscale_muon_wd,0.005,42,23,2250,0.016600,99.7800,0.0045,88.800
orscale_muon_wd,0.005,42,23,2300,0.017300,99.7600,0.0006,90.400
orscale_muon_wd,0.005,43,0,50,2.305900,12.0600,0.1000,5.300
orscale_muon_wd,0.005,43,1,100,2.067900,39.1300,0.2000,7.400
orscale_muon_wd,0.005,43,1,150,1.913900,40.7600,0.3000,9.000
orscale_muon_wd,0.005,43,2,200,1.377200,53.6100,0.4000,11.100
orscale_muon_wd,0.005,43,2,250,1.234200,58.0100,0.5000,12.700
orscale_muon_wd,0.005,43,3,300,0.868400,70.0500,0.6000,14.900
orscale_muon_wd,0.005,43,3,350,0.801300,72.7100,0.7000,16.500
orscale_muon_wd,0.005,43,4,400,0.623300,79.5400,0.8000,18.500
orscale_muon_wd,0.005,43,4,450,0.587900,80.3500,0.9000,20.900
orscale_muon_wd,0.005,43,5,500,0.485000,83.6700,1.0000,23.000
orscale_muon_wd,0.005,43,5,550,0.463900,84.3300,0.9982,24.600
orscale_muon_wd,0.005,43,6,600,0.368500,88.1100,0.9926,26.700
orscale_muon_wd,0.005,43,6,650,0.368400,87.7900,0.9835,28.300
orscale_muon_wd,0.005,43,7,700,0.305000,89.7600,0.9708,30.400
orscale_muon_wd,0.005,43,7,750,0.309300,89.6900,0.9546,32.000
orscale_muon_wd,0.005,43,8,800,0.259200,91.5100,0.9350,34.000
orscale_muon_wd,0.005,43,8,850,0.262300,91.3300,0.9122,35.700
orscale_muon_wd,0.005,43,9,900,0.223600,92.6600,0.8864,37.700
orscale_muon_wd,0.005,43,9,950,0.226000,92.4800,0.8578,39.400
orscale_muon_wd,0.005,43,10,1000,0.190000,93.8300,0.8265,41.500
orscale_muon_wd,0.005,43,10,1050,0.190000,93.8200,0.7928,43.300
orscale_muon_wd,0.005,43,11,1100,0.155100,95.0000,0.7569,45.500
orscale_muon_wd,0.005,43,11,1150,0.159400,94.8400,0.7192,47.200
orscale_muon_wd,0.005,43,12,1200,0.129300,96.0400,0.6798,49.200
orscale_muon_wd,0.005,43,12,1250,0.131000,95.9600,0.6391,50.900
orscale_muon_wd,0.005,43,13,1300,0.110500,96.6400,0.5973,52.900
orscale_muon_wd,0.005,43,13,1350,0.108600,96.7400,0.5549,54.600
orscale_muon_wd,0.005,43,14,1400,0.092900,97.1600,0.5120,56.700
orscale_muon_wd,0.005,43,14,1450,0.091700,97.2300,0.4691,58.300
orscale_muon_wd,0.005,43,15,1500,0.073000,98.0200,0.4264,60.400
orscale_muon_wd,0.005,43,15,1550,0.072400,97.9600,0.3842,62.000
orscale_muon_wd,0.005,43,16,1600,0.059800,98.3600,0.3429,64.000
orscale_muon_wd,0.005,43,17,1650,0.040600,99.0200,0.3027,66.100
orscale_muon_wd,0.005,43,17,1700,0.043800,99.0000,0.2640,67.800
orscale_muon_wd,0.005,43,18,1750,0.042300,98.7800,0.2271,69.800
orscale_muon_wd,0.005,43,18,1800,0.036100,99.1500,0.1921,71.500
orscale_muon_wd,0.005,43,19,1850,0.032900,99.1400,0.1594,73.600
orscale_muon_wd,0.005,43,19,1900,0.028800,99.4300,0.1293,75.300
orscale_muon_wd,0.005,43,20,1950,0.022000,99.7100,0.1018,77.300
orscale_muon_wd,0.005,43,20,2000,0.024400,99.5800,0.0774,79.000
orscale_muon_wd,0.005,43,21,2050,0.022400,99.6800,0.0560,81.100
orscale_muon_wd,0.005,43,21,2100,0.021300,99.6300,0.0379,82.700
orscale_muon_wd,0.005,43,22,2150,0.019000,99.7300,0.0232,84.800
orscale_muon_wd,0.005,43,22,2200,0.019200,99.7000,0.0120,86.400
orscale_muon_wd,0.005,43,23,2250,0.019500,99.7100,0.0045,88.500
orscale_muon_wd,0.005,43,23,2300,0.018400,99.7200,0.0006,90.200
orscale_muon_wd,0.005,44,0,50,2.296800,12.4800,0.1000,5.800
orscale_muon_wd,0.005,44,1,100,2.067300,37.1700,0.2000,8.700
orscale_muon_wd,0.005,44,1,150,1.901000,41.3400,0.3000,10.500
orscale_muon_wd,0.005,44,2,200,1.368600,54.4300,0.4000,13.300
orscale_muon_wd,0.005,44,2,250,1.206100,58.9500,0.5000,15.200
orscale_muon_wd,0.005,44,3,300,0.875100,70.0700,0.6000,18.000
orscale_muon_wd,0.005,44,3,350,0.803400,72.2700,0.7000,20.000
orscale_muon_wd,0.005,44,4,400,0.616400,79.4600,0.8000,22.700
orscale_muon_wd,0.005,44,4,450,0.580500,80.4200,0.9000,24.600
orscale_muon_wd,0.005,44,5,500,0.477000,84.2800,1.0000,27.400
orscale_muon_wd,0.005,44,5,550,0.456600,84.7200,0.9982,29.300
orscale_muon_wd,0.005,44,6,600,0.376500,87.4700,0.9926,32.000
orscale_muon_wd,0.005,44,6,650,0.367300,87.7700,0.9835,33.900
orscale_muon_wd,0.005,44,7,700,0.300600,90.1700,0.9708,36.700
orscale_muon_wd,0.005,44,7,750,0.304300,89.9400,0.9546,38.600
orscale_muon_wd,0.005,44,8,800,0.253400,91.6500,0.9350,41.400
orscale_muon_wd,0.005,44,8,850,0.252000,91.5400,0.9122,43.300
orscale_muon_wd,0.005,44,9,900,0.218100,93.0000,0.8864,46.000
orscale_muon_wd,0.005,44,9,950,0.217100,92.9900,0.8578,48.000
orscale_muon_wd,0.005,44,10,1000,0.175700,94.2500,0.8265,50.700
orscale_muon_wd,0.005,44,10,1050,0.184100,93.9400,0.7928,52.700
orscale_muon_wd,0.005,44,11,1100,0.151900,95.0500,0.7569,55.200
orscale_muon_wd,0.005,44,11,1150,0.152300,95.1700,0.7192,57.200
orscale_muon_wd,0.005,44,12,1200,0.129600,95.9700,0.6798,59.900
orscale_muon_wd,0.005,44,12,1250,0.130300,95.9100,0.6391,61.900
orscale_muon_wd,0.005,44,13,1300,0.104600,96.9300,0.5973,64.500
orscale_muon_wd,0.005,44,13,1350,0.106100,96.7500,0.5549,66.600
orscale_muon_wd,0.005,44,14,1400,0.089300,97.2600,0.5120,69.100
orscale_muon_wd,0.005,44,14,1450,0.087600,97.3500,0.4691,71.200
orscale_muon_wd,0.005,44,15,1500,0.068000,98.0700,0.4264,73.700
orscale_muon_wd,0.005,44,15,1550,0.068800,98.0400,0.3842,75.900
orscale_muon_wd,0.005,44,16,1600,0.055500,98.5600,0.3429,78.400
orscale_muon_wd,0.005,44,17,1650,0.065000,97.4600,0.3027,81.000
orscale_muon_wd,0.005,44,17,1700,0.041600,98.9900,0.2640,83.000
orscale_muon_wd,0.005,44,18,1750,0.036900,99.1200,0.2271,85.700
orscale_muon_wd,0.005,44,18,1800,0.036800,99.1600,0.1921,87.700
orscale_muon_wd,0.005,44,19,1850,0.026700,99.4100,0.1594,90.500
orscale_muon_wd,0.005,44,19,1900,0.027800,99.4600,0.1293,92.400
orscale_muon_wd,0.005,44,20,1950,0.021500,99.7100,0.1018,95.100
orscale_muon_wd,0.005,44,20,2000,0.023100,99.6400,0.0774,97.100
orscale_muon_wd,0.005,44,21,2050,0.022100,99.5600,0.0560,99.800
orscale_muon_wd,0.005,44,21,2100,0.020700,99.6500,0.0379,101.700
orscale_muon_wd,0.005,44,22,2150,0.017400,99.7100,0.0232,104.500
orscale_muon_wd,0.005,44,22,2200,0.017700,99.7600,0.0120,106.400
orscale_muon_wd,0.005,44,23,2250,0.017500,99.7300,0.0045,109.200
orscale_muon_wd,0.005,44,23,2300,0.016700,99.7800,0.0006,111.100
orscale_muon_wd,0.01,42,0,50,2.270700,19.3000,0.1000,6.200
orscale_muon_wd,0.01,42,1,100,1.857000,43.8800,0.2000,8.700
orscale_muon_wd,0.01,42,1,150,1.621900,48.2000,0.3000,11.000
orscale_muon_wd,0.01,42,2,200,1.011500,66.4400,0.4000,13.400
orscale_muon_wd,0.01,42,2,250,0.897600,69.5900,0.5000,15.700
orscale_muon_wd,0.01,42,3,300,0.634800,78.4700,0.6000,18.100
orscale_muon_wd,0.01,42,3,350,0.600100,79.6300,0.7000,20.300
orscale_muon_wd,0.01,42,4,400,0.479300,83.9500,0.8000,22.900
orscale_muon_wd,0.01,42,4,450,0.460500,84.6500,0.9000,24.900
orscale_muon_wd,0.01,42,5,500,0.392300,86.7600,1.0000,27.500
orscale_muon_wd,0.01,42,5,550,0.388000,86.9700,0.9982,29.500
orscale_muon_wd,0.01,42,6,600,0.331500,88.9200,0.9926,32.200
orscale_muon_wd,0.01,42,6,650,0.329300,88.9500,0.9835,34.200
orscale_muon_wd,0.01,42,7,700,0.261400,91.5800,0.9708,36.900
orscale_muon_wd,0.01,42,7,750,0.279900,90.8500,0.9546,38.800
orscale_muon_wd,0.01,42,8,800,0.242500,92.1100,0.9350,41.600
orscale_muon_wd,0.01,42,8,850,0.242600,92.0100,0.9122,43.500
orscale_muon_wd,0.01,42,9,900,0.205000,93.5000,0.8864,46.300
orscale_muon_wd,0.01,42,9,950,0.217100,92.9400,0.8578,48.200
orscale_muon_wd,0.01,42,10,1000,0.180900,94.1500,0.8265,50.900
orscale_muon_wd,0.01,42,10,1050,0.190000,93.7100,0.7928,53.000
orscale_muon_wd,0.01,42,11,1100,0.158400,94.9400,0.7569,55.700
orscale_muon_wd,0.01,42,11,1150,0.164400,94.6800,0.7192,57.700
orscale_muon_wd,0.01,42,12,1200,0.131500,95.9000,0.6798,60.400
orscale_muon_wd,0.01,42,12,1250,0.140500,95.5400,0.6391,62.300
orscale_muon_wd,0.01,42,13,1300,0.113300,96.4000,0.5973,65.100
orscale_muon_wd,0.01,42,13,1350,0.116400,96.2100,0.5549,67.100
orscale_muon_wd,0.01,42,14,1400,0.096000,97.0300,0.5120,69.900
orscale_muon_wd,0.01,42,14,1450,0.097200,96.9400,0.4691,71.800
orscale_muon_wd,0.01,42,15,1500,0.078400,97.7700,0.4264,74.600
orscale_muon_wd,0.01,42,15,1550,0.077900,97.7300,0.3842,76.500
orscale_muon_wd,0.01,42,16,1600,0.057500,98.4800,0.3429,79.100
orscale_muon_wd,0.01,42,17,1650,0.032100,99.4100,0.3027,81.700
orscale_muon_wd,0.01,42,17,1700,0.044300,98.8700,0.2640,83.800
orscale_muon_wd,0.01,42,18,1750,0.037200,99.1700,0.2271,86.300
orscale_muon_wd,0.01,42,18,1800,0.033900,99.2400,0.1921,88.400
orscale_muon_wd,0.01,42,19,1850,0.023800,99.5000,0.1594,91.000
orscale_muon_wd,0.01,42,19,1900,0.024500,99.4700,0.1293,93.100
orscale_muon_wd,0.01,42,20,1950,0.020300,99.5300,0.1018,95.700
orscale_muon_wd,0.01,42,20,2000,0.017700,99.6700,0.0774,97.700
orscale_muon_wd,0.01,42,21,2050,0.015200,99.7000,0.0560,100.400
orscale_muon_wd,0.01,42,21,2100,0.014300,99.7600,0.0379,102.400
orscale_muon_wd,0.01,42,22,2150,0.011600,99.8500,0.0232,105.100
orscale_muon_wd,0.01,42,22,2200,0.011900,99.8400,0.0120,107.100
orscale_muon_wd,0.01,42,23,2250,0.010800,99.9100,0.0045,109.800
orscale_muon_wd,0.01,42,23,2300,0.010700,99.8800,0.0006,111.700
orscale_muon_wd,0.01,43,0,50,2.290100,15.1300,0.1000,6.200
orscale_muon_wd,0.01,43,1,100,1.875400,43.2900,0.2000,9.000
orscale_muon_wd,0.01,43,1,150,1.651500,47.2700,0.3000,11.200
orscale_muon_wd,0.01,43,2,200,1.032900,64.7500,0.4000,13.800
orscale_muon_wd,0.01,43,2,250,0.924900,68.9500,0.5000,16.000
orscale_muon_wd,0.01,43,3,300,0.642700,78.3900,0.6000,18.700
orscale_muon_wd,0.01,43,3,350,0.612400,79.4400,0.7000,21.000
orscale_muon_wd,0.01,43,4,400,0.487500,83.6600,0.8000,23.600
orscale_muon_wd,0.01,43,4,450,0.473100,84.1700,0.9000,25.900
orscale_muon_wd,0.01,43,5,500,0.401900,86.5500,1.0000,28.600
orscale_muon_wd,0.01,43,5,550,0.395000,86.7100,0.9982,30.900
orscale_muon_wd,0.01,43,6,600,0.326300,89.1700,0.9926,33.600
orscale_muon_wd,0.01,43,6,650,0.326000,89.2100,0.9835,35.900
orscale_muon_wd,0.01,43,7,700,0.276400,90.7200,0.9708,38.600
orscale_muon_wd,0.01,43,7,750,0.284100,90.3900,0.9546,40.900
orscale_muon_wd,0.01,43,8,800,0.245700,92.0000,0.9350,43.600
orscale_muon_wd,0.01,43,8,850,0.250500,91.5900,0.9122,45.900
orscale_muon_wd,0.01,43,9,900,0.217900,92.7800,0.8864,48.600
orscale_muon_wd,0.01,43,9,950,0.222900,92.6500,0.8578,50.800
orscale_muon_wd,0.01,43,10,1000,0.191500,93.8300,0.8265,53.500
orscale_muon_wd,0.01,43,10,1050,0.193600,93.7400,0.7928,55.800
orscale_muon_wd,0.01,43,11,1100,0.161700,94.8600,0.7569,58.500
orscale_muon_wd,0.01,43,11,1150,0.167100,94.6400,0.7192,60.800
orscale_muon_wd,0.01,43,12,1200,0.132800,95.6900,0.6798,63.500
orscale_muon_wd,0.01,43,12,1250,0.139500,95.5200,0.6391,65.800
orscale_muon_wd,0.01,43,13,1300,0.116400,96.3000,0.5973,68.500
orscale_muon_wd,0.01,43,13,1350,0.116600,96.3000,0.5549,70.800
orscale_muon_wd,0.01,43,14,1400,0.097000,97.0800,0.5120,73.500
orscale_muon_wd,0.01,43,14,1450,0.098400,96.9600,0.4691,75.800
orscale_muon_wd,0.01,43,15,1500,0.077400,97.7300,0.4264,78.600
orscale_muon_wd,0.01,43,15,1550,0.076400,97.7400,0.3842,80.900
orscale_muon_wd,0.01,43,16,1600,0.060800,98.3200,0.3429,83.600
orscale_muon_wd,0.01,43,17,1650,0.034200,99.6100,0.3027,86.300
orscale_muon_wd,0.01,43,17,1700,0.042600,98.9000,0.2640,88.600
orscale_muon_wd,0.01,43,18,1750,0.033700,99.1200,0.2271,91.300
orscale_muon_wd,0.01,43,18,1800,0.031200,99.2600,0.1921,93.700
orscale_muon_wd,0.01,43,19,1850,0.026900,99.3600,0.1594,96.400
orscale_muon_wd,0.01,43,19,1900,0.023500,99.5000,0.1293,98.700
orscale_muon_wd,0.01,43,20,1950,0.016900,99.7500,0.1018,102.200
orscale_muon_wd,0.01,43,20,2000,0.018800,99.6600,0.0774,104.500
orscale_muon_wd,0.01,43,21,2050,0.015100,99.7700,0.0560,107.300
orscale_muon_wd,0.01,43,21,2100,0.014300,99.7800,0.0379,109.600
orscale_muon_wd,0.01,43,22,2150,0.012200,99.8500,0.0232,112.400
orscale_muon_wd,0.01,43,22,2200,0.012100,99.8200,0.0120,114.700
orscale_muon_wd,0.01,43,23,2250,0.011300,99.8800,0.0045,117.500
orscale_muon_wd,0.01,43,23,2300,0.011200,99.8600,0.0006,119.700
orscale_muon_wd,0.01,44,0,50,2.280600,16.3300,0.1000,5.900
orscale_muon_wd,0.01,44,1,100,1.882700,41.3400,0.2000,8.400
orscale_muon_wd,0.01,44,1,150,1.634800,47.8300,0.3000,10.800
orscale_muon_wd,0.01,44,2,200,1.051200,64.8800,0.4000,13.200
orscale_muon_wd,0.01,44,2,250,0.910400,69.2100,0.5000,15.500
orscale_muon_wd,0.01,44,3,300,0.656100,77.6500,0.6000,18.000
orscale_muon_wd,0.01,44,3,350,0.604200,79.8900,0.7000,20.300
orscale_muon_wd,0.01,44,4,400,0.478500,84.2400,0.8000,22.900
orscale_muon_wd,0.01,44,4,450,0.462500,84.4800,0.9000,25.300
orscale_muon_wd,0.01,44,5,500,0.395900,87.1100,1.0000,27.800
orscale_muon_wd,0.01,44,5,550,0.385100,87.3000,0.9982,30.200
orscale_muon_wd,0.01,44,6,600,0.322600,89.1300,0.9926,32.800
orscale_muon_wd,0.01,44,6,650,0.322900,89.3400,0.9835,35.100
orscale_muon_wd,0.01,44,7,700,0.267900,91.0100,0.9708,37.800
orscale_muon_wd,0.01,44,7,750,0.276400,90.8000,0.9546,40.100
orscale_muon_wd,0.01,44,8,800,0.238600,92.2500,0.9350,42.800
orscale_muon_wd,0.01,44,8,850,0.238500,92.2000,0.9122,45.000
orscale_muon_wd,0.01,44,9,900,0.207600,93.3800,0.8864,47.700
orscale_muon_wd,0.01,44,9,950,0.211700,93.1700,0.8578,50.000
orscale_muon_wd,0.01,44,10,1000,0.182600,94.0800,0.8265,52.600
orscale_muon_wd,0.01,44,10,1050,0.187600,93.8400,0.7928,55.000
orscale_muon_wd,0.01,44,11,1100,0.152800,95.1300,0.7569,57.700
orscale_muon_wd,0.01,44,11,1150,0.160300,94.7700,0.7192,60.000
orscale_muon_wd,0.01,44,12,1200,0.135300,95.9300,0.6798,62.600
orscale_muon_wd,0.01,44,12,1250,0.139200,95.6700,0.6391,64.900
orscale_muon_wd,0.01,44,13,1300,0.111500,96.6200,0.5973,67.600
orscale_muon_wd,0.01,44,13,1350,0.114200,96.4600,0.5549,69.900
orscale_muon_wd,0.01,44,14,1400,0.091500,97.1900,0.5120,72.600
orscale_muon_wd,0.01,44,14,1450,0.092400,97.1200,0.4691,74.900
orscale_muon_wd,0.01,44,15,1500,0.073900,97.9400,0.4264,77.600
orscale_muon_wd,0.01,44,15,1550,0.073900,97.8800,0.3842,79.900
orscale_muon_wd,0.01,44,16,1600,0.056300,98.4300,0.3429,82.600
orscale_muon_wd,0.01,44,17,1650,0.055000,98.0500,0.3027,85.400
orscale_muon_wd,0.01,44,17,1700,0.041000,98.9600,0.2640,87.600
orscale_muon_wd,0.01,44,18,1750,0.034900,99.0200,0.2271,90.300
orscale_muon_wd,0.01,44,18,1800,0.033400,99.2100,0.1921,92.700
orscale_muon_wd,0.01,44,19,1850,0.021900,99.5800,0.1594,95.400
orscale_muon_wd,0.01,44,19,1900,0.023500,99.5300,0.1293,97.700
orscale_muon_wd,0.01,44,20,1950,0.016500,99.7900,0.1018,101.300
orscale_muon_wd,0.01,44,20,2000,0.017500,99.7000,0.0774,103.600
orscale_muon_wd,0.01,44,21,2050,0.015300,99.7600,0.0560,106.400
orscale_muon_wd,0.01,44,21,2100,0.014700,99.7500,0.0379,108.700
orscale_muon_wd,0.01,44,22,2150,0.010800,99.8200,0.0232,111.500
orscale_muon_wd,0.01,44,22,2200,0.011200,99.8200,0.0120,113.800
orscale_muon_wd,0.01,44,23,2250,0.010300,99.8800,0.0045,116.500
orscale_muon_wd,0.01,44,23,2300,0.010100,99.8900,0.0006,118.800
orscale_muon_wd,0.02,42,0,50,2.239500,23.3100,0.1000,7.100
orscale_muon_wd,0.02,42,1,100,1.582700,50.2600,0.2000,10.000
orscale_muon_wd,0.02,42,1,150,1.299800,57.7300,0.3000,12.300
orscale_muon_wd,0.02,42,2,200,0.770300,75.2000,0.4000,15.100
orscale_muon_wd,0.02,42,2,250,0.704300,76.4400,0.5000,17.400
orscale_muon_wd,0.02,42,3,300,0.511200,83.2500,0.6000,20.200
orscale_muon_wd,0.02,42,3,350,0.506200,83.4300,0.7000,22.500
orscale_muon_wd,0.02,42,4,400,0.437300,86.0200,0.8000,25.300
orscale_muon_wd,0.02,42,4,450,0.429700,85.9000,0.9000,27.700
orscale_muon_wd,0.02,42,5,500,0.392000,87.3800,1.0000,30.500
orscale_muon_wd,0.02,42,5,550,0.406300,86.6400,0.9982,32.800
orscale_muon_wd,0.02,42,6,600,0.370700,87.7800,0.9926,35.600
orscale_muon_wd,0.02,42,6,650,0.380700,87.3000,0.9835,37.900
orscale_muon_wd,0.02,42,7,700,0.327800,89.0300,0.9708,40.700
orscale_muon_wd,0.02,42,7,750,0.349400,88.3700,0.9546,43.000
orscale_muon_wd,0.02,42,8,800,0.313600,89.6300,0.9350,45.800
orscale_muon_wd,0.02,42,8,850,0.320800,89.3300,0.9122,48.100
orscale_muon_wd,0.02,42,9,900,0.276800,90.9200,0.8864,50.900
orscale_muon_wd,0.02,42,9,950,0.285200,90.5400,0.8578,53.200
orscale_muon_wd,0.02,42,10,1000,0.221200,92.9800,0.8265,56.000
orscale_muon_wd,0.02,42,10,1050,0.225400,92.5200,0.7928,58.300
orscale_muon_wd,0.02,42,11,1100,0.176200,94.2700,0.7569,61.100
orscale_muon_wd,0.02,42,11,1150,0.180300,94.0600,0.7192,63.400
orscale_muon_wd,0.02,42,12,1200,0.140000,95.6300,0.6798,66.200
orscale_muon_wd,0.02,42,12,1250,0.142800,95.5000,0.6391,68.500
orscale_muon_wd,0.02,42,13,1300,0.111000,96.5700,0.5973,71.300
orscale_muon_wd,0.02,42,13,1350,0.113500,96.4500,0.5549,73.600
orscale_muon_wd,0.02,42,14,1400,0.086500,97.4300,0.5120,76.400
orscale_muon_wd,0.02,42,14,1450,0.087200,97.3900,0.4691,78.700
orscale_muon_wd,0.02,42,15,1500,0.071600,97.9300,0.4264,81.400
orscale_muon_wd,0.02,42,15,1550,0.070800,97.9400,0.3842,83.700
orscale_muon_wd,0.02,42,16,1600,0.052700,98.5500,0.3429,86.500
orscale_muon_wd,0.02,42,17,1650,0.028600,99.8000,0.3027,89.100
orscale_muon_wd,0.02,42,17,1700,0.039100,99.0900,0.2640,91.300
orscale_muon_wd,0.02,42,18,1750,0.034300,98.9700,0.2271,94.000
orscale_muon_wd,0.02,42,18,1800,0.030600,99.2400,0.1921,96.400
orscale_muon_wd,0.02,42,19,1850,0.023800,99.5800,0.1594,99.000
orscale_muon_wd,0.02,42,19,1900,0.023600,99.5200,0.1293,101.400
orscale_muon_wd,0.02,42,20,1950,0.018300,99.6300,0.1018,104.100
orscale_muon_wd,0.02,42,20,2000,0.017500,99.7200,0.0774,106.400
orscale_muon_wd,0.02,42,21,2050,0.012300,99.8800,0.0560,109.100
orscale_muon_wd,0.02,42,21,2100,0.013300,99.8400,0.0379,111.400
orscale_muon_wd,0.02,42,22,2150,0.010900,99.9100,0.0232,114.100
orscale_muon_wd,0.02,42,22,2200,0.011700,99.8700,0.0120,116.300
orscale_muon_wd,0.02,42,23,2250,0.011200,99.8300,0.0045,119.000
orscale_muon_wd,0.02,42,23,2300,0.011200,99.8300,0.0006,121.300
orscale_muon_wd,0.02,43,0,50,2.260900,18.7800,0.1000,7.100
orscale_muon_wd,0.02,43,1,100,1.584600,50.4600,0.2000,10.000
orscale_muon_wd,0.02,43,1,150,1.328500,56.5500,0.3000,12.300
orscale_muon_wd,0.02,43,2,200,0.770400,74.0200,0.4000,15.100
orscale_muon_wd,0.02,43,2,250,0.716300,75.9600,0.5000,17.400
orscale_muon_wd,0.02,43,3,300,0.520000,82.7300,0.6000,20.200
orscale_muon_wd,0.02,43,3,350,0.517100,82.8400,0.7000,22.500
orscale_muon_wd,0.02,43,4,400,0.433900,85.7700,0.8000,25.300
orscale_muon_wd,0.02,43,4,450,0.437500,85.4600,0.9000,27.700
orscale_muon_wd,0.02,43,5,500,0.401500,86.8900,1.0000,30.400
orscale_muon_wd,0.02,43,5,550,0.407100,86.4500,0.9982,32.800
orscale_muon_wd,0.02,43,6,600,0.358900,87.9800,0.9926,35.600
orscale_muon_wd,0.02,43,6,650,0.370900,87.7200,0.9835,37.900
orscale_muon_wd,0.02,43,7,700,0.330600,88.9500,0.9708,40.700
orscale_muon_wd,0.02,43,7,750,0.351900,88.1300,0.9546,43.000
orscale_muon_wd,0.02,43,8,800,0.315600,89.5200,0.9350,45.800
orscale_muon_wd,0.02,43,8,850,0.325600,89.0600,0.9122,48.100
orscale_muon_wd,0.02,43,9,900,0.286400,90.3900,0.8864,50.900
orscale_muon_wd,0.02,43,9,950,0.288600,90.2500,0.8578,53.200
orscale_muon_wd,0.02,43,10,1000,0.227900,92.4800,0.8265,56.000
orscale_muon_wd,0.02,43,10,1050,0.226600,92.5300,0.7928,58.300
orscale_muon_wd,0.02,43,11,1100,0.177900,94.1800,0.7569,61.100
orscale_muon_wd,0.02,43,11,1150,0.179400,94.1100,0.7192,63.400
orscale_muon_wd,0.02,43,12,1200,0.135400,95.8200,0.6798,66.200
orscale_muon_wd,0.02,43,12,1250,0.141000,95.5200,0.6391,68.600
orscale_muon_wd,0.02,43,13,1300,0.112100,96.5100,0.5973,71.300
orscale_muon_wd,0.02,43,13,1350,0.112200,96.5200,0.5549,73.600
orscale_muon_wd,0.02,43,14,1400,0.089800,97.3400,0.5120,76.300
orscale_muon_wd,0.02,43,14,1450,0.088300,97.3900,0.4691,78.600
orscale_muon_wd,0.02,43,15,1500,0.066800,98.1300,0.4264,81.300
orscale_muon_wd,0.02,43,15,1550,0.067200,98.0400,0.3842,83.600
orscale_muon_wd,0.02,43,16,1600,0.053500,98.4600,0.3429,86.300
orscale_muon_wd,0.02,43,17,1650,0.037900,99.0200,0.3027,89.000
orscale_muon_wd,0.02,43,17,1700,0.037400,99.0600,0.2640,91.200
orscale_muon_wd,0.02,43,18,1750,0.033000,99.4100,0.2271,94.000
orscale_muon_wd,0.02,43,18,1800,0.029700,99.3200,0.1921,96.300
orscale_muon_wd,0.02,43,19,1850,0.022800,99.5300,0.1594,99.000
orscale_muon_wd,0.02,43,19,1900,0.022400,99.5400,0.1293,101.300
orscale_muon_wd,0.02,43,20,1950,0.017400,99.7500,0.1018,104.000
orscale_muon_wd,0.02,43,20,2000,0.017100,99.7400,0.0774,106.300
orscale_muon_wd,0.02,43,21,2050,0.014000,99.8200,0.0560,109.000
orscale_muon_wd,0.02,43,21,2100,0.013300,99.8000,0.0379,111.300
orscale_muon_wd,0.02,43,22,2150,0.011200,99.8900,0.0232,114.000
orscale_muon_wd,0.02,43,22,2200,0.011700,99.8600,0.0120,116.200
orscale_muon_wd,0.02,43,23,2250,0.011500,99.8500,0.0045,118.900
orscale_muon_wd,0.02,43,23,2300,0.011000,99.8700,0.0006,121.200
orscale_muon_wd,0.02,44,0,50,2.250100,20.6400,0.1000,5.800
orscale_muon_wd,0.02,44,1,100,1.603300,48.5000,0.2000,8.000
orscale_muon_wd,0.02,44,1,150,1.309600,56.9000,0.3000,9.700
orscale_muon_wd,0.02,44,2,200,0.803500,73.4400,0.4000,11.700
orscale_muon_wd,0.02,44,2,250,0.706500,76.3700,0.5000,13.300
orscale_muon_wd,0.02,44,3,300,0.536600,81.9700,0.6000,15.500
orscale_muon_wd,0.02,44,3,350,0.503600,83.4100,0.7000,17.100
orscale_muon_wd,0.02,44,4,400,0.432300,85.8900,0.8000,19.100
orscale_muon_wd,0.02,44,4,450,0.425700,85.7700,0.9000,20.800
orscale_muon_wd,0.02,44,5,500,0.389900,87.6600,1.0000,22.900
orscale_muon_wd,0.02,44,5,550,0.398600,86.9600,0.9982,24.500
orscale_muon_wd,0.02,44,6,600,0.353500,88.1800,0.9926,26.600
orscale_muon_wd,0.02,44,6,650,0.362500,88.0700,0.9835,28.200
orscale_muon_wd,0.02,44,7,700,0.332300,88.9700,0.9708,30.400
orscale_muon_wd,0.02,44,7,750,0.344000,88.5900,0.9546,32.000
orscale_muon_wd,0.02,44,8,800,0.312900,89.7700,0.9350,34.100
orscale_muon_wd,0.02,44,8,850,0.318400,89.4900,0.9122,35.700
orscale_muon_wd,0.02,44,9,900,0.288500,90.5000,0.8864,37.800
orscale_muon_wd,0.02,44,9,950,0.283500,90.6700,0.8578,39.500
orscale_muon_wd,0.02,44,10,1000,0.221600,92.8500,0.8265,41.500
orscale_muon_wd,0.02,44,10,1050,0.225700,92.5000,0.7928,43.300
orscale_muon_wd,0.02,44,11,1100,0.169800,94.5000,0.7569,45.500
orscale_muon_wd,0.02,44,11,1150,0.172800,94.3000,0.7192,47.200
orscale_muon_wd,0.02,44,12,1200,0.141400,95.4900,0.6798,49.200
orscale_muon_wd,0.02,44,12,1250,0.144600,95.3100,0.6391,50.900
orscale_muon_wd,0.02,44,13,1300,0.109100,96.6700,0.5973,53.000
orscale_muon_wd,0.02,44,13,1350,0.110200,96.5600,0.5549,54.700
orscale_muon_wd,0.02,44,14,1400,0.088200,97.2600,0.5120,56.800
orscale_muon_wd,0.02,44,14,1450,0.088300,97.2600,0.4691,58.500
orscale_muon_wd,0.02,44,15,1500,0.068900,98.0400,0.4264,60.700
orscale_muon_wd,0.02,44,15,1550,0.069200,97.9800,0.3842,62.300
orscale_muon_wd,0.02,44,16,1600,0.051300,98.6600,0.3429,64.400
orscale_muon_wd,0.02,44,17,1650,0.051000,98.6300,0.3027,66.600
orscale_muon_wd,0.02,44,17,1700,0.037900,99.0900,0.2640,68.200
orscale_muon_wd,0.02,44,18,1750,0.030600,99.2200,0.2271,70.300
orscale_muon_wd,0.02,44,18,1800,0.030200,99.3200,0.1921,72.000
orscale_muon_wd,0.02,44,19,1850,0.021300,99.5300,0.1594,74.100
orscale_muon_wd,0.02,44,19,1900,0.022100,99.5800,0.1293,75.800
orscale_muon_wd,0.02,44,20,1950,0.015500,99.8200,0.1018,77.900
orscale_muon_wd,0.02,44,20,2000,0.016600,99.7400,0.0774,79.500
orscale_muon_wd,0.02,44,21,2050,0.013500,99.7400,0.0560,81.700
orscale_muon_wd,0.02,44,21,2100,0.014800,99.7300,0.0379,83.300
orscale_muon_wd,0.02,44,22,2150,0.010400,99.9100,0.0232,85.400
orscale_muon_wd,0.02,44,22,2200,0.011700,99.8400,0.0120,87.100
orscale_muon_wd,0.02,44,23,2250,0.010800,99.8800,0.0045,89.200
orscale_muon_wd,0.02,44,23,2300,0.010500,99.8900,0.0006,90.900
orscale_muon_wd,0.04,42,0,50,2.182700,27.1400,0.1000,5.900
orscale_muon_wd,0.04,42,1,100,1.266900,58.7900,0.2000,8.000
orscale_muon_wd,0.04,42,1,150,1.013500,66.6100,0.3000,9.700
orscale_muon_wd,0.04,42,2,200,0.627000,79.7500,0.4000,11.800
orscale_muon_wd,0.04,42,2,250,0.599400,80.3500,0.5000,13.400
orscale_muon_wd,0.04,42,3,300,0.486000,84.5500,0.6000,15.500
orscale_muon_wd,0.04,42,3,350,0.503300,83.5500,0.7000,17.100
orscale_muon_wd,0.04,42,4,400,0.478600,84.5500,0.8000,19.100
orscale_muon_wd,0.04,42,4,450,0.491800,83.8700,0.9000,20.800
orscale_muon_wd,0.04,42,5,500,0.434200,85.9200,1.0000,22.900
orscale_muon_wd,0.04,42,5,550,0.416000,86.3100,0.9982,24.600
orscale_muon_wd,0.04,42,6,600,0.332000,89.3200,0.9926,26.600
orscale_muon_wd,0.04,42,6,650,0.321100,89.2700,0.9835,28.300
orscale_muon_wd,0.04,42,7,700,0.238400,92.1000,0.9708,30.400
orscale_muon_wd,0.04,42,7,750,0.249800,91.7200,0.9546,32.100
orscale_muon_wd,0.04,42,8,800,0.203900,93.4700,0.9350,34.200
orscale_muon_wd,0.04,42,8,850,0.204000,93.4100,0.9122,35.900
orscale_muon_wd,0.04,42,9,900,0.159900,95.0600,0.8864,38.000
orscale_muon_wd,0.04,42,9,950,0.167900,94.5300,0.8578,39.700
orscale_muon_wd,0.04,42,10,1000,0.141000,95.5300,0.8265,41.800
orscale_muon_wd,0.04,42,10,1050,0.143900,95.4500,0.7928,43.600
orscale_muon_wd,0.04,42,11,1100,0.117200,96.2700,0.7569,45.800
orscale_muon_wd,0.04,42,11,1150,0.118400,96.3200,0.7192,48.300
orscale_muon_wd,0.04,42,12,1200,0.088700,97.4300,0.6798,50.300
orscale_muon_wd,0.04,42,12,1250,0.092800,97.2100,0.6391,52.000
orscale_muon_wd,0.04,42,13,1300,0.077500,97.7600,0.5973,54.100
orscale_muon_wd,0.04,42,13,1350,0.078800,97.6400,0.5549,55.900
orscale_muon_wd,0.04,42,14,1400,0.062900,98.1400,0.5120,58.000
orscale_muon_wd,0.04,42,14,1450,0.061200,98.2100,0.4691,59.600
orscale_muon_wd,0.04,42,15,1500,0.050900,98.4500,0.4264,61.800
orscale_muon_wd,0.04,42,15,1550,0.049900,98.5600,0.3842,63.500
orscale_muon_wd,0.04,42,16,1600,0.036500,99.1200,0.3429,65.600
orscale_muon_wd,0.04,42,17,1650,0.019000,100.0000,0.3027,67.700
orscale_muon_wd,0.04,42,17,1700,0.028400,99.3100,0.2640,69.300
orscale_muon_wd,0.04,42,18,1750,0.030300,98.9700,0.2271,71.400
orscale_muon_wd,0.04,42,18,1800,0.022700,99.4600,0.1921,73.100
orscale_muon_wd,0.04,42,19,1850,0.018200,99.6100,0.1594,75.200
orscale_muon_wd,0.04,42,19,1900,0.016300,99.7300,0.1293,76.900
orscale_muon_wd,0.04,42,20,1950,0.014600,99.7100,0.1018,79.000
orscale_muon_wd,0.04,42,20,2000,0.012800,99.8200,0.0774,80.700
orscale_muon_wd,0.04,42,21,2050,0.009600,99.8900,0.0560,82.800
orscale_muon_wd,0.04,42,21,2100,0.010600,99.8500,0.0379,84.500
orscale_muon_wd,0.04,42,22,2150,0.008400,99.9600,0.0232,86.600
orscale_muon_wd,0.04,42,22,2200,0.009400,99.8800,0.0120,88.300
orscale_muon_wd,0.04,42,23,2250,0.009100,99.8800,0.0045,90.400
orscale_muon_wd,0.04,42,23,2300,0.008700,99.9100,0.0006,92.100
orscale_muon_wd,0.04,43,0,50,2.208000,22.3900,0.1000,6.100
orscale_muon_wd,0.04,43,1,100,1.232200,61.2000,0.2000,8.900
orscale_muon_wd,0.04,43,1,150,1.033200,65.8200,0.3000,11.000
orscale_muon_wd,0.04,43,2,200,0.632600,79.6200,0.4000,13.700
orscale_muon_wd,0.04,43,2,250,0.613100,79.9800,0.5000,15.900
orscale_muon_wd,0.04,43,3,300,0.493500,83.7700,0.6000,18.500
orscale_muon_wd,0.04,43,3,350,0.507900,83.3900,0.7000,20.800
orscale_muon_wd,0.04,43,4,400,0.487000,84.0700,0.8000,23.500
orscale_muon_wd,0.04,43,4,450,0.493800,83.6000,0.9000,25.700
orscale_muon_wd,0.04,43,5,500,0.452800,84.7900,1.0000,28.400
orscale_muon_wd,0.04,43,5,550,0.424100,85.7600,0.9982,30.700
orscale_muon_wd,0.04,43,6,600,0.315800,89.9100,0.9926,33.400
orscale_muon_wd,0.04,43,6,650,0.311200,89.7900,0.9835,35.700
orscale_muon_wd,0.04,43,7,700,0.246300,92.3200,0.9708,38.500
orscale_muon_wd,0.04,43,7,750,0.254500,91.6100,0.9546,40.800
orscale_muon_wd,0.04,43,8,800,0.208600,93.1000,0.9350,43.500
orscale_muon_wd,0.04,43,8,850,0.209200,92.9800,0.9122,45.800
orscale_muon_wd,0.04,43,9,900,0.173500,94.4300,0.8864,48.600
orscale_muon_wd,0.04,43,9,950,0.176700,94.3400,0.8578,50.900
orscale_muon_wd,0.04,43,10,1000,0.146000,95.3500,0.8265,53.600
orscale_muon_wd,0.04,43,10,1050,0.145200,95.3400,0.7928,55.900
orscale_muon_wd,0.04,43,11,1100,0.113100,96.5100,0.7569,58.600
orscale_muon_wd,0.04,43,11,1150,0.119100,96.2300,0.7192,61.000
orscale_muon_wd,0.04,43,12,1200,0.094600,97.2200,0.6798,63.700
orscale_muon_wd,0.04,43,12,1250,0.097200,97.0500,0.6391,66.100
orscale_muon_wd,0.04,43,13,1300,0.073500,97.8800,0.5973,68.800
orscale_muon_wd,0.04,43,13,1350,0.077300,97.6500,0.5549,71.200
orscale_muon_wd,0.04,43,14,1400,0.063700,98.2400,0.5120,74.000
orscale_muon_wd,0.04,43,14,1450,0.061600,98.2600,0.4691,76.200
orscale_muon_wd,0.04,43,15,1500,0.048600,98.7400,0.4264,79.000
orscale_muon_wd,0.04,43,15,1550,0.048500,98.6800,0.3842,81.300
orscale_muon_wd,0.04,43,16,1600,0.038700,99.0500,0.3429,84.100
orscale_muon_wd,0.04,43,17,1650,0.024900,99.6100,0.3027,86.800
orscale_muon_wd,0.04,43,17,1700,0.028300,99.3000,0.2640,89.100
orscale_muon_wd,0.04,43,18,1750,0.023400,99.4600,0.2271,91.900
orscale_muon_wd,0.04,43,18,1800,0.020900,99.5900,0.1921,94.200
orscale_muon_wd,0.04,43,19,1850,0.016600,99.6400,0.1594,97.000
orscale_muon_wd,0.04,43,19,1900,0.017200,99.6300,0.1293,99.300
orscale_muon_wd,0.04,43,20,1950,0.011700,99.8400,0.1018,102.000
orscale_muon_wd,0.04,43,20,2000,0.013100,99.8000,0.0774,104.300
orscale_muon_wd,0.04,43,21,2050,0.012400,99.8200,0.0560,107.000
orscale_muon_wd,0.04,43,21,2100,0.011000,99.8500,0.0379,109.400
orscale_muon_wd,0.04,43,22,2150,0.009200,99.8800,0.0232,112.100
orscale_muon_wd,0.04,43,22,2200,0.009500,99.8700,0.0120,114.400
orscale_muon_wd,0.04,43,23,2250,0.009100,99.9200,0.0045,117.100
orscale_muon_wd,0.04,43,23,2300,0.008800,99.9200,0.0006,119.400
orscale_muon_wd,0.04,44,0,50,2.194900,24.8300,0.1000,5.900
orscale_muon_wd,0.04,44,1,100,1.287100,56.8400,0.2000,8.300
orscale_muon_wd,0.04,44,1,150,1.023900,65.9800,0.3000,10.600
orscale_muon_wd,0.04,44,2,200,0.662600,78.4800,0.4000,12.900
orscale_muon_wd,0.04,44,2,250,0.600900,80.4200,0.5000,15.300
orscale_muon_wd,0.04,44,3,300,0.502300,83.6600,0.6000,17.600
orscale_muon_wd,0.04,44,3,350,0.498500,83.7500,0.7000,20.000
orscale_muon_wd,0.04,44,4,400,0.483200,83.7700,0.8000,22.400
orscale_muon_wd,0.04,44,4,450,0.487500,83.8300,0.9000,24.700
orscale_muon_wd,0.04,44,5,500,0.438700,85.7400,1.0000,27.300
orscale_muon_wd,0.04,44,5,550,0.413900,86.3800,0.9982,29.700
orscale_muon_wd,0.04,44,6,600,0.313700,89.7200,0.9926,32.200
orscale_muon_wd,0.04,44,6,650,0.307300,89.9100,0.9835,34.500
orscale_muon_wd,0.04,44,7,700,0.251000,91.5600,0.9708,37.200
orscale_muon_wd,0.04,44,7,750,0.253700,91.5300,0.9546,39.500
orscale_muon_wd,0.04,44,8,800,0.205200,93.4200,0.9350,42.200
orscale_muon_wd,0.04,44,8,850,0.203000,93.4000,0.9122,44.600
orscale_muon_wd,0.04,44,9,900,0.166700,94.7300,0.8864,47.300
orscale_muon_wd,0.04,44,9,950,0.169700,94.5500,0.8578,49.600
orscale_muon_wd,0.04,44,10,1000,0.136700,95.7600,0.8265,52.300
orscale_muon_wd,0.04,44,10,1050,0.142700,95.3800,0.7928,54.700
orscale_muon_wd,0.04,44,11,1100,0.115800,96.4300,0.7569,57.300
orscale_muon_wd,0.04,44,11,1150,0.118300,96.3000,0.7192,59.700
orscale_muon_wd,0.04,44,12,1200,0.095900,97.1500,0.6798,62.400
orscale_muon_wd,0.04,44,12,1250,0.098700,96.9000,0.6391,64.800
orscale_muon_wd,0.04,44,13,1300,0.073700,97.7400,0.5973,67.500
orscale_muon_wd,0.04,44,13,1350,0.076000,97.7000,0.5549,69.900
orscale_muon_wd,0.04,44,14,1400,0.061400,98.2400,0.5120,72.600
orscale_muon_wd,0.04,44,14,1450,0.062500,98.1700,0.4691,74.900
orscale_muon_wd,0.04,44,15,1500,0.047000,98.7200,0.4264,77.700
orscale_muon_wd,0.04,44,15,1550,0.048000,98.6300,0.3842,80.000
orscale_muon_wd,0.04,44,16,1600,0.035700,99.1000,0.3429,82.800
orscale_muon_wd,0.04,44,17,1650,0.044500,98.8300,0.3027,85.500
orscale_muon_wd,0.04,44,17,1700,0.027600,99.3500,0.2640,87.900
orscale_muon_wd,0.04,44,18,1750,0.021900,99.5100,0.2271,90.600
orscale_muon_wd,0.04,44,18,1800,0.024200,99.4400,0.1921,92.900
orscale_muon_wd,0.04,44,19,1850,0.014000,99.7800,0.1594,95.700
orscale_muon_wd,0.04,44,19,1900,0.016500,99.6900,0.1293,98.000
orscale_muon_wd,0.04,44,20,1950,0.011200,99.8800,0.1018,100.800
orscale_muon_wd,0.04,44,20,2000,0.012800,99.8100,0.0774,103.100
orscale_muon_wd,0.04,44,21,2050,0.011300,99.8300,0.0560,105.800
orscale_muon_wd,0.04,44,21,2100,0.011000,99.8500,0.0379,108.100
orscale_muon_wd,0.04,44,22,2150,0.008100,99.9300,0.0232,110.800
orscale_muon_wd,0.04,44,22,2200,0.009000,99.9000,0.0120,113.100
orscale_muon_wd,0.04,44,23,2250,0.008200,99.9100,0.0045,115.900
orscale_muon_wd,0.04,44,23,2300,0.008100,99.9300,0.0006,118.200
orscale_muon_moonlight,0.005,42,0,50,2.273500,18.6400,0.1000,5.800
orscale_muon_moonlight,0.005,42,1,100,1.889000,42.1900,0.2000,7.900
orscale_muon_moonlight,0.005,42,1,150,1.666900,46.6300,0.3000,9.500
orscale_muon_moonlight,0.005,42,2,200,1.081400,64.2300,0.4000,11.600
orscale_muon_moonlight,0.005,42,2,250,0.963800,67.2700,0.5000,13.200
orscale_muon_moonlight,0.005,42,3,300,0.693500,76.6500,0.6000,15.300
orscale_muon_moonlight,0.005,42,3,350,0.659500,77.5500,0.7000,16.900
orscale_muon_moonlight,0.005,42,4,400,0.530400,82.4200,0.8000,19.000
orscale_muon_moonlight,0.005,42,4,450,0.503200,83.0900,0.9000,20.700
orscale_muon_moonlight,0.005,42,5,500,0.415400,86.3200,1.0000,22.700
orscale_muon_moonlight,0.005,42,5,550,0.407200,86.6100,0.9982,24.400
orscale_muon_moonlight,0.005,42,6,600,0.335500,89.0100,0.9926,26.500
orscale_muon_moonlight,0.005,42,6,650,0.330800,88.9200,0.9835,28.100
orscale_muon_moonlight,0.005,42,7,700,0.256000,91.6200,0.9708,30.200
orscale_muon_moonlight,0.005,42,7,750,0.269700,91.0600,0.9546,31.800
orscale_muon_moonlight,0.005,42,8,800,0.224400,92.8400,0.9350,33.900
orscale_muon_moonlight,0.005,42,8,850,0.222200,92.7800,0.9122,35.600
orscale_muon_moonlight,0.005,42,9,900,0.174600,94.5400,0.8864,37.600
orscale_muon_moonlight,0.005,42,9,950,0.188900,93.8600,0.8578,39.200
orscale_muon_moonlight,0.005,42,10,1000,0.154700,95.2700,0.8265,41.300
orscale_muon_moonlight,0.005,42,10,1050,0.158500,95.0600,0.7928,43.100
orscale_muon_moonlight,0.005,42,11,1100,0.130100,95.9400,0.7569,45.500
orscale_muon_moonlight,0.005,42,11,1150,0.131700,95.8800,0.7192,47.200
orscale_muon_moonlight,0.005,42,12,1200,0.101800,96.9600,0.6798,49.300
orscale_muon_moonlight,0.005,42,12,1250,0.106100,96.7300,0.6391,51.000
orscale_muon_moonlight,0.005,42,13,1300,0.086800,97.2700,0.5973,53.000
orscale_muon_moonlight,0.005,42,13,1350,0.088700,97.3200,0.5549,54.700
orscale_muon_moonlight,0.005,42,14,1400,0.072400,97.8500,0.5120,56.800
orscale_muon_moonlight,0.005,42,14,1450,0.071400,97.8800,0.4691,58.400
orscale_muon_moonlight,0.005,42,15,1500,0.058900,98.3900,0.4264,60.500
orscale_muon_moonlight,0.005,42,15,1550,0.058200,98.4000,0.3842,62.200
orscale_muon_moonlight,0.005,42,16,1600,0.044100,98.8900,0.3429,64.200
orscale_muon_moonlight,0.005,42,17,1650,0.031700,99.4100,0.3027,66.400
orscale_muon_moonlight,0.005,42,17,1700,0.034900,99.1800,0.2640,68.000
orscale_muon_moonlight,0.005,42,18,1750,0.035200,99.1700,0.2271,70.100
orscale_muon_moonlight,0.005,42,18,1800,0.029000,99.3600,0.1921,71.800
orscale_muon_moonlight,0.005,42,19,1850,0.022300,99.6700,0.1594,73.900
orscale_muon_moonlight,0.005,42,19,1900,0.022900,99.5600,0.1293,75.600
orscale_muon_moonlight,0.005,42,20,1950,0.019200,99.7100,0.1018,77.700
orscale_muon_moonlight,0.005,42,20,2000,0.018600,99.7000,0.0774,79.300
orscale_muon_moonlight,0.005,42,21,2050,0.015300,99.7900,0.0560,81.500
orscale_muon_moonlight,0.005,42,21,2100,0.015500,99.7700,0.0379,83.100
orscale_muon_moonlight,0.005,42,22,2150,0.013800,99.8000,0.0232,85.200
orscale_muon_moonlight,0.005,42,22,2200,0.014200,99.8000,0.0120,86.900
orscale_muon_moonlight,0.005,42,23,2250,0.013000,99.8700,0.0045,88.900
orscale_muon_moonlight,0.005,42,23,2300,0.013100,99.8400,0.0006,90.600
orscale_muon_moonlight,0.005,43,0,50,2.292900,14.6400,0.1000,5.700
orscale_muon_moonlight,0.005,43,1,100,1.907100,42.9000,0.2000,7.800
orscale_muon_moonlight,0.005,43,1,150,1.695300,45.8800,0.3000,9.500
orscale_muon_moonlight,0.005,43,2,200,1.109400,61.9800,0.4000,11.600
orscale_muon_moonlight,0.005,43,2,250,0.995800,66.1200,0.5000,13.200
orscale_muon_moonlight,0.005,43,3,300,0.704700,75.8000,0.6000,15.400
orscale_muon_moonlight,0.005,43,3,350,0.668800,77.5400,0.7000,17.000
orscale_muon_moonlight,0.005,43,4,400,0.536100,81.8500,0.8000,19.100
orscale_muon_moonlight,0.005,43,4,450,0.509900,82.9100,0.9000,20.800
orscale_muon_moonlight,0.005,43,5,500,0.423200,85.7400,1.0000,22.900
orscale_muon_moonlight,0.005,43,5,550,0.411200,86.2100,0.9982,24.600
orscale_muon_moonlight,0.005,43,6,600,0.328000,89.4400,0.9926,26.600
orscale_muon_moonlight,0.005,43,6,650,0.327000,89.3100,0.9835,28.200
orscale_muon_moonlight,0.005,43,7,700,0.266900,91.0300,0.9708,30.400
orscale_muon_moonlight,0.005,43,7,750,0.273700,90.9000,0.9546,32.000
orscale_muon_moonlight,0.005,43,8,800,0.224600,92.7900,0.9350,34.100
orscale_muon_moonlight,0.005,43,8,850,0.227900,92.5200,0.9122,35.800
orscale_muon_moonlight,0.005,43,9,900,0.188000,94.0800,0.8864,38.500
orscale_muon_moonlight,0.005,43,9,950,0.193900,93.8000,0.8578,40.100
orscale_muon_moonlight,0.005,43,10,1000,0.159100,95.0300,0.8265,42.300
orscale_muon_moonlight,0.005,43,10,1050,0.160400,94.8500,0.7928,44.100
orscale_muon_moonlight,0.005,43,11,1100,0.132700,95.7700,0.7569,46.400
orscale_muon_moonlight,0.005,43,11,1150,0.135200,95.6900,0.7192,48.100
orscale_muon_moonlight,0.005,43,12,1200,0.106200,96.8800,0.6798,50.200
orscale_muon_moonlight,0.005,43,12,1250,0.108300,96.7600,0.6391,51.900
orscale_muon_moonlight,0.005,43,13,1300,0.090200,97.3400,0.5973,54.000
orscale_muon_moonlight,0.005,43,13,1350,0.090800,97.2500,0.5549,55.700
orscale_muon_moonlight,0.005,43,14,1400,0.075300,97.8300,0.5120,57.800
orscale_muon_moonlight,0.005,43,14,1450,0.072600,97.9000,0.4691,59.400
orscale_muon_moonlight,0.005,43,15,1500,0.058500,98.3400,0.4264,61.600
orscale_muon_moonlight,0.005,43,15,1550,0.057300,98.4000,0.3842,63.200
orscale_muon_moonlight,0.005,43,16,1600,0.044700,98.8900,0.3429,65.300
orscale_muon_moonlight,0.005,43,17,1650,0.034400,99.2200,0.3027,67.400
orscale_muon_moonlight,0.005,43,17,1700,0.034300,99.2200,0.2640,69.100
orscale_muon_moonlight,0.005,43,18,1750,0.027900,99.5100,0.2271,71.200
orscale_muon_moonlight,0.005,43,18,1800,0.027500,99.4100,0.1921,72.900
orscale_muon_moonlight,0.005,43,19,1850,0.022900,99.3600,0.1594,75.000
orscale_muon_moonlight,0.005,43,19,1900,0.021600,99.5500,0.1293,76.700
orscale_muon_moonlight,0.005,43,20,1950,0.016000,99.7300,0.1018,78.800
orscale_muon_moonlight,0.005,43,20,2000,0.017900,99.6800,0.0774,80.400
orscale_muon_moonlight,0.005,43,21,2050,0.016600,99.7300,0.0560,82.600
orscale_muon_moonlight,0.005,43,21,2100,0.016000,99.7300,0.0379,84.200
orscale_muon_moonlight,0.005,43,22,2150,0.014000,99.8800,0.0232,86.300
orscale_muon_moonlight,0.005,43,22,2200,0.014000,99.8000,0.0120,88.000
orscale_muon_moonlight,0.005,43,23,2250,0.014600,99.7800,0.0045,90.000
orscale_muon_moonlight,0.005,43,23,2300,0.013700,99.8400,0.0006,91.700
orscale_muon_moonlight,0.005,44,0,50,2.283300,15.7300,0.1000,6.200
orscale_muon_moonlight,0.005,44,1,100,1.912000,40.1700,0.2000,9.000
orscale_muon_moonlight,0.005,44,1,150,1.679000,46.3700,0.3000,11.200
orscale_muon_moonlight,0.005,44,2,200,1.117100,62.1400,0.4000,13.900
orscale_muon_moonlight,0.005,44,2,250,0.976100,66.5700,0.5000,16.300
orscale_muon_moonlight,0.005,44,3,300,0.718000,76.1300,0.6000,19.000
orscale_muon_moonlight,0.005,44,3,350,0.665600,77.4200,0.7000,21.300
orscale_muon_moonlight,0.005,44,4,400,0.521300,82.3700,0.8000,24.000
orscale_muon_moonlight,0.005,44,4,450,0.500700,83.1800,0.9000,26.300
orscale_muon_moonlight,0.005,44,5,500,0.417500,86.3300,1.0000,29.100
orscale_muon_moonlight,0.005,44,5,550,0.403900,86.6100,0.9982,31.400
orscale_muon_moonlight,0.005,44,6,600,0.332400,88.8700,0.9926,34.100
orscale_muon_moonlight,0.005,44,6,650,0.324700,89.2600,0.9835,36.400
orscale_muon_moonlight,0.005,44,7,700,0.261200,91.4500,0.9708,39.100
orscale_muon_moonlight,0.005,44,7,750,0.265800,91.3600,0.9546,41.400
orscale_muon_moonlight,0.005,44,8,800,0.222900,92.7800,0.9350,44.100
orscale_muon_moonlight,0.005,44,8,850,0.221000,92.7600,0.9122,46.500
orscale_muon_moonlight,0.005,44,9,900,0.192900,93.7500,0.8864,49.200
orscale_muon_moonlight,0.005,44,9,950,0.191000,93.7400,0.8578,51.600
orscale_muon_moonlight,0.005,44,10,1000,0.149000,95.3100,0.8265,54.400
orscale_muon_moonlight,0.005,44,10,1050,0.155600,94.9700,0.7928,56.700
orscale_muon_moonlight,0.005,44,11,1100,0.128800,95.9100,0.7569,59.500
orscale_muon_moonlight,0.005,44,11,1150,0.130900,95.9200,0.7192,61.800
orscale_muon_moonlight,0.005,44,12,1200,0.107000,96.8000,0.6798,64.600
orscale_muon_moonlight,0.005,44,12,1250,0.108500,96.6500,0.6391,66.900
orscale_muon_moonlight,0.005,44,13,1300,0.086700,97.5300,0.5973,69.600
orscale_muon_moonlight,0.005,44,13,1350,0.087100,97.4300,0.5549,71.900
orscale_muon_moonlight,0.005,44,14,1400,0.069900,97.9600,0.5120,74.600
orscale_muon_moonlight,0.005,44,14,1450,0.071200,97.9400,0.4691,76.900
orscale_muon_moonlight,0.005,44,15,1500,0.054000,98.5500,0.4264,79.700
orscale_muon_moonlight,0.005,44,15,1550,0.054300,98.5200,0.3842,82.000
orscale_muon_moonlight,0.005,44,16,1600,0.045200,98.8600,0.3429,84.800
orscale_muon_moonlight,0.005,44,17,1650,0.044100,98.4400,0.3027,87.500
orscale_muon_moonlight,0.005,44,17,1700,0.034300,99.1900,0.2640,89.800
orscale_muon_moonlight,0.005,44,18,1750,0.029300,99.3200,0.2271,92.600
orscale_muon_moonlight,0.005,44,18,1800,0.029200,99.3000,0.1921,94.800
orscale_muon_moonlight,0.005,44,19,1850,0.020700,99.6400,0.1594,97.500
orscale_muon_moonlight,0.005,44,19,1900,0.021600,99.6200,0.1293,99.800
orscale_muon_moonlight,0.005,44,20,1950,0.016600,99.7900,0.1018,102.500
orscale_muon_moonlight,0.005,44,20,2000,0.017000,99.7500,0.0774,104.800
orscale_muon_moonlight,0.005,44,21,2050,0.016200,99.7100,0.0560,107.500
orscale_muon_moonlight,0.005,44,21,2100,0.016200,99.7300,0.0379,109.800
orscale_muon_moonlight,0.005,44,22,2150,0.012100,99.8800,0.0232,112.600
orscale_muon_moonlight,0.005,44,22,2200,0.013500,99.8100,0.0120,114.900
orscale_muon_moonlight,0.005,44,23,2250,0.013200,99.8500,0.0045,117.600
orscale_muon_moonlight,0.005,44,23,2300,0.012700,99.8600,0.0006,120.000
orscale_muon_moonlight,0.01,42,0,50,2.244800,22.7500,0.1000,5.900
orscale_muon_moonlight,0.01,42,1,100,1.624900,47.7200,0.2000,8.400
orscale_muon_moonlight,0.01,42,1,150,1.358100,55.3400,0.3000,10.700
orscale_muon_moonlight,0.01,42,2,200,0.836500,72.9800,0.4000,13.300
orscale_muon_moonlight,0.01,42,2,250,0.760400,74.4600,0.5000,15.700
orscale_muon_moonlight,0.01,42,3,300,0.554300,81.6400,0.6000,18.300
orscale_muon_moonlight,0.01,42,3,350,0.538400,81.9800,0.7000,20.500
orscale_muon_moonlight,0.01,42,4,400,0.444700,85.5600,0.8000,23.200
orscale_muon_moonlight,0.01,42,4,450,0.429700,85.7400,0.9000,25.500
orscale_muon_moonlight,0.01,42,5,500,0.362200,88.1800,1.0000,28.300
orscale_muon_moonlight,0.01,42,5,550,0.364200,87.8300,0.9982,30.600
orscale_muon_moonlight,0.01,42,6,600,0.311100,89.7700,0.9926,33.300
orscale_muon_moonlight,0.01,42,6,650,0.311000,89.6200,0.9835,35.600
orscale_muon_moonlight,0.01,42,7,700,0.249200,91.9000,0.9708,38.400
orscale_muon_moonlight,0.01,42,7,750,0.263400,91.3700,0.9546,40.700
orscale_muon_moonlight,0.01,42,8,800,0.231200,92.5400,0.9350,43.400
orscale_muon_moonlight,0.01,42,8,850,0.231400,92.4900,0.9122,45.700
orscale_muon_moonlight,0.01,42,9,900,0.195100,93.8300,0.8864,48.400
orscale_muon_moonlight,0.01,42,9,950,0.207000,93.1700,0.8578,50.700
orscale_muon_moonlight,0.01,42,10,1000,0.173800,94.4300,0.8265,53.500
orscale_muon_moonlight,0.01,42,10,1050,0.179800,94.0700,0.7928,55.800
orscale_muon_moonlight,0.01,42,11,1100,0.153400,95.1500,0.7569,58.600
orscale_muon_moonlight,0.01,42,11,1150,0.157700,94.9100,0.7192,61.000
orscale_muon_moonlight,0.01,42,12,1200,0.130000,95.8500,0.6798,63.700
orscale_muon_moonlight,0.01,42,12,1250,0.135900,95.5400,0.6391,66.000
orscale_muon_moonlight,0.01,42,13,1300,0.110100,96.4700,0.5973,68.700
orscale_muon_moonlight,0.01,42,13,1350,0.112900,96.4700,0.5549,71.000
orscale_muon_moonlight,0.01,42,14,1400,0.090700,97.2600,0.5120,73.800
orscale_muon_moonlight,0.01,42,14,1450,0.091400,97.2100,0.4691,76.100
orscale_muon_moonlight,0.01,42,15,1500,0.073200,97.8500,0.4264,78.900
orscale_muon_moonlight,0.01,42,15,1550,0.074500,97.8000,0.3842,81.200
orscale_muon_moonlight,0.01,42,16,1600,0.055800,98.4100,0.3429,83.900
orscale_muon_moonlight,0.01,42,17,1650,0.044700,98.8300,0.3027,86.600
orscale_muon_moonlight,0.01,42,17,1700,0.044100,98.8100,0.2640,89.000
orscale_muon_moonlight,0.01,42,18,1750,0.038300,99.0200,0.2271,91.700
orscale_muon_moonlight,0.01,42,18,1800,0.032800,99.2300,0.1921,94.100
orscale_muon_moonlight,0.01,42,19,1850,0.021200,99.6400,0.1594,96.800
orscale_muon_moonlight,0.01,42,19,1900,0.023500,99.5600,0.1293,99.100
orscale_muon_moonlight,0.01,42,20,1950,0.018100,99.7100,0.1018,101.700
orscale_muon_moonlight,0.01,42,20,2000,0.017500,99.7000,0.0774,104.100
orscale_muon_moonlight,0.01,42,21,2050,0.013000,99.7700,0.0560,106.700
orscale_muon_moonlight,0.01,42,21,2100,0.013100,99.8100,0.0379,109.100
orscale_muon_moonlight,0.01,42,22,2150,0.010400,99.9100,0.0232,111.800
orscale_muon_moonlight,0.01,42,22,2200,0.011000,99.8800,0.0120,114.100
orscale_muon_moonlight,0.01,42,23,2250,0.009700,99.9100,0.0045,116.900
orscale_muon_moonlight,0.01,42,23,2300,0.009700,99.9100,0.0006,119.200
orscale_muon_moonlight,0.01,43,0,50,2.265600,18.1900,0.1000,5.300
orscale_muon_moonlight,0.01,43,1,100,1.630800,49.1500,0.2000,7.400
orscale_muon_moonlight,0.01,43,1,150,1.387500,54.3400,0.3000,9.100
orscale_muon_moonlight,0.01,43,2,200,0.838200,71.4500,0.4000,11.200
orscale_muon_moonlight,0.01,43,2,250,0.773900,74.3000,0.5000,12.800
orscale_muon_moonlight,0.01,43,3,300,0.561700,81.0800,0.6000,14.900
orscale_muon_moonlight,0.01,43,3,350,0.549300,81.7200,0.7000,16.500
orscale_muon_moonlight,0.01,43,4,400,0.445100,85.6800,0.8000,18.500
orscale_muon_moonlight,0.01,43,4,450,0.434900,85.5500,0.9000,20.200
orscale_muon_moonlight,0.01,43,5,500,0.377800,87.7000,1.0000,22.200
orscale_muon_moonlight,0.01,43,5,550,0.367200,87.8200,0.9982,23.900
orscale_muon_moonlight,0.01,43,6,600,0.297900,90.3500,0.9926,25.900
orscale_muon_moonlight,0.01,43,6,650,0.300900,90.0700,0.9835,27.500
orscale_muon_moonlight,0.01,43,7,700,0.256000,91.6200,0.9708,29.600
orscale_muon_moonlight,0.01,43,7,750,0.263800,91.2100,0.9546,31.200
orscale_muon_moonlight,0.01,43,8,800,0.224200,92.7700,0.9350,33.300
orscale_muon_moonlight,0.01,43,8,850,0.232400,92.2700,0.9122,34.900
orscale_muon_moonlight,0.01,43,9,900,0.206100,93.2600,0.8864,37.000
orscale_muon_moonlight,0.01,43,9,950,0.211700,93.1300,0.8578,38.600
orscale_muon_moonlight,0.01,43,10,1000,0.180000,94.2000,0.8265,40.700
orscale_muon_moonlight,0.01,43,10,1050,0.185500,93.9400,0.7928,42.500
orscale_muon_moonlight,0.01,43,11,1100,0.156100,95.1700,0.7569,45.000
orscale_muon_moonlight,0.01,43,11,1150,0.161500,94.8500,0.7192,46.600
orscale_muon_moonlight,0.01,43,12,1200,0.126600,96.2400,0.6798,48.600
orscale_muon_moonlight,0.01,43,12,1250,0.133700,95.7700,0.6391,50.300
orscale_muon_moonlight,0.01,43,13,1300,0.114300,96.4600,0.5973,52.400
orscale_muon_moonlight,0.01,43,13,1350,0.115500,96.3700,0.5549,54.000
orscale_muon_moonlight,0.01,43,14,1400,0.094300,97.1500,0.5120,56.100
orscale_muon_moonlight,0.01,43,14,1450,0.093800,97.1300,0.4691,57.700
orscale_muon_moonlight,0.01,43,15,1500,0.073900,97.9000,0.4264,59.800
orscale_muon_moonlight,0.01,43,15,1550,0.073800,97.8300,0.3842,61.400
orscale_muon_moonlight,0.01,43,16,1600,0.058400,98.3800,0.3429,63.500
orscale_muon_moonlight,0.01,43,17,1650,0.043100,98.4400,0.3027,65.600
orscale_muon_moonlight,0.01,43,17,1700,0.042300,98.8700,0.2640,67.300
orscale_muon_moonlight,0.01,43,18,1750,0.034700,99.0200,0.2271,69.300
orscale_muon_moonlight,0.01,43,18,1800,0.031900,99.2700,0.1921,71.000
orscale_muon_moonlight,0.01,43,19,1850,0.023300,99.4100,0.1594,73.000
orscale_muon_moonlight,0.01,43,19,1900,0.023100,99.4900,0.1293,74.700
orscale_muon_moonlight,0.01,43,20,1950,0.015200,99.7900,0.1018,76.700
orscale_muon_moonlight,0.01,43,20,2000,0.017400,99.6800,0.0774,78.400
orscale_muon_moonlight,0.01,43,21,2050,0.014300,99.8800,0.0560,80.500
orscale_muon_moonlight,0.01,43,21,2100,0.013600,99.8400,0.0379,82.100
orscale_muon_moonlight,0.01,43,22,2150,0.010900,99.8800,0.0232,84.100
orscale_muon_moonlight,0.01,43,22,2200,0.011500,99.8500,0.0120,85.800
orscale_muon_moonlight,0.01,43,23,2250,0.011800,99.8100,0.0045,87.900
orscale_muon_moonlight,0.01,43,23,2300,0.010800,99.8600,0.0006,89.600
orscale_muon_moonlight,0.01,44,0,50,2.254800,20.1200,0.1000,5.300
orscale_muon_moonlight,0.01,44,1,100,1.649300,46.3500,0.2000,7.500
orscale_muon_moonlight,0.01,44,1,150,1.367200,54.8000,0.3000,9.100
orscale_muon_moonlight,0.01,44,2,200,0.868400,71.1900,0.4000,11.200
orscale_muon_moonlight,0.01,44,2,250,0.764500,74.3400,0.5000,12.800
orscale_muon_moonlight,0.01,44,3,300,0.569800,81.2300,0.6000,15.000
orscale_muon_moonlight,0.01,44,3,350,0.536900,82.2500,0.7000,16.600
orscale_muon_moonlight,0.01,44,4,400,0.438600,85.4800,0.8000,18.600
orscale_muon_moonlight,0.01,44,4,450,0.425400,85.8000,0.9000,20.300
orscale_muon_moonlight,0.01,44,5,500,0.363000,88.1900,1.0000,23.700
orscale_muon_moonlight,0.01,44,5,550,0.359400,88.0300,0.9982,25.400
orscale_muon_moonlight,0.01,44,6,600,0.297500,90.2200,0.9926,27.500
orscale_muon_moonlight,0.01,44,6,650,0.299600,90.1500,0.9835,29.100
orscale_muon_moonlight,0.01,44,7,700,0.252500,91.8300,0.9708,31.200
orscale_muon_moonlight,0.01,44,7,750,0.263600,91.2700,0.9546,32.900
orscale_muon_moonlight,0.01,44,8,800,0.222000,93.0400,0.9350,34.900
orscale_muon_moonlight,0.01,44,8,850,0.223600,92.6800,0.9122,36.600
orscale_muon_moonlight,0.01,44,9,900,0.198100,93.6700,0.8864,38.700
orscale_muon_moonlight,0.01,44,9,950,0.203100,93.4400,0.8578,40.400
orscale_muon_moonlight,0.01,44,10,1000,0.171600,94.5300,0.8265,42.400
orscale_muon_moonlight,0.01,44,10,1050,0.179700,94.1100,0.7928,44.200
orscale_muon_moonlight,0.01,44,11,1100,0.150900,95.3800,0.7569,46.400
orscale_muon_moonlight,0.01,44,11,1150,0.156900,94.9700,0.7192,48.100
orscale_muon_moonlight,0.01,44,12,1200,0.134400,95.7100,0.6798,50.100
orscale_muon_moonlight,0.01,44,12,1250,0.136400,95.6300,0.6391,51.800
orscale_muon_moonlight,0.01,44,13,1300,0.110200,96.5400,0.5973,53.900
orscale_muon_moonlight,0.01,44,13,1350,0.111700,96.5300,0.5549,55.600
orscale_muon_moonlight,0.01,44,14,1400,0.090400,97.2300,0.5120,57.700
orscale_muon_moonlight,0.01,44,14,1450,0.091000,97.1000,0.4691,59.300
orscale_muon_moonlight,0.01,44,15,1500,0.072400,97.9000,0.4264,61.500
orscale_muon_moonlight,0.01,44,15,1550,0.072300,97.8400,0.3842,63.100
orscale_muon_moonlight,0.01,44,16,1600,0.054300,98.5600,0.3429,65.200
orscale_muon_moonlight,0.01,44,17,1650,0.051500,98.6300,0.3027,67.400
orscale_muon_moonlight,0.01,44,17,1700,0.041100,98.9400,0.2640,69.000
orscale_muon_moonlight,0.01,44,18,1750,0.034000,98.7300,0.2271,71.100
orscale_muon_moonlight,0.01,44,18,1800,0.034100,99.1600,0.1921,72.800
orscale_muon_moonlight,0.01,44,19,1850,0.023800,99.3000,0.1594,74.900
orscale_muon_moonlight,0.01,44,19,1900,0.023500,99.4200,0.1293,76.500
orscale_muon_moonlight,0.01,44,20,1950,0.014400,99.7900,0.1018,78.600
orscale_muon_moonlight,0.01,44,20,2000,0.016700,99.7300,0.0774,80.300
orscale_muon_moonlight,0.01,44,21,2050,0.014300,99.7400,0.0560,82.400
orscale_muon_moonlight,0.01,44,21,2100,0.013700,99.7900,0.0379,84.000
orscale_muon_moonlight,0.01,44,22,2150,0.011200,99.8400,0.0232,86.100
orscale_muon_moonlight,0.01,44,22,2200,0.011400,99.8300,0.0120,87.800
orscale_muon_moonlight,0.01,44,23,2250,0.009800,99.8900,0.0045,89.800
orscale_muon_moonlight,0.01,44,23,2300,0.010000,99.8800,0.0006,91.500
orscale_muon_moonlight,0.02,42,0,50,2.191700,26.7700,0.1000,6.300
orscale_muon_moonlight,0.02,42,1,100,1.322300,57.8100,0.2000,9.100
orscale_muon_moonlight,0.02,42,1,150,1.077600,64.4900,0.3000,11.200
orscale_muon_moonlight,0.02,42,2,200,0.676900,78.0900,0.4000,13.800
orscale_muon_moonlight,0.02,42,2,250,0.631400,79.2300,0.5000,16.100
orscale_muon_moonlight,0.02,42,3,300,0.476200,84.7200,0.6000,18.700
orscale_muon_moonlight,0.02,42,3,350,0.478100,84.2500,0.7000,21.000
orscale_muon_moonlight,0.02,42,4,400,0.410900,87.0000,0.8000,23.700
orscale_muon_moonlight,0.02,42,4,450,0.411900,86.4700,0.9000,26.000
orscale_muon_moonlight,0.02,42,5,500,0.377800,87.5500,1.0000,28.700
orscale_muon_moonlight,0.02,42,5,550,0.395400,86.8600,0.9982,31.000
orscale_muon_moonlight,0.02,42,6,600,0.363600,88.1400,0.9926,33.700
orscale_muon_moonlight,0.02,42,6,650,0.374900,87.5300,0.9835,36.000
orscale_muon_moonlight,0.02,42,7,700,0.327800,89.3400,0.9708,38.800
orscale_muon_moonlight,0.02,42,7,750,0.348700,88.5500,0.9546,41.100
orscale_muon_moonlight,0.02,42,8,800,0.322000,89.0100,0.9350,43.800
orscale_muon_moonlight,0.02,42,8,850,0.325900,89.1600,0.9122,46.200
orscale_muon_moonlight,0.02,42,9,900,0.292600,90.4200,0.8864,48.900
orscale_muon_moonlight,0.02,42,9,950,0.307900,89.6800,0.8578,51.200
orscale_muon_moonlight,0.02,42,10,1000,0.270700,90.9800,0.8265,54.000
orscale_muon_moonlight,0.02,42,10,1050,0.286000,90.4200,0.7928,56.300
orscale_muon_moonlight,0.02,42,11,1100,0.248300,91.7900,0.7569,59.100
orscale_muon_moonlight,0.02,42,11,1150,0.261400,91.3600,0.7192,61.400
orscale_muon_moonlight,0.02,42,12,1200,0.220800,92.8400,0.6798,64.200
orscale_muon_moonlight,0.02,42,12,1250,0.232300,92.3400,0.6391,66.500
orscale_muon_moonlight,0.02,42,13,1300,0.192800,93.6800,0.5973,69.300
orscale_muon_moonlight,0.02,42,13,1350,0.201400,93.2700,0.5549,71.600
orscale_muon_moonlight,0.02,42,14,1400,0.169100,94.5400,0.5120,74.300
orscale_muon_moonlight,0.02,42,14,1450,0.171400,94.3800,0.4691,76.700
orscale_muon_moonlight,0.02,42,15,1500,0.141200,95.6200,0.4264,79.300
orscale_muon_moonlight,0.02,42,15,1550,0.141900,95.4300,0.3842,81.700
orscale_muon_moonlight,0.02,42,16,1600,0.108000,96.6400,0.3429,84.400
orscale_muon_moonlight,0.02,42,17,1650,0.082500,97.2700,0.3027,87.200
orscale_muon_moonlight,0.02,42,17,1700,0.084600,97.4800,0.2640,89.500
orscale_muon_moonlight,0.02,42,18,1750,0.061700,98.5400,0.2271,92.300
orscale_muon_moonlight,0.02,42,18,1800,0.060200,98.3900,0.1921,94.600
orscale_muon_moonlight,0.02,42,19,1850,0.043000,98.6300,0.1594,97.300
orscale_muon_moonlight,0.02,42,19,1900,0.043700,98.8100,0.1293,99.600
orscale_muon_moonlight,0.02,42,20,1950,0.032100,99.2400,0.1018,102.300
orscale_muon_moonlight,0.02,42,20,2000,0.030000,99.3300,0.0774,104.700
orscale_muon_moonlight,0.02,42,21,2050,0.023200,99.5600,0.0560,107.400
orscale_muon_moonlight,0.02,42,21,2100,0.022100,99.5800,0.0379,109.800
orscale_muon_moonlight,0.02,42,22,2150,0.016600,99.7600,0.0232,112.500
orscale_muon_moonlight,0.02,42,22,2200,0.017400,99.7100,0.0120,114.800
orscale_muon_moonlight,0.02,42,23,2250,0.014800,99.8600,0.0045,117.500
orscale_muon_moonlight,0.02,42,23,2300,0.014900,99.8200,0.0006,119.800
orscale_muon_moonlight,0.02,43,0,50,2.215700,21.9300,0.1000,5.900
orscale_muon_moonlight,0.02,43,1,100,1.304000,57.7500,0.2000,8.400
orscale_muon_moonlight,0.02,43,1,150,1.097400,63.7300,0.3000,10.700
orscale_muon_moonlight,0.02,43,2,200,0.675400,78.3900,0.4000,13.100
orscale_muon_moonlight,0.02,43,2,250,0.644100,78.6000,0.5000,15.500
orscale_muon_moonlight,0.02,43,3,300,0.482200,84.5100,0.6000,18.000
orscale_muon_moonlight,0.02,43,3,350,0.485000,84.0400,0.7000,20.300
orscale_muon_moonlight,0.02,43,4,400,0.408300,86.5900,0.8000,22.800
orscale_muon_moonlight,0.02,43,4,450,0.416800,86.1300,0.9000,25.100
orscale_muon_moonlight,0.02,43,5,500,0.394100,86.7100,1.0000,27.700
orscale_muon_moonlight,0.02,43,5,550,0.402500,86.5800,0.9982,30.100
orscale_muon_moonlight,0.02,43,6,600,0.361300,88.1400,0.9926,32.700
orscale_muon_moonlight,0.02,43,6,650,0.368900,87.6900,0.9835,35.000
orscale_muon_moonlight,0.02,43,7,700,0.336400,89.3200,0.9708,37.600
orscale_muon_moonlight,0.02,43,7,750,0.350000,88.3800,0.9546,40.000
orscale_muon_moonlight,0.02,43,8,800,0.315300,89.7300,0.9350,42.700
orscale_muon_moonlight,0.02,43,8,850,0.329300,88.9800,0.9122,45.000
orscale_muon_moonlight,0.02,43,9,900,0.297500,90.2900,0.8864,47.700
orscale_muon_moonlight,0.02,43,9,950,0.311500,89.7900,0.8578,50.000
orscale_muon_moonlight,0.02,43,10,1000,0.279500,90.6800,0.8265,52.800
orscale_muon_moonlight,0.02,43,10,1050,0.288500,90.4100,0.7928,55.100
orscale_muon_moonlight,0.02,43,11,1100,0.254800,91.6300,0.7569,57.900
orscale_muon_moonlight,0.02,43,11,1150,0.264800,91.2200,0.7192,60.200
orscale_muon_moonlight,0.02,43,12,1200,0.222300,92.5000,0.6798,63.000
orscale_muon_moonlight,0.02,43,12,1250,0.232800,92.2200,0.6391,65.300
orscale_muon_moonlight,0.02,43,13,1300,0.196900,93.6500,0.5973,68.000
orscale_muon_moonlight,0.02,43,13,1350,0.204000,93.2900,0.5549,70.300
orscale_muon_moonlight,0.02,43,14,1400,0.167900,94.5200,0.5120,73.000
orscale_muon_moonlight,0.02,43,14,1450,0.168700,94.4600,0.4691,75.400
orscale_muon_moonlight,0.02,43,15,1500,0.143200,95.3900,0.4264,78.100
orscale_muon_moonlight,0.02,43,15,1550,0.141900,95.3900,0.3842,80.500
orscale_muon_moonlight,0.02,43,16,1600,0.112400,96.5300,0.3429,83.200
orscale_muon_moonlight,0.02,43,17,1650,0.075200,98.6300,0.3027,86.000
orscale_muon_moonlight,0.02,43,17,1700,0.080900,97.5800,0.2640,88.300
orscale_muon_moonlight,0.02,43,18,1750,0.064500,98.0000,0.2271,91.100
orscale_muon_moonlight,0.02,43,18,1800,0.060800,98.3100,0.1921,93.500
orscale_muon_moonlight,0.02,43,19,1850,0.040500,99.0200,0.1594,96.200
orscale_muon_moonlight,0.02,43,19,1900,0.042200,99.0100,0.1293,98.500
orscale_muon_moonlight,0.02,43,20,1950,0.027900,99.4900,0.1018,101.300
orscale_muon_moonlight,0.02,43,20,2000,0.030300,99.3000,0.0774,103.600
orscale_muon_moonlight,0.02,43,21,2050,0.020200,99.7100,0.0560,106.300
orscale_muon_moonlight,0.02,43,21,2100,0.021300,99.6000,0.0379,108.600
orscale_muon_moonlight,0.02,43,22,2150,0.018400,99.6700,0.0232,111.400
orscale_muon_moonlight,0.02,43,22,2200,0.017700,99.6900,0.0120,113.700
orscale_muon_moonlight,0.02,43,23,2250,0.016500,99.8300,0.0045,116.400
orscale_muon_moonlight,0.02,43,23,2300,0.015400,99.8000,0.0006,118.800
orscale_muon_moonlight,0.02,44,0,50,2.202600,24.2500,0.1000,5.800
orscale_muon_moonlight,0.02,44,1,100,1.344400,54.8200,0.2000,7.900
orscale_muon_moonlight,0.02,44,1,150,1.084500,63.9200,0.3000,9.600
orscale_muon_moonlight,0.02,44,2,200,0.702200,77.5400,0.4000,11.700
orscale_muon_moonlight,0.02,44,2,250,0.632400,79.3000,0.5000,13.300
orscale_muon_moonlight,0.02,44,3,300,0.493400,83.7500,0.6000,15.300
orscale_muon_moonlight,0.02,44,3,350,0.471800,84.5500,0.7000,16.900
orscale_muon_moonlight,0.02,44,4,400,0.408700,87.1400,0.8000,18.900
orscale_muon_moonlight,0.02,44,4,450,0.407900,86.6400,0.9000,20.600
orscale_muon_moonlight,0.02,44,5,500,0.385700,87.5800,1.0000,22.600
orscale_muon_moonlight,0.02,44,5,550,0.395200,87.0000,0.9982,24.300
orscale_muon_moonlight,0.02,44,6,600,0.352300,88.3600,0.9926,26.400
orscale_muon_moonlight,0.02,44,6,650,0.358900,88.0800,0.9835,28.000
orscale_muon_moonlight,0.02,44,7,700,0.332000,88.9800,0.9708,30.100
orscale_muon_moonlight,0.02,44,7,750,0.344700,88.6700,0.9546,31.800
orscale_muon_moonlight,0.02,44,8,800,0.312200,89.9700,0.9350,33.800
orscale_muon_moonlight,0.02,44,8,850,0.319400,89.3700,0.9122,35.500
orscale_muon_moonlight,0.02,44,9,900,0.301000,90.1500,0.8864,37.500
orscale_muon_moonlight,0.02,44,9,950,0.306200,89.9200,0.8578,39.200
orscale_muon_moonlight,0.02,44,10,1000,0.281100,90.7100,0.8265,41.200
orscale_muon_moonlight,0.02,44,10,1050,0.286800,90.3800,0.7928,42.900
orscale_muon_moonlight,0.02,44,11,1100,0.246500,92.0000,0.7569,45.300
orscale_muon_moonlight,0.02,44,11,1150,0.258300,91.4800,0.7192,47.000
orscale_muon_moonlight,0.02,44,12,1200,0.226500,92.5900,0.6798,49.000
orscale_muon_moonlight,0.02,44,12,1250,0.232700,92.4100,0.6391,50.700
orscale_muon_moonlight,0.02,44,13,1300,0.194300,93.7300,0.5973,52.800
orscale_muon_moonlight,0.02,44,13,1350,0.196800,93.5500,0.5549,54.500
orscale_muon_moonlight,0.02,44,14,1400,0.167700,94.6000,0.5120,56.600
orscale_muon_moonlight,0.02,44,14,1450,0.168200,94.4600,0.4691,58.200
orscale_muon_moonlight,0.02,44,15,1500,0.134500,95.7000,0.4264,60.400
orscale_muon_moonlight,0.02,44,15,1550,0.139800,95.4500,0.3842,62.000
orscale_muon_moonlight,0.02,44,16,1600,0.107300,96.7700,0.3429,64.100
orscale_muon_moonlight,0.02,44,17,1650,0.088600,96.2900,0.3027,66.200
orscale_muon_moonlight,0.02,44,17,1700,0.080200,97.6400,0.2640,67.800
orscale_muon_moonlight,0.02,44,18,1750,0.053800,98.4900,0.2271,69.900
orscale_muon_moonlight,0.02,44,18,1800,0.060800,98.3000,0.1921,71.500
orscale_muon_moonlight,0.02,44,19,1850,0.039700,99.1100,0.1594,73.600
orscale_muon_moonlight,0.02,44,19,1900,0.041000,98.9800,0.1293,75.200
orscale_muon_moonlight,0.02,44,20,1950,0.027600,99.4500,0.1018,77.300
orscale_muon_moonlight,0.02,44,20,2000,0.029000,99.3500,0.0774,78.900
orscale_muon_moonlight,0.02,44,21,2050,0.023000,99.5300,0.0560,81.000
orscale_muon_moonlight,0.02,44,21,2100,0.022400,99.5600,0.0379,82.600
orscale_muon_moonlight,0.02,44,22,2150,0.016700,99.7800,0.0232,84.700
orscale_muon_moonlight,0.02,44,22,2200,0.017100,99.7100,0.0120,86.400
orscale_muon_moonlight,0.02,44,23,2250,0.014700,99.8100,0.0045,88.500
orscale_muon_moonlight,0.02,44,23,2300,0.014400,99.8300,0.0006,90.200
orscale_muon_moonlight,0.04,42,0,50,2.101500,30.4500,0.1000,5.800
orscale_muon_moonlight,0.04,42,1,100,1.066800,64.7800,0.2000,7.900
orscale_muon_moonlight,0.04,42,1,150,0.881600,71.2000,0.3000,9.600
orscale_muon_moonlight,0.04,42,2,200,0.593000,81.3500,0.4000,11.600
orscale_muon_moonlight,0.04,42,2,250,0.567300,81.5800,0.5000,13.200
orscale_muon_moonlight,0.04,42,3,300,0.480500,84.7400,0.6000,15.300
orscale_muon_moonlight,0.04,42,3,350,0.497900,83.6800,0.7000,16.900
orscale_muon_moonlight,0.04,42,4,400,0.477000,84.6500,0.8000,18.900
orscale_muon_moonlight,0.04,42,4,450,0.489100,83.9500,0.9000,20.600
orscale_muon_moonlight,0.04,42,5,500,0.482900,84.0800,1.0000,22.600
orscale_muon_moonlight,0.04,42,5,550,0.498400,83.3700,0.9982,24.200
orscale_muon_moonlight,0.04,42,6,600,0.401700,86.5900,0.9926,26.300
orscale_muon_moonlight,0.04,42,6,650,0.387000,86.9700,0.9835,27.900
orscale_muon_moonlight,0.04,42,7,700,0.287100,90.4800,0.9708,30.000
orscale_muon_moonlight,0.04,42,7,750,0.294500,90.3700,0.9546,31.700
orscale_muon_moonlight,0.04,42,8,800,0.235600,92.0800,0.9350,33.700
orscale_muon_moonlight,0.04,42,8,850,0.232100,92.3500,0.9122,35.400
orscale_muon_moonlight,0.04,42,9,900,0.189100,93.9300,0.8864,37.400
orscale_muon_moonlight,0.04,42,9,950,0.193800,93.5900,0.8578,39.000
orscale_muon_moonlight,0.04,42,10,1000,0.155700,95.0200,0.8265,41.000
orscale_muon_moonlight,0.04,42,10,1050,0.160700,94.9100,0.7928,42.800
orscale_muon_moonlight,0.04,42,11,1100,0.127900,96.0600,0.7569,45.000
orscale_muon_moonlight,0.04,42,11,1150,0.131600,95.8200,0.7192,46.600
orscale_muon_moonlight,0.04,42,12,1200,0.103100,96.8200,0.6798,48.700
orscale_muon_moonlight,0.04,42,12,1250,0.106100,96.6900,0.6391,50.300
orscale_muon_moonlight,0.04,42,13,1300,0.082400,97.5700,0.5973,52.400
orscale_muon_moonlight,0.04,42,13,1350,0.084900,97.4300,0.5549,54.100
orscale_muon_moonlight,0.04,42,14,1400,0.071100,98.0000,0.5120,56.100
orscale_muon_moonlight,0.04,42,14,1450,0.071000,97.9700,0.4691,57.800
orscale_muon_moonlight,0.04,42,15,1500,0.056700,98.4000,0.4264,59.900
orscale_muon_moonlight,0.04,42,15,1550,0.056000,98.4300,0.3842,61.500
orscale_muon_moonlight,0.04,42,16,1600,0.041200,98.9700,0.3429,63.500
orscale_muon_moonlight,0.04,42,17,1650,0.020600,99.8000,0.3027,65.600
orscale_muon_moonlight,0.04,42,17,1700,0.032900,99.2500,0.2640,67.200
orscale_muon_moonlight,0.04,42,18,1750,0.029300,99.1200,0.2271,69.300
orscale_muon_moonlight,0.04,42,18,1800,0.024600,99.4400,0.1921,71.000
orscale_muon_moonlight,0.04,42,19,1850,0.019100,99.5000,0.1594,73.000
orscale_muon_moonlight,0.04,42,19,1900,0.019000,99.6100,0.1293,74.600
orscale_muon_moonlight,0.04,42,20,1950,0.015200,99.7500,0.1018,76.700
orscale_muon_moonlight,0.04,42,20,2000,0.014500,99.7800,0.0774,78.300
orscale_muon_moonlight,0.04,42,21,2050,0.011500,99.9200,0.0560,80.400
orscale_muon_moonlight,0.04,42,21,2100,0.011700,99.8500,0.0379,82.000
orscale_muon_moonlight,0.04,42,22,2150,0.010000,99.9500,0.0232,84.100
orscale_muon_moonlight,0.04,42,22,2200,0.010100,99.9100,0.0120,85.800
orscale_muon_moonlight,0.04,42,23,2250,0.009800,99.9000,0.0045,87.800
orscale_muon_moonlight,0.04,42,23,2300,0.009600,99.9000,0.0006,89.500
orscale_muon_moonlight,0.04,43,0,50,2.130500,25.9700,0.1000,6.000
orscale_muon_moonlight,0.04,43,1,100,1.014800,67.2500,0.2000,8.800
orscale_muon_moonlight,0.04,43,1,150,0.895600,70.6800,0.3000,10.900
orscale_muon_moonlight,0.04,43,2,200,0.595200,81.3800,0.4000,13.600
orscale_muon_moonlight,0.04,43,2,250,0.584700,81.0300,0.5000,15.700
orscale_muon_moonlight,0.04,43,3,300,0.484800,84.3500,0.6000,18.300
orscale_muon_moonlight,0.04,43,3,350,0.501800,83.4800,0.7000,20.600
orscale_muon_moonlight,0.04,43,4,400,0.479100,84.3900,0.8000,23.200
orscale_muon_moonlight,0.04,43,4,450,0.492200,83.6700,0.9000,25.500
orscale_muon_moonlight,0.04,43,5,500,0.494300,83.7200,1.0000,28.200
orscale_muon_moonlight,0.04,43,5,550,0.501000,83.2900,0.9982,30.500
orscale_muon_moonlight,0.04,43,6,600,0.396000,87.2900,0.9926,33.200
orscale_muon_moonlight,0.04,43,6,650,0.378100,87.5400,0.9835,35.500
orscale_muon_moonlight,0.04,43,7,700,0.282800,90.6300,0.9708,38.200
orscale_muon_moonlight,0.04,43,7,750,0.290800,90.3200,0.9546,40.500
orscale_muon_moonlight,0.04,43,8,800,0.232600,92.3900,0.9350,43.300
orscale_muon_moonlight,0.04,43,8,850,0.232400,92.2500,0.9122,45.600
orscale_muon_moonlight,0.04,43,9,900,0.194500,93.7200,0.8864,48.400
orscale_muon_moonlight,0.04,43,9,950,0.197900,93.4900,0.8578,50.600
orscale_muon_moonlight,0.04,43,10,1000,0.154400,95.1600,0.8265,53.400
orscale_muon_moonlight,0.04,43,10,1050,0.156800,95.0400,0.7928,55.700
orscale_muon_moonlight,0.04,43,11,1100,0.125700,96.0300,0.7569,58.400
orscale_muon_moonlight,0.04,43,11,1150,0.130700,95.8500,0.7192,60.700
orscale_muon_moonlight,0.04,43,12,1200,0.103800,96.8000,0.6798,63.400
orscale_muon_moonlight,0.04,43,12,1250,0.106800,96.6500,0.6391,65.800
orscale_muon_moonlight,0.04,43,13,1300,0.083000,97.6100,0.5973,68.500
orscale_muon_moonlight,0.04,43,13,1350,0.085400,97.4500,0.5549,70.800
orscale_muon_moonlight,0.04,43,14,1400,0.071000,97.9400,0.5120,73.500
orscale_muon_moonlight,0.04,43,14,1450,0.070200,97.9300,0.4691,75.800
orscale_muon_moonlight,0.04,43,15,1500,0.052600,98.5500,0.4264,78.500
orscale_muon_moonlight,0.04,43,15,1550,0.052600,98.5400,0.3842,80.900
orscale_muon_moonlight,0.04,43,16,1600,0.042000,98.9100,0.3429,83.600
orscale_muon_moonlight,0.04,43,17,1650,0.032800,99.2200,0.3027,86.300
orscale_muon_moonlight,0.04,43,17,1700,0.031000,99.3000,0.2640,88.600
orscale_muon_moonlight,0.04,43,18,1750,0.025100,99.6600,0.2271,91.300
orscale_muon_moonlight,0.04,43,18,1800,0.023700,99.5300,0.1921,93.600
orscale_muon_moonlight,0.04,43,19,1850,0.019700,99.5800,0.1594,96.300
orscale_muon_moonlight,0.04,43,19,1900,0.018000,99.6800,0.1293,98.500
orscale_muon_moonlight,0.04,43,20,1950,0.014000,99.8000,0.1018,101.200
orscale_muon_moonlight,0.04,43,20,2000,0.014700,99.7800,0.0774,103.500
orscale_muon_moonlight,0.04,43,21,2050,0.012200,99.8500,0.0560,106.200
orscale_muon_moonlight,0.04,43,21,2100,0.011700,99.8600,0.0379,108.500
orscale_muon_moonlight,0.04,43,22,2150,0.009900,99.9100,0.0232,111.200
orscale_muon_moonlight,0.04,43,22,2200,0.009800,99.8900,0.0120,113.500
orscale_muon_moonlight,0.04,43,23,2250,0.010100,99.8600,0.0045,116.300
orscale_muon_moonlight,0.04,43,23,2300,0.009900,99.8800,0.0006,118.600
orscale_muon_moonlight,0.04,44,0,50,2.114200,28.2800,0.1000,6.100
orscale_muon_moonlight,0.04,44,1,100,1.080600,63.7400,0.2000,8.500
orscale_muon_moonlight,0.04,44,1,150,0.891100,70.5600,0.3000,10.800
orscale_muon_moonlight,0.04,44,2,200,0.617900,81.2500,0.4000,13.200
orscale_muon_moonlight,0.04,44,2,250,0.568800,81.5800,0.5000,15.500
orscale_muon_moonlight,0.04,44,3,300,0.495600,83.8800,0.6000,17.800
orscale_muon_moonlight,0.04,44,3,350,0.491200,84.0300,0.7000,20.100
orscale_muon_moonlight,0.04,44,4,400,0.485900,84.0500,0.8000,22.600
orscale_muon_moonlight,0.04,44,4,450,0.486700,84.0000,0.9000,25.000
orscale_muon_moonlight,0.04,44,5,500,0.483800,84.2300,1.0000,27.400
orscale_muon_moonlight,0.04,44,5,550,0.489300,83.8100,0.9982,29.700
orscale_muon_moonlight,0.04,44,6,600,0.389500,86.8100,0.9926,32.300
orscale_muon_moonlight,0.04,44,6,650,0.372400,87.5500,0.9835,34.600
orscale_muon_moonlight,0.04,44,7,700,0.287500,90.2600,0.9708,37.200
orscale_muon_moonlight,0.04,44,7,750,0.288500,90.4600,0.9546,39.600
orscale_muon_moonlight,0.04,44,8,800,0.229500,92.5900,0.9350,42.300
orscale_muon_moonlight,0.04,44,8,850,0.227500,92.4600,0.9122,44.600
orscale_muon_moonlight,0.04,44,9,900,0.187000,94.1600,0.8864,47.300
orscale_muon_moonlight,0.04,44,9,950,0.188100,93.9700,0.8578,49.600
orscale_muon_moonlight,0.04,44,10,1000,0.150000,95.1800,0.8265,52.400
orscale_muon_moonlight,0.04,44,10,1050,0.157000,94.9200,0.7928,54.700
orscale_muon_moonlight,0.04,44,11,1100,0.127300,95.8300,0.7569,57.500
orscale_muon_moonlight,0.04,44,11,1150,0.129000,95.8500,0.7192,59.800
orscale_muon_moonlight,0.04,44,12,1200,0.105700,96.6900,0.6798,62.500
orscale_muon_moonlight,0.04,44,12,1250,0.106800,96.6600,0.6391,64.800
orscale_muon_moonlight,0.04,44,13,1300,0.083000,97.5400,0.5973,67.500
orscale_muon_moonlight,0.04,44,13,1350,0.084200,97.4500,0.5549,69.800
orscale_muon_moonlight,0.04,44,14,1400,0.065900,98.1400,0.5120,72.500
orscale_muon_moonlight,0.04,44,14,1450,0.067100,98.0300,0.4691,74.800
orscale_muon_moonlight,0.04,44,15,1500,0.052600,98.6200,0.4264,77.500
orscale_muon_moonlight,0.04,44,15,1550,0.052300,98.5800,0.3842,79.800
orscale_muon_moonlight,0.04,44,16,1600,0.039700,99.0100,0.3429,82.500
orscale_muon_moonlight,0.04,44,17,1650,0.044500,98.4400,0.3027,85.200
orscale_muon_moonlight,0.04,44,17,1700,0.031800,99.2200,0.2640,87.500
orscale_muon_moonlight,0.04,44,18,1750,0.026300,99.3200,0.2271,90.200
orscale_muon_moonlight,0.04,44,18,1800,0.026100,99.3700,0.1921,92.400
orscale_muon_moonlight,0.04,44,19,1850,0.017700,99.5800,0.1594,95.100
orscale_muon_moonlight,0.04,44,19,1900,0.018100,99.6300,0.1293,97.400
orscale_muon_moonlight,0.04,44,20,1950,0.013500,99.7100,0.1018,100.100
orscale_muon_moonlight,0.04,44,20,2000,0.013900,99.7500,0.0774,102.400
orscale_muon_moonlight,0.04,44,21,2050,0.011600,99.7700,0.0560,105.100
orscale_muon_moonlight,0.04,44,21,2100,0.012000,99.8400,0.0379,107.400
orscale_muon_moonlight,0.04,44,22,2150,0.009000,99.9400,0.0232,110.200
orscale_muon_moonlight,0.04,44,22,2200,0.009800,99.8700,0.0120,112.500
orscale_muon_moonlight,0.04,44,23,2250,0.009000,99.9400,0.0045,115.300
orscale_muon_moonlight,0.04,44,23,2300,0.009300,99.9100,0.0006,117.600
mutrust,0.005,42,0,50,2.223700,25.1700,0.1000,6.000
mutrust,0.005,42,1,100,1.441000,53.5800,0.2000,8.100
mutrust,0.005,42,1,150,1.101400,63.4900,0.3000,9.800
mutrust,0.005,42,2,200,0.643200,79.5900,0.4000,11.800
mutrust,0.005,42,2,250,0.612200,79.9100,0.5000,13.400
mutrust,0.005,42,3,300,0.469800,84.9400,0.6000,15.500
mutrust,0.005,42,3,350,0.475600,84.4800,0.7000,17.100
mutrust,0.005,42,4,400,0.410200,86.8200,0.8000,19.100
mutrust,0.005,42,4,450,0.394800,87.0000,0.9000,20.800
mutrust,0.005,42,5,500,0.326300,89.6900,1.0000,22.800
mutrust,0.005,42,5,550,0.326700,89.3800,0.9982,24.500
mutrust,0.005,42,6,600,0.272400,90.9400,0.9926,26.500
mutrust,0.005,42,6,650,0.270200,90.9800,0.9835,28.100
mutrust,0.005,42,7,700,0.208100,93.2000,0.9708,30.200
mutrust,0.005,42,7,750,0.217800,92.9400,0.9546,31.800
mutrust,0.005,42,8,800,0.177200,94.2100,0.9350,33.800
mutrust,0.005,42,8,850,0.176600,94.2700,0.9122,35.500
mutrust,0.005,42,9,900,0.140900,95.4900,0.8864,37.500
mutrust,0.005,42,9,950,0.148900,95.1500,0.8578,39.200
mutrust,0.005,42,10,1000,0.118700,96.4800,0.8265,41.200
mutrust,0.005,42,10,1050,0.121700,96.2400,0.7928,43.000
mutrust,0.005,42,11,1100,0.097700,96.9600,0.7569,45.100
mutrust,0.005,42,11,1150,0.102600,96.7800,0.7192,46.800
mutrust,0.005,42,12,1200,0.076600,97.7200,0.6798,48.800
mutrust,0.005,42,12,1250,0.079400,97.5400,0.6391,50.500
mutrust,0.005,42,13,1300,0.063400,98.0900,0.5973,52.500
mutrust,0.005,42,13,1350,0.064300,98.0900,0.5549,54.200
mutrust,0.005,42,14,1400,0.051100,98.5900,0.5120,56.200
mutrust,0.005,42,14,1450,0.052400,98.4900,0.4691,57.900
mutrust,0.005,42,15,1500,0.041700,98.8700,0.4264,60.000
mutrust,0.005,42,15,1550,0.040600,98.9000,0.3842,61.600
mutrust,0.005,42,16,1600,0.030200,99.2300,0.3429,63.600
mutrust,0.005,42,17,1650,0.016300,99.8000,0.3027,65.700
mutrust,0.005,42,17,1700,0.023100,99.4700,0.2640,67.300
mutrust,0.005,42,18,1750,0.020000,99.6100,0.2271,69.400
mutrust,0.005,42,18,1800,0.018500,99.6100,0.1921,71.100
mutrust,0.005,42,19,1850,0.013500,99.7800,0.1594,73.100
mutrust,0.005,42,19,1900,0.014600,99.7500,0.1293,74.800
mutrust,0.005,42,20,1950,0.012400,99.7900,0.1018,76.800
mutrust,0.005,42,20,2000,0.011300,99.8200,0.0774,78.400
mutrust,0.005,42,21,2050,0.008400,99.9400,0.0560,80.500
mutrust,0.005,42,21,2100,0.008800,99.8700,0.0379,82.100
mutrust,0.005,42,22,2150,0.008900,99.8400,0.0232,84.200
mutrust,0.005,42,22,2200,0.008300,99.8700,0.0120,85.900
mutrust,0.005,42,23,2250,0.007500,99.9500,0.0045,87.900
mutrust,0.005,42,23,2300,0.007400,99.9300,0.0006,89.600
mutrust,0.005,43,0,50,2.245000,19.9800,0.1000,6.000
mutrust,0.005,43,1,100,1.402700,55.0100,0.2000,8.100
mutrust,0.005,43,1,150,1.111400,63.1600,0.3000,9.700
mutrust,0.005,43,2,200,0.647500,79.5600,0.4000,11.800
mutrust,0.005,43,2,250,0.626100,79.5100,0.5000,13.300
mutrust,0.005,43,3,300,0.486100,84.3500,0.6000,15.400
mutrust,0.005,43,3,350,0.484400,84.1300,0.7000,17.000
mutrust,0.005,43,4,400,0.414000,86.6200,0.8000,19.000
mutrust,0.005,43,4,450,0.406800,86.6900,0.9000,20.700
mutrust,0.005,43,5,500,0.341200,88.7900,1.0000,22.700
mutrust,0.005,43,5,550,0.335400,88.9600,0.9982,24.300
mutrust,0.005,43,6,600,0.264100,91.5500,0.9926,26.400
mutrust,0.005,43,6,650,0.266200,91.2100,0.9835,28.000
mutrust,0.005,43,7,700,0.212200,93.3500,0.9708,30.000
mutrust,0.005,43,7,750,0.222400,92.6500,0.9546,31.600
mutrust,0.005,43,8,800,0.180800,94.2100,0.9350,33.700
mutrust,0.005,43,8,850,0.182900,94.0200,0.9122,35.300
mutrust,0.005,43,9,900,0.150300,95.1500,0.8864,37.300
mutrust,0.005,43,9,950,0.156100,94.9900,0.8578,39.000
mutrust,0.005,43,10,1000,0.128400,95.8300,0.8265,41.000
mutrust,0.005,43,10,1050,0.130600,95.7500,0.7928,42.800
mutrust,0.005,43,11,1100,0.100400,97.0200,0.7569,44.900
mutrust,0.005,43,11,1150,0.103900,96.8300,0.7192,46.600
mutrust,0.005,43,12,1200,0.081600,97.5600,0.6798,48.600
mutrust,0.005,43,12,1250,0.083800,97.4600,0.6391,50.200
mutrust,0.005,43,13,1300,0.063800,98.1800,0.5973,52.300
mutrust,0.005,43,13,1350,0.065600,98.1100,0.5549,53.900
mutrust,0.005,43,14,1400,0.056300,98.3800,0.5120,56.000
mutrust,0.005,43,14,1450,0.053700,98.4500,0.4691,57.600
mutrust,0.005,43,15,1500,0.041600,98.9500,0.4264,59.700
mutrust,0.005,43,15,1550,0.041500,98.9200,0.3842,63.200
mutrust,0.005,43,16,1600,0.034300,99.2100,0.3429,65.400
mutrust,0.005,43,17,1650,0.024700,99.4100,0.3027,67.500
mutrust,0.005,43,17,1700,0.023100,99.4900,0.2640,69.100
mutrust,0.005,43,18,1750,0.024400,99.5100,0.2271,71.200
mutrust,0.005,43,18,1800,0.018200,99.6500,0.1921,72.900
mutrust,0.005,43,19,1850,0.015100,99.6400,0.1594,74.900
mutrust,0.005,43,19,1900,0.015100,99.7100,0.1293,76.600
mutrust,0.005,43,20,1950,0.010100,99.8600,0.1018,78.600
mutrust,0.005,43,20,2000,0.012000,99.8000,0.0774,80.300
mutrust,0.005,43,21,2050,0.010300,99.8600,0.0560,82.400
mutrust,0.005,43,21,2100,0.009700,99.8700,0.0379,84.000
mutrust,0.005,43,22,2150,0.007700,99.9000,0.0232,86.000
mutrust,0.005,43,22,2200,0.008200,99.8900,0.0120,87.700
mutrust,0.005,43,23,2250,0.009100,99.8500,0.0045,89.800
mutrust,0.005,43,23,2300,0.008500,99.8600,0.0006,91.400
mutrust,0.005,44,0,50,2.232200,22.5500,0.1000,5.500
mutrust,0.005,44,1,100,1.448500,51.6300,0.2000,8.400
mutrust,0.005,44,1,150,1.103700,63.0500,0.3000,10.300
mutrust,0.005,44,2,200,0.680900,78.2900,0.4000,13.000
mutrust,0.005,44,2,250,0.613000,80.0100,0.5000,15.000
mutrust,0.005,44,3,300,0.490700,83.9200,0.6000,17.700
mutrust,0.005,44,3,350,0.471600,84.5600,0.7000,19.800
mutrust,0.005,44,4,400,0.419000,86.4900,0.8000,22.300
mutrust,0.005,44,4,450,0.400500,86.8800,0.9000,24.600
mutrust,0.005,44,5,500,0.330500,89.3100,1.0000,27.100
mutrust,0.005,44,5,550,0.325100,89.1500,0.9982,29.400
mutrust,0.005,44,6,600,0.265800,91.5100,0.9926,32.000
mutrust,0.005,44,6,650,0.264200,91.4000,0.9835,34.300
mutrust,0.005,44,7,700,0.205900,93.5700,0.9708,37.000
mutrust,0.005,44,7,750,0.214600,93.0500,0.9546,39.300
mutrust,0.005,44,8,800,0.172000,94.5400,0.9350,42.000
mutrust,0.005,44,8,850,0.176300,94.2400,0.9122,44.300
mutrust,0.005,44,9,900,0.146300,95.5600,0.8864,47.000
mutrust,0.005,44,9,950,0.149300,95.2700,0.8578,49.300
mutrust,0.005,44,10,1000,0.123000,96.1700,0.8265,52.000
mutrust,0.005,44,10,1050,0.125300,96.0300,0.7928,54.400
mutrust,0.005,44,11,1100,0.100400,96.8500,0.7569,57.100
mutrust,0.005,44,11,1150,0.102000,96.7400,0.7192,59.400
mutrust,0.005,44,12,1200,0.081800,97.6600,0.6798,62.100
mutrust,0.005,44,12,1250,0.082500,97.5500,0.6391,64.400
mutrust,0.005,44,13,1300,0.064500,98.1900,0.5973,67.100
mutrust,0.005,44,13,1350,0.065500,98.1500,0.5549,69.400
mutrust,0.005,44,14,1400,0.052000,98.5800,0.5120,72.100
mutrust,0.005,44,14,1450,0.054200,98.4600,0.4691,74.300
mutrust,0.005,44,15,1500,0.041300,98.9200,0.4264,77.000
mutrust,0.005,44,15,1550,0.040500,98.9500,0.3842,79.400
mutrust,0.005,44,16,1600,0.033100,99.1600,0.3429,82.000
mutrust,0.005,44,17,1650,0.036200,98.8300,0.3027,84.700
mutrust,0.005,44,17,1700,0.023400,99.4100,0.2640,87.100
mutrust,0.005,44,18,1750,0.018900,99.7600,0.2271,89.700
mutrust,0.005,44,18,1800,0.020700,99.5800,0.1921,92.000
mutrust,0.005,44,19,1850,0.012300,99.7800,0.1594,94.700
mutrust,0.005,44,19,1900,0.014200,99.7400,0.1293,97.100
mutrust,0.005,44,20,1950,0.010700,99.8400,0.1018,99.800
mutrust,0.005,44,20,2000,0.011000,99.8200,0.0774,102.100
mutrust,0.005,44,21,2050,0.009500,99.8600,0.0560,104.800
mutrust,0.005,44,21,2100,0.009500,99.8600,0.0379,107.100
mutrust,0.005,44,22,2150,0.006800,99.9500,0.0232,109.700
mutrust,0.005,44,22,2200,0.007800,99.9100,0.0120,112.100
mutrust,0.005,44,23,2250,0.007700,99.9200,0.0045,114.800
mutrust,0.005,44,23,2300,0.007300,99.9400,0.0006,117.000
mutrust,0.01,42,0,50,2.145000,29.4800,0.1000,5.800
mutrust,0.01,42,1,100,1.042000,64.3200,0.2000,8.200
mutrust,0.01,42,1,150,0.848800,72.0900,0.3000,10.500
mutrust,0.01,42,2,200,0.575800,81.6700,0.4000,12.800
mutrust,0.01,42,2,250,0.561000,81.8800,0.5000,15.200
mutrust,0.01,42,3,300,0.434200,86.6800,0.6000,17.500
mutrust,0.01,42,3,350,0.437100,85.8800,0.7000,19.800
mutrust,0.01,42,4,400,0.367900,88.2200,0.8000,22.100
mutrust,0.01,42,4,450,0.357900,88.3700,0.9000,24.500
mutrust,0.01,42,5,500,0.309800,90.5900,1.0000,26.800
mutrust,0.01,42,5,550,0.309300,89.9900,0.9982,29.100
mutrust,0.01,42,6,600,0.263100,91.6200,0.9926,31.500
mutrust,0.01,42,6,650,0.260500,91.4800,0.9835,33.700
mutrust,0.01,42,7,700,0.201500,93.4700,0.9708,36.200
mutrust,0.01,42,7,750,0.208600,93.1700,0.9546,38.500
mutrust,0.01,42,8,800,0.174000,94.3700,0.9350,41.100
mutrust,0.01,42,8,850,0.173500,94.3900,0.9122,43.400
mutrust,0.01,42,9,900,0.137500,95.8100,0.8864,46.100
mutrust,0.01,42,9,950,0.146300,95.2500,0.8578,48.400
mutrust,0.01,42,10,1000,0.115300,96.3900,0.8265,51.100
mutrust,0.01,42,10,1050,0.121700,96.0600,0.7928,53.400
mutrust,0.01,42,11,1100,0.093900,97.2000,0.7569,56.000
mutrust,0.01,42,11,1150,0.098200,96.9600,0.7192,58.300
mutrust,0.01,42,12,1200,0.076600,97.7000,0.6798,61.000
mutrust,0.01,42,12,1250,0.078500,97.5400,0.6391,63.300
mutrust,0.01,42,13,1300,0.061100,98.2400,0.5973,66.000
mutrust,0.01,42,13,1350,0.062400,98.0900,0.5549,68.300
mutrust,0.01,42,14,1400,0.051300,98.4900,0.5120,71.000
mutrust,0.01,42,14,1450,0.050400,98.5800,0.4691,73.300
mutrust,0.01,42,15,1500,0.041300,98.9200,0.4264,76.000
mutrust,0.01,42,15,1550,0.041100,98.8800,0.3842,78.300
mutrust,0.01,42,16,1600,0.031300,99.1600,0.3429,81.000
mutrust,0.01,42,17,1650,0.020800,99.8000,0.3027,83.700
mutrust,0.01,42,17,1700,0.023500,99.4400,0.2640,86.000
mutrust,0.01,42,18,1750,0.023300,99.3200,0.2271,88.600
mutrust,0.01,42,18,1800,0.018300,99.5700,0.1921,91.000
mutrust,0.01,42,19,1850,0.012600,99.8300,0.1594,93.600
mutrust,0.01,42,19,1900,0.013900,99.7300,0.1293,96.000
mutrust,0.01,42,20,1950,0.012700,99.7500,0.1018,98.700
mutrust,0.01,42,20,2000,0.011700,99.8000,0.0774,101.000
mutrust,0.01,42,21,2050,0.008900,99.9100,0.0560,103.700
mutrust,0.01,42,21,2100,0.008800,99.9000,0.0379,106.000
mutrust,0.01,42,22,2150,0.007000,99.9400,0.0232,108.700
mutrust,0.01,42,22,2200,0.007600,99.9100,0.0120,111.000
mutrust,0.01,42,23,2250,0.007300,99.9200,0.0045,113.700
mutrust,0.01,42,23,2300,0.007200,99.9100,0.0006,116.100
mutrust,0.01,43,0,50,2.170000,24.2500,0.1000,5.700
mutrust,0.01,43,1,100,0.972500,68.1000,0.2000,7.800
mutrust,0.01,43,1,150,0.862000,71.3700,0.3000,9.500
mutrust,0.01,43,2,200,0.578400,81.8400,0.4000,11.500
mutrust,0.01,43,2,250,0.573200,81.2700,0.5000,13.200
mutrust,0.01,43,3,300,0.448000,85.6800,0.6000,15.200
mutrust,0.01,43,3,350,0.446400,85.3800,0.7000,16.800
mutrust,0.01,43,4,400,0.368400,87.8400,0.8000,18.800
mutrust,0.01,43,4,450,0.364900,87.9700,0.9000,20.500
mutrust,0.01,43,5,500,0.319400,89.9200,1.0000,22.500
mutrust,0.01,43,5,550,0.317700,89.4700,0.9982,24.200
mutrust,0.01,43,6,600,0.256200,91.4400,0.9926,26.200
mutrust,0.01,43,6,650,0.257900,91.3600,0.9835,27.800
mutrust,0.01,43,7,700,0.204800,93.5400,0.9708,29.900
mutrust,0.01,43,7,750,0.211500,93.0700,0.9546,31.500
mutrust,0.01,43,8,800,0.175300,94.4900,0.9350,33.600
mutrust,0.01,43,8,850,0.178800,94.1600,0.9122,35.200
mutrust,0.01,43,9,900,0.150200,95.3600,0.8864,37.200
mutrust,0.01,43,9,950,0.152300,95.1100,0.8578,38.900
mutrust,0.01,43,10,1000,0.122100,96.2600,0.8265,41.000
mutrust,0.01,43,10,1050,0.125200,96.0600,0.7928,42.700
mutrust,0.01,43,11,1100,0.101100,96.7400,0.7569,44.900
mutrust,0.01,43,11,1150,0.103600,96.6600,0.7192,46.600
mutrust,0.01,43,12,1200,0.079800,97.5600,0.6798,48.600
mutrust,0.01,43,12,1250,0.082100,97.4400,0.6391,50.300
mutrust,0.01,43,13,1300,0.064200,98.2200,0.5973,52.300
mutrust,0.01,43,13,1350,0.064000,98.1900,0.5549,54.000
mutrust,0.01,43,14,1400,0.053800,98.4400,0.5120,56.100
mutrust,0.01,43,14,1450,0.053000,98.4400,0.4691,57.700
mutrust,0.01,43,15,1500,0.040000,98.9100,0.4264,59.800
mutrust,0.01,43,15,1550,0.041400,98.8100,0.3842,61.400
mutrust,0.01,43,16,1600,0.033000,99.1400,0.3429,63.500
mutrust,0.01,43,17,1650,0.020400,99.6100,0.3027,65.600
mutrust,0.01,43,17,1700,0.021900,99.5200,0.2640,67.200
mutrust,0.01,43,18,1750,0.019800,99.6100,0.2271,69.300
mutrust,0.01,43,18,1800,0.017800,99.6400,0.1921,71.000
mutrust,0.01,43,19,1850,0.014100,99.6400,0.1594,73.000
mutrust,0.01,43,19,1900,0.014600,99.7000,0.1293,74.700
mutrust,0.01,43,20,1950,0.010900,99.8000,0.1018,76.800
mutrust,0.01,43,20,2000,0.011500,99.8200,0.0774,78.400
mutrust,0.01,43,21,2050,0.009600,99.8600,0.0560,80.600
mutrust,0.01,43,21,2100,0.009800,99.8400,0.0379,82.200
mutrust,0.01,43,22,2150,0.008000,99.9100,0.0232,84.200
mutrust,0.01,43,22,2200,0.008600,99.8900,0.0120,85.900
mutrust,0.01,43,23,2250,0.008300,99.9000,0.0045,88.000
mutrust,0.01,43,23,2300,0.008400,99.8700,0.0006,89.700
mutrust,0.01,44,0,50,2.153700,27.5000,0.1000,5.900
mutrust,0.01,44,1,100,1.044400,63.9300,0.2000,8.100
mutrust,0.01,44,1,150,0.854000,71.6400,0.3000,9.700
mutrust,0.01,44,2,200,0.593500,81.2500,0.4000,11.800
mutrust,0.01,44,2,250,0.557100,82.0400,0.5000,13.400
mutrust,0.01,44,3,300,0.454800,85.5000,0.6000,15.500
mutrust,0.01,44,3,350,0.430700,86.0700,0.7000,17.100
mutrust,0.01,44,4,400,0.369600,88.0400,0.8000,19.200
mutrust,0.01,44,4,450,0.358600,88.2600,0.9000,20.800
mutrust,0.01,44,5,500,0.311000,90.0800,1.0000,22.900
mutrust,0.01,44,5,550,0.306400,89.9300,0.9982,24.600
mutrust,0.01,44,6,600,0.255300,91.5600,0.9926,26.600
mutrust,0.01,44,6,650,0.253600,91.7000,0.9835,28.300
mutrust,0.01,44,7,700,0.206700,93.2800,0.9708,30.400
mutrust,0.01,44,7,750,0.211000,93.0200,0.9546,32.000
mutrust,0.01,44,8,800,0.167500,94.6800,0.9350,34.100
mutrust,0.01,44,8,850,0.169300,94.4500,0.9122,35.800
mutrust,0.01,44,9,900,0.140200,95.5000,0.8864,37.900
mutrust,0.01,44,9,950,0.144000,95.3700,0.8578,39.600
mutrust,0.01,44,10,1000,0.112400,96.5800,0.8265,41.600
mutrust,0.01,44,10,1050,0.120700,96.1200,0.7928,43.500
mutrust,0.01,44,11,1100,0.096500,97.0900,0.7569,45.900
mutrust,0.01,44,11,1150,0.098100,96.9200,0.7192,47.600
mutrust,0.01,44,12,1200,0.082800,97.5800,0.6798,49.600
mutrust,0.01,44,12,1250,0.081400,97.5400,0.6391,51.400
mutrust,0.01,44,13,1300,0.065200,98.1100,0.5973,53.500
mutrust,0.01,44,13,1350,0.065800,97.9700,0.5549,55.200
mutrust,0.01,44,14,1400,0.052700,98.4500,0.5120,57.300
mutrust,0.01,44,14,1450,0.052900,98.4700,0.4691,58.900
mutrust,0.01,44,15,1500,0.041000,98.8900,0.4264,61.100
mutrust,0.01,44,15,1550,0.041400,98.8400,0.3842,62.800
mutrust,0.01,44,16,1600,0.029300,99.3500,0.3429,64.800
mutrust,0.01,44,17,1650,0.030900,99.0200,0.3027,67.000
mutrust,0.01,44,17,1700,0.024100,99.4500,0.2640,68.600
mutrust,0.01,44,18,1750,0.016200,99.6600,0.2271,70.700
mutrust,0.01,44,18,1800,0.019400,99.5700,0.1921,72.400
mutrust,0.01,44,19,1850,0.013000,99.7500,0.1594,74.500
mutrust,0.01,44,19,1900,0.013700,99.7500,0.1293,76.300
mutrust,0.01,44,20,1950,0.009600,99.8600,0.1018,78.300
mutrust,0.01,44,20,2000,0.010000,99.8400,0.0774,80.000
mutrust,0.01,44,21,2050,0.010600,99.8000,0.0560,82.100
mutrust,0.01,44,21,2100,0.010000,99.8400,0.0379,83.800
mutrust,0.01,44,22,2150,0.007700,99.8900,0.0232,85.800
mutrust,0.01,44,22,2200,0.007900,99.8900,0.0120,87.500
mutrust,0.01,44,23,2250,0.007100,99.9200,0.0045,89.600
mutrust,0.01,44,23,2300,0.007500,99.9300,0.0006,91.300
mutrust,0.02,42,0,50,2.000800,34.7100,0.1000,6.600
mutrust,0.02,42,1,100,0.866000,69.4700,0.2000,9.400
mutrust,0.02,42,1,150,0.751000,75.6000,0.3000,11.700
mutrust,0.02,42,2,200,0.539600,83.2400,0.4000,14.400
mutrust,0.02,42,2,250,0.516600,83.5700,0.5000,16.700
mutrust,0.02,42,3,300,0.412000,86.8900,0.6000,19.500
mutrust,0.02,42,3,350,0.416700,86.4000,0.7000,21.800
mutrust,0.02,42,4,400,0.360300,88.4600,0.8000,24.600
mutrust,0.02,42,4,450,0.353300,88.3500,0.9000,26.900
mutrust,0.02,42,5,500,0.301200,90.6900,1.0000,29.600
mutrust,0.02,42,5,550,0.307500,90.0000,0.9982,31.900
mutrust,0.02,42,6,600,0.261800,91.5100,0.9926,34.600
mutrust,0.02,42,6,650,0.258700,91.5200,0.9835,36.900
mutrust,0.02,42,7,700,0.196200,93.7400,0.9708,42.500
mutrust,0.02,42,7,750,0.208800,93.2200,0.9546,44.800
mutrust,0.02,42,8,800,0.170400,94.5000,0.9350,47.600
mutrust,0.02,42,8,850,0.175200,94.3600,0.9122,49.900
mutrust,0.02,42,9,900,0.140100,95.5800,0.8864,52.600
mutrust,0.02,42,9,950,0.147200,95.2600,0.8578,55.000
mutrust,0.02,42,10,1000,0.118400,96.2800,0.8265,57.600
mutrust,0.02,42,10,1050,0.122800,96.1000,0.7928,59.900
mutrust,0.02,42,11,1100,0.096800,96.9900,0.7569,62.600
mutrust,0.02,42,11,1150,0.102100,96.8100,0.7192,64.900
mutrust,0.02,42,12,1200,0.079000,97.6600,0.6798,67.600
mutrust,0.02,42,12,1250,0.080600,97.5700,0.6391,69.900
mutrust,0.02,42,13,1300,0.065100,98.0400,0.5973,72.600
mutrust,0.02,42,13,1350,0.067200,97.9900,0.5549,74.900
mutrust,0.02,42,14,1400,0.050800,98.5500,0.5120,77.600
mutrust,0.02,42,14,1450,0.051600,98.5200,0.4691,79.900
mutrust,0.02,42,15,1500,0.041500,98.8800,0.4264,82.600
mutrust,0.02,42,15,1550,0.041500,98.8500,0.3842,84.900
mutrust,0.02,42,16,1600,0.031500,99.2300,0.3429,87.500
mutrust,0.02,42,17,1650,0.017300,99.6100,0.3027,90.300
mutrust,0.02,42,17,1700,0.023800,99.4300,0.2640,92.500
mutrust,0.02,42,18,1750,0.025000,99.2700,0.2271,95.200
mutrust,0.02,42,18,1800,0.018400,99.5900,0.1921,97.500
mutrust,0.02,42,19,1850,0.011800,99.8600,0.1594,100.100
mutrust,0.02,42,19,1900,0.014100,99.7600,0.1293,102.400
mutrust,0.02,42,20,1950,0.011900,99.8000,0.1018,105.000
mutrust,0.02,42,20,2000,0.011000,99.8000,0.0774,107.400
mutrust,0.02,42,21,2050,0.009300,99.8500,0.0560,110.000
mutrust,0.02,42,21,2100,0.009100,99.8300,0.0379,112.300
mutrust,0.02,42,22,2150,0.008200,99.8700,0.0232,115.000
mutrust,0.02,42,22,2200,0.007800,99.9100,0.0120,117.300
mutrust,0.02,42,23,2250,0.007300,99.9300,0.0045,120.000
mutrust,0.02,42,23,2300,0.007500,99.9100,0.0006,122.300
mutrust,0.02,43,0,50,2.029100,30.3100,0.1000,6.600
mutrust,0.02,43,1,100,0.825800,73.8900,0.2000,9.400
mutrust,0.02,43,1,150,0.761500,75.4600,0.3000,11.800
mutrust,0.02,43,2,200,0.539200,83.5900,0.4000,14.500
mutrust,0.02,43,2,250,0.527600,82.9700,0.5000,16.800
mutrust,0.02,43,3,300,0.413400,87.0000,0.6000,19.500
mutrust,0.02,43,3,350,0.420500,86.2400,0.7000,21.800
mutrust,0.02,43,4,400,0.356000,88.2600,0.8000,24.600
mutrust,0.02,43,4,450,0.357900,88.1000,0.9000,26.900
mutrust,0.02,43,5,500,0.317600,89.4800,1.0000,29.500
mutrust,0.02,43,5,550,0.314700,89.5600,0.9982,31.900
mutrust,0.02,43,6,600,0.248100,92.1800,0.9926,34.600
mutrust,0.02,43,6,650,0.254200,91.7600,0.9835,36.900
mutrust,0.02,43,7,700,0.204400,93.5200,0.9708,42.500
mutrust,0.02,43,7,750,0.211800,93.0400,0.9546,44.900
mutrust,0.02,43,8,800,0.172800,94.6900,0.9350,47.600
mutrust,0.02,43,8,850,0.175900,94.3000,0.9122,49.900
mutrust,0.02,43,9,900,0.148900,95.2200,0.8864,52.600
mutrust,0.02,43,9,950,0.151800,95.0200,0.8578,54.900
mutrust,0.02,43,10,1000,0.123100,95.9800,0.8265,57.600
mutrust,0.02,43,10,1050,0.122500,96.0500,0.7928,59.900
mutrust,0.02,43,11,1100,0.096100,97.0000,0.7569,62.700
mutrust,0.02,43,11,1150,0.099400,96.9500,0.7192,65.000
mutrust,0.02,43,12,1200,0.080000,97.5200,0.6798,67.700
mutrust,0.02,43,12,1250,0.081100,97.4600,0.6391,70.000
mutrust,0.02,43,13,1300,0.062800,98.2800,0.5973,72.700
mutrust,0.02,43,13,1350,0.063200,98.1900,0.5549,75.100
mutrust,0.02,43,14,1400,0.053600,98.4700,0.5120,77.700
mutrust,0.02,43,14,1450,0.052800,98.4500,0.4691,80.000
mutrust,0.02,43,15,1500,0.040200,98.9100,0.4264,82.700
mutrust,0.02,43,15,1550,0.040200,98.8900,0.3842,85.000
mutrust,0.02,43,16,1600,0.032000,99.1800,0.3429,87.700
mutrust,0.02,43,17,1650,0.024000,99.4100,0.3027,90.400
mutrust,0.02,43,17,1700,0.023500,99.4800,0.2640,92.600
mutrust,0.02,43,18,1750,0.019500,99.6100,0.2271,95.300
mutrust,0.02,43,18,1800,0.018900,99.5900,0.1921,97.600
mutrust,0.02,43,19,1850,0.014400,99.7500,0.1594,100.200
mutrust,0.02,43,19,1900,0.014100,99.7300,0.1293,102.500
mutrust,0.02,43,20,1950,0.010200,99.8000,0.1018,105.200
mutrust,0.02,43,20,2000,0.010900,99.8200,0.0774,107.500
mutrust,0.02,43,21,2050,0.011200,99.7900,0.0560,110.200
mutrust,0.02,43,21,2100,0.009500,99.8600,0.0379,112.500
mutrust,0.02,43,22,2150,0.007500,99.9400,0.0232,115.100
mutrust,0.02,43,22,2200,0.007800,99.9100,0.0120,117.400
mutrust,0.02,43,23,2250,0.008700,99.8500,0.0045,120.100
mutrust,0.02,43,23,2300,0.008300,99.8800,0.0006,122.400
mutrust,0.02,44,0,50,2.009200,32.6100,0.1000,6.200
mutrust,0.02,44,1,100,0.872200,71.3500,0.2000,9.000
mutrust,0.02,44,1,150,0.751200,75.6300,0.3000,11.300
mutrust,0.02,44,2,200,0.559200,82.9100,0.4000,14.100
mutrust,0.02,44,2,250,0.517500,83.3400,0.5000,16.400
mutrust,0.02,44,3,300,0.426900,86.3700,0.6000,19.100
mutrust,0.02,44,3,350,0.412600,86.7300,0.7000,21.500
mutrust,0.02,44,4,400,0.362900,88.2800,0.8000,24.100
mutrust,0.02,44,4,450,0.353000,88.3300,0.9000,26.400
mutrust,0.02,44,5,500,0.302100,89.9600,1.0000,29.100
mutrust,0.02,44,5,550,0.305900,89.8000,0.9982,31.400
mutrust,0.02,44,6,600,0.246500,91.9600,0.9926,34.100
mutrust,0.02,44,6,650,0.250700,91.7500,0.9835,36.400
mutrust,0.02,44,7,700,0.203900,93.3100,0.9708,39.000
mutrust,0.02,44,7,750,0.209700,93.1000,0.9546,41.300
mutrust,0.02,44,8,800,0.176800,94.2600,0.9350,44.000
mutrust,0.02,44,8,850,0.169400,94.5100,0.9122,46.400
mutrust,0.02,44,9,900,0.140300,95.7500,0.8864,49.000
mutrust,0.02,44,9,950,0.145000,95.4000,0.8578,51.300
mutrust,0.02,44,10,1000,0.118300,96.2400,0.8265,54.100
mutrust,0.02,44,10,1050,0.121600,96.1300,0.7928,56.400
mutrust,0.02,44,11,1100,0.098400,97.0700,0.7569,59.200
mutrust,0.02,44,11,1150,0.100700,96.8700,0.7192,61.500
mutrust,0.02,44,12,1200,0.085900,97.3500,0.6798,64.000
mutrust,0.02,44,12,1250,0.083500,97.4000,0.6391,66.400
mutrust,0.02,44,13,1300,0.066100,98.1200,0.5973,68.900
mutrust,0.02,44,13,1350,0.065200,98.1000,0.5549,71.200
mutrust,0.02,44,14,1400,0.050700,98.4700,0.5120,73.700
mutrust,0.02,44,14,1450,0.051600,98.4200,0.4691,76.000
mutrust,0.02,44,15,1500,0.039800,98.9300,0.4264,78.700
mutrust,0.02,44,15,1550,0.039400,98.9300,0.3842,80.900
mutrust,0.02,44,16,1600,0.030200,99.2200,0.3429,83.600
mutrust,0.02,44,17,1650,0.033900,99.0200,0.3027,86.200
mutrust,0.02,44,17,1700,0.024000,99.4300,0.2640,88.500
mutrust,0.02,44,18,1750,0.022300,99.4600,0.2271,91.200
mutrust,0.02,44,18,1800,0.019600,99.5400,0.1921,93.500
mutrust,0.02,44,19,1850,0.011900,99.8000,0.1594,96.200
mutrust,0.02,44,19,1900,0.013800,99.7400,0.1293,98.500
mutrust,0.02,44,20,1950,0.009900,99.8400,0.1018,101.300
mutrust,0.02,44,20,2000,0.011000,99.8100,0.0774,103.500
mutrust,0.02,44,21,2050,0.009500,99.8900,0.0560,106.200
mutrust,0.02,44,21,2100,0.009500,99.8600,0.0379,108.500
mutrust,0.02,44,22,2150,0.007500,99.9100,0.0232,111.200
mutrust,0.02,44,22,2200,0.007800,99.8900,0.0120,113.500
mutrust,0.02,44,23,2250,0.007800,99.9100,0.0045,116.200
mutrust,0.02,44,23,2300,0.007300,99.9300,0.0006,118.500
mutrust,0.04,42,0,50,1.796600,41.1000,0.1000,6.200
mutrust,0.04,42,1,100,0.796900,74.0900,0.2000,8.700
mutrust,0.04,42,1,150,0.701300,77.8100,0.3000,10.900
mutrust,0.04,42,2,200,0.515900,83.9800,0.4000,13.600
mutrust,0.04,42,2,250,0.495300,84.1600,0.5000,15.800
mutrust,0.04,42,3,300,0.404200,87.0700,0.6000,18.500
mutrust,0.04,42,3,350,0.408400,86.7300,0.7000,20.800
mutrust,0.04,42,4,400,0.359800,88.3300,0.8000,23.400
mutrust,0.04,42,4,450,0.349400,88.6100,0.9000,25.700
mutrust,0.04,42,5,500,0.297900,90.5200,1.0000,28.500
mutrust,0.04,42,5,550,0.302200,90.2500,0.9982,30.700
mutrust,0.04,42,6,600,0.259800,91.6400,0.9926,33.400
mutrust,0.04,42,6,650,0.257200,91.4200,0.9835,35.700
mutrust,0.04,42,7,700,0.198100,93.5600,0.9708,38.400
mutrust,0.04,42,7,750,0.211100,93.0700,0.9546,40.700
mutrust,0.04,42,8,800,0.169800,94.5400,0.9350,43.400
mutrust,0.04,42,8,850,0.171200,94.4800,0.9122,45.700
mutrust,0.04,42,9,900,0.137300,95.6500,0.8864,48.400
mutrust,0.04,42,9,950,0.144800,95.3700,0.8578,50.700
mutrust,0.04,42,10,1000,0.121000,96.1800,0.8265,53.400
mutrust,0.04,42,10,1050,0.125300,95.9900,0.7928,55.700
mutrust,0.04,42,11,1100,0.097000,96.9700,0.7569,58.200
mutrust,0.04,42,11,1150,0.101800,96.7600,0.7192,60.500
mutrust,0.04,42,12,1200,0.077500,97.6900,0.6798,63.000
mutrust,0.04,42,12,1250,0.080200,97.5500,0.6391,65.400
mutrust,0.04,42,13,1300,0.063900,98.0200,0.5973,68.000
mutrust,0.04,42,13,1350,0.065000,98.0000,0.5549,70.300
mutrust,0.04,42,14,1400,0.052800,98.4600,0.5120,72.900
mutrust,0.04,42,14,1450,0.052100,98.4800,0.4691,75.200
mutrust,0.04,42,15,1500,0.044100,98.7400,0.4264,77.900
mutrust,0.04,42,15,1550,0.043500,98.7300,0.3842,80.200
mutrust,0.04,42,16,1600,0.030600,99.2100,0.3429,82.900
mutrust,0.04,42,17,1650,0.021500,99.8000,0.3027,85.600
mutrust,0.04,42,17,1700,0.023600,99.4900,0.2640,87.900
mutrust,0.04,42,18,1750,0.023900,99.4600,0.2271,90.600
mutrust,0.04,42,18,1800,0.019400,99.6000,0.1921,92.900
mutrust,0.04,42,19,1850,0.012500,99.7800,0.1594,95.600
mutrust,0.04,42,19,1900,0.014600,99.7300,0.1293,97.900
mutrust,0.04,42,20,1950,0.011700,99.8000,0.1018,100.600
mutrust,0.04,42,20,2000,0.010700,99.8300,0.0774,102.900
mutrust,0.04,42,21,2050,0.009800,99.8500,0.0560,105.600
mutrust,0.04,42,21,2100,0.009300,99.8500,0.0379,107.900
mutrust,0.04,42,22,2150,0.007200,99.9800,0.0232,110.600
mutrust,0.04,42,22,2200,0.007800,99.9100,0.0120,112.900
mutrust,0.04,42,23,2250,0.007000,99.9000,0.0045,115.600
mutrust,0.04,42,23,2300,0.007600,99.8900,0.0006,117.900
mutrust,0.04,43,0,50,1.827500,37.8100,0.1000,5.900
mutrust,0.04,43,1,100,0.783800,75.9100,0.2000,8.000
mutrust,0.04,43,1,150,0.722000,76.9300,0.3000,9.700
mutrust,0.04,43,2,200,0.523600,83.4600,0.4000,11.700
mutrust,0.04,43,2,250,0.505800,83.8200,0.5000,13.300
mutrust,0.04,43,3,300,0.405500,87.0400,0.6000,15.400
mutrust,0.04,43,3,350,0.411500,86.7200,0.7000,17.000
mutrust,0.04,43,4,400,0.357900,88.3800,0.8000,19.100
mutrust,0.04,43,4,450,0.357400,88.0700,0.9000,20.700
mutrust,0.04,43,5,500,0.316400,89.8600,1.0000,22.800
mutrust,0.04,43,5,550,0.312700,89.6100,0.9982,24.500
mutrust,0.04,43,6,600,0.250000,91.6400,0.9926,26.600
mutrust,0.04,43,6,650,0.248700,91.7500,0.9835,28.200
mutrust,0.04,43,7,700,0.199700,93.5700,0.9708,30.300
mutrust,0.04,43,7,750,0.212600,93.0400,0.9546,32.000
mutrust,0.04,43,8,800,0.178000,94.3400,0.9350,34.000
mutrust,0.04,43,8,850,0.178900,94.2100,0.9122,35.700
mutrust,0.04,43,9,900,0.147700,95.2800,0.8864,37.800
mutrust,0.04,43,9,950,0.151000,95.1600,0.8578,39.400
mutrust,0.04,43,10,1000,0.121600,96.1500,0.8265,41.500
mutrust,0.04,43,10,1050,0.122500,96.0200,0.7928,43.200
mutrust,0.04,43,11,1100,0.098200,96.9700,0.7569,45.700
mutrust,0.04,43,11,1150,0.101200,96.8300,0.7192,47.300
mutrust,0.04,43,12,1200,0.081500,97.4200,0.6798,49.300
mutrust,0.04,43,12,1250,0.084800,97.3200,0.6391,51.000
mutrust,0.04,43,13,1300,0.063900,98.1200,0.5973,53.100
mutrust,0.04,43,13,1350,0.065500,98.0700,0.5549,54.800
mutrust,0.04,43,14,1400,0.052200,98.5600,0.5120,56.900
mutrust,0.04,43,14,1450,0.052200,98.5000,0.4691,58.500
mutrust,0.04,43,15,1500,0.040800,98.8900,0.4264,60.600
mutrust,0.04,43,15,1550,0.041000,98.8400,0.3842,62.300
mutrust,0.04,43,16,1600,0.033300,99.1800,0.3429,64.300
mutrust,0.04,43,17,1650,0.022200,99.6100,0.3027,66.500
mutrust,0.04,43,17,1700,0.023100,99.4400,0.2640,68.100
mutrust,0.04,43,18,1750,0.019600,99.6100,0.2271,70.200
mutrust,0.04,43,18,1800,0.017700,99.6700,0.1921,71.800
mutrust,0.04,43,19,1850,0.015300,99.6700,0.1594,73.900
mutrust,0.04,43,19,1900,0.013800,99.7300,0.1293,75.700
mutrust,0.04,43,20,1950,0.010700,99.8000,0.1018,78.300
mutrust,0.04,43,20,2000,0.011400,99.7900,0.0774,80.100
mutrust,0.04,43,21,2050,0.009500,99.8800,0.0560,82.200
mutrust,0.04,43,21,2100,0.009400,99.8700,0.0379,83.900
mutrust,0.04,43,22,2150,0.008100,99.8400,0.0232,86.000
mutrust,0.04,43,22,2200,0.008300,99.8600,0.0120,87.700
mutrust,0.04,43,23,2250,0.008500,99.8700,0.0045,89.800
mutrust,0.04,43,23,2300,0.008300,99.8800,0.0006,91.500
mutrust,0.04,44,0,50,1.811400,38.9300,0.1000,5.900
mutrust,0.04,44,1,100,0.829400,74.2800,0.2000,8.000
mutrust,0.04,44,1,150,0.704600,77.3800,0.3000,9.700
mutrust,0.04,44,2,200,0.530400,83.9500,0.4000,11.700
mutrust,0.04,44,2,250,0.496500,84.2200,0.5000,13.400
mutrust,0.04,44,3,300,0.422200,86.6500,0.6000,15.500
mutrust,0.04,44,3,350,0.403800,86.9700,0.7000,17.100
mutrust,0.04,44,4,400,0.360800,88.1200,0.8000,19.200
mutrust,0.04,44,4,450,0.354700,88.3100,0.9000,20.900
mutrust,0.04,44,5,500,0.309800,90.1300,1.0000,22.900
mutrust,0.04,44,5,550,0.306900,89.9100,0.9982,24.600
mutrust,0.04,44,6,600,0.255900,91.4800,0.9926,26.700
mutrust,0.04,44,6,650,0.251600,91.6900,0.9835,28.300
mutrust,0.04,44,7,700,0.207900,93.0800,0.9708,30.500
mutrust,0.04,44,7,750,0.212000,92.9200,0.9546,32.100
mutrust,0.04,44,8,800,0.172400,94.5800,0.9350,34.200
mutrust,0.04,44,8,850,0.171400,94.4500,0.9122,35.900
mutrust,0.04,44,9,900,0.141700,95.5400,0.8864,37.900
mutrust,0.04,44,9,950,0.144500,95.3100,0.8578,39.600
mutrust,0.04,44,10,1000,0.120900,96.1700,0.8265,41.700
mutrust,0.04,44,10,1050,0.123000,96.0700,0.7928,43.500
mutrust,0.04,44,11,1100,0.094800,97.0200,0.7569,45.700
mutrust,0.04,44,11,1150,0.097600,96.8800,0.7192,47.400
mutrust,0.04,44,12,1200,0.082600,97.4100,0.6798,49.400
mutrust,0.04,44,12,1250,0.083200,97.4000,0.6391,51.100
mutrust,0.04,44,13,1300,0.065800,98.1300,0.5973,53.200
mutrust,0.04,44,13,1350,0.065700,98.0600,0.5549,54.900
mutrust,0.04,44,14,1400,0.051200,98.5700,0.5120,56.900
mutrust,0.04,44,14,1450,0.052300,98.4700,0.4691,58.500
mutrust,0.04,44,15,1500,0.039700,99.0100,0.4264,60.700
mutrust,0.04,44,15,1550,0.041000,98.9000,0.3842,62.300
mutrust,0.04,44,16,1600,0.029600,99.3000,0.3429,64.400
mutrust,0.04,44,17,1650,0.030600,98.4400,0.3027,66.600
mutrust,0.04,44,17,1700,0.023400,99.4300,0.2640,68.200
mutrust,0.04,44,18,1750,0.020600,99.4600,0.2271,70.300
mutrust,0.04,44,18,1800,0.019500,99.5900,0.1921,72.000
mutrust,0.04,44,19,1850,0.014100,99.7200,0.1594,74.000
mutrust,0.04,44,19,1900,0.014100,99.7500,0.1293,75.800
mutrust,0.04,44,20,1950,0.009900,99.8600,0.1018,78.600
mutrust,0.04,44,20,2000,0.011300,99.8400,0.0774,80.200
mutrust,0.04,44,21,2050,0.010600,99.7900,0.0560,82.300
mutrust,0.04,44,21,2100,0.009300,99.8400,0.0379,84.000
mutrust,0.04,44,22,2150,0.007600,99.9100,0.0232,86.100
mutrust,0.04,44,22,2200,0.007800,99.8900,0.0120,87.800
mutrust,0.04,44,23,2250,0.007400,99.9300,0.0045,89.800
mutrust,0.04,44,23,2300,0.007500,99.9300,0.0006,91.600
adamw,0.001,42,0,50,2.025600,30.3400,0.1000,2.500
adamw,0.001,42,1,100,1.276900,56.3800,0.2000,4.600
adamw,0.001,42,1,150,1.141500,60.8900,0.3000,6.300
adamw,0.001,42,2,200,0.881100,70.7700,0.4000,8.300
adamw,0.001,42,2,250,0.832800,71.5900,0.5000,9.900
adamw,0.001,42,3,300,0.658200,78.4700,0.6000,12.000
adamw,0.001,42,3,350,0.665800,77.2200,0.7000,13.600
adamw,0.001,42,4,400,0.580200,80.5300,0.8000,15.600
adamw,0.001,42,4,450,0.564400,80.8800,0.9000,17.300
adamw,0.001,42,5,500,0.503400,82.7200,1.0000,19.300
adamw,0.001,42,5,550,0.498900,83.1000,0.9982,21.000
adamw,0.001,42,6,600,0.439400,85.1800,0.9926,23.000
adamw,0.001,42,6,650,0.420700,85.7900,0.9835,24.600
adamw,0.001,42,7,700,0.358200,87.8500,0.9708,26.700
adamw,0.001,42,7,750,0.368800,87.4700,0.9546,28.200
adamw,0.001,42,8,800,0.330100,88.5600,0.9350,30.300
adamw,0.001,42,8,850,0.322600,89.0800,0.9122,31.900
adamw,0.001,42,9,900,0.280400,90.5800,0.8864,34.000
adamw,0.001,42,9,950,0.287700,90.3100,0.8578,35.600
adamw,0.001,42,10,1000,0.243800,91.9800,0.8265,37.700
adamw,0.001,42,10,1050,0.253500,91.5200,0.7928,39.400
adamw,0.001,42,11,1100,0.218100,92.8200,0.7569,41.600
adamw,0.001,42,11,1150,0.221800,92.6300,0.7192,43.300
adamw,0.001,42,12,1200,0.191400,93.4300,0.6798,45.300
adamw,0.001,42,12,1250,0.196000,93.3300,0.6391,47.000
adamw,0.001,42,13,1300,0.171900,94.2900,0.5973,49.000
adamw,0.001,42,13,1350,0.172300,94.3000,0.5549,50.700
adamw,0.001,42,14,1400,0.149000,95.1800,0.5120,52.700
adamw,0.001,42,14,1450,0.150000,95.1400,0.4691,54.300
adamw,0.001,42,15,1500,0.130000,95.9200,0.4264,56.400
adamw,0.001,42,15,1550,0.128700,95.8600,0.3842,58.000
adamw,0.001,42,16,1600,0.105300,96.8000,0.3429,60.000
adamw,0.001,42,17,1650,0.106400,95.9000,0.3027,62.200
adamw,0.001,42,17,1700,0.088500,97.4200,0.2640,63.800
adamw,0.001,42,18,1750,0.072800,97.9500,0.2271,65.900
adamw,0.001,42,18,1800,0.074500,97.8800,0.1921,67.600
adamw,0.001,42,19,1850,0.054800,98.6000,0.1594,69.600
adamw,0.001,42,19,1900,0.064300,98.2500,0.1293,71.300
adamw,0.001,42,20,1950,0.056500,98.4600,0.1018,73.300
adamw,0.001,42,20,2000,0.054900,98.5800,0.0774,74.900
adamw,0.001,42,21,2050,0.048500,98.8900,0.0560,77.000
adamw,0.001,42,21,2100,0.048100,98.8300,0.0379,78.600
adamw,0.001,42,22,2150,0.042200,99.0800,0.0232,80.600
adamw,0.001,42,22,2200,0.044900,98.9200,0.0120,82.300
adamw,0.001,42,23,2250,0.040000,99.1000,0.0045,84.300
adamw,0.001,42,23,2300,0.041800,99.0900,0.0006,86.000
adamw,0.001,43,0,50,2.058400,26.6700,0.1000,2.500
adamw,0.001,43,1,100,1.256200,58.6600,0.2000,4.600
adamw,0.001,43,1,150,1.158400,60.1500,0.3000,6.300
adamw,0.001,43,2,200,0.859200,70.1200,0.4000,8.300
adamw,0.001,43,2,250,0.840600,71.2300,0.5000,9.900
adamw,0.001,43,3,300,0.683200,76.4500,0.6000,12.100
adamw,0.001,43,3,350,0.669300,77.2200,0.7000,13.600
adamw,0.001,43,4,400,0.580500,80.3500,0.8000,15.700
adamw,0.001,43,4,450,0.563000,81.0200,0.9000,17.300
adamw,0.001,43,5,500,0.512100,82.6300,1.0000,19.400
adamw,0.001,43,5,550,0.490500,83.1900,0.9982,21.000
adamw,0.001,43,6,600,0.411900,86.1400,0.9926,23.000
adamw,0.001,43,6,650,0.415200,86.0400,0.9835,24.600
adamw,0.001,43,7,700,0.359600,87.9600,0.9708,26.700
adamw,0.001,43,7,750,0.368800,87.3700,0.9546,28.300
adamw,0.001,43,8,800,0.313600,89.1800,0.9350,30.300
adamw,0.001,43,8,850,0.318900,89.1000,0.9122,32.000
adamw,0.001,43,9,900,0.284700,90.6000,0.8864,34.000
adamw,0.001,43,9,950,0.290500,90.2200,0.8578,35.700
adamw,0.001,43,10,1000,0.260600,91.4100,0.8265,37.800
adamw,0.001,43,10,1050,0.257500,91.3600,0.7928,39.500
adamw,0.001,43,11,1100,0.218800,92.8000,0.7569,41.700
adamw,0.001,43,11,1150,0.223600,92.5400,0.7192,43.400
adamw,0.001,43,12,1200,0.194400,93.5100,0.6798,45.400
adamw,0.001,43,12,1250,0.196800,93.3000,0.6391,47.000
adamw,0.001,43,13,1300,0.179900,93.8600,0.5973,49.100
adamw,0.001,43,13,1350,0.176100,94.0900,0.5549,50.800
adamw,0.001,43,14,1400,0.147400,95.2800,0.5120,52.800
adamw,0.001,43,14,1450,0.144800,95.3200,0.4691,54.400
adamw,0.001,43,15,1500,0.125000,95.8700,0.4264,56.500
adamw,0.001,43,15,1550,0.125600,95.8500,0.3842,58.100
adamw,0.001,43,16,1600,0.110400,96.6400,0.3429,60.200
adamw,0.001,43,17,1650,0.078600,97.4600,0.3027,62.300
adamw,0.001,43,17,1700,0.085400,97.5600,0.2640,63.900
adamw,0.001,43,18,1750,0.074500,97.6600,0.2271,66.000
adamw,0.001,43,18,1800,0.072100,97.8900,0.1921,67.700
adamw,0.001,43,19,1850,0.060400,98.3000,0.1594,69.700
adamw,0.001,43,19,1900,0.062300,98.2600,0.1293,71.400
adamw,0.001,43,20,1950,0.050500,98.8500,0.1018,73.500
adamw,0.001,43,20,2000,0.054400,98.6400,0.0774,75.100
adamw,0.001,43,21,2050,0.050400,98.9200,0.0560,77.200
adamw,0.001,43,21,2100,0.047700,98.9000,0.0379,78.800
adamw,0.001,43,22,2150,0.040900,99.1900,0.0232,80.800
adamw,0.001,43,22,2200,0.044800,98.9300,0.0120,82.500
adamw,0.001,43,23,2250,0.044800,99.0200,0.0045,84.500
adamw,0.001,43,23,2300,0.042900,99.0600,0.0006,86.200
adamw,0.001,44,0,50,2.044200,28.4300,0.1000,2.300
adamw,0.001,44,1,100,1.293200,54.6900,0.2000,4.400
adamw,0.001,44,1,150,1.146600,60.2400,0.3000,6.100
adamw,0.001,44,2,200,0.910300,69.3000,0.4000,8.100
adamw,0.001,44,2,250,0.835400,71.4800,0.5000,9.700
adamw,0.001,44,3,300,0.700900,75.9500,0.6000,11.800
adamw,0.001,44,3,350,0.666000,77.3200,0.7000,13.400
adamw,0.001,44,4,400,0.571100,80.5200,0.8000,15.500
adamw,0.001,44,4,450,0.556900,81.2000,0.9000,17.100
adamw,0.001,44,5,500,0.504500,83.2600,1.0000,19.200
adamw,0.001,44,5,550,0.489900,83.4300,0.9982,20.800
adamw,0.001,44,6,600,0.424600,85.3100,0.9926,22.900
adamw,0.001,44,6,650,0.414600,86.0200,0.9835,24.500
adamw,0.001,44,7,700,0.362700,87.6700,0.9708,26.600
adamw,0.001,44,7,750,0.366200,87.5500,0.9546,28.200
adamw,0.001,44,8,800,0.314600,89.7100,0.9350,30.200
adamw,0.001,44,8,850,0.313200,89.4800,0.9122,31.900
adamw,0.001,44,9,900,0.284100,90.5200,0.8864,33.900
adamw,0.001,44,9,950,0.286500,90.3600,0.8578,35.600
adamw,0.001,44,10,1000,0.253800,91.4900,0.8265,37.600
adamw,0.001,44,10,1050,0.257700,91.3100,0.7928,39.400
adamw,0.001,44,11,1100,0.217200,92.8200,0.7569,41.600
adamw,0.001,44,11,1150,0.222500,92.5300,0.7192,43.300
adamw,0.001,44,12,1200,0.193700,93.6500,0.6798,45.200
adamw,0.001,44,12,1250,0.196100,93.5600,0.6391,46.900
adamw,0.001,44,13,1300,0.171100,94.3100,0.5973,49.000
adamw,0.001,44,13,1350,0.170800,94.3600,0.5549,50.700
adamw,0.001,44,14,1400,0.147300,95.1800,0.5120,52.700
adamw,0.001,44,14,1450,0.145700,95.1400,0.4691,54.400
adamw,0.001,44,15,1500,0.123400,96.1300,0.4264,56.500
adamw,0.001,44,15,1550,0.126300,95.9800,0.3842,58.100
adamw,0.001,44,16,1600,0.103300,96.8500,0.3429,60.200
adamw,0.001,44,17,1650,0.099800,96.8800,0.3027,62.300
adamw,0.001,44,17,1700,0.084800,97.5100,0.2640,63.900
adamw,0.001,44,18,1750,0.066300,98.1000,0.2271,66.000
adamw,0.001,44,18,1800,0.072600,97.8800,0.1921,67.600
adamw,0.001,44,19,1850,0.056100,98.4100,0.1594,69.700
adamw,0.001,44,19,1900,0.061500,98.2800,0.1293,71.400
adamw,0.001,44,20,1950,0.048500,98.9600,0.1018,73.400
adamw,0.001,44,20,2000,0.051400,98.7500,0.0774,75.000
adamw,0.001,44,21,2050,0.048000,98.9300,0.0560,77.200
adamw,0.001,44,21,2100,0.047900,98.8800,0.0379,78.800
adamw,0.001,44,22,2150,0.039600,99.2100,0.0232,80.900
adamw,0.001,44,22,2200,0.044100,98.9600,0.0120,82.600
adamw,0.001,44,23,2250,0.043700,99.0600,0.0045,84.600
adamw,0.001,44,23,2300,0.042700,99.0300,0.0006,86.300
adamw,0.003,42,0,50,1.851200,35.8600,0.1000,2.300
adamw,0.003,42,1,100,1.104900,60.8700,0.2000,4.300
adamw,0.003,42,1,150,0.962400,66.5500,0.3000,6.000
adamw,0.003,42,2,200,0.750000,74.6400,0.4000,8.000
adamw,0.003,42,2,250,0.709900,75.7600,0.5000,9.700
adamw,0.003,42,3,300,0.550700,81.6400,0.6000,11.800
adamw,0.003,42,3,350,0.571300,80.4200,0.7000,13.400
adamw,0.003,42,4,400,0.504800,82.5000,0.8000,15.400
adamw,0.003,42,4,450,0.492800,82.9400,0.9000,17.100
adamw,0.003,42,5,500,0.438700,84.8600,1.0000,19.100
adamw,0.003,42,5,550,0.432200,85.3500,0.9982,20.800
adamw,0.003,42,6,600,0.382800,86.9900,0.9926,22.800
adamw,0.003,42,6,650,0.369000,87.2100,0.9835,24.400
adamw,0.003,42,7,700,0.306000,89.4400,0.9708,26.600
adamw,0.003,42,7,750,0.318800,89.1500,0.9546,28.200
adamw,0.003,42,8,800,0.277100,90.6200,0.9350,30.200
adamw,0.003,42,8,850,0.272800,90.7200,0.9122,31.900
adamw,0.003,42,9,900,0.229800,92.3000,0.8864,34.000
adamw,0.003,42,9,950,0.243100,91.7300,0.8578,35.700
adamw,0.003,42,10,1000,0.202100,93.1400,0.8265,37.700
adamw,0.003,42,10,1050,0.210900,92.8200,0.7928,39.500
adamw,0.003,42,11,1100,0.181600,93.7300,0.7569,41.700
adamw,0.003,42,11,1150,0.185100,93.6700,0.7192,43.300
adamw,0.003,42,12,1200,0.150200,94.9700,0.6798,45.300
adamw,0.003,42,12,1250,0.158300,94.6400,0.6391,47.000
adamw,0.003,42,13,1300,0.131300,95.5200,0.5973,49.100
adamw,0.003,42,13,1350,0.134700,95.3800,0.5549,50.800
adamw,0.003,42,14,1400,0.108900,96.3400,0.5120,52.800
adamw,0.003,42,14,1450,0.109500,96.3700,0.4691,54.400
adamw,0.003,42,15,1500,0.094000,96.8800,0.4264,56.600
adamw,0.003,42,15,1550,0.093500,96.9600,0.3842,58.200
adamw,0.003,42,16,1600,0.074200,97.7000,0.3429,60.300
adamw,0.003,42,17,1650,0.069100,97.8500,0.3027,62.400
adamw,0.003,42,17,1700,0.059000,98.2000,0.2640,64.000
adamw,0.003,42,18,1750,0.053600,98.3400,0.2271,66.100
adamw,0.003,42,18,1800,0.047500,98.6800,0.1921,67.800
adamw,0.003,42,19,1850,0.035100,99.0800,0.1594,69.800
adamw,0.003,42,19,1900,0.037500,98.9800,0.1293,71.500
adamw,0.003,42,20,1950,0.030800,99.2200,0.1018,73.600
adamw,0.003,42,20,2000,0.029900,99.2900,0.0774,75.200
adamw,0.003,42,21,2050,0.027500,99.3500,0.0560,77.400
adamw,0.003,42,21,2100,0.026400,99.4300,0.0379,79.000
adamw,0.003,42,22,2150,0.021200,99.6100,0.0232,81.100
adamw,0.003,42,22,2200,0.023500,99.5100,0.0120,82.800
adamw,0.003,42,23,2250,0.022000,99.5300,0.0045,84.900
adamw,0.003,42,23,2300,0.022100,99.5400,0.0006,86.600
adamw,0.003,43,0,50,1.885300,33.5900,0.1000,2.400
adamw,0.003,43,1,100,1.066500,64.1900,0.2000,4.600
adamw,0.003,43,1,150,0.990800,65.6500,0.3000,6.300
adamw,0.003,43,2,200,0.729400,75.4200,0.4000,8.400
adamw,0.003,43,2,250,0.714400,75.4500,0.5000,10.000
adamw,0.003,43,3,300,0.577000,80.1000,0.6000,12.100
adamw,0.003,43,3,350,0.574200,80.3700,0.7000,13.700
adamw,0.003,43,4,400,0.507100,82.9800,0.8000,15.800
adamw,0.003,43,4,450,0.490000,83.1800,0.9000,17.400
adamw,0.003,43,5,500,0.447800,84.5300,1.0000,19.500
adamw,0.003,43,5,550,0.431100,85.1800,0.9982,21.200
adamw,0.003,43,6,600,0.356900,87.8100,0.9926,23.300
adamw,0.003,43,6,650,0.359600,87.6100,0.9835,24.800
adamw,0.003,43,7,700,0.306600,89.5800,0.9708,27.000
adamw,0.003,43,7,750,0.316800,89.0100,0.9546,28.600
adamw,0.003,43,8,800,0.278300,90.1900,0.9350,30.600
adamw,0.003,43,8,850,0.273100,90.4600,0.9122,32.300
adamw,0.003,43,9,900,0.243800,91.7800,0.8864,34.400
adamw,0.003,43,9,950,0.248000,91.5400,0.8578,36.100
adamw,0.003,43,10,1000,0.217500,92.6800,0.8265,38.100
adamw,0.003,43,10,1050,0.220400,92.4700,0.7928,39.900
adamw,0.003,43,11,1100,0.172100,94.4000,0.7569,42.300
adamw,0.003,43,11,1150,0.184900,93.7700,0.7192,44.000
adamw,0.003,43,12,1200,0.149900,95.0200,0.6798,46.000
adamw,0.003,43,12,1250,0.154400,94.7700,0.6391,47.700
adamw,0.003,43,13,1300,0.136900,95.3800,0.5973,49.800
adamw,0.003,43,13,1350,0.136700,95.2900,0.5549,51.500
adamw,0.003,43,14,1400,0.114000,96.1400,0.5120,53.500
adamw,0.003,43,14,1450,0.110300,96.2600,0.4691,55.200
adamw,0.003,43,15,1500,0.092300,97.0400,0.4264,57.300
adamw,0.003,43,15,1550,0.090600,97.0500,0.3842,58.900
adamw,0.003,43,16,1600,0.075800,97.5800,0.3429,61.000
adamw,0.003,43,17,1650,0.050600,98.4400,0.3027,63.200
adamw,0.003,43,17,1700,0.055500,98.3500,0.2640,64.800
adamw,0.003,43,18,1750,0.046900,98.6800,0.2271,66.900
adamw,0.003,43,18,1800,0.042700,98.7600,0.1921,68.600
adamw,0.003,43,19,1850,0.029600,99.1900,0.1594,70.700
adamw,0.003,43,19,1900,0.034700,99.0400,0.1293,72.300
adamw,0.003,43,20,1950,0.026100,99.4900,0.1018,74.400
adamw,0.003,43,20,2000,0.030300,99.2100,0.0774,76.100
adamw,0.003,43,21,2050,0.028100,99.2300,0.0560,78.200
adamw,0.003,43,21,2100,0.025500,99.4000,0.0379,79.800
adamw,0.003,43,22,2150,0.023100,99.4300,0.0232,81.800
adamw,0.003,43,22,2200,0.022700,99.4600,0.0120,83.500
adamw,0.003,43,23,2250,0.024100,99.5800,0.0045,85.500
adamw,0.003,43,23,2300,0.022800,99.5000,0.0006,87.200
adamw,0.003,44,0,50,1.868000,34.9300,0.1000,2.400
adamw,0.003,44,1,100,1.128600,58.9800,0.2000,4.500
adamw,0.003,44,1,150,0.986300,65.5600,0.3000,6.200
adamw,0.003,44,2,200,0.752600,74.5400,0.4000,8.200
adamw,0.003,44,2,250,0.700900,76.1000,0.5000,9.800
adamw,0.003,44,3,300,0.587400,79.8800,0.6000,11.900
adamw,0.003,44,3,350,0.568800,80.7100,0.7000,13.500
adamw,0.003,44,4,400,0.503300,82.6800,0.8000,15.500
adamw,0.003,44,4,450,0.482100,83.3900,0.9000,17.200
adamw,0.003,44,5,500,0.431100,85.6000,1.0000,19.300
adamw,0.003,44,5,550,0.424800,85.5200,0.9982,20.900
adamw,0.003,44,6,600,0.362900,87.6600,0.9926,22.900
adamw,0.003,44,6,650,0.360400,87.7400,0.9835,24.500
adamw,0.003,44,7,700,0.305700,89.6200,0.9708,26.600
adamw,0.003,44,7,750,0.311700,89.4600,0.9546,28.200
adamw,0.003,44,8,800,0.277000,90.4900,0.9350,30.300
adamw,0.003,44,8,850,0.268300,90.8900,0.9122,32.000
adamw,0.003,44,9,900,0.234800,92.0400,0.8864,34.000
adamw,0.003,44,9,950,0.235800,91.9700,0.8578,35.700
adamw,0.003,44,10,1000,0.212700,92.7400,0.8265,37.800
adamw,0.003,44,10,1050,0.215300,92.5300,0.7928,39.600
adamw,0.003,44,11,1100,0.177600,94.0100,0.7569,41.800
adamw,0.003,44,11,1150,0.183000,93.7800,0.7192,43.500
adamw,0.003,44,12,1200,0.154000,94.9700,0.6798,45.500
adamw,0.003,44,12,1250,0.160200,94.6700,0.6391,47.200
adamw,0.003,44,13,1300,0.125500,95.7900,0.5973,49.300
adamw,0.003,44,13,1350,0.128400,95.7000,0.5549,50.900
adamw,0.003,44,14,1400,0.111400,96.1800,0.5120,53.000
adamw,0.003,44,14,1450,0.109300,96.2400,0.4691,54.700
adamw,0.003,44,15,1500,0.087600,97.2100,0.4264,56.800
adamw,0.003,44,15,1550,0.089300,97.1400,0.3842,58.400
adamw,0.003,44,16,1600,0.067500,97.8700,0.3429,60.500
adamw,0.003,44,17,1650,0.075200,97.6600,0.3027,62.600
adamw,0.003,44,17,1700,0.052400,98.4200,0.2640,64.300
adamw,0.003,44,18,1750,0.038700,98.8300,0.2271,66.400
adamw,0.003,44,18,1800,0.045200,98.6500,0.1921,68.100
adamw,0.003,44,19,1850,0.033000,99.0800,0.1594,70.100
adamw,0.003,44,19,1900,0.035000,99.0700,0.1293,71.900
adamw,0.003,44,20,1950,0.026800,99.3000,0.1018,73.900
adamw,0.003,44,20,2000,0.028300,99.3200,0.0774,75.600
adamw,0.003,44,21,2050,0.025900,99.4600,0.0560,77.600
adamw,0.003,44,21,2100,0.025900,99.4500,0.0379,79.200
adamw,0.003,44,22,2150,0.019800,99.6100,0.0232,81.300
adamw,0.003,44,22,2200,0.022700,99.4800,0.0120,83.000
adamw,0.003,44,23,2250,0.021200,99.5400,0.0045,85.000
adamw,0.003,44,23,2300,0.022100,99.5400,0.0006,86.700
adamw,0.01,42,0,50,1.673700,40.9800,0.1000,2.300
adamw,0.01,42,1,100,0.973500,65.3600,0.2000,4.500
adamw,0.01,42,1,150,0.854700,70.1600,0.3000,6.100
adamw,0.01,42,2,200,0.691300,76.1700,0.4000,8.100
adamw,0.01,42,2,250,0.652400,77.4000,0.5000,9.700
adamw,0.01,42,3,300,0.529600,82.1000,0.6000,11.800
adamw,0.01,42,3,350,0.535000,81.6300,0.7000,13.400
adamw,0.01,42,4,400,0.486600,83.2000,0.8000,15.500
adamw,0.01,42,4,450,0.470500,83.7300,0.9000,17.100
adamw,0.01,42,5,500,0.416000,85.7900,1.0000,19.200
adamw,0.01,42,5,550,0.410200,85.9000,0.9982,20.900
adamw,0.01,42,6,600,0.345500,87.9800,0.9926,22.900
adamw,0.01,42,6,650,0.353600,87.6800,0.9835,24.600
adamw,0.01,42,7,700,0.287200,90.0800,0.9708,26.700
adamw,0.01,42,7,750,0.298100,89.6800,0.9546,28.300
adamw,0.01,42,8,800,0.263700,90.8800,0.9350,30.300
adamw,0.01,42,8,850,0.253900,91.2100,0.9122,32.200
adamw,0.01,42,9,900,0.216500,92.5900,0.8864,34.700
adamw,0.01,42,9,950,0.224700,92.2900,0.8578,36.800
adamw,0.01,42,10,1000,0.181300,94.0000,0.8265,38.800
adamw,0.01,42,10,1050,0.192500,93.4100,0.7928,40.600
adamw,0.01,42,11,1100,0.161500,94.4200,0.7569,42.700
adamw,0.01,42,11,1150,0.167500,94.2100,0.7192,44.400
adamw,0.01,42,12,1200,0.135000,95.3500,0.6798,46.400
adamw,0.01,42,12,1250,0.139000,95.1500,0.6391,48.100
adamw,0.01,42,13,1300,0.109600,96.4500,0.5973,50.200
adamw,0.01,42,13,1350,0.112100,96.2300,0.5549,51.800
adamw,0.01,42,14,1400,0.097200,96.7200,0.5120,53.900
adamw,0.01,42,14,1450,0.096400,96.7900,0.4691,55.500
adamw,0.01,42,15,1500,0.076600,97.3200,0.4264,57.600
adamw,0.01,42,15,1550,0.078400,97.3000,0.3842,59.300
adamw,0.01,42,16,1600,0.057700,98.2300,0.3429,61.400
adamw,0.01,42,17,1650,0.042900,98.8300,0.3027,63.500
adamw,0.01,42,17,1700,0.043400,98.6900,0.2640,65.100
adamw,0.01,42,18,1750,0.038100,98.8800,0.2271,67.100
adamw,0.01,42,18,1800,0.034500,98.9900,0.1921,68.900
adamw,0.01,42,19,1850,0.023700,99.4700,0.1594,70.900
adamw,0.01,42,19,1900,0.025800,99.2900,0.1293,72.600
adamw,0.01,42,20,1950,0.022600,99.3900,0.1018,74.700
adamw,0.01,42,20,2000,0.019900,99.5000,0.0774,76.300
adamw,0.01,42,21,2050,0.018700,99.4700,0.0560,78.400
adamw,0.01,42,21,2100,0.017500,99.5800,0.0379,80.000
adamw,0.01,42,22,2150,0.013800,99.7100,0.0232,82.100
adamw,0.01,42,22,2200,0.014900,99.6300,0.0120,83.800
adamw,0.01,42,23,2250,0.014200,99.7200,0.0045,85.900
adamw,0.01,42,23,2300,0.014200,99.7000,0.0006,87.600
adamw,0.01,43,0,50,1.704900,39.4800,0.1000,2.300
adamw,0.01,43,1,100,0.947800,66.2100,0.2000,4.400
adamw,0.01,43,1,150,0.870800,69.4200,0.3000,6.100
adamw,0.01,43,2,200,0.661400,77.2500,0.4000,8.100
adamw,0.01,43,2,250,0.655500,77.2500,0.5000,9.800
adamw,0.01,43,3,300,0.533300,81.2500,0.6000,11.900
adamw,0.01,43,3,350,0.535800,81.6100,0.7000,13.400
adamw,0.01,43,4,400,0.482700,83.6400,0.8000,15.500
adamw,0.01,43,4,450,0.468600,83.8300,0.9000,17.200
adamw,0.01,43,5,500,0.411300,85.8300,1.0000,19.300
adamw,0.01,43,5,550,0.415100,85.6900,0.9982,20.900
adamw,0.01,43,6,600,0.333900,88.3000,0.9926,23.000
adamw,0.01,43,6,650,0.338900,88.2800,0.9835,24.600
adamw,0.01,43,7,700,0.298400,89.8200,0.9708,26.800
adamw,0.01,43,7,750,0.301300,89.6400,0.9546,28.400
adamw,0.01,43,8,800,0.253200,91.0700,0.9350,30.500
adamw,0.01,43,8,850,0.257400,90.9400,0.9122,32.500
adamw,0.01,43,9,900,0.221400,92.5100,0.8864,35.100
adamw,0.01,43,9,950,0.224100,92.2200,0.8578,36.800
adamw,0.01,43,10,1000,0.188000,93.4000,0.8265,38.900
adamw,0.01,43,10,1050,0.190800,93.3500,0.7928,40.600
adamw,0.01,43,11,1100,0.160000,94.5700,0.7569,42.800
adamw,0.01,43,11,1150,0.166500,94.3500,0.7192,44.500
adamw,0.01,43,12,1200,0.130300,95.4800,0.6798,46.600
adamw,0.01,43,12,1250,0.134700,95.2600,0.6391,48.200
adamw,0.01,43,13,1300,0.121100,95.8000,0.5973,50.300
adamw,0.01,43,13,1350,0.118500,95.9300,0.5549,52.000
adamw,0.01,43,14,1400,0.096200,96.7200,0.5120,54.100
adamw,0.01,43,14,1450,0.092600,96.8200,0.4691,55.700
adamw,0.01,43,15,1500,0.070600,97.6500,0.4264,57.800
adamw,0.01,43,15,1550,0.070000,97.6800,0.3842,59.400
adamw,0.01,43,16,1600,0.060100,98.0100,0.3429,61.600
adamw,0.01,43,17,1650,0.039200,98.2400,0.3027,63.600
adamw,0.01,43,17,1700,0.039700,98.7900,0.2640,65.300
adamw,0.01,43,18,1750,0.034200,99.3700,0.2271,67.400
adamw,0.01,43,18,1800,0.030600,99.1100,0.1921,69.000
adamw,0.01,43,19,1850,0.024900,99.0500,0.1594,71.100
adamw,0.01,43,19,1900,0.024100,99.3300,0.1293,72.800
adamw,0.01,43,20,1950,0.018500,99.4700,0.1018,74.900
adamw,0.01,43,20,2000,0.019900,99.4900,0.0774,76.500
adamw,0.01,43,21,2050,0.016600,99.5500,0.0560,78.700
adamw,0.01,43,21,2100,0.015800,99.6000,0.0379,80.300
adamw,0.01,43,22,2150,0.014100,99.6300,0.0232,82.400
adamw,0.01,43,22,2200,0.014500,99.6600,0.0120,84.100
adamw,0.01,43,23,2250,0.015100,99.6700,0.0045,86.200
adamw,0.01,43,23,2300,0.014200,99.6900,0.0006,87.900
adamw,0.01,44,0,50,1.693400,39.7900,0.1000,2.200
adamw,0.01,44,1,100,0.995900,64.2600,0.2000,4.400
adamw,0.01,44,1,150,0.867000,69.6700,0.3000,6.100
adamw,0.01,44,2,200,0.716700,75.5200,0.4000,8.200
adamw,0.01,44,2,250,0.645400,77.5800,0.5000,9.800
adamw,0.01,44,3,300,0.563800,80.2700,0.6000,11.900
adamw,0.01,44,3,350,0.540300,81.2900,0.7000,13.500
adamw,0.01,44,4,400,0.485300,83.0900,0.8000,15.600
adamw,0.01,44,4,450,0.457500,84.2300,0.9000,17.300
adamw,0.01,44,5,500,0.405700,86.2900,1.0000,19.400
adamw,0.01,44,5,550,0.411200,85.7400,0.9982,21.100
adamw,0.01,44,6,600,0.341800,88.1900,0.9926,23.100
adamw,0.01,44,6,650,0.338400,88.3400,0.9835,24.700
adamw,0.01,44,7,700,0.279600,90.5100,0.9708,26.800
adamw,0.01,44,7,750,0.289500,89.9700,0.9546,28.400
adamw,0.01,44,8,800,0.261700,91.2400,0.9350,30.400
adamw,0.01,44,8,850,0.247900,91.5200,0.9122,32.100
adamw,0.01,44,9,900,0.227200,92.2200,0.8864,34.200
adamw,0.01,44,9,950,0.226200,92.1700,0.8578,35.900
adamw,0.01,44,10,1000,0.195300,93.2700,0.8265,37.900
adamw,0.01,44,10,1050,0.196000,93.2400,0.7928,39.700
adamw,0.01,44,11,1100,0.158000,94.5100,0.7569,42.200
adamw,0.01,44,11,1150,0.162700,94.3100,0.7192,43.900
adamw,0.01,44,12,1200,0.136200,95.3600,0.6798,45.900
adamw,0.01,44,12,1250,0.140300,95.2100,0.6391,47.600
adamw,0.01,44,13,1300,0.105300,96.3600,0.5973,49.600
adamw,0.01,44,13,1350,0.108700,96.2900,0.5549,51.300
adamw,0.01,44,14,1400,0.098300,96.6400,0.5120,53.400
adamw,0.01,44,14,1450,0.093800,96.7900,0.4691,55.000
adamw,0.01,44,15,1500,0.071300,97.6800,0.4264,57.200
adamw,0.01,44,15,1550,0.072500,97.6200,0.3842,58.800
adamw,0.01,44,16,1600,0.053200,98.2900,0.3429,60.900
adamw,0.01,44,17,1650,0.047900,98.4400,0.3027,63.100
adamw,0.01,44,17,1700,0.040000,98.7400,0.2640,64.700
adamw,0.01,44,18,1750,0.028600,99.1700,0.2271,66.800
adamw,0.01,44,18,1800,0.034200,99.0100,0.1921,68.600
adamw,0.01,44,19,1850,0.020300,99.4400,0.1594,70.700
adamw,0.01,44,19,1900,0.024200,99.3500,0.1293,72.400
adamw,0.01,44,20,1950,0.018500,99.5100,0.1018,74.500
adamw,0.01,44,20,2000,0.018100,99.5500,0.0774,76.100
adamw,0.01,44,21,2050,0.014400,99.7000,0.0560,78.300
adamw,0.01,44,21,2100,0.016000,99.6200,0.0379,79.900
adamw,0.01,44,22,2150,0.013900,99.7700,0.0232,81.900
adamw,0.01,44,22,2200,0.014500,99.6800,0.0120,83.600
adamw,0.01,44,23,2250,0.013900,99.6600,0.0045,85.700
adamw,0.01,44,23,2300,0.013200,99.7200,0.0006,87.400
lamb,0.001,42,0,50,2.300100,11.9900,0.1000,2.200
lamb,0.001,42,1,100,2.163000,28.7100,0.2000,4.300
lamb,0.001,42,1,150,2.086400,31.7900,0.3000,5.900
lamb,0.001,42,2,200,1.840400,41.5000,0.4000,7.900
lamb,0.001,42,2,250,1.747600,42.3100,0.5000,9.500
lamb,0.001,42,3,300,1.493200,50.0700,0.6000,11.600
lamb,0.001,42,3,350,1.435200,51.7100,0.7000,13.200
lamb,0.001,42,4,400,1.229100,58.5800,0.8000,15.200
lamb,0.001,42,4,450,1.174000,60.0800,0.9000,16.900
lamb,0.001,42,5,500,1.029800,64.7900,1.0000,18.900
lamb,0.001,42,5,550,0.988500,65.9100,0.9982,20.600
lamb,0.001,42,6,600,0.872300,70.0600,0.9926,22.600
lamb,0.001,42,6,650,0.845200,70.7700,0.9835,24.200
lamb,0.001,42,7,700,0.752600,73.9000,0.9708,26.300
lamb,0.001,42,7,750,0.751400,73.7100,0.9546,27.900
lamb,0.001,42,8,800,0.689500,76.1800,0.9350,30.000
lamb,0.001,42,8,850,0.669900,77.0200,0.9122,31.600
lamb,0.001,42,9,900,0.607700,78.9400,0.8864,33.700
lamb,0.001,42,9,950,0.603600,79.1600,0.8578,35.400
lamb,0.001,42,10,1000,0.560600,80.4800,0.8265,37.400
lamb,0.001,42,10,1050,0.555500,80.6900,0.7928,39.200
lamb,0.001,42,11,1100,0.512900,82.4400,0.7569,41.400
lamb,0.001,42,11,1150,0.518100,82.2100,0.7192,43.100
lamb,0.001,42,12,1200,0.489200,83.1100,0.6798,45.100
lamb,0.001,42,12,1250,0.484100,83.3000,0.6391,46.800
lamb,0.001,42,13,1300,0.446400,84.7200,0.5973,48.800
lamb,0.001,42,13,1350,0.448900,84.5000,0.5549,50.500
lamb,0.001,42,14,1400,0.431900,85.2300,0.5120,52.600
lamb,0.001,42,14,1450,0.426600,85.3800,0.4691,54.200
lamb,0.001,42,15,1500,0.411600,85.6900,0.4264,56.300
lamb,0.001,42,15,1550,0.411100,85.7400,0.3842,58.000
lamb,0.001,42,16,1600,0.387800,86.7500,0.3429,60.000
lamb,0.001,42,17,1650,0.382400,86.3300,0.3027,62.200
lamb,0.001,42,17,1700,0.378100,87.0800,0.2640,63.800
lamb,0.001,42,18,1750,0.370100,87.9900,0.2271,65.800
lamb,0.001,42,18,1800,0.360000,87.7000,0.1921,67.500
lamb,0.001,42,19,1850,0.349100,88.2300,0.1594,69.500
lamb,0.001,42,19,1900,0.354700,88.0700,0.1293,71.200
lamb,0.001,42,20,1950,0.338900,88.3600,0.1018,73.300
lamb,0.001,42,20,2000,0.337000,88.5300,0.0774,75.000
lamb,0.001,42,21,2050,0.343000,88.1500,0.0560,77.100
lamb,0.001,42,21,2100,0.333700,88.7400,0.0379,78.700
lamb,0.001,42,22,2150,0.316500,89.4900,0.0232,80.800
lamb,0.001,42,22,2200,0.325800,89.0900,0.0120,82.500
lamb,0.001,42,23,2250,0.311500,89.3200,0.0045,84.600
lamb,0.001,42,23,2300,0.324600,88.9800,0.0006,86.300
lamb,0.001,43,0,50,2.325200,10.2700,0.1000,2.300
lamb,0.001,43,1,100,2.186100,23.0500,0.2000,4.400
lamb,0.001,43,1,150,2.113300,28.9700,0.3000,6.000
lamb,0.001,43,2,200,1.866300,39.1900,0.4000,8.000
lamb,0.001,43,2,250,1.779300,41.2200,0.5000,9.600
lamb,0.001,43,3,300,1.537700,48.2200,0.6000,11.700
lamb,0.001,43,3,350,1.456800,51.5300,0.7000,13.300
lamb,0.001,43,4,400,1.259200,57.3200,0.8000,15.300
lamb,0.001,43,4,450,1.191200,59.5000,0.9000,17.000
lamb,0.001,43,5,500,1.029700,64.9000,1.0000,19.100
lamb,0.001,43,5,550,0.994500,65.7500,0.9982,20.700
lamb,0.001,43,6,600,0.870900,70.2900,0.9926,22.800
lamb,0.001,43,6,650,0.847200,70.9600,0.9835,24.400
lamb,0.001,43,7,700,0.772400,73.5100,0.9708,26.500
lamb,0.001,43,7,750,0.754400,73.8500,0.9546,28.100
lamb,0.001,43,8,800,0.684200,76.0300,0.9350,31.800
lamb,0.001,43,8,850,0.676600,76.5100,0.9122,33.500
lamb,0.001,43,9,900,0.619800,78.4200,0.8864,35.500
lamb,0.001,43,9,950,0.617600,78.7200,0.8578,37.200
lamb,0.001,43,10,1000,0.576300,80.2300,0.8265,39.200
lamb,0.001,43,10,1050,0.567500,80.3400,0.7928,41.000
lamb,0.001,43,11,1100,0.535400,81.6300,0.7569,43.200
lamb,0.001,43,11,1150,0.527100,81.8100,0.7192,44.800
lamb,0.001,43,12,1200,0.489000,82.8100,0.6798,46.800
lamb,0.001,43,12,1250,0.486500,83.2500,0.6391,48.500
lamb,0.001,43,13,1300,0.473300,83.7600,0.5973,50.600
lamb,0.001,43,13,1350,0.460500,84.0700,0.5549,52.300
lamb,0.001,43,14,1400,0.438300,84.7900,0.5120,54.300
lamb,0.001,43,14,1450,0.430600,85.1700,0.4691,55.900
lamb,0.001,43,15,1500,0.407000,85.9200,0.4264,58.100
lamb,0.001,43,15,1550,0.407700,85.8900,0.3842,59.700
lamb,0.001,43,16,1600,0.396100,86.0700,0.3429,61.700
lamb,0.001,43,17,1650,0.341100,88.4800,0.3027,63.800
lamb,0.001,43,17,1700,0.373300,87.2600,0.2640,65.400
lamb,0.001,43,18,1750,0.376700,87.5000,0.2271,67.500
lamb,0.001,43,18,1800,0.362900,87.5500,0.1921,69.100
lamb,0.001,43,19,1850,0.335400,87.6700,0.1594,71.200
lamb,0.001,43,19,1900,0.346800,88.0200,0.1293,72.900
lamb,0.001,43,20,1950,0.337200,88.7500,0.1018,74.900
lamb,0.001,43,20,2000,0.341200,88.3600,0.0774,76.500
lamb,0.001,43,21,2050,0.341700,88.4200,0.0560,78.700
lamb,0.001,43,21,2100,0.336000,88.6600,0.0379,80.300
lamb,0.001,43,22,2150,0.337600,88.5300,0.0232,82.300
lamb,0.001,43,22,2200,0.333400,88.5500,0.0120,84.000
lamb,0.001,43,23,2250,0.334700,88.7500,0.0045,86.000
lamb,0.001,43,23,2300,0.331400,88.8800,0.0006,87.700
lamb,0.001,44,0,50,2.312600,10.1400,0.1000,3.200
lamb,0.001,44,1,100,2.175200,26.1700,0.2000,6.100
lamb,0.001,44,1,150,2.099600,29.1400,0.3000,8.500
lamb,0.001,44,2,200,1.865000,38.9600,0.4000,11.400
lamb,0.001,44,2,250,1.767100,42.2000,0.5000,13.800
lamb,0.001,44,3,300,1.509000,49.9600,0.6000,16.600
lamb,0.001,44,3,350,1.431500,51.9200,0.7000,19.000
lamb,0.001,44,4,400,1.231400,57.9600,0.8000,21.900
lamb,0.001,44,4,450,1.168800,60.2700,0.9000,24.300
lamb,0.001,44,5,500,1.021300,64.9200,1.0000,27.100
lamb,0.001,44,5,550,0.985000,65.9500,0.9982,29.500
lamb,0.001,44,6,600,0.886700,68.7800,0.9926,32.400
lamb,0.001,44,6,650,0.850900,70.5900,0.9835,34.800
lamb,0.001,44,7,700,0.767700,73.1400,0.9708,37.600
lamb,0.001,44,7,750,0.756600,73.6200,0.9546,40.000
lamb,0.001,44,8,800,0.698300,75.7600,0.9350,42.900
lamb,0.001,44,8,850,0.682000,76.2200,0.9122,45.300
lamb,0.001,44,9,900,0.627600,78.2400,0.8864,48.000
lamb,0.001,44,9,950,0.623500,78.3200,0.8578,50.400
lamb,0.001,44,10,1000,0.571700,80.1000,0.8265,53.200
lamb,0.001,44,10,1050,0.570900,80.1400,0.7928,55.600
lamb,0.001,44,11,1100,0.534800,81.3400,0.7569,58.300
lamb,0.001,44,11,1150,0.524800,81.7300,0.7192,60.700
lamb,0.001,44,12,1200,0.497200,82.8400,0.6798,63.500
lamb,0.001,44,12,1250,0.494800,82.9900,0.6391,65.900
lamb,0.001,44,13,1300,0.466300,83.9300,0.5973,68.700
lamb,0.001,44,13,1350,0.459100,84.0500,0.5549,71.100
lamb,0.001,44,14,1400,0.435900,85.0700,0.5120,76.100
lamb,0.001,44,14,1450,0.433400,85.1400,0.4691,78.500
lamb,0.001,44,15,1500,0.406600,86.0200,0.4264,81.300
lamb,0.001,44,15,1550,0.412000,85.9600,0.3842,83.700
lamb,0.001,44,16,1600,0.391300,86.4400,0.3429,86.400
lamb,0.001,44,17,1650,0.378900,85.1600,0.3027,89.200
lamb,0.001,44,17,1700,0.378700,86.9400,0.2640,91.700
lamb,0.001,44,18,1750,0.363300,87.7000,0.2271,94.300
lamb,0.001,44,18,1800,0.368700,87.1900,0.1921,96.700
lamb,0.001,44,19,1850,0.340500,88.6200,0.1594,99.400
lamb,0.001,44,19,1900,0.350700,88.1200,0.1293,101.800
lamb,0.001,44,20,1950,0.353900,87.3200,0.1018,104.600
lamb,0.001,44,20,2000,0.349900,87.8600,0.0774,106.900
lamb,0.001,44,21,2050,0.348800,88.2100,0.0560,109.800
lamb,0.001,44,21,2100,0.340700,88.4800,0.0379,112.200
lamb,0.001,44,22,2150,0.324600,89.3400,0.0232,114.900
lamb,0.001,44,22,2200,0.331100,88.8100,0.0120,117.400
lamb,0.001,44,23,2250,0.325000,88.9900,0.0045,120.200
lamb,0.001,44,23,2300,0.333200,88.7500,0.0006,122.600
lamb,0.003,42,0,50,2.274200,15.9500,0.1000,3.100
lamb,0.003,42,1,100,1.939800,35.4800,0.2000,6.100
lamb,0.003,42,1,150,1.796400,40.4600,0.3000,8.500
lamb,0.003,42,2,200,1.411000,53.2900,0.4000,11.400
lamb,0.003,42,2,250,1.289700,56.2800,0.5000,13.800
lamb,0.003,42,3,300,1.010200,65.3200,0.6000,16.600
lamb,0.003,42,3,350,0.975200,65.9100,0.7000,19.000
lamb,0.003,42,4,400,0.819300,71.5300,0.8000,21.900
lamb,0.003,42,4,450,0.778300,72.9100,0.9000,24.300
lamb,0.003,42,5,500,0.668000,76.7800,1.0000,27.100
lamb,0.003,42,5,550,0.653500,77.1700,0.9982,29.500
lamb,0.003,42,6,600,0.575300,80.2800,0.9926,32.400
lamb,0.003,42,6,650,0.559000,80.8000,0.9835,34.800
lamb,0.003,42,7,700,0.472900,83.9800,0.9708,37.700
lamb,0.003,42,7,750,0.484800,83.3000,0.9546,40.000
lamb,0.003,42,8,800,0.444400,84.7600,0.9350,42.800
lamb,0.003,42,8,850,0.431600,85.1900,0.9122,45.200
lamb,0.003,42,9,900,0.381600,87.0600,0.8864,47.900
lamb,0.003,42,9,950,0.389400,86.6200,0.8578,50.300
lamb,0.003,42,10,1000,0.345200,88.2000,0.8265,53.100
lamb,0.003,42,10,1050,0.346900,88.0900,0.7928,55.500
lamb,0.003,42,11,1100,0.307100,89.3500,0.7569,58.300
lamb,0.003,42,11,1150,0.309900,89.3700,0.7192,60.700
lamb,0.003,42,12,1200,0.275300,90.4200,0.6798,63.500
lamb,0.003,42,12,1250,0.281500,90.0900,0.6391,65.900
lamb,0.003,42,13,1300,0.243700,91.5200,0.5973,68.700
lamb,0.003,42,13,1350,0.248100,91.3800,0.5549,71.100
lamb,0.003,42,14,1400,0.222600,92.4500,0.5120,76.100
lamb,0.003,42,14,1450,0.221500,92.4300,0.4691,78.500
lamb,0.003,42,15,1500,0.202800,93.1400,0.4264,81.200
lamb,0.003,42,15,1550,0.201300,93.1700,0.3842,83.600
lamb,0.003,42,16,1600,0.171800,94.3900,0.3429,86.400
lamb,0.003,42,17,1650,0.192700,93.3600,0.3027,89.200
lamb,0.003,42,17,1700,0.153500,94.9000,0.2640,91.500
lamb,0.003,42,18,1750,0.142700,95.1700,0.2271,94.200
lamb,0.003,42,18,1800,0.140100,95.2900,0.1921,96.600
lamb,0.003,42,19,1850,0.118400,96.0900,0.1594,99.300
lamb,0.003,42,19,1900,0.127500,95.7300,0.1293,101.700
lamb,0.003,42,20,1950,0.118900,96.1900,0.1018,104.500
lamb,0.003,42,20,2000,0.113900,96.3400,0.0774,106.900
lamb,0.003,42,21,2050,0.109000,96.5600,0.0560,109.700
lamb,0.003,42,21,2100,0.108500,96.5300,0.0379,112.100
lamb,0.003,42,22,2150,0.093700,97.2900,0.0232,114.900
lamb,0.003,42,22,2200,0.099900,96.9200,0.0120,117.300
lamb,0.003,42,23,2250,0.091100,97.1300,0.0045,120.100
lamb,0.003,42,23,2300,0.096200,96.9900,0.0006,122.500
lamb,0.003,43,0,50,2.299600,11.1800,0.1000,3.100
lamb,0.003,43,1,100,1.961100,35.3500,0.2000,6.000
lamb,0.003,43,1,150,1.825000,39.3300,0.3000,8.400
lamb,0.003,43,2,200,1.414700,52.8300,0.4000,11.200
lamb,0.003,43,2,250,1.314400,55.3800,0.5000,13.600
lamb,0.003,43,3,300,1.047600,62.9600,0.6000,16.400
lamb,0.003,43,3,350,0.980000,66.0300,0.7000,18.800
lamb,0.003,43,4,400,0.818800,71.9600,0.8000,21.600
lamb,0.003,43,4,450,0.784600,72.5900,0.9000,24.000
lamb,0.003,43,5,500,0.687500,75.6900,1.0000,26.900
lamb,0.003,43,5,550,0.656800,77.0100,0.9982,29.300
lamb,0.003,43,6,600,0.568100,80.7400,0.9926,32.200
lamb,0.003,43,6,650,0.555000,80.8000,0.9835,34.600
lamb,0.003,43,7,700,0.488100,83.2000,0.9708,37.400
lamb,0.003,43,7,750,0.488800,83.1300,0.9546,39.800
lamb,0.003,43,8,800,0.428100,85.4700,0.9350,42.700
lamb,0.003,43,8,850,0.431200,85.0600,0.9122,45.100
lamb,0.003,43,9,900,0.388500,86.5800,0.8864,47.900
lamb,0.003,43,9,950,0.390900,86.6200,0.8578,50.300
lamb,0.003,43,10,1000,0.358000,87.5300,0.8265,53.200
lamb,0.003,43,10,1050,0.353500,87.6800,0.7928,55.600
lamb,0.003,43,11,1100,0.309800,89.2600,0.7569,58.400
lamb,0.003,43,11,1150,0.312900,89.2200,0.7192,60.800
lamb,0.003,43,12,1200,0.280200,90.2500,0.6798,63.700
lamb,0.003,43,12,1250,0.282600,90.3000,0.6391,66.100
lamb,0.003,43,13,1300,0.258100,90.9100,0.5973,68.900
lamb,0.003,43,13,1350,0.252600,91.3000,0.5549,71.300
lamb,0.003,43,14,1400,0.224300,92.3400,0.5120,74.100
lamb,0.003,43,14,1450,0.219800,92.4700,0.4691,76.500
lamb,0.003,43,15,1500,0.198000,93.1600,0.4264,79.200
lamb,0.003,43,15,1550,0.196400,93.2200,0.3842,81.600
lamb,0.003,43,16,1600,0.175300,93.9600,0.3429,84.300
lamb,0.003,43,17,1650,0.141400,95.7000,0.3027,87.100
lamb,0.003,43,17,1700,0.154600,94.7700,0.2640,89.500
lamb,0.003,43,18,1750,0.141300,95.4100,0.2271,92.300
lamb,0.003,43,18,1800,0.137600,95.4800,0.1921,94.700
lamb,0.003,43,19,1850,0.112700,96.0700,0.1594,97.400
lamb,0.003,43,19,1900,0.122200,96.0300,0.1293,99.800
lamb,0.003,43,20,1950,0.105600,96.8000,0.1018,102.600
lamb,0.003,43,20,2000,0.111900,96.4600,0.0774,105.000
lamb,0.003,43,21,2050,0.107400,96.6000,0.0560,107.800
lamb,0.003,43,21,2100,0.106400,96.7100,0.0379,110.200
lamb,0.003,43,22,2150,0.099800,96.9500,0.0232,113.000
lamb,0.003,43,22,2200,0.100200,96.8800,0.0120,115.400
lamb,0.003,43,23,2250,0.105800,96.5200,0.0045,118.200
lamb,0.003,43,23,2300,0.098600,96.9300,0.0006,120.600
lamb,0.003,44,0,50,2.287100,13.3100,0.1000,3.200
lamb,0.003,44,1,100,1.968400,34.5700,0.2000,6.000
lamb,0.003,44,1,150,1.815000,39.6400,0.3000,8.400
lamb,0.003,44,2,200,1.408800,52.3100,0.4000,11.200
lamb,0.003,44,2,250,1.289300,55.8700,0.5000,13.600
lamb,0.003,44,3,300,1.045700,63.7200,0.6000,16.300
lamb,0.003,44,3,350,0.985400,65.5500,0.7000,18.700
lamb,0.003,44,4,400,0.821400,71.3200,0.8000,21.500
lamb,0.003,44,4,450,0.783300,72.4700,0.9000,23.900
lamb,0.003,44,5,500,0.687100,76.4800,1.0000,26.800
lamb,0.003,44,5,550,0.655300,77.4700,0.9982,29.200
lamb,0.003,44,6,600,0.577300,79.7300,0.9926,32.100
lamb,0.003,44,6,650,0.552500,80.8100,0.9835,34.500
lamb,0.003,44,7,700,0.495100,82.9100,0.9708,37.300
lamb,0.003,44,7,750,0.491300,82.9400,0.9546,39.700
lamb,0.003,44,8,800,0.434300,84.8200,0.9350,42.600
lamb,0.003,44,8,850,0.425400,85.1700,0.9122,45.000
lamb,0.003,44,9,900,0.390700,86.4800,0.8864,47.800
lamb,0.003,44,9,950,0.388100,86.6500,0.8578,50.200
lamb,0.003,44,10,1000,0.346000,88.0500,0.8265,53.100
lamb,0.003,44,10,1050,0.352200,87.7400,0.7928,55.500
lamb,0.003,44,11,1100,0.322300,88.8600,0.7569,58.300
lamb,0.003,44,11,1150,0.315800,89.0900,0.7192,60.700
lamb,0.003,44,12,1200,0.281100,90.2500,0.6798,63.600
lamb,0.003,44,12,1250,0.281700,90.2800,0.6391,66.000
lamb,0.003,44,13,1300,0.251500,91.3800,0.5973,68.700
lamb,0.003,44,13,1350,0.248600,91.4400,0.5549,71.100
lamb,0.003,44,14,1400,0.227500,92.2500,0.5120,73.900
lamb,0.003,44,14,1450,0.224600,92.3200,0.4691,76.200
lamb,0.003,44,15,1500,0.196400,93.2900,0.4264,78.900
lamb,0.003,44,15,1550,0.197000,93.3400,0.3842,81.300
lamb,0.003,44,16,1600,0.173000,94.3400,0.3429,84.100
lamb,0.003,44,17,1650,0.170500,94.7300,0.3027,86.900
lamb,0.003,44,17,1700,0.155400,94.8800,0.2640,89.300
lamb,0.003,44,18,1750,0.136100,95.5100,0.2271,92.100
lamb,0.003,44,18,1800,0.142000,95.4100,0.1921,94.500
lamb,0.003,44,19,1850,0.113300,96.4300,0.1594,97.200
lamb,0.003,44,19,1900,0.123400,95.9100,0.1293,99.600
lamb,0.003,44,20,1950,0.110700,96.4300,0.1018,102.400
lamb,0.003,44,20,2000,0.114900,96.2600,0.0774,104.800
lamb,0.003,44,21,2050,0.107200,96.8600,0.0560,107.600
lamb,0.003,44,21,2100,0.108000,96.6000,0.0379,110.000
lamb,0.003,44,22,2150,0.094700,97.2000,0.0232,112.900
lamb,0.003,44,22,2200,0.100300,96.7900,0.0120,115.300
lamb,0.003,44,23,2250,0.097400,96.9100,0.0045,118.200
lamb,0.003,44,23,2300,0.097600,97.0200,0.0006,120.500
lamb,0.01,42,0,50,2.200400,22.3500,0.1000,3.300
lamb,0.01,42,1,100,1.553300,47.6600,0.2000,5.800
lamb,0.01,42,1,150,1.351500,53.7500,0.3000,8.200
lamb,0.01,42,2,200,0.969400,66.8600,0.4000,10.800
lamb,0.01,42,2,250,0.890700,68.6100,0.5000,13.100
lamb,0.01,42,3,300,0.693600,76.2800,0.6000,15.700
lamb,0.01,42,3,350,0.696300,75.8700,0.7000,18.100
lamb,0.01,42,4,400,0.634500,78.0100,0.8000,20.900
lamb,0.01,42,4,450,0.609500,78.8200,0.9000,23.300
lamb,0.01,42,5,500,0.579800,79.9000,1.0000,26.200
lamb,0.01,42,5,550,0.571800,80.1300,0.9982,28.600
lamb,0.01,42,6,600,0.513500,82.4100,0.9926,31.400
lamb,0.01,42,6,650,0.513900,82.2600,0.9835,33.800
lamb,0.01,42,7,700,0.447400,84.5500,0.9708,36.700
lamb,0.01,42,7,750,0.454800,84.3700,0.9546,39.100
lamb,0.01,42,8,800,0.431400,84.7600,0.9350,41.900
lamb,0.01,42,8,850,0.412500,85.8700,0.9122,44.300
lamb,0.01,42,9,900,0.366600,87.3000,0.8864,47.200
lamb,0.01,42,9,950,0.386600,86.6700,0.8578,49.600
lamb,0.01,42,10,1000,0.341500,88.3700,0.8265,52.500
lamb,0.01,42,10,1050,0.345500,88.3200,0.7928,54.900
lamb,0.01,42,11,1100,0.305500,89.3000,0.7569,57.500
lamb,0.01,42,11,1150,0.307900,89.3300,0.7192,59.900
lamb,0.01,42,12,1200,0.271400,90.4400,0.6798,62.600
lamb,0.01,42,12,1250,0.280400,90.1500,0.6391,65.000
lamb,0.01,42,13,1300,0.249800,91.3400,0.5973,67.800
lamb,0.01,42,13,1350,0.248500,91.3700,0.5549,70.200
lamb,0.01,42,14,1400,0.215500,92.5600,0.5120,74.200
lamb,0.01,42,14,1450,0.217700,92.4400,0.4691,76.600
lamb,0.01,42,15,1500,0.187200,93.4000,0.4264,79.300
lamb,0.01,42,15,1550,0.186100,93.4700,0.3842,81.700
lamb,0.01,42,16,1600,0.158500,94.6000,0.3429,84.400
lamb,0.01,42,17,1650,0.136500,95.3100,0.3027,87.200
lamb,0.01,42,17,1700,0.131100,95.4100,0.2640,89.600
lamb,0.01,42,18,1750,0.119600,95.7500,0.2271,92.400
lamb,0.01,42,18,1800,0.108800,96.3000,0.1921,94.700
lamb,0.01,42,19,1850,0.085000,96.9900,0.1594,97.500
lamb,0.01,42,19,1900,0.088200,96.9900,0.1293,99.800
lamb,0.01,42,20,1950,0.076200,97.4600,0.1018,102.600
lamb,0.01,42,20,2000,0.074700,97.5300,0.0774,104.900
lamb,0.01,42,21,2050,0.060900,98.0500,0.0560,107.600
lamb,0.01,42,21,2100,0.062400,98.0400,0.0379,109.900
lamb,0.01,42,22,2150,0.050100,98.5600,0.0232,112.600
lamb,0.01,42,22,2200,0.055100,98.2900,0.0120,114.900
lamb,0.01,42,23,2250,0.048500,98.6400,0.0045,117.500
lamb,0.01,42,23,2300,0.050600,98.4900,0.0006,119.900
lamb,0.01,43,0,50,2.227700,17.9800,0.1000,2.800
lamb,0.01,43,1,100,1.541500,49.0900,0.2000,5.700
lamb,0.01,43,1,150,1.362900,53.4100,0.3000,8.000
lamb,0.01,43,2,200,0.944300,66.0800,0.4000,10.700
lamb,0.01,43,2,250,0.895800,68.3500,0.5000,13.100
lamb,0.01,43,3,300,0.706300,75.0700,0.6000,15.900
lamb,0.01,43,3,350,0.702900,75.4000,0.7000,18.300
lamb,0.01,43,4,400,0.634000,78.2600,0.8000,21.100
lamb,0.01,43,4,450,0.623100,78.4700,0.9000,23.500
lamb,0.01,43,5,500,0.589900,79.4500,1.0000,26.300
lamb,0.01,43,5,550,0.571800,79.9900,0.9982,28.700
lamb,0.01,43,6,600,0.509700,82.8600,0.9926,31.600
lamb,0.01,43,6,650,0.504900,82.4000,0.9835,34.000
lamb,0.01,43,7,700,0.451500,84.6200,0.9708,36.800
lamb,0.01,43,7,750,0.459900,84.1000,0.9546,39.200
lamb,0.01,43,8,800,0.410700,85.5400,0.9350,42.100
lamb,0.01,43,8,850,0.408900,85.7200,0.9122,44.500
lamb,0.01,43,9,900,0.375800,87.1800,0.8864,47.400
lamb,0.01,43,9,950,0.379300,87.0000,0.8578,49.800
lamb,0.01,43,10,1000,0.343400,88.3000,0.8265,52.600
lamb,0.01,43,10,1050,0.346200,88.0100,0.7928,55.000
lamb,0.01,43,11,1100,0.304100,89.3900,0.7569,58.000
lamb,0.01,43,11,1150,0.311800,89.3100,0.7192,60.400
lamb,0.01,43,12,1200,0.273100,90.4500,0.6798,63.100
lamb,0.01,43,12,1250,0.276800,90.4400,0.6391,65.500
lamb,0.01,43,13,1300,0.249300,91.2800,0.5973,68.100
lamb,0.01,43,13,1350,0.244900,91.4000,0.5549,70.500
lamb,0.01,43,14,1400,0.217000,92.4800,0.5120,74.600
lamb,0.01,43,14,1450,0.214600,92.5300,0.4691,77.000
lamb,0.01,43,15,1500,0.180500,93.7500,0.4264,79.600
lamb,0.01,43,15,1550,0.180700,93.7000,0.3842,82.000
lamb,0.01,43,16,1600,0.158800,94.5000,0.3429,84.800
lamb,0.01,43,17,1650,0.126000,95.7000,0.3027,87.500
lamb,0.01,43,17,1700,0.128300,95.5700,0.2640,89.900
lamb,0.01,43,18,1750,0.105100,96.2900,0.2271,92.700
lamb,0.01,43,18,1800,0.105000,96.3400,0.1921,95.100
lamb,0.01,43,19,1850,0.082800,97.3500,0.1594,97.800
lamb,0.01,43,19,1900,0.085000,97.2100,0.1293,100.200
lamb,0.01,43,20,1950,0.062500,98.2000,0.1018,102.900
lamb,0.01,43,20,2000,0.071100,97.7600,0.0774,105.300
lamb,0.01,43,21,2050,0.063300,98.1500,0.0560,108.100
lamb,0.01,43,21,2100,0.061500,98.1100,0.0379,110.500
lamb,0.01,43,22,2150,0.053100,98.5000,0.0232,113.000
lamb,0.01,43,22,2200,0.055300,98.3100,0.0120,115.500
lamb,0.01,43,23,2250,0.055700,98.2100,0.0045,118.100
lamb,0.01,43,23,2300,0.051700,98.4400,0.0006,120.500
lamb,0.01,44,0,50,2.214000,19.8800,0.1000,2.300
lamb,0.01,44,1,100,1.563000,47.0100,0.2000,4.400
lamb,0.01,44,1,150,1.349700,53.2900,0.3000,6.100
lamb,0.01,44,2,200,0.991600,65.4000,0.4000,8.100
lamb,0.01,44,2,250,0.897800,68.4000,0.5000,9.700
lamb,0.01,44,3,300,0.740200,74.3300,0.6000,11.800
lamb,0.01,44,3,350,0.699200,75.6000,0.7000,13.400
lamb,0.01,44,4,400,0.634100,77.9800,0.8000,15.500
lamb,0.01,44,4,450,0.613200,78.6500,0.9000,17.200
lamb,0.01,44,5,500,0.566100,81.5200,1.0000,19.200
lamb,0.01,44,5,550,0.560300,80.7300,0.9982,20.900
lamb,0.01,44,6,600,0.499600,82.8300,0.9926,22.900
lamb,0.01,44,6,650,0.494500,82.9100,0.9835,24.500
lamb,0.01,44,7,700,0.448000,84.4300,0.9708,26.600
lamb,0.01,44,7,750,0.448600,84.4200,0.9546,28.300
lamb,0.01,44,8,800,0.422600,85.4500,0.9350,30.300
lamb,0.01,44,8,850,0.409900,85.7500,0.9122,32.000
lamb,0.01,44,9,900,0.385000,86.4800,0.8864,34.000
lamb,0.01,44,9,950,0.383000,86.6000,0.8578,35.700
lamb,0.01,44,10,1000,0.342300,88.0100,0.8265,37.700
lamb,0.01,44,10,1050,0.350700,87.8500,0.7928,39.500
lamb,0.01,44,11,1100,0.305900,89.2900,0.7569,41.700
lamb,0.01,44,11,1150,0.305500,89.3900,0.7192,43.400
lamb,0.01,44,12,1200,0.269700,90.6500,0.6798,45.400
lamb,0.01,44,12,1250,0.275300,90.5300,0.6391,47.000
lamb,0.01,44,13,1300,0.244000,91.4200,0.5973,49.100
lamb,0.01,44,13,1350,0.242700,91.4600,0.5549,50.800
lamb,0.01,44,14,1400,0.221400,92.3400,0.5120,52.800
lamb,0.01,44,14,1450,0.213200,92.6600,0.4691,54.400
lamb,0.01,44,15,1500,0.185300,93.4500,0.4264,56.600
lamb,0.01,44,15,1550,0.183600,93.6200,0.3842,58.200
lamb,0.01,44,16,1600,0.147200,95.0900,0.3429,60.300
lamb,0.01,44,17,1650,0.151300,94.3400,0.3027,62.400
lamb,0.01,44,17,1700,0.122000,95.8000,0.2640,64.000
lamb,0.01,44,18,1750,0.099000,96.5800,0.2271,66.100
lamb,0.01,44,18,1800,0.107300,96.2400,0.1921,67.700
lamb,0.01,44,19,1850,0.075900,97.4900,0.1594,69.800
lamb,0.01,44,19,1900,0.082500,97.2800,0.1293,71.500
lamb,0.01,44,20,1950,0.066900,97.8500,0.1018,73.500
lamb,0.01,44,20,2000,0.068100,97.8400,0.0774,75.100
lamb,0.01,44,21,2050,0.066300,97.8800,0.0560,77.300
lamb,0.01,44,21,2100,0.062900,98.0300,0.0379,78.900
lamb,0.01,44,22,2150,0.049200,98.6900,0.0232,80.900
lamb,0.01,44,22,2200,0.054300,98.3600,0.0120,82.600
lamb,0.01,44,23,2250,0.049900,98.6800,0.0045,84.700
lamb,0.01,44,23,2300,0.049600,98.6100,0.0006,86.300
