W0505 15:29:44.114000 209875 site-packages/torch/distributed/run.py:793] 
W0505 15:29:44.114000 209875 site-packages/torch/distributed/run.py:793] *****************************************
W0505 15:29:44.114000 209875 site-packages/torch/distributed/run.py:793] Setting OMP_NUM_THREADS environment variable for each process to be 1 in default, to avoid your system being overloaded, please further tune the variable for optimal performance in your application as needed. 
W0505 15:29:44.114000 209875 site-packages/torch/distributed/run.py:793] *****************************************
[W505 15:29:49.805994701 CUDAAllocatorConfig.h:28] Warning: expandable_segments not supported on this platform (function operator())
[W505 15:29:49.881829987 CUDAAllocatorConfig.h:28] Warning: expandable_segments not supported on this platform (function operator())
[W505 15:29:49.012106324 CUDAAllocatorConfig.h:28] Warning: expandable_segments not supported on this platform (function operator())
[W505 15:29:49.077924439 CUDAAllocatorConfig.h:28] Warning: expandable_segments not supported on this platform (function operator())
[W505 15:29:49.137097826 CUDAAllocatorConfig.h:28] Warning: expandable_segments not supported on this platform (function operator())
[W505 15:29:49.196233192 CUDAAllocatorConfig.h:28] Warning: expandable_segments not supported on this platform (function operator())
[W505 15:29:49.273156211 CUDAAllocatorConfig.h:28] Warning: expandable_segments not supported on this platform (function operator())
[W505 15:29:49.273727050 CUDAAllocatorConfig.h:28] Warning: expandable_segments not supported on this platform (function operator())
2026-05-05 15:29:55 | INFO | World size: 8, Device: cuda:0
wandb: [wandb.login()] Loaded credentials for https://api.wandb.ai from /root/.netrc.
wandb: Currently logged in as: yuxuanlou to https://api.wandb.ai. Use `wandb login --relogin` to force relogin
wandb: setting up run qimqb801
wandb: Tracking run with wandb version 0.26.1
wandb: Run data is saved locally in /ossfs/workspace/OrScale/wandb/run-20260505_153004-qimqb801
wandb: Run `wandb offline` to turn off syncing.
wandb: Syncing run moonlight_1_1b-orscale_muon_moonlight_calibrated-seed42
wandb: ⭐️ View project at https://wandb.ai/yuxuanlou/orscale-fineweb10B
wandb: 🚀 View run at https://wandb.ai/yuxuanlou/orscale-fineweb10B/runs/qimqb801
2026-05-05 15:30:10 | INFO | Building model...
2026-05-05 15:30:24 | INFO | Model: 1262.6M parameters
2026-05-05 15:30:24 | INFO | Building optimizer(s): orscale_muon_moonlight_calibrated
2026-05-05 15:30:24 | INFO | Building scheduler...
2026-05-05 15:30:24 | INFO | Building training data loader...
2026-05-05 15:30:24 | INFO | Building validation data loader...
2026-05-05 15:30:26 | INFO | Launching training run
2026-05-05 15:30:26 | INFO |   config: configs/small_125m.yaml
2026-05-05 15:30:26 | INFO |   overrides: ['model.preset=moonlight_1_1b', 'model.max_seq_len=4096', 'training.batch_size=6', 'training.grad_accum_steps=8', 'training.max_steps=18145', 'training.seed=42', 'training.checkpoint_subdir=moonlight_1_1b/orscale_muon_moonlight_calibrated', 'training.checkpoint_subdir_mode=replace_leaf', 'optimizer.name=orscale_muon_moonlight_calibrated', 'logging.wandb_name=moonlight_1_1b-orscale_muon_moonlight_calibrated-seed42', 'optimizer.lr=0.0008561', 'optimizer.weight_decay=0.1', 'optimizer.adamw_lr=0.0008561', 'optimizer.adamw_weight_decay=0.1', 'optimizer.adamw_betas=[0.9, 0.95]', 'optimizer.r_min=0.1', 'optimizer.r_max=5.0', 'training.save_every=18146', 'training.compile=True', 'model.checkpoint_mlp=False']
2026-05-05 15:30:26 | INFO |   distributed: rank=0 local_rank=0 world_size=8 device=cuda:0
2026-05-05 15:30:26 | INFO |   seed: base=42 effective_rank_seed=42 precision=bfloat16
2026-05-05 15:30:26 | INFO |   model: preset=moonlight_1_1b seq_len=4096 norm=rmsnorm mlp=relusqr pos=rope tie_weights=True
2026-05-05 15:30:26 | INFO |   optimizer: name=orscale_muon_moonlight_calibrated optimizers=2 lr=0.0008561 weight_decay=0.1 momentum=0.95
2026-05-05 15:30:26 | INFO |   optimizer extras: ns_iters=5 adamw_lr=0.0008561 alpha=0.5 r_min=0.1 r_max=5.0 c_denom=auto
2026-05-05 15:30:26 | INFO |   schedule: max_steps=18145 warmup_steps=1000 grad_accum=8 tokens/step=1,572,864
2026-05-05 15:30:26 | INFO |   training cadence: log_every=10 val_every=500 val_steps=20 save_every=18146
2026-05-05 15:30:26 | INFO |   data(train): in-memory .bin shards (103 files) from /mnt/dllm/ruilai/dataset/fineweb10B/fineweb_train_*.bin
2026-05-05 15:30:26 | INFO |   data(val): in-memory .bin shards (1 files) from /mnt/dllm/ruilai/dataset/fineweb10B/fineweb_val_*.bin
2026-05-05 15:30:26 | INFO |   loaders: train=DataLoader val=DataLoader
2026-05-05 15:30:26 | INFO |   diagnostics: log_every=50 heavy_log_every=500
2026-05-05 15:30:26 | INFO |   wandb: enabled (project=orscale-fineweb10B, group=small_125m)
2026-05-05 15:30:26 | INFO | Starting training loop...
step 10/18145 | loss 11.2674 | lr_mult 0.0100 | tok/s 133204 | grad_norm 27.875
step 20/18145 | loss 10.6267 | lr_mult 0.0200 | tok/s 150425 | grad_norm 24.212
step 30/18145 | loss 9.5075 | lr_mult 0.0300 | tok/s 157216 | grad_norm 13.648
step 40/18145 | loss 8.5322 | lr_mult 0.0400 | tok/s 160867 | grad_norm 9.010
step 50/18145 | loss 7.7478 | lr_mult 0.0500 | tok/s 163163 | grad_norm 3.193
step 60/18145 | loss 7.1779 | lr_mult 0.0600 | tok/s 164742 | grad_norm 1.540
step 70/18145 | loss 6.8870 | lr_mult 0.0700 | tok/s 165884 | grad_norm 1.278
step 80/18145 | loss 6.6933 | lr_mult 0.0800 | tok/s 166737 | grad_norm 1.736
step 90/18145 | loss 6.5146 | lr_mult 0.0900 | tok/s 167395 | grad_norm 2.312
step 100/18145 | loss 6.3911 | lr_mult 0.1000 | tok/s 167925 | grad_norm 2.535
step 110/18145 | loss 6.2954 | lr_mult 0.1100 | tok/s 168359 | grad_norm 2.611
step 120/18145 | loss 6.1380 | lr_mult 0.1200 | tok/s 168723 | grad_norm 2.926
step 130/18145 | loss 6.0582 | lr_mult 0.1300 | tok/s 169031 | grad_norm 3.118
step 140/18145 | loss 6.0187 | lr_mult 0.1400 | tok/s 169295 | grad_norm 4.169
step 150/18145 | loss 5.9201 | lr_mult 0.1500 | tok/s 169526 | grad_norm 3.490
step 160/18145 | loss 5.8881 | lr_mult 0.1600 | tok/s 169727 | grad_norm 3.352
step 170/18145 | loss 5.7800 | lr_mult 0.1700 | tok/s 169906 | grad_norm 3.025
step 180/18145 | loss 5.7674 | lr_mult 0.1800 | tok/s 170066 | grad_norm 3.386
step 190/18145 | loss 5.7633 | lr_mult 0.1900 | tok/s 170208 | grad_norm 3.032
step 200/18145 | loss 5.7051 | lr_mult 0.2000 | tok/s 170337 | grad_norm 3.331
step 210/18145 | loss 5.6250 | lr_mult 0.2100 | tok/s 170432 | grad_norm 2.935
step 220/18145 | loss 5.5906 | lr_mult 0.2200 | tok/s 170539 | grad_norm 3.145
step 230/18145 | loss 5.5772 | lr_mult 0.2300 | tok/s 170638 | grad_norm 3.546
step 240/18145 | loss 5.5204 | lr_mult 0.2400 | tok/s 170728 | grad_norm 3.549
step 250/18145 | loss 5.4641 | lr_mult 0.2500 | tok/s 170808 | grad_norm 4.126
step 260/18145 | loss 5.3638 | lr_mult 0.2600 | tok/s 170884 | grad_norm 3.841
step 270/18145 | loss 5.3111 | lr_mult 0.2700 | tok/s 170955 | grad_norm 4.789
step 280/18145 | loss 5.2321 | lr_mult 0.2800 | tok/s 171020 | grad_norm 5.445
step 290/18145 | loss 5.1712 | lr_mult 0.2900 | tok/s 171081 | grad_norm 5.560
step 300/18145 | loss 5.0766 | lr_mult 0.3000 | tok/s 171138 | grad_norm 7.053
step 310/18145 | loss 5.0276 | lr_mult 0.3100 | tok/s 171192 | grad_norm 7.534
step 320/18145 | loss 4.9564 | lr_mult 0.3200 | tok/s 171243 | grad_norm 8.312
step 330/18145 | loss 4.8973 | lr_mult 0.3300 | tok/s 171290 | grad_norm 7.472
step 340/18145 | loss 4.8248 | lr_mult 0.3400 | tok/s 171335 | grad_norm 6.301
step 350/18145 | loss 4.7714 | lr_mult 0.3500 | tok/s 171366 | grad_norm 7.134
step 360/18145 | loss 4.7470 | lr_mult 0.3600 | tok/s 171404 | grad_norm 7.625
step 370/18145 | loss 4.7239 | lr_mult 0.3700 | tok/s 171442 | grad_norm 7.693
step 380/18145 | loss 4.6498 | lr_mult 0.3800 | tok/s 171479 | grad_norm 6.738
step 390/18145 | loss 4.6290 | lr_mult 0.3900 | tok/s 171513 | grad_norm 7.765
step 400/18145 | loss 4.5968 | lr_mult 0.4000 | tok/s 171546 | grad_norm 5.865
step 410/18145 | loss 4.5523 | lr_mult 0.4100 | tok/s 171577 | grad_norm 5.971
step 420/18145 | loss 4.5075 | lr_mult 0.4200 | tok/s 171607 | grad_norm 6.404
step 430/18145 | loss 4.4835 | lr_mult 0.4300 | tok/s 171635 | grad_norm 5.685
step 440/18145 | loss 4.4638 | lr_mult 0.4400 | tok/s 171663 | grad_norm 5.558
step 450/18145 | loss 4.4454 | lr_mult 0.4500 | tok/s 171689 | grad_norm 4.972
step 460/18145 | loss 4.3945 | lr_mult 0.4600 | tok/s 171714 | grad_norm 5.315
step 470/18145 | loss 4.3707 | lr_mult 0.4700 | tok/s 171737 | grad_norm 5.660
step 480/18145 | loss 4.3339 | lr_mult 0.4800 | tok/s 171760 | grad_norm 5.674
step 490/18145 | loss 4.3080 | lr_mult 0.4900 | tok/s 171781 | grad_norm 5.784
step 500/18145 | loss 4.2852 | lr_mult 0.5000 | tok/s 171803 | grad_norm 4.999
step 500/18145 | val_loss 4.2588
step 510/18145 | loss 4.2607 | lr_mult 0.5100 | tok/s 169969 | grad_norm 4.987
step 520/18145 | loss 4.2208 | lr_mult 0.5200 | tok/s 170021 | grad_norm 4.477
step 530/18145 | loss 4.2069 | lr_mult 0.5300 | tok/s 170071 | grad_norm 4.636
step 540/18145 | loss 4.1529 | lr_mult 0.5400 | tok/s 170118 | grad_norm 3.745
step 550/18145 | loss 4.1156 | lr_mult 0.5500 | tok/s 170164 | grad_norm 4.290
step 560/18145 | loss 4.1023 | lr_mult 0.5600 | tok/s 170209 | grad_norm 4.672
step 570/18145 | loss 4.0863 | lr_mult 0.5700 | tok/s 170252 | grad_norm 5.854
step 580/18145 | loss 4.0685 | lr_mult 0.5800 | tok/s 170294 | grad_norm 5.380
step 590/18145 | loss 4.0264 | lr_mult 0.5900 | tok/s 170334 | grad_norm 4.480
step 600/18145 | loss 4.0186 | lr_mult 0.6000 | tok/s 170373 | grad_norm 3.758
step 610/18145 | loss 4.0095 | lr_mult 0.6100 | tok/s 170412 | grad_norm 4.252
step 620/18145 | loss 3.9798 | lr_mult 0.6200 | tok/s 170449 | grad_norm 4.092
step 630/18145 | loss 3.9631 | lr_mult 0.6300 | tok/s 170485 | grad_norm 3.695
step 640/18145 | loss 3.9746 | lr_mult 0.6400 | tok/s 170519 | grad_norm 3.774
step 650/18145 | loss 3.9475 | lr_mult 0.6500 | tok/s 170553 | grad_norm 3.402
step 660/18145 | loss 3.9210 | lr_mult 0.6600 | tok/s 170585 | grad_norm 3.240
step 670/18145 | loss 3.9039 | lr_mult 0.6700 | tok/s 170616 | grad_norm 3.070
step 680/18145 | loss 3.9074 | lr_mult 0.6800 | tok/s 170647 | grad_norm 3.793
step 690/18145 | loss 3.9049 | lr_mult 0.6900 | tok/s 170676 | grad_norm 3.285
step 700/18145 | loss 3.8688 | lr_mult 0.7000 | tok/s 170706 | grad_norm 3.015
step 710/18145 | loss 3.8466 | lr_mult 0.7100 | tok/s 170735 | grad_norm 2.828
step 720/18145 | loss 3.8805 | lr_mult 0.7200 | tok/s 170762 | grad_norm 3.038
step 730/18145 | loss 3.8478 | lr_mult 0.7300 | tok/s 170789 | grad_norm 2.827
step 740/18145 | loss 3.8772 | lr_mult 0.7400 | tok/s 170815 | grad_norm 2.725
step 750/18145 | loss 3.8360 | lr_mult 0.7500 | tok/s 170842 | grad_norm 2.420
step 760/18145 | loss 3.8483 | lr_mult 0.7600 | tok/s 170867 | grad_norm 2.478
step 770/18145 | loss 3.8368 | lr_mult 0.7700 | tok/s 170891 | grad_norm 2.507
step 780/18145 | loss 3.8284 | lr_mult 0.7800 | tok/s 170916 | grad_norm 2.631
step 790/18145 | loss 3.7940 | lr_mult 0.7900 | tok/s 170940 | grad_norm 2.419
step 800/18145 | loss 3.8252 | lr_mult 0.8000 | tok/s 170963 | grad_norm 2.600
step 810/18145 | loss 3.8350 | lr_mult 0.8100 | tok/s 170987 | grad_norm 2.492
step 820/18145 | loss 3.8027 | lr_mult 0.8200 | tok/s 171010 | grad_norm 2.520
step 830/18145 | loss 3.7898 | lr_mult 0.8300 | tok/s 171032 | grad_norm 2.333
step 840/18145 | loss 3.8065 | lr_mult 0.8400 | tok/s 171054 | grad_norm 1.873
step 850/18145 | loss 3.7915 | lr_mult 0.8500 | tok/s 171076 | grad_norm 1.945
step 860/18145 | loss 3.8019 | lr_mult 0.8600 | tok/s 171098 | grad_norm 2.366
step 870/18145 | loss 3.7652 | lr_mult 0.8700 | tok/s 171120 | grad_norm 2.711
step 880/18145 | loss 3.7976 | lr_mult 0.8800 | tok/s 171142 | grad_norm 2.732
step 890/18145 | loss 3.7511 | lr_mult 0.8900 | tok/s 171163 | grad_norm 3.197
step 900/18145 | loss 3.7704 | lr_mult 0.9000 | tok/s 171184 | grad_norm 2.597
step 910/18145 | loss 3.7457 | lr_mult 0.9100 | tok/s 171205 | grad_norm 2.457
step 920/18145 | loss 3.7477 | lr_mult 0.9200 | tok/s 171226 | grad_norm 2.212
step 930/18145 | loss 3.7413 | lr_mult 0.9300 | tok/s 171247 | grad_norm 2.354
step 940/18145 | loss 3.7445 | lr_mult 0.9400 | tok/s 171267 | grad_norm 2.219
step 950/18145 | loss 3.7267 | lr_mult 0.9500 | tok/s 171288 | grad_norm 2.103
step 960/18145 | loss 3.7066 | lr_mult 0.9600 | tok/s 171308 | grad_norm 1.842
step 970/18145 | loss 3.7296 | lr_mult 0.9700 | tok/s 171329 | grad_norm 1.854
step 980/18145 | loss 3.7358 | lr_mult 0.9800 | tok/s 171349 | grad_norm 1.642
step 990/18145 | loss 3.6902 | lr_mult 0.9900 | tok/s 171369 | grad_norm 1.937
step 1000/18145 | loss 3.6889 | lr_mult 1.0000 | tok/s 171390 | grad_norm 1.714
step 1000/18145 | val_loss 3.6712
step 1010/18145 | loss 3.6919 | lr_mult 1.0000 | tok/s 170673 | grad_norm 1.916
step 1020/18145 | loss 3.6734 | lr_mult 1.0000 | tok/s 170700 | grad_norm 1.851
step 1030/18145 | loss 3.6613 | lr_mult 1.0000 | tok/s 170727 | grad_norm 1.532
step 1040/18145 | loss 3.6582 | lr_mult 1.0000 | tok/s 170754 | grad_norm 1.546
step 1050/18145 | loss 3.6415 | lr_mult 1.0000 | tok/s 170780 | grad_norm 1.237
step 1060/18145 | loss 3.6260 | lr_mult 1.0000 | tok/s 170806 | grad_norm 1.501
step 1070/18145 | loss 3.6078 | lr_mult 1.0000 | tok/s 170832 | grad_norm 1.628
step 1080/18145 | loss 3.5975 | lr_mult 0.9999 | tok/s 170857 | grad_norm 1.152
step 1090/18145 | loss 3.5929 | lr_mult 0.9999 | tok/s 170883 | grad_norm 0.940
step 1100/18145 | loss 3.6009 | lr_mult 0.9999 | tok/s 170908 | grad_norm 1.157
step 1110/18145 | loss 3.5840 | lr_mult 0.9999 | tok/s 170933 | grad_norm 1.078
step 1120/18145 | loss 3.5724 | lr_mult 0.9999 | tok/s 170957 | grad_norm 1.023
step 1130/18145 | loss 3.5696 | lr_mult 0.9999 | tok/s 170981 | grad_norm 0.973
step 1140/18145 | loss 3.5537 | lr_mult 0.9998 | tok/s 171005 | grad_norm 0.945
step 1150/18145 | loss 3.5574 | lr_mult 0.9998 | tok/s 171029 | grad_norm 1.036
step 1160/18145 | loss 3.5491 | lr_mult 0.9998 | tok/s 171052 | grad_norm 0.991
step 1170/18145 | loss 3.5208 | lr_mult 0.9998 | tok/s 171075 | grad_norm 0.872
step 1180/18145 | loss 3.5225 | lr_mult 0.9997 | tok/s 171098 | grad_norm 0.872
step 1190/18145 | loss 3.5318 | lr_mult 0.9997 | tok/s 171120 | grad_norm 1.194
step 1200/18145 | loss 3.5423 | lr_mult 0.9997 | tok/s 171142 | grad_norm 0.950
step 1210/18145 | loss 3.5216 | lr_mult 0.9996 | tok/s 171164 | grad_norm 1.038
step 1220/18145 | loss 3.4876 | lr_mult 0.9996 | tok/s 171186 | grad_norm 0.977
step 1230/18145 | loss 3.4867 | lr_mult 0.9996 | tok/s 171207 | grad_norm 0.891
step 1240/18145 | loss 3.4654 | lr_mult 0.9995 | tok/s 171228 | grad_norm 0.791
step 1250/18145 | loss 3.4629 | lr_mult 0.9995 | tok/s 171249 | grad_norm 0.799
step 1260/18145 | loss 3.4819 | lr_mult 0.9994 | tok/s 171270 | grad_norm 0.787
step 1270/18145 | loss 3.4646 | lr_mult 0.9994 | tok/s 171290 | grad_norm 0.950
step 1280/18145 | loss 3.4555 | lr_mult 0.9993 | tok/s 171310 | grad_norm 0.759
step 1290/18145 | loss 3.4473 | lr_mult 0.9993 | tok/s 171330 | grad_norm 0.704
step 1300/18145 | loss 3.4575 | lr_mult 0.9992 | tok/s 171350 | grad_norm 0.747
step 1310/18145 | loss 3.4324 | lr_mult 0.9992 | tok/s 171369 | grad_norm 0.786
step 1320/18145 | loss 3.4435 | lr_mult 0.9991 | tok/s 171388 | grad_norm 0.770
step 1330/18145 | loss 3.4527 | lr_mult 0.9991 | tok/s 171407 | grad_norm 0.705
step 1340/18145 | loss 3.4120 | lr_mult 0.9990 | tok/s 171425 | grad_norm 0.668
step 1350/18145 | loss 3.4455 | lr_mult 0.9990 | tok/s 171443 | grad_norm 0.735
step 1360/18145 | loss 3.3996 | lr_mult 0.9989 | tok/s 171461 | grad_norm 0.698
step 1370/18145 | loss 3.4198 | lr_mult 0.9989 | tok/s 171479 | grad_norm 0.632
step 1380/18145 | loss 3.4088 | lr_mult 0.9988 | tok/s 171497 | grad_norm 0.651
step 1390/18145 | loss 3.3922 | lr_mult 0.9987 | tok/s 171514 | grad_norm 0.652
step 1400/18145 | loss 3.3966 | lr_mult 0.9987 | tok/s 171531 | grad_norm 0.734
step 1410/18145 | loss 3.3936 | lr_mult 0.9986 | tok/s 171548 | grad_norm 0.577
step 1420/18145 | loss 3.4081 | lr_mult 0.9985 | tok/s 171565 | grad_norm 0.717
step 1430/18145 | loss 3.3662 | lr_mult 0.9984 | tok/s 171581 | grad_norm 0.671
step 1440/18145 | loss 3.3752 | lr_mult 0.9984 | tok/s 171598 | grad_norm 0.689
step 1450/18145 | loss 3.3506 | lr_mult 0.9983 | tok/s 171614 | grad_norm 0.680
step 1460/18145 | loss 3.3734 | lr_mult 0.9982 | tok/s 171630 | grad_norm 0.582
step 1470/18145 | loss 3.3899 | lr_mult 0.9981 | tok/s 171645 | grad_norm 0.619
step 1480/18145 | loss 3.3357 | lr_mult 0.9981 | tok/s 171661 | grad_norm 0.826
step 1490/18145 | loss 3.3493 | lr_mult 0.9980 | tok/s 171676 | grad_norm 0.736
step 1500/18145 | loss 3.3656 | lr_mult 0.9979 | tok/s 171691 | grad_norm 0.678
step 1500/18145 | val_loss 3.3502
step 1510/18145 | loss 3.3677 | lr_mult 0.9978 | tok/s 171215 | grad_norm 0.551
step 1520/18145 | loss 3.3206 | lr_mult 0.9977 | tok/s 171233 | grad_norm 0.611
step 1530/18145 | loss 3.3277 | lr_mult 0.9976 | tok/s 171251 | grad_norm 0.604
step 1540/18145 | loss 3.3341 | lr_mult 0.9976 | tok/s 171268 | grad_norm 0.774
step 1550/18145 | loss 3.3499 | lr_mult 0.9975 | tok/s 171286 | grad_norm 0.597
step 1560/18145 | loss 3.3495 | lr_mult 0.9974 | tok/s 171303 | grad_norm 0.612
step 1570/18145 | loss 3.3300 | lr_mult 0.9973 | tok/s 171321 | grad_norm 0.656
step 1580/18145 | loss 3.3576 | lr_mult 0.9972 | tok/s 171338 | grad_norm 0.604
step 1590/18145 | loss 3.3238 | lr_mult 0.9971 | tok/s 171354 | grad_norm 0.679
step 1600/18145 | loss 3.3264 | lr_mult 0.9970 | tok/s 171371 | grad_norm 0.605
step 1610/18145 | loss 3.3049 | lr_mult 0.9969 | tok/s 171387 | grad_norm 0.522
step 1620/18145 | loss 3.3010 | lr_mult 0.9968 | tok/s 171403 | grad_norm 0.598
step 1630/18145 | loss 3.3046 | lr_mult 0.9967 | tok/s 171418 | grad_norm 0.507
step 1640/18145 | loss 3.3117 | lr_mult 0.9966 | tok/s 171434 | grad_norm 0.610
step 1650/18145 | loss 3.2986 | lr_mult 0.9965 | tok/s 171449 | grad_norm 0.563
step 1660/18145 | loss 3.3078 | lr_mult 0.9963 | tok/s 171464 | grad_norm 0.501
step 1670/18145 | loss 3.2852 | lr_mult 0.9962 | tok/s 171479 | grad_norm 0.570
step 1680/18145 | loss 3.2699 | lr_mult 0.9961 | tok/s 171494 | grad_norm 0.702
step 1690/18145 | loss 3.2929 | lr_mult 0.9960 | tok/s 171508 | grad_norm 0.547
step 1700/18145 | loss 3.2995 | lr_mult 0.9959 | tok/s 171523 | grad_norm 0.531
step 1710/18145 | loss 3.2759 | lr_mult 0.9958 | tok/s 171537 | grad_norm 0.658
step 1720/18145 | loss 3.3374 | lr_mult 0.9957 | tok/s 171551 | grad_norm 0.622
step 1730/18145 | loss 3.2837 | lr_mult 0.9955 | tok/s 171565 | grad_norm 0.541
step 1740/18145 | loss 3.2771 | lr_mult 0.9954 | tok/s 171579 | grad_norm 0.536
step 1750/18145 | loss 3.2699 | lr_mult 0.9953 | tok/s 171593 | grad_norm 0.662
step 1760/18145 | loss 3.2853 | lr_mult 0.9952 | tok/s 171606 | grad_norm 0.502
step 1770/18145 | loss 3.2640 | lr_mult 0.9950 | tok/s 171619 | grad_norm 0.504
step 1780/18145 | loss 3.2832 | lr_mult 0.9949 | tok/s 171633 | grad_norm 0.602
step 1790/18145 | loss 3.2714 | lr_mult 0.9948 | tok/s 171646 | grad_norm 0.529
step 1800/18145 | loss 3.2325 | lr_mult 0.9946 | tok/s 171659 | grad_norm 0.700
step 1810/18145 | loss 3.2402 | lr_mult 0.9945 | tok/s 171672 | grad_norm 0.474
step 1820/18145 | loss 3.2707 | lr_mult 0.9944 | tok/s 171684 | grad_norm 0.538
step 1830/18145 | loss 3.2427 | lr_mult 0.9942 | tok/s 171697 | grad_norm 0.544
step 1840/18145 | loss 3.2593 | lr_mult 0.9941 | tok/s 171709 | grad_norm 0.487
step 1850/18145 | loss 3.2412 | lr_mult 0.9939 | tok/s 171722 | grad_norm 0.535
step 1860/18145 | loss 3.2626 | lr_mult 0.9938 | tok/s 171734 | grad_norm 0.442
step 1870/18145 | loss 3.2378 | lr_mult 0.9937 | tok/s 171746 | grad_norm 0.513
step 1880/18145 | loss 3.2440 | lr_mult 0.9935 | tok/s 171758 | grad_norm 0.644
step 1890/18145 | loss 3.2425 | lr_mult 0.9934 | tok/s 171770 | grad_norm 0.434
step 1900/18145 | loss 3.2124 | lr_mult 0.9932 | tok/s 171781 | grad_norm 0.563
step 1910/18145 | loss 3.2303 | lr_mult 0.9931 | tok/s 171793 | grad_norm 0.462
step 1920/18145 | loss 3.2416 | lr_mult 0.9929 | tok/s 171804 | grad_norm 0.593
step 1930/18145 | loss 3.2308 | lr_mult 0.9928 | tok/s 171815 | grad_norm 0.446
step 1940/18145 | loss 3.2155 | lr_mult 0.9926 | tok/s 171827 | grad_norm 0.489
step 1950/18145 | loss 3.2144 | lr_mult 0.9924 | tok/s 171838 | grad_norm 0.591
step 1960/18145 | loss 3.2196 | lr_mult 0.9923 | tok/s 171849 | grad_norm 0.465
step 1970/18145 | loss 3.2183 | lr_mult 0.9921 | tok/s 171860 | grad_norm 0.537
step 1980/18145 | loss 3.2441 | lr_mult 0.9920 | tok/s 171871 | grad_norm 0.525
step 1990/18145 | loss 3.2385 | lr_mult 0.9918 | tok/s 171882 | grad_norm 0.555
step 2000/18145 | loss 3.2147 | lr_mult 0.9916 | tok/s 171892 | grad_norm 0.530
step 2000/18145 | val_loss 3.2059
step 2010/18145 | loss 3.2162 | lr_mult 0.9915 | tok/s 171534 | grad_norm 0.530
step 2020/18145 | loss 3.1990 | lr_mult 0.9913 | tok/s 171546 | grad_norm 0.430
step 2030/18145 | loss 3.2134 | lr_mult 0.9911 | tok/s 171558 | grad_norm 0.496
step 2040/18145 | loss 3.1876 | lr_mult 0.9909 | tok/s 171570 | grad_norm 0.527
step 2050/18145 | loss 3.1873 | lr_mult 0.9908 | tok/s 171582 | grad_norm 0.445
step 2060/18145 | loss 3.2018 | lr_mult 0.9906 | tok/s 171594 | grad_norm 0.606
step 2070/18145 | loss 3.1949 | lr_mult 0.9904 | tok/s 171606 | grad_norm 0.447
step 2080/18145 | loss 3.2257 | lr_mult 0.9902 | tok/s 171617 | grad_norm 0.425
step 2090/18145 | loss 3.1954 | lr_mult 0.9901 | tok/s 171629 | grad_norm 0.471
step 2100/18145 | loss 3.1985 | lr_mult 0.9899 | tok/s 171640 | grad_norm 0.411
step 2110/18145 | loss 3.1963 | lr_mult 0.9897 | tok/s 171652 | grad_norm 0.468
step 2120/18145 | loss 3.1930 | lr_mult 0.9895 | tok/s 171663 | grad_norm 0.429
step 2130/18145 | loss 3.1889 | lr_mult 0.9893 | tok/s 171674 | grad_norm 0.517
step 2140/18145 | loss 3.1732 | lr_mult 0.9891 | tok/s 171685 | grad_norm 0.476
step 2150/18145 | loss 3.1685 | lr_mult 0.9889 | tok/s 171696 | grad_norm 0.490
step 2160/18145 | loss 3.1617 | lr_mult 0.9887 | tok/s 171707 | grad_norm 0.467
step 2170/18145 | loss 3.1836 | lr_mult 0.9886 | tok/s 171717 | grad_norm 0.518
step 2180/18145 | loss 3.1996 | lr_mult 0.9884 | tok/s 171728 | grad_norm 0.461
step 2190/18145 | loss 3.1807 | lr_mult 0.9882 | tok/s 171738 | grad_norm 0.508
step 2200/18145 | loss 3.2002 | lr_mult 0.9880 | tok/s 171749 | grad_norm 0.448
step 2210/18145 | loss 3.1592 | lr_mult 0.9878 | tok/s 171759 | grad_norm 0.478
step 2220/18145 | loss 3.1744 | lr_mult 0.9876 | tok/s 171769 | grad_norm 0.432
step 2230/18145 | loss 3.1681 | lr_mult 0.9874 | tok/s 171779 | grad_norm 0.381
step 2240/18145 | loss 3.1574 | lr_mult 0.9871 | tok/s 171789 | grad_norm 0.464
step 2250/18145 | loss 3.1544 | lr_mult 0.9869 | tok/s 171799 | grad_norm 0.469
step 2260/18145 | loss 3.1585 | lr_mult 0.9867 | tok/s 171809 | grad_norm 0.429
step 2270/18145 | loss 3.1749 | lr_mult 0.9865 | tok/s 171819 | grad_norm 0.517
step 2280/18145 | loss 3.1878 | lr_mult 0.9863 | tok/s 171829 | grad_norm 0.407
step 2290/18145 | loss 3.1692 | lr_mult 0.9861 | tok/s 171839 | grad_norm 0.419
step 2300/18145 | loss 3.1651 | lr_mult 0.9859 | tok/s 171848 | grad_norm 0.444
step 2310/18145 | loss 3.1743 | lr_mult 0.9857 | tok/s 171858 | grad_norm 0.471
step 2320/18145 | loss 3.1606 | lr_mult 0.9854 | tok/s 171867 | grad_norm 0.404
step 2330/18145 | loss 3.1519 | lr_mult 0.9852 | tok/s 171877 | grad_norm 0.478
step 2340/18145 | loss 3.1485 | lr_mult 0.9850 | tok/s 171886 | grad_norm 0.564
step 2350/18145 | loss 3.1444 | lr_mult 0.9848 | tok/s 171895 | grad_norm 0.518
step 2360/18145 | loss 3.1337 | lr_mult 0.9846 | tok/s 171904 | grad_norm 0.430
step 2370/18145 | loss 3.1827 | lr_mult 0.9843 | tok/s 171913 | grad_norm 0.576
step 2380/18145 | loss 3.1488 | lr_mult 0.9841 | tok/s 171922 | grad_norm 0.484
step 2390/18145 | loss 3.1473 | lr_mult 0.9839 | tok/s 171931 | grad_norm 0.442
step 2400/18145 | loss 3.1429 | lr_mult 0.9836 | tok/s 171940 | grad_norm 0.458
step 2410/18145 | loss 3.1492 | lr_mult 0.9834 | tok/s 171949 | grad_norm 0.452
step 2420/18145 | loss 3.1294 | lr_mult 0.9832 | tok/s 171957 | grad_norm 0.446
step 2430/18145 | loss 3.1292 | lr_mult 0.9829 | tok/s 171966 | grad_norm 0.407
step 2440/18145 | loss 3.1203 | lr_mult 0.9827 | tok/s 171975 | grad_norm 0.450
step 2450/18145 | loss 3.1485 | lr_mult 0.9825 | tok/s 171983 | grad_norm 0.473
step 2460/18145 | loss 3.1283 | lr_mult 0.9822 | tok/s 171992 | grad_norm 0.435
step 2470/18145 | loss 3.1277 | lr_mult 0.9820 | tok/s 172000 | grad_norm 0.386
step 2480/18145 | loss 3.1487 | lr_mult 0.9817 | tok/s 172009 | grad_norm 0.427
step 2490/18145 | loss 3.0904 | lr_mult 0.9815 | tok/s 172017 | grad_norm 0.412
step 2500/18145 | loss 3.1417 | lr_mult 0.9812 | tok/s 172025 | grad_norm 0.515
step 2500/18145 | val_loss 3.1253
step 2510/18145 | loss 3.1453 | lr_mult 0.9810 | tok/s 171738 | grad_norm 0.576
step 2520/18145 | loss 3.1395 | lr_mult 0.9807 | tok/s 171748 | grad_norm 0.489
step 2530/18145 | loss 3.1372 | lr_mult 0.9805 | tok/s 171757 | grad_norm 0.373
step 2540/18145 | loss 3.1332 | lr_mult 0.9802 | tok/s 171766 | grad_norm 0.444
step 2550/18145 | loss 3.1300 | lr_mult 0.9800 | tok/s 171775 | grad_norm 0.419
step 2560/18145 | loss 3.1040 | lr_mult 0.9797 | tok/s 171784 | grad_norm 0.453
step 2570/18145 | loss 3.1192 | lr_mult 0.9795 | tok/s 171793 | grad_norm 0.404
step 2580/18145 | loss 3.0988 | lr_mult 0.9792 | tok/s 171803 | grad_norm 0.393
step 2590/18145 | loss 3.1259 | lr_mult 0.9789 | tok/s 171812 | grad_norm 0.468
step 2600/18145 | loss 3.1297 | lr_mult 0.9787 | tok/s 171821 | grad_norm 0.395
step 2610/18145 | loss 3.1089 | lr_mult 0.9784 | tok/s 171830 | grad_norm 0.362
step 2620/18145 | loss 3.1181 | lr_mult 0.9781 | tok/s 171838 | grad_norm 0.388
step 2630/18145 | loss 3.1343 | lr_mult 0.9779 | tok/s 171847 | grad_norm 0.405
step 2640/18145 | loss 3.0998 | lr_mult 0.9776 | tok/s 171856 | grad_norm 0.422
step 2650/18145 | loss 3.0979 | lr_mult 0.9773 | tok/s 171865 | grad_norm 0.414
step 2660/18145 | loss 3.1011 | lr_mult 0.9770 | tok/s 171873 | grad_norm 0.580
step 2670/18145 | loss 3.1337 | lr_mult 0.9768 | tok/s 171882 | grad_norm 0.470
step 2680/18145 | loss 3.0936 | lr_mult 0.9765 | tok/s 171891 | grad_norm 0.417
step 2690/18145 | loss 3.1140 | lr_mult 0.9762 | tok/s 171899 | grad_norm 0.380
step 2700/18145 | loss 3.1111 | lr_mult 0.9759 | tok/s 171908 | grad_norm 0.491
step 2710/18145 | loss 3.1245 | lr_mult 0.9757 | tok/s 171916 | grad_norm 0.380
step 2720/18145 | loss 3.0821 | lr_mult 0.9754 | tok/s 171924 | grad_norm 0.427
step 2730/18145 | loss 3.1353 | lr_mult 0.9751 | tok/s 171932 | grad_norm 0.399
step 2740/18145 | loss 3.0881 | lr_mult 0.9748 | tok/s 171941 | grad_norm 0.362
step 2750/18145 | loss 3.0935 | lr_mult 0.9745 | tok/s 171949 | grad_norm 0.426
step 2760/18145 | loss 3.0964 | lr_mult 0.9742 | tok/s 171957 | grad_norm 0.517
step 2770/18145 | loss 3.1025 | lr_mult 0.9739 | tok/s 171965 | grad_norm 0.429
step 2780/18145 | loss 3.0813 | lr_mult 0.9736 | tok/s 171974 | grad_norm 0.427
step 2790/18145 | loss 3.0793 | lr_mult 0.9733 | tok/s 171982 | grad_norm 0.453
step 2800/18145 | loss 3.1158 | lr_mult 0.9730 | tok/s 171990 | grad_norm 0.430
step 2810/18145 | loss 3.0956 | lr_mult 0.9728 | tok/s 171998 | grad_norm 0.387
step 2820/18145 | loss 3.1096 | lr_mult 0.9725 | tok/s 172006 | grad_norm 0.414
step 2830/18145 | loss 3.1009 | lr_mult 0.9722 | tok/s 172014 | grad_norm 0.437
step 2840/18145 | loss 3.0979 | lr_mult 0.9718 | tok/s 172022 | grad_norm 0.458
step 2850/18145 | loss 3.1028 | lr_mult 0.9715 | tok/s 172030 | grad_norm 0.420
step 2860/18145 | loss 3.0825 | lr_mult 0.9712 | tok/s 172037 | grad_norm 0.395
step 2870/18145 | loss 3.0871 | lr_mult 0.9709 | tok/s 172045 | grad_norm 0.432
step 2880/18145 | loss 3.0659 | lr_mult 0.9706 | tok/s 172052 | grad_norm 0.402
step 2890/18145 | loss 3.0746 | lr_mult 0.9703 | tok/s 172060 | grad_norm 0.442
step 2900/18145 | loss 3.0868 | lr_mult 0.9700 | tok/s 172068 | grad_norm 0.514
step 2910/18145 | loss 3.0893 | lr_mult 0.9697 | tok/s 172075 | grad_norm 0.422
step 2920/18145 | loss 3.0883 | lr_mult 0.9694 | tok/s 172083 | grad_norm 0.393
step 2930/18145 | loss 3.0667 | lr_mult 0.9691 | tok/s 172090 | grad_norm 0.403
step 2940/18145 | loss 3.0647 | lr_mult 0.9687 | tok/s 172097 | grad_norm 0.373
step 2950/18145 | loss 3.0797 | lr_mult 0.9684 | tok/s 172105 | grad_norm 0.392
step 2960/18145 | loss 3.0811 | lr_mult 0.9681 | tok/s 172112 | grad_norm 0.434
step 2970/18145 | loss 3.0936 | lr_mult 0.9678 | tok/s 172119 | grad_norm 0.503
step 2980/18145 | loss 3.0611 | lr_mult 0.9675 | tok/s 172127 | grad_norm 0.396
step 2990/18145 | loss 3.0859 | lr_mult 0.9671 | tok/s 172134 | grad_norm 0.383
step 3000/18145 | loss 3.0633 | lr_mult 0.9668 | tok/s 172141 | grad_norm 0.440
step 3000/18145 | val_loss 3.0714
step 3010/18145 | loss 3.0581 | lr_mult 0.9665 | tok/s 171902 | grad_norm 0.373
step 3020/18145 | loss 3.0879 | lr_mult 0.9661 | tok/s 171910 | grad_norm 0.402
step 3030/18145 | loss 3.0565 | lr_mult 0.9658 | tok/s 171917 | grad_norm 0.365
step 3040/18145 | loss 3.0515 | lr_mult 0.9655 | tok/s 171925 | grad_norm 0.379
step 3050/18145 | loss 3.0624 | lr_mult 0.9651 | tok/s 171933 | grad_norm 0.379
step 3060/18145 | loss 3.0524 | lr_mult 0.9648 | tok/s 171940 | grad_norm 0.384
step 3070/18145 | loss 3.0939 | lr_mult 0.9645 | tok/s 171948 | grad_norm 0.422
step 3080/18145 | loss 3.0611 | lr_mult 0.9641 | tok/s 171955 | grad_norm 0.478
step 3090/18145 | loss 3.0586 | lr_mult 0.9638 | tok/s 171962 | grad_norm 0.427
step 3100/18145 | loss 3.0701 | lr_mult 0.9634 | tok/s 171970 | grad_norm 0.363
step 3110/18145 | loss 3.0396 | lr_mult 0.9631 | tok/s 171977 | grad_norm 0.439
step 3120/18145 | loss 3.0763 | lr_mult 0.9627 | tok/s 171984 | grad_norm 0.507
step 3130/18145 | loss 3.0369 | lr_mult 0.9624 | tok/s 171992 | grad_norm 0.364
step 3140/18145 | loss 3.0400 | lr_mult 0.9620 | tok/s 171999 | grad_norm 0.417
step 3150/18145 | loss 3.0662 | lr_mult 0.9617 | tok/s 172006 | grad_norm 0.468
step 3160/18145 | loss 3.0620 | lr_mult 0.9613 | tok/s 172013 | grad_norm 0.430
step 3170/18145 | loss 3.0546 | lr_mult 0.9610 | tok/s 172020 | grad_norm 0.396
step 3180/18145 | loss 3.0576 | lr_mult 0.9606 | tok/s 172028 | grad_norm 0.378
step 3190/18145 | loss 3.0602 | lr_mult 0.9603 | tok/s 172035 | grad_norm 0.392
step 3200/18145 | loss 3.0552 | lr_mult 0.9599 | tok/s 172042 | grad_norm 0.464
step 3210/18145 | loss 3.0289 | lr_mult 0.9596 | tok/s 172049 | grad_norm 0.379
step 3220/18145 | loss 3.0418 | lr_mult 0.9592 | tok/s 172056 | grad_norm 0.450
step 3230/18145 | loss 3.0626 | lr_mult 0.9588 | tok/s 172063 | grad_norm 0.389
step 3240/18145 | loss 3.0856 | lr_mult 0.9585 | tok/s 172070 | grad_norm 0.390
step 3250/18145 | loss 3.0463 | lr_mult 0.9581 | tok/s 172077 | grad_norm 0.403
step 3260/18145 | loss 3.0582 | lr_mult 0.9577 | tok/s 172084 | grad_norm 0.388
step 3270/18145 | loss 3.0365 | lr_mult 0.9574 | tok/s 172090 | grad_norm 0.386
step 3280/18145 | loss 3.0372 | lr_mult 0.9570 | tok/s 172097 | grad_norm 0.414
step 3290/18145 | loss 3.0369 | lr_mult 0.9566 | tok/s 172104 | grad_norm 0.395
step 3300/18145 | loss 3.0461 | lr_mult 0.9562 | tok/s 172110 | grad_norm 0.474
step 3310/18145 | loss 3.0471 | lr_mult 0.9559 | tok/s 172117 | grad_norm 0.396
step 3320/18145 | loss 3.0407 | lr_mult 0.9555 | tok/s 172124 | grad_norm 0.379
step 3330/18145 | loss 3.0337 | lr_mult 0.9551 | tok/s 172130 | grad_norm 0.405
step 3340/18145 | loss 3.0297 | lr_mult 0.9547 | tok/s 172137 | grad_norm 0.385
step 3350/18145 | loss 3.0315 | lr_mult 0.9544 | tok/s 172143 | grad_norm 0.309
step 3360/18145 | loss 3.0382 | lr_mult 0.9540 | tok/s 172149 | grad_norm 0.384
step 3370/18145 | loss 3.0471 | lr_mult 0.9536 | tok/s 172156 | grad_norm 0.373
step 3380/18145 | loss 3.0299 | lr_mult 0.9532 | tok/s 172162 | grad_norm 0.319
step 3390/18145 | loss 3.0382 | lr_mult 0.9528 | tok/s 172168 | grad_norm 0.480
step 3400/18145 | loss 3.0452 | lr_mult 0.9524 | tok/s 172175 | grad_norm 0.337
step 3410/18145 | loss 3.0065 | lr_mult 0.9520 | tok/s 172181 | grad_norm 0.337
step 3420/18145 | loss 3.0500 | lr_mult 0.9516 | tok/s 172187 | grad_norm 0.353
step 3430/18145 | loss 3.0336 | lr_mult 0.9512 | tok/s 172193 | grad_norm 0.363
step 3440/18145 | loss 3.0230 | lr_mult 0.9509 | tok/s 172199 | grad_norm 0.372
step 3450/18145 | loss 3.0491 | lr_mult 0.9505 | tok/s 172206 | grad_norm 0.326
step 3460/18145 | loss 3.0502 | lr_mult 0.9501 | tok/s 172212 | grad_norm 0.351
step 3470/18145 | loss 3.0389 | lr_mult 0.9497 | tok/s 172218 | grad_norm 0.383
step 3480/18145 | loss 3.0275 | lr_mult 0.9493 | tok/s 172224 | grad_norm 0.360
step 3490/18145 | loss 3.0497 | lr_mult 0.9489 | tok/s 172230 | grad_norm 0.379
step 3500/18145 | loss 3.0594 | lr_mult 0.9484 | tok/s 172236 | grad_norm 0.353
step 3500/18145 | val_loss 3.0294
step 3510/18145 | loss 3.0384 | lr_mult 0.9480 | tok/s 172031 | grad_norm 0.411
step 3520/18145 | loss 3.0344 | lr_mult 0.9476 | tok/s 172038 | grad_norm 0.341
step 3530/18145 | loss 3.0308 | lr_mult 0.9472 | tok/s 172045 | grad_norm 0.461
step 3540/18145 | loss 3.0364 | lr_mult 0.9468 | tok/s 172052 | grad_norm 0.473
step 3550/18145 | loss 3.0286 | lr_mult 0.9464 | tok/s 172059 | grad_norm 0.366
step 3560/18145 | loss 3.0333 | lr_mult 0.9460 | tok/s 172065 | grad_norm 0.355
step 3570/18145 | loss 3.0388 | lr_mult 0.9456 | tok/s 172072 | grad_norm 0.362
step 3580/18145 | loss 3.0054 | lr_mult 0.9452 | tok/s 172078 | grad_norm 0.383
step 3590/18145 | loss 3.0143 | lr_mult 0.9447 | tok/s 172084 | grad_norm 0.305
step 3600/18145 | loss 3.0171 | lr_mult 0.9443 | tok/s 172090 | grad_norm 0.432
step 3610/18145 | loss 3.0264 | lr_mult 0.9439 | tok/s 172096 | grad_norm 0.349
step 3620/18145 | loss 3.0334 | lr_mult 0.9435 | tok/s 172101 | grad_norm 0.362
step 3630/18145 | loss 3.0418 | lr_mult 0.9431 | tok/s 172107 | grad_norm 0.374
step 3640/18145 | loss 3.0554 | lr_mult 0.9426 | tok/s 172113 | grad_norm 0.350
step 3650/18145 | loss 3.0163 | lr_mult 0.9422 | tok/s 172119 | grad_norm 0.335
step 3660/18145 | loss 3.0181 | lr_mult 0.9418 | tok/s 172125 | grad_norm 0.434
step 3670/18145 | loss 3.0297 | lr_mult 0.9413 | tok/s 172131 | grad_norm 0.332
step 3680/18145 | loss 3.0244 | lr_mult 0.9409 | tok/s 172137 | grad_norm 0.386
step 3690/18145 | loss 3.0346 | lr_mult 0.9405 | tok/s 172142 | grad_norm 0.382
step 3700/18145 | loss 3.0058 | lr_mult 0.9400 | tok/s 172148 | grad_norm 0.348
step 3710/18145 | loss 3.0101 | lr_mult 0.9396 | tok/s 172154 | grad_norm 0.301
step 3720/18145 | loss 3.0164 | lr_mult 0.9392 | tok/s 172160 | grad_norm 0.464
step 3730/18145 | loss 3.0160 | lr_mult 0.9387 | tok/s 172165 | grad_norm 0.377
step 3740/18145 | loss 3.0088 | lr_mult 0.9383 | tok/s 172171 | grad_norm 0.332
step 3750/18145 | loss 3.0096 | lr_mult 0.9379 | tok/s 172176 | grad_norm 0.347
step 3760/18145 | loss 3.0208 | lr_mult 0.9374 | tok/s 172182 | grad_norm 0.372
step 3770/18145 | loss 3.0180 | lr_mult 0.9370 | tok/s 172187 | grad_norm 0.305
step 3780/18145 | loss 3.0008 | lr_mult 0.9365 | tok/s 172193 | grad_norm 0.336
step 3790/18145 | loss 3.0157 | lr_mult 0.9361 | tok/s 172198 | grad_norm 0.428
step 3800/18145 | loss 3.0047 | lr_mult 0.9356 | tok/s 172204 | grad_norm 0.365
step 3810/18145 | loss 3.0106 | lr_mult 0.9352 | tok/s 172209 | grad_norm 0.423
step 3820/18145 | loss 2.9988 | lr_mult 0.9347 | tok/s 172215 | grad_norm 0.320
step 3830/18145 | loss 3.0174 | lr_mult 0.9343 | tok/s 172220 | grad_norm 0.358
step 3840/18145 | loss 3.0255 | lr_mult 0.9338 | tok/s 172225 | grad_norm 0.367
step 3850/18145 | loss 3.0004 | lr_mult 0.9334 | tok/s 172231 | grad_norm 0.378
step 3860/18145 | loss 3.0086 | lr_mult 0.9329 | tok/s 172236 | grad_norm 0.402
step 3870/18145 | loss 3.0141 | lr_mult 0.9324 | tok/s 172241 | grad_norm 0.357
step 3880/18145 | loss 3.0008 | lr_mult 0.9320 | tok/s 172247 | grad_norm 0.364
step 3890/18145 | loss 2.9958 | lr_mult 0.9315 | tok/s 172252 | grad_norm 0.340
step 3900/18145 | loss 2.9990 | lr_mult 0.9311 | tok/s 172257 | grad_norm 0.380
step 3910/18145 | loss 3.0130 | lr_mult 0.9306 | tok/s 172262 | grad_norm 0.359
step 3920/18145 | loss 2.9897 | lr_mult 0.9301 | tok/s 172267 | grad_norm 0.371
step 3930/18145 | loss 3.0078 | lr_mult 0.9297 | tok/s 172272 | grad_norm 0.319
step 3940/18145 | loss 2.9983 | lr_mult 0.9292 | tok/s 172277 | grad_norm 0.319
step 3950/18145 | loss 3.0370 | lr_mult 0.9287 | tok/s 172282 | grad_norm 0.308
step 3960/18145 | loss 3.0080 | lr_mult 0.9282 | tok/s 172287 | grad_norm 0.377
step 3970/18145 | loss 2.9939 | lr_mult 0.9278 | tok/s 172292 | grad_norm 0.335
step 3980/18145 | loss 2.9970 | lr_mult 0.9273 | tok/s 172297 | grad_norm 0.372
step 3990/18145 | loss 3.0048 | lr_mult 0.9268 | tok/s 172302 | grad_norm 0.373
step 4000/18145 | loss 3.0112 | lr_mult 0.9263 | tok/s 172307 | grad_norm 0.375
step 4000/18145 | val_loss 2.9999
step 4010/18145 | loss 3.0133 | lr_mult 0.9259 | tok/s 172128 | grad_norm 0.331
step 4020/18145 | loss 2.9814 | lr_mult 0.9254 | tok/s 172134 | grad_norm 0.331
step 4030/18145 | loss 3.0158 | lr_mult 0.9249 | tok/s 172139 | grad_norm 0.330
step 4040/18145 | loss 2.9713 | lr_mult 0.9244 | tok/s 172145 | grad_norm 0.326
step 4050/18145 | loss 3.0080 | lr_mult 0.9239 | tok/s 172150 | grad_norm 0.316
step 4060/18145 | loss 2.9939 | lr_mult 0.9234 | tok/s 172156 | grad_norm 0.353
step 4070/18145 | loss 2.9890 | lr_mult 0.9230 | tok/s 172161 | grad_norm 0.338
step 4080/18145 | loss 2.9992 | lr_mult 0.9225 | tok/s 172166 | grad_norm 0.315
step 4090/18145 | loss 3.0070 | lr_mult 0.9220 | tok/s 172171 | grad_norm 0.334
step 4100/18145 | loss 2.9863 | lr_mult 0.9215 | tok/s 172177 | grad_norm 0.283
step 4110/18145 | loss 2.9817 | lr_mult 0.9210 | tok/s 172182 | grad_norm 0.330
step 4120/18145 | loss 2.9815 | lr_mult 0.9205 | tok/s 172187 | grad_norm 0.337
step 4130/18145 | loss 3.0003 | lr_mult 0.9200 | tok/s 172192 | grad_norm 0.311
step 4140/18145 | loss 2.9664 | lr_mult 0.9195 | tok/s 172197 | grad_norm 0.355
step 4150/18145 | loss 3.0102 | lr_mult 0.9190 | tok/s 172202 | grad_norm 0.366
step 4160/18145 | loss 2.9738 | lr_mult 0.9185 | tok/s 172207 | grad_norm 0.370
step 4170/18145 | loss 2.9924 | lr_mult 0.9180 | tok/s 172212 | grad_norm 0.365
step 4180/18145 | loss 2.9774 | lr_mult 0.9175 | tok/s 172218 | grad_norm 0.360
step 4190/18145 | loss 3.0040 | lr_mult 0.9170 | tok/s 172223 | grad_norm 0.349
step 4200/18145 | loss 3.0111 | lr_mult 0.9165 | tok/s 172228 | grad_norm 0.286
step 4210/18145 | loss 2.9845 | lr_mult 0.9160 | tok/s 172233 | grad_norm 0.287
step 4220/18145 | loss 2.9776 | lr_mult 0.9155 | tok/s 172237 | grad_norm 0.305
step 4230/18145 | loss 3.0032 | lr_mult 0.9150 | tok/s 172242 | grad_norm 0.306
step 4240/18145 | loss 3.0082 | lr_mult 0.9144 | tok/s 172247 | grad_norm 0.306
step 4250/18145 | loss 2.9743 | lr_mult 0.9139 | tok/s 172252 | grad_norm 0.311
step 4260/18145 | loss 2.9707 | lr_mult 0.9134 | tok/s 172257 | grad_norm 0.341
step 4270/18145 | loss 2.9859 | lr_mult 0.9129 | tok/s 172262 | grad_norm 0.329
step 4280/18145 | loss 2.9980 | lr_mult 0.9124 | tok/s 172267 | grad_norm 0.336
step 4290/18145 | loss 2.9719 | lr_mult 0.9119 | tok/s 172272 | grad_norm 0.340
step 4300/18145 | loss 2.9886 | lr_mult 0.9113 | tok/s 172276 | grad_norm 0.291
step 4310/18145 | loss 2.9698 | lr_mult 0.9108 | tok/s 172281 | grad_norm 0.300
step 4320/18145 | loss 2.9819 | lr_mult 0.9103 | tok/s 172286 | grad_norm 0.306
step 4330/18145 | loss 3.0019 | lr_mult 0.9098 | tok/s 172291 | grad_norm 0.332
step 4340/18145 | loss 2.9852 | lr_mult 0.9092 | tok/s 172295 | grad_norm 0.292
step 4350/18145 | loss 2.9922 | lr_mult 0.9087 | tok/s 172300 | grad_norm 0.301
step 4360/18145 | loss 2.9764 | lr_mult 0.9082 | tok/s 172305 | grad_norm 0.322
step 4370/18145 | loss 2.9814 | lr_mult 0.9077 | tok/s 172309 | grad_norm 0.267
step 4380/18145 | loss 2.9948 | lr_mult 0.9071 | tok/s 172314 | grad_norm 0.310
step 4390/18145 | loss 2.9762 | lr_mult 0.9066 | tok/s 172319 | grad_norm 0.290
step 4400/18145 | loss 2.9897 | lr_mult 0.9061 | tok/s 172323 | grad_norm 0.293
step 4410/18145 | loss 2.9945 | lr_mult 0.9055 | tok/s 172328 | grad_norm 0.342
step 4420/18145 | loss 2.9592 | lr_mult 0.9050 | tok/s 172332 | grad_norm 0.317
step 4430/18145 | loss 2.9837 | lr_mult 0.9045 | tok/s 172337 | grad_norm 0.332
step 4440/18145 | loss 2.9730 | lr_mult 0.9039 | tok/s 172341 | grad_norm 0.313
step 4450/18145 | loss 2.9624 | lr_mult 0.9034 | tok/s 172346 | grad_norm 0.316
step 4460/18145 | loss 2.9639 | lr_mult 0.9028 | tok/s 172350 | grad_norm 0.308
step 4470/18145 | loss 2.9664 | lr_mult 0.9023 | tok/s 172355 | grad_norm 0.315
step 4480/18145 | loss 2.9889 | lr_mult 0.9017 | tok/s 172359 | grad_norm 0.284
step 4490/18145 | loss 2.9728 | lr_mult 0.9012 | tok/s 172364 | grad_norm 0.307
step 4500/18145 | loss 2.9805 | lr_mult 0.9007 | tok/s 172368 | grad_norm 0.334
step 4500/18145 | val_loss 2.9741
step 4510/18145 | loss 3.0095 | lr_mult 0.9001 | tok/s 172209 | grad_norm 0.373
step 4520/18145 | loss 2.9722 | lr_mult 0.8996 | tok/s 172214 | grad_norm 0.285
step 4530/18145 | loss 2.9756 | lr_mult 0.8990 | tok/s 172219 | grad_norm 0.276
step 4540/18145 | loss 2.9804 | lr_mult 0.8984 | tok/s 172225 | grad_norm 0.291
step 4550/18145 | loss 2.9723 | lr_mult 0.8979 | tok/s 172230 | grad_norm 0.295
step 4560/18145 | loss 2.9693 | lr_mult 0.8973 | tok/s 172235 | grad_norm 0.315
step 4570/18145 | loss 2.9684 | lr_mult 0.8968 | tok/s 172241 | grad_norm 0.320
step 4580/18145 | loss 2.9629 | lr_mult 0.8962 | tok/s 172246 | grad_norm 0.251
step 4590/18145 | loss 2.9873 | lr_mult 0.8957 | tok/s 172251 | grad_norm 0.281
step 4600/18145 | loss 2.9509 | lr_mult 0.8951 | tok/s 172256 | grad_norm 0.293
step 4610/18145 | loss 2.9784 | lr_mult 0.8945 | tok/s 172261 | grad_norm 0.274
step 4620/18145 | loss 2.9716 | lr_mult 0.8940 | tok/s 172266 | grad_norm 0.321
step 4630/18145 | loss 2.9565 | lr_mult 0.8934 | tok/s 172271 | grad_norm 0.334
step 4640/18145 | loss 2.9865 | lr_mult 0.8928 | tok/s 172277 | grad_norm 0.280
step 4650/18145 | loss 2.9698 | lr_mult 0.8923 | tok/s 172282 | grad_norm 0.304
step 4660/18145 | loss 2.9776 | lr_mult 0.8917 | tok/s 172287 | grad_norm 0.313
step 4670/18145 | loss 2.9621 | lr_mult 0.8911 | tok/s 172292 | grad_norm 0.289
step 4680/18145 | loss 2.9958 | lr_mult 0.8906 | tok/s 172297 | grad_norm 0.301
step 4690/18145 | loss 2.9860 | lr_mult 0.8900 | tok/s 172302 | grad_norm 0.334
step 4700/18145 | loss 2.9419 | lr_mult 0.8894 | tok/s 172307 | grad_norm 0.325
step 4710/18145 | loss 2.9696 | lr_mult 0.8888 | tok/s 172311 | grad_norm 0.326
step 4720/18145 | loss 3.0028 | lr_mult 0.8883 | tok/s 172316 | grad_norm 0.258
step 4730/18145 | loss 2.9697 | lr_mult 0.8877 | tok/s 172321 | grad_norm 0.271
step 4740/18145 | loss 2.9825 | lr_mult 0.8871 | tok/s 172326 | grad_norm 0.313
step 4750/18145 | loss 2.9779 | lr_mult 0.8865 | tok/s 172331 | grad_norm 0.341
step 4760/18145 | loss 2.9570 | lr_mult 0.8860 | tok/s 172336 | grad_norm 0.311
step 4770/18145 | loss 2.9803 | lr_mult 0.8854 | tok/s 172340 | grad_norm 0.301
step 4780/18145 | loss 2.9605 | lr_mult 0.8848 | tok/s 172345 | grad_norm 0.290
step 4790/18145 | loss 2.9853 | lr_mult 0.8842 | tok/s 172350 | grad_norm 0.289
step 4800/18145 | loss 2.9643 | lr_mult 0.8836 | tok/s 172355 | grad_norm 0.280
step 4810/18145 | loss 2.9484 | lr_mult 0.8830 | tok/s 172359 | grad_norm 0.330
step 4820/18145 | loss 2.9593 | lr_mult 0.8824 | tok/s 172364 | grad_norm 0.354
step 4830/18145 | loss 2.9470 | lr_mult 0.8818 | tok/s 172369 | grad_norm 0.301
step 4840/18145 | loss 2.9529 | lr_mult 0.8812 | tok/s 172374 | grad_norm 0.253
step 4850/18145 | loss 2.9799 | lr_mult 0.8807 | tok/s 172378 | grad_norm 0.284
step 4860/18145 | loss 2.9747 | lr_mult 0.8801 | tok/s 172383 | grad_norm 0.288
step 4870/18145 | loss 2.9579 | lr_mult 0.8795 | tok/s 172388 | grad_norm 0.369
step 4880/18145 | loss 2.9705 | lr_mult 0.8789 | tok/s 172392 | grad_norm 0.271
step 4890/18145 | loss 2.9643 | lr_mult 0.8783 | tok/s 172397 | grad_norm 0.321
step 4900/18145 | loss 2.9735 | lr_mult 0.8777 | tok/s 172402 | grad_norm 0.278
step 4910/18145 | loss 2.9732 | lr_mult 0.8771 | tok/s 172406 | grad_norm 0.264
step 4920/18145 | loss 2.9803 | lr_mult 0.8765 | tok/s 172411 | grad_norm 0.252
step 4930/18145 | loss 2.9774 | lr_mult 0.8759 | tok/s 172415 | grad_norm 0.271
step 4940/18145 | loss 2.9368 | lr_mult 0.8753 | tok/s 172420 | grad_norm 0.279
step 4950/18145 | loss 2.9462 | lr_mult 0.8747 | tok/s 172425 | grad_norm 0.316
step 4960/18145 | loss 2.9719 | lr_mult 0.8740 | tok/s 172429 | grad_norm 0.302
step 4970/18145 | loss 2.9601 | lr_mult 0.8734 | tok/s 172434 | grad_norm 0.330
step 4980/18145 | loss 2.9533 | lr_mult 0.8728 | tok/s 172438 | grad_norm 0.287
step 4990/18145 | loss 2.9494 | lr_mult 0.8722 | tok/s 172442 | grad_norm 0.281
step 5000/18145 | loss 2.9711 | lr_mult 0.8716 | tok/s 172447 | grad_norm 0.245
step 5000/18145 | val_loss 2.9489
step 5010/18145 | loss 2.9478 | lr_mult 0.8710 | tok/s 172303 | grad_norm 0.252
step 5020/18145 | loss 2.9542 | lr_mult 0.8704 | tok/s 172307 | grad_norm 0.257
step 5030/18145 | loss 2.9543 | lr_mult 0.8698 | tok/s 172311 | grad_norm 0.284
step 5040/18145 | loss 2.9393 | lr_mult 0.8691 | tok/s 172315 | grad_norm 0.262
step 5050/18145 | loss 2.9364 | lr_mult 0.8685 | tok/s 172319 | grad_norm 0.297
step 5060/18145 | loss 2.9313 | lr_mult 0.8679 | tok/s 172323 | grad_norm 0.252
step 5070/18145 | loss 2.9477 | lr_mult 0.8673 | tok/s 172327 | grad_norm 0.282
step 5080/18145 | loss 2.9320 | lr_mult 0.8667 | tok/s 172331 | grad_norm 0.260
step 5090/18145 | loss 2.9549 | lr_mult 0.8660 | tok/s 172335 | grad_norm 0.354
step 5100/18145 | loss 2.9204 | lr_mult 0.8654 | tok/s 172339 | grad_norm 0.245
step 5110/18145 | loss 2.9516 | lr_mult 0.8648 | tok/s 172343 | grad_norm 0.253
step 5120/18145 | loss 2.9417 | lr_mult 0.8642 | tok/s 172347 | grad_norm 0.273
step 5130/18145 | loss 2.9495 | lr_mult 0.8635 | tok/s 172350 | grad_norm 0.291
step 5140/18145 | loss 2.9559 | lr_mult 0.8629 | tok/s 172354 | grad_norm 0.252
step 5150/18145 | loss 2.9285 | lr_mult 0.8623 | tok/s 172358 | grad_norm 0.294
step 5160/18145 | loss 2.9360 | lr_mult 0.8616 | tok/s 172362 | grad_norm 0.296
step 5170/18145 | loss 2.9216 | lr_mult 0.8610 | tok/s 172366 | grad_norm 0.266
step 5180/18145 | loss 2.9642 | lr_mult 0.8604 | tok/s 172370 | grad_norm 0.244
step 5190/18145 | loss 2.9467 | lr_mult 0.8597 | tok/s 172374 | grad_norm 0.272
step 5200/18145 | loss 2.9452 | lr_mult 0.8591 | tok/s 172377 | grad_norm 0.250
step 5210/18145 | loss 2.9339 | lr_mult 0.8585 | tok/s 172381 | grad_norm 0.244
step 5220/18145 | loss 2.9367 | lr_mult 0.8578 | tok/s 172385 | grad_norm 0.363
step 5230/18145 | loss 2.9301 | lr_mult 0.8572 | tok/s 172389 | grad_norm 0.301
step 5240/18145 | loss 2.9480 | lr_mult 0.8565 | tok/s 172392 | grad_norm 0.283
step 5250/18145 | loss 2.9525 | lr_mult 0.8559 | tok/s 172396 | grad_norm 0.286
step 5260/18145 | loss 2.9285 | lr_mult 0.8552 | tok/s 172400 | grad_norm 0.255
step 5270/18145 | loss 2.9281 | lr_mult 0.8546 | tok/s 172403 | grad_norm 0.288
step 5280/18145 | loss 2.9610 | lr_mult 0.8540 | tok/s 172407 | grad_norm 0.307
step 5290/18145 | loss 2.9483 | lr_mult 0.8533 | tok/s 172411 | grad_norm 0.262
step 5300/18145 | loss 2.9531 | lr_mult 0.8527 | tok/s 172414 | grad_norm 0.240
step 5310/18145 | loss 2.9253 | lr_mult 0.8520 | tok/s 172418 | grad_norm 0.241
step 5320/18145 | loss 2.9445 | lr_mult 0.8514 | tok/s 172422 | grad_norm 0.229
step 5330/18145 | loss 2.9454 | lr_mult 0.8507 | tok/s 172425 | grad_norm 0.250
step 5340/18145 | loss 2.9259 | lr_mult 0.8501 | tok/s 172429 | grad_norm 0.271
step 5350/18145 | loss 2.9324 | lr_mult 0.8494 | tok/s 172432 | grad_norm 0.302
step 5360/18145 | loss 2.9431 | lr_mult 0.8487 | tok/s 172436 | grad_norm 0.268
step 5370/18145 | loss 2.9373 | lr_mult 0.8481 | tok/s 172439 | grad_norm 0.251
step 5380/18145 | loss 2.9758 | lr_mult 0.8474 | tok/s 172443 | grad_norm 0.238
step 5390/18145 | loss 2.9608 | lr_mult 0.8468 | tok/s 172446 | grad_norm 0.267
step 5400/18145 | loss 2.9258 | lr_mult 0.8461 | tok/s 172450 | grad_norm 0.273
step 5410/18145 | loss 2.9475 | lr_mult 0.8454 | tok/s 172453 | grad_norm 0.242
step 5420/18145 | loss 2.9376 | lr_mult 0.8448 | tok/s 172457 | grad_norm 0.261
step 5430/18145 | loss 2.9179 | lr_mult 0.8441 | tok/s 172460 | grad_norm 0.294
step 5440/18145 | loss 2.9318 | lr_mult 0.8435 | tok/s 172464 | grad_norm 0.287
step 5450/18145 | loss 2.9144 | lr_mult 0.8428 | tok/s 172467 | grad_norm 0.287
step 5460/18145 | loss 2.9317 | lr_mult 0.8421 | tok/s 172471 | grad_norm 0.238
step 5470/18145 | loss 2.9415 | lr_mult 0.8415 | tok/s 172474 | grad_norm 0.240
step 5480/18145 | loss 2.9340 | lr_mult 0.8408 | tok/s 172478 | grad_norm 0.273
step 5490/18145 | loss 2.9333 | lr_mult 0.8401 | tok/s 172481 | grad_norm 0.280
step 5500/18145 | loss 2.9535 | lr_mult 0.8394 | tok/s 172484 | grad_norm 0.252
step 5500/18145 | val_loss 2.9284
step 5510/18145 | loss 2.9405 | lr_mult 0.8388 | tok/s 172354 | grad_norm 0.232
step 5520/18145 | loss 2.9122 | lr_mult 0.8381 | tok/s 172357 | grad_norm 0.237
step 5530/18145 | loss 2.9321 | lr_mult 0.8374 | tok/s 172361 | grad_norm 0.233
step 5540/18145 | loss 2.9286 | lr_mult 0.8367 | tok/s 172365 | grad_norm 0.263
step 5550/18145 | loss 2.9006 | lr_mult 0.8361 | tok/s 172368 | grad_norm 0.248
step 5560/18145 | loss 2.9145 | lr_mult 0.8354 | tok/s 172372 | grad_norm 0.301
step 5570/18145 | loss 2.9129 | lr_mult 0.8347 | tok/s 172376 | grad_norm 0.285
step 5580/18145 | loss 2.9507 | lr_mult 0.8340 | tok/s 172380 | grad_norm 0.251
step 5590/18145 | loss 2.8906 | lr_mult 0.8333 | tok/s 172383 | grad_norm 0.243
step 5600/18145 | loss 2.9033 | lr_mult 0.8327 | tok/s 172387 | grad_norm 0.249
step 5610/18145 | loss 2.9217 | lr_mult 0.8320 | tok/s 172391 | grad_norm 0.257
step 5620/18145 | loss 2.9332 | lr_mult 0.8313 | tok/s 172394 | grad_norm 0.258
step 5630/18145 | loss 2.9290 | lr_mult 0.8306 | tok/s 172398 | grad_norm 0.263
step 5640/18145 | loss 2.9424 | lr_mult 0.8299 | tok/s 172401 | grad_norm 0.236
step 5650/18145 | loss 2.9259 | lr_mult 0.8292 | tok/s 172405 | grad_norm 0.262
step 5660/18145 | loss 2.9277 | lr_mult 0.8285 | tok/s 172408 | grad_norm 0.277
step 5670/18145 | loss 2.9064 | lr_mult 0.8278 | tok/s 172411 | grad_norm 0.250
step 5680/18145 | loss 2.9169 | lr_mult 0.8271 | tok/s 172415 | grad_norm 0.254
step 5690/18145 | loss 2.9031 | lr_mult 0.8265 | tok/s 172418 | grad_norm 0.262
step 5700/18145 | loss 2.9293 | lr_mult 0.8258 | tok/s 172422 | grad_norm 0.269
step 5710/18145 | loss 2.9297 | lr_mult 0.8251 | tok/s 172425 | grad_norm 0.271
step 5720/18145 | loss 2.9237 | lr_mult 0.8244 | tok/s 172428 | grad_norm 0.226
step 5730/18145 | loss 2.9236 | lr_mult 0.8237 | tok/s 172432 | grad_norm 0.268
step 5740/18145 | loss 2.9229 | lr_mult 0.8230 | tok/s 172435 | grad_norm 0.236
step 5750/18145 | loss 2.9222 | lr_mult 0.8223 | tok/s 172438 | grad_norm 0.256
step 5760/18145 | loss 2.9077 | lr_mult 0.8216 | tok/s 172442 | grad_norm 0.277
step 5770/18145 | loss 2.9345 | lr_mult 0.8209 | tok/s 172445 | grad_norm 0.254
step 5780/18145 | loss 2.9405 | lr_mult 0.8202 | tok/s 172448 | grad_norm 0.248
step 5790/18145 | loss 2.9176 | lr_mult 0.8195 | tok/s 172452 | grad_norm 0.263
step 5800/18145 | loss 2.9220 | lr_mult 0.8188 | tok/s 172455 | grad_norm 0.233
step 5810/18145 | loss 2.9319 | lr_mult 0.8180 | tok/s 172458 | grad_norm 0.250
step 5820/18145 | loss 2.9159 | lr_mult 0.8173 | tok/s 172462 | grad_norm 0.249
step 5830/18145 | loss 2.9193 | lr_mult 0.8166 | tok/s 172465 | grad_norm 0.284
step 5840/18145 | loss 2.9345 | lr_mult 0.8159 | tok/s 172468 | grad_norm 0.239
step 5850/18145 | loss 2.9142 | lr_mult 0.8152 | tok/s 172471 | grad_norm 0.254
step 5860/18145 | loss 2.9018 | lr_mult 0.8145 | tok/s 172475 | grad_norm 0.236
step 5870/18145 | loss 2.9106 | lr_mult 0.8138 | tok/s 172478 | grad_norm 0.231
step 5880/18145 | loss 2.9034 | lr_mult 0.8131 | tok/s 172481 | grad_norm 0.219
step 5890/18145 | loss 2.9504 | lr_mult 0.8124 | tok/s 172484 | grad_norm 0.245
step 5900/18145 | loss 2.9394 | lr_mult 0.8116 | tok/s 172487 | grad_norm 0.220
step 5910/18145 | loss 2.8972 | lr_mult 0.8109 | tok/s 172490 | grad_norm 0.220
step 5920/18145 | loss 2.9008 | lr_mult 0.8102 | tok/s 172494 | grad_norm 0.241
step 5930/18145 | loss 2.8950 | lr_mult 0.8095 | tok/s 172497 | grad_norm 0.261
step 5940/18145 | loss 2.9278 | lr_mult 0.8088 | tok/s 172500 | grad_norm 0.229
step 5950/18145 | loss 2.9168 | lr_mult 0.8080 | tok/s 172503 | grad_norm 0.217
step 5960/18145 | loss 2.9218 | lr_mult 0.8073 | tok/s 172506 | grad_norm 0.213
step 5970/18145 | loss 2.9139 | lr_mult 0.8066 | tok/s 172509 | grad_norm 0.270
step 5980/18145 | loss 2.9196 | lr_mult 0.8059 | tok/s 172512 | grad_norm 0.237
step 5990/18145 | loss 2.9151 | lr_mult 0.8052 | tok/s 172515 | grad_norm 0.241
step 6000/18145 | loss 2.9272 | lr_mult 0.8044 | tok/s 172519 | grad_norm 0.233
step 6000/18145 | val_loss 2.9085
step 6010/18145 | loss 2.9342 | lr_mult 0.8037 | tok/s 172398 | grad_norm 0.243
step 6020/18145 | loss 2.9387 | lr_mult 0.8030 | tok/s 172401 | grad_norm 0.245
step 6030/18145 | loss 2.8961 | lr_mult 0.8022 | tok/s 172405 | grad_norm 0.260
step 6040/18145 | loss 2.9086 | lr_mult 0.8015 | tok/s 172408 | grad_norm 0.241
step 6050/18145 | loss 2.8950 | lr_mult 0.8008 | tok/s 172411 | grad_norm 0.223
step 6060/18145 | loss 2.9100 | lr_mult 0.8000 | tok/s 172415 | grad_norm 0.237
step 6070/18145 | loss 2.9217 | lr_mult 0.7993 | tok/s 172418 | grad_norm 0.277
step 6080/18145 | loss 2.9105 | lr_mult 0.7986 | tok/s 172421 | grad_norm 0.218
step 6090/18145 | loss 2.8939 | lr_mult 0.7978 | tok/s 172424 | grad_norm 0.221
step 6100/18145 | loss 2.9043 | lr_mult 0.7971 | tok/s 172428 | grad_norm 0.249
step 6110/18145 | loss 2.8919 | lr_mult 0.7964 | tok/s 172431 | grad_norm 0.252
step 6120/18145 | loss 2.8930 | lr_mult 0.7956 | tok/s 172434 | grad_norm 0.226
step 6130/18145 | loss 2.9057 | lr_mult 0.7949 | tok/s 172437 | grad_norm 0.231
step 6140/18145 | loss 2.9036 | lr_mult 0.7942 | tok/s 172441 | grad_norm 0.255
step 6150/18145 | loss 2.9381 | lr_mult 0.7934 | tok/s 172444 | grad_norm 0.228
step 6160/18145 | loss 2.9013 | lr_mult 0.7927 | tok/s 172447 | grad_norm 0.233
step 6170/18145 | loss 2.8960 | lr_mult 0.7919 | tok/s 172450 | grad_norm 0.235
step 6180/18145 | loss 2.9179 | lr_mult 0.7912 | tok/s 172453 | grad_norm 0.239
step 6190/18145 | loss 2.9077 | lr_mult 0.7904 | tok/s 172457 | grad_norm 0.209
step 6200/18145 | loss 2.8903 | lr_mult 0.7897 | tok/s 172460 | grad_norm 0.185
step 6210/18145 | loss 2.9011 | lr_mult 0.7889 | tok/s 172463 | grad_norm 0.221
step 6220/18145 | loss 2.9082 | lr_mult 0.7882 | tok/s 172466 | grad_norm 0.263
step 6230/18145 | loss 2.8953 | lr_mult 0.7874 | tok/s 172469 | grad_norm 0.229
step 6240/18145 | loss 2.8883 | lr_mult 0.7867 | tok/s 172472 | grad_norm 0.215
step 6250/18145 | loss 2.9118 | lr_mult 0.7859 | tok/s 172475 | grad_norm 0.252
step 6260/18145 | loss 2.9084 | lr_mult 0.7852 | tok/s 172479 | grad_norm 0.217
step 6270/18145 | loss 2.9067 | lr_mult 0.7844 | tok/s 172482 | grad_norm 0.214
step 6280/18145 | loss 2.8953 | lr_mult 0.7837 | tok/s 172485 | grad_norm 0.219
step 6290/18145 | loss 2.8993 | lr_mult 0.7829 | tok/s 172488 | grad_norm 0.229
step 6300/18145 | loss 2.9072 | lr_mult 0.7822 | tok/s 172491 | grad_norm 0.229
step 6310/18145 | loss 2.8918 | lr_mult 0.7814 | tok/s 172494 | grad_norm 0.221
step 6320/18145 | loss 2.8998 | lr_mult 0.7807 | tok/s 172497 | grad_norm 0.212
step 6330/18145 | loss 2.9340 | lr_mult 0.7799 | tok/s 172500 | grad_norm 0.206
step 6340/18145 | loss 2.9015 | lr_mult 0.7791 | tok/s 172503 | grad_norm 0.208
step 6350/18145 | loss 2.9044 | lr_mult 0.7784 | tok/s 172506 | grad_norm 0.229
step 6360/18145 | loss 2.8989 | lr_mult 0.7776 | tok/s 172509 | grad_norm 0.235
step 6370/18145 | loss 2.8799 | lr_mult 0.7769 | tok/s 172512 | grad_norm 0.252
step 6380/18145 | loss 2.8844 | lr_mult 0.7761 | tok/s 172515 | grad_norm 0.238
step 6390/18145 | loss 2.9058 | lr_mult 0.7753 | tok/s 172518 | grad_norm 0.242
step 6400/18145 | loss 2.8834 | lr_mult 0.7746 | tok/s 172521 | grad_norm 0.250
step 6410/18145 | loss 2.8756 | lr_mult 0.7738 | tok/s 172524 | grad_norm 0.226
step 6420/18145 | loss 2.9135 | lr_mult 0.7730 | tok/s 172527 | grad_norm 0.213
step 6430/18145 | loss 2.8917 | lr_mult 0.7723 | tok/s 172530 | grad_norm 0.220
step 6440/18145 | loss 2.8767 | lr_mult 0.7715 | tok/s 172533 | grad_norm 0.267
step 6450/18145 | loss 2.9007 | lr_mult 0.7707 | tok/s 172536 | grad_norm 0.201
step 6460/18145 | loss 2.9082 | lr_mult 0.7700 | tok/s 172539 | grad_norm 0.221
step 6470/18145 | loss 2.8946 | lr_mult 0.7692 | tok/s 172542 | grad_norm 0.213
step 6480/18145 | loss 2.8938 | lr_mult 0.7684 | tok/s 172545 | grad_norm 0.207
step 6490/18145 | loss 2.8845 | lr_mult 0.7676 | tok/s 172548 | grad_norm 0.221
step 6500/18145 | loss 2.8974 | lr_mult 0.7669 | tok/s 172551 | grad_norm 0.196
step 6500/18145 | val_loss 2.8908
step 6510/18145 | loss 2.8980 | lr_mult 0.7661 | tok/s 172440 | grad_norm 0.244
step 6520/18145 | loss 2.9037 | lr_mult 0.7653 | tok/s 172443 | grad_norm 0.238
step 6530/18145 | loss 2.8921 | lr_mult 0.7645 | tok/s 172446 | grad_norm 0.194
step 6540/18145 | loss 2.8897 | lr_mult 0.7638 | tok/s 172450 | grad_norm 0.217
step 6550/18145 | loss 2.9132 | lr_mult 0.7630 | tok/s 172453 | grad_norm 0.244
step 6560/18145 | loss 2.8775 | lr_mult 0.7622 | tok/s 172457 | grad_norm 0.241
step 6570/18145 | loss 2.8737 | lr_mult 0.7614 | tok/s 172460 | grad_norm 0.219
step 6580/18145 | loss 2.8948 | lr_mult 0.7606 | tok/s 172464 | grad_norm 0.233
step 6590/18145 | loss 2.8829 | lr_mult 0.7599 | tok/s 172467 | grad_norm 0.232
step 6600/18145 | loss 2.8849 | lr_mult 0.7591 | tok/s 172471 | grad_norm 0.246
step 6610/18145 | loss 2.8891 | lr_mult 0.7583 | tok/s 172474 | grad_norm 0.213
step 6620/18145 | loss 2.8687 | lr_mult 0.7575 | tok/s 172477 | grad_norm 0.216
step 6630/18145 | loss 2.8958 | lr_mult 0.7567 | tok/s 172481 | grad_norm 0.213
step 6640/18145 | loss 2.8790 | lr_mult 0.7559 | tok/s 172484 | grad_norm 0.255
step 6650/18145 | loss 2.8675 | lr_mult 0.7551 | tok/s 172488 | grad_norm 0.223
step 6660/18145 | loss 2.8927 | lr_mult 0.7544 | tok/s 172491 | grad_norm 0.193
step 6670/18145 | loss 2.8672 | lr_mult 0.7536 | tok/s 172494 | grad_norm 0.209
step 6680/18145 | loss 2.8726 | lr_mult 0.7528 | tok/s 172498 | grad_norm 0.236
step 6690/18145 | loss 2.8627 | lr_mult 0.7520 | tok/s 172501 | grad_norm 0.235
step 6700/18145 | loss 2.8784 | lr_mult 0.7512 | tok/s 172504 | grad_norm 0.231
step 6710/18145 | loss 2.9064 | lr_mult 0.7504 | tok/s 172508 | grad_norm 0.198
step 6720/18145 | loss 2.8928 | lr_mult 0.7496 | tok/s 172511 | grad_norm 0.202
step 6730/18145 | loss 2.8798 | lr_mult 0.7488 | tok/s 172514 | grad_norm 0.215
step 6740/18145 | loss 2.9080 | lr_mult 0.7480 | tok/s 172518 | grad_norm 0.209
step 6750/18145 | loss 2.8660 | lr_mult 0.7472 | tok/s 172521 | grad_norm 0.225
step 6760/18145 | loss 2.8918 | lr_mult 0.7464 | tok/s 172524 | grad_norm 0.243
step 6770/18145 | loss 2.8970 | lr_mult 0.7456 | tok/s 172527 | grad_norm 0.227
step 6780/18145 | loss 2.8708 | lr_mult 0.7448 | tok/s 172530 | grad_norm 0.216
step 6790/18145 | loss 2.8807 | lr_mult 0.7440 | tok/s 172534 | grad_norm 0.207
step 6800/18145 | loss 2.8961 | lr_mult 0.7432 | tok/s 172537 | grad_norm 0.217
step 6810/18145 | loss 2.8847 | lr_mult 0.7424 | tok/s 172540 | grad_norm 0.230
step 6820/18145 | loss 2.8755 | lr_mult 0.7416 | tok/s 172543 | grad_norm 0.206
step 6830/18145 | loss 2.9006 | lr_mult 0.7408 | tok/s 172547 | grad_norm 0.234
step 6840/18145 | loss 2.8750 | lr_mult 0.7400 | tok/s 172550 | grad_norm 0.248
step 6850/18145 | loss 2.8690 | lr_mult 0.7392 | tok/s 172553 | grad_norm 0.198
step 6860/18145 | loss 2.8620 | lr_mult 0.7384 | tok/s 172556 | grad_norm 0.205
step 6870/18145 | loss 2.8603 | lr_mult 0.7376 | tok/s 172559 | grad_norm 0.223
step 6880/18145 | loss 2.8706 | lr_mult 0.7368 | tok/s 172562 | grad_norm 0.203
step 6890/18145 | loss 2.8953 | lr_mult 0.7360 | tok/s 172566 | grad_norm 0.216
step 6900/18145 | loss 2.8839 | lr_mult 0.7352 | tok/s 172569 | grad_norm 0.231
step 6910/18145 | loss 2.8558 | lr_mult 0.7344 | tok/s 172572 | grad_norm 0.199
step 6920/18145 | loss 2.8842 | lr_mult 0.7336 | tok/s 172575 | grad_norm 0.196
step 6930/18145 | loss 2.8719 | lr_mult 0.7328 | tok/s 172578 | grad_norm 0.212
step 6940/18145 | loss 2.8677 | lr_mult 0.7319 | tok/s 172581 | grad_norm 0.201
step 6950/18145 | loss 2.8673 | lr_mult 0.7311 | tok/s 172584 | grad_norm 0.240
step 6960/18145 | loss 2.8816 | lr_mult 0.7303 | tok/s 172587 | grad_norm 0.214
step 6970/18145 | loss 2.8976 | lr_mult 0.7295 | tok/s 172591 | grad_norm 0.190
step 6980/18145 | loss 2.8787 | lr_mult 0.7287 | tok/s 172594 | grad_norm 0.218
step 6990/18145 | loss 2.8546 | lr_mult 0.7279 | tok/s 172597 | grad_norm 0.193
step 7000/18145 | loss 2.8632 | lr_mult 0.7271 | tok/s 172600 | grad_norm 0.226
step 7000/18145 | val_loss 2.8748
step 7010/18145 | loss 2.8617 | lr_mult 0.7262 | tok/s 172497 | grad_norm 0.194
step 7020/18145 | loss 2.8750 | lr_mult 0.7254 | tok/s 172500 | grad_norm 0.228
step 7030/18145 | loss 2.8935 | lr_mult 0.7246 | tok/s 172502 | grad_norm 0.212
step 7040/18145 | loss 2.8745 | lr_mult 0.7238 | tok/s 172505 | grad_norm 0.194
step 7050/18145 | loss 2.9078 | lr_mult 0.7230 | tok/s 172508 | grad_norm 0.190
step 7060/18145 | loss 2.8786 | lr_mult 0.7221 | tok/s 172511 | grad_norm 0.209
step 7070/18145 | loss 2.8741 | lr_mult 0.7213 | tok/s 172514 | grad_norm 0.206
step 7080/18145 | loss 2.8760 | lr_mult 0.7205 | tok/s 172517 | grad_norm 0.218
step 7090/18145 | loss 2.8728 | lr_mult 0.7197 | tok/s 172520 | grad_norm 0.197
step 7100/18145 | loss 2.8823 | lr_mult 0.7189 | tok/s 172522 | grad_norm 0.192
step 7110/18145 | loss 2.8586 | lr_mult 0.7180 | tok/s 172525 | grad_norm 0.199
step 7120/18145 | loss 2.8585 | lr_mult 0.7172 | tok/s 172528 | grad_norm 0.222
step 7130/18145 | loss 2.8780 | lr_mult 0.7164 | tok/s 172530 | grad_norm 0.215
step 7140/18145 | loss 2.8702 | lr_mult 0.7156 | tok/s 172533 | grad_norm 0.216
step 7150/18145 | loss 2.8653 | lr_mult 0.7147 | tok/s 172535 | grad_norm 0.209
step 7160/18145 | loss 2.8902 | lr_mult 0.7139 | tok/s 172538 | grad_norm 0.225
step 7170/18145 | loss 2.8638 | lr_mult 0.7131 | tok/s 172541 | grad_norm 0.204
step 7180/18145 | loss 2.8626 | lr_mult 0.7122 | tok/s 172543 | grad_norm 0.252
step 7190/18145 | loss 2.8638 | lr_mult 0.7114 | tok/s 172546 | grad_norm 0.218
step 7200/18145 | loss 2.8508 | lr_mult 0.7106 | tok/s 172548 | grad_norm 0.192
step 7210/18145 | loss 2.8834 | lr_mult 0.7098 | tok/s 172551 | grad_norm 0.216
step 7220/18145 | loss 2.8541 | lr_mult 0.7089 | tok/s 172553 | grad_norm 0.209
step 7230/18145 | loss 2.8346 | lr_mult 0.7081 | tok/s 172556 | grad_norm 0.190
step 7240/18145 | loss 2.8731 | lr_mult 0.7073 | tok/s 172559 | grad_norm 0.220
step 7250/18145 | loss 2.8512 | lr_mult 0.7064 | tok/s 172561 | grad_norm 0.203
step 7260/18145 | loss 2.8855 | lr_mult 0.7056 | tok/s 172564 | grad_norm 0.217
step 7270/18145 | loss 2.8523 | lr_mult 0.7047 | tok/s 172566 | grad_norm 0.212
step 7280/18145 | loss 2.8689 | lr_mult 0.7039 | tok/s 172569 | grad_norm 0.191
step 7290/18145 | loss 2.8759 | lr_mult 0.7031 | tok/s 172571 | grad_norm 0.211
step 7300/18145 | loss 2.8669 | lr_mult 0.7022 | tok/s 172574 | grad_norm 0.197
step 7310/18145 | loss 2.8426 | lr_mult 0.7014 | tok/s 172576 | grad_norm 0.196
step 7320/18145 | loss 2.8696 | lr_mult 0.7006 | tok/s 172579 | grad_norm 0.193
step 7330/18145 | loss 2.8876 | lr_mult 0.6997 | tok/s 172581 | grad_norm 0.205
step 7340/18145 | loss 2.8595 | lr_mult 0.6989 | tok/s 172584 | grad_norm 0.217
step 7350/18145 | loss 2.8521 | lr_mult 0.6980 | tok/s 172586 | grad_norm 0.203
step 7360/18145 | loss 2.8703 | lr_mult 0.6972 | tok/s 172588 | grad_norm 0.215
step 7370/18145 | loss 2.8615 | lr_mult 0.6964 | tok/s 172591 | grad_norm 0.190
step 7380/18145 | loss 2.8768 | lr_mult 0.6955 | tok/s 172593 | grad_norm 0.214
step 7390/18145 | loss 2.8359 | lr_mult 0.6947 | tok/s 172596 | grad_norm 0.219
step 7400/18145 | loss 2.8829 | lr_mult 0.6938 | tok/s 172598 | grad_norm 0.210
step 7410/18145 | loss 2.8459 | lr_mult 0.6930 | tok/s 172601 | grad_norm 0.216
step 7420/18145 | loss 2.8696 | lr_mult 0.6921 | tok/s 172603 | grad_norm 0.218
step 7430/18145 | loss 2.8462 | lr_mult 0.6913 | tok/s 172606 | grad_norm 0.212
step 7440/18145 | loss 2.8605 | lr_mult 0.6904 | tok/s 172608 | grad_norm 0.176
step 7450/18145 | loss 2.8625 | lr_mult 0.6896 | tok/s 172610 | grad_norm 0.229
step 7460/18145 | loss 2.8669 | lr_mult 0.6887 | tok/s 172613 | grad_norm 0.196
step 7470/18145 | loss 2.8475 | lr_mult 0.6879 | tok/s 172615 | grad_norm 0.229
step 7480/18145 | loss 2.8539 | lr_mult 0.6870 | tok/s 172618 | grad_norm 0.185
step 7490/18145 | loss 2.8759 | lr_mult 0.6862 | tok/s 172620 | grad_norm 0.209
step 7500/18145 | loss 2.8948 | lr_mult 0.6853 | tok/s 172622 | grad_norm 0.178
step 7500/18145 | val_loss 2.8579
step 7510/18145 | loss 2.8605 | lr_mult 0.6845 | tok/s 172526 | grad_norm 0.184
step 7520/18145 | loss 2.8652 | lr_mult 0.6836 | tok/s 172528 | grad_norm 0.196
step 7530/18145 | loss 2.8787 | lr_mult 0.6828 | tok/s 172531 | grad_norm 0.218
step 7540/18145 | loss 2.8662 | lr_mult 0.6819 | tok/s 172533 | grad_norm 0.182
step 7550/18145 | loss 2.8618 | lr_mult 0.6811 | tok/s 172536 | grad_norm 0.199
step 7560/18145 | loss 2.8713 | lr_mult 0.6802 | tok/s 172538 | grad_norm 0.197
step 7570/18145 | loss 2.8644 | lr_mult 0.6794 | tok/s 172541 | grad_norm 0.200
step 7580/18145 | loss 2.8496 | lr_mult 0.6785 | tok/s 172543 | grad_norm 0.202
step 7590/18145 | loss 2.8578 | lr_mult 0.6777 | tok/s 172545 | grad_norm 0.197
step 7600/18145 | loss 2.8572 | lr_mult 0.6768 | tok/s 172548 | grad_norm 0.194
step 7610/18145 | loss 2.8527 | lr_mult 0.6760 | tok/s 172550 | grad_norm 0.196
step 7620/18145 | loss 2.8750 | lr_mult 0.6751 | tok/s 172553 | grad_norm 0.178
step 7630/18145 | loss 2.8675 | lr_mult 0.6742 | tok/s 172555 | grad_norm 0.215
step 7640/18145 | loss 2.8619 | lr_mult 0.6734 | tok/s 172558 | grad_norm 0.183
step 7650/18145 | loss 2.8680 | lr_mult 0.6725 | tok/s 172560 | grad_norm 0.205
step 7660/18145 | loss 2.8545 | lr_mult 0.6717 | tok/s 172563 | grad_norm 0.194
step 7670/18145 | loss 2.8723 | lr_mult 0.6708 | tok/s 172565 | grad_norm 0.196
step 7680/18145 | loss 2.8676 | lr_mult 0.6699 | tok/s 172567 | grad_norm 0.190
step 7690/18145 | loss 2.8459 | lr_mult 0.6691 | tok/s 172570 | grad_norm 0.188
step 7700/18145 | loss 2.8509 | lr_mult 0.6682 | tok/s 172572 | grad_norm 0.206
step 7710/18145 | loss 2.8758 | lr_mult 0.6673 | tok/s 172574 | grad_norm 0.187
step 7720/18145 | loss 2.8855 | lr_mult 0.6665 | tok/s 172577 | grad_norm 0.175
step 7730/18145 | loss 2.8664 | lr_mult 0.6656 | tok/s 172579 | grad_norm 0.174
step 7740/18145 | loss 2.8450 | lr_mult 0.6648 | tok/s 172581 | grad_norm 0.185
step 7750/18145 | loss 2.8531 | lr_mult 0.6639 | tok/s 172584 | grad_norm 0.204
step 7760/18145 | loss 2.8390 | lr_mult 0.6630 | tok/s 172586 | grad_norm 0.203
step 7770/18145 | loss 2.8392 | lr_mult 0.6622 | tok/s 172589 | grad_norm 0.181
step 7780/18145 | loss 2.8654 | lr_mult 0.6613 | tok/s 172591 | grad_norm 0.200
step 7790/18145 | loss 2.8545 | lr_mult 0.6604 | tok/s 172593 | grad_norm 0.183
step 7800/18145 | loss 2.8492 | lr_mult 0.6596 | tok/s 172596 | grad_norm 0.215
step 7810/18145 | loss 2.8453 | lr_mult 0.6587 | tok/s 172598 | grad_norm 0.202
step 7820/18145 | loss 2.8572 | lr_mult 0.6578 | tok/s 172600 | grad_norm 0.196
step 7830/18145 | loss 2.8415 | lr_mult 0.6569 | tok/s 172603 | grad_norm 0.184
step 7840/18145 | loss 2.8580 | lr_mult 0.6561 | tok/s 172605 | grad_norm 0.194
step 7850/18145 | loss 2.8734 | lr_mult 0.6552 | tok/s 172607 | grad_norm 0.194
step 7860/18145 | loss 2.8347 | lr_mult 0.6543 | tok/s 172610 | grad_norm 0.189
step 7870/18145 | loss 2.8761 | lr_mult 0.6535 | tok/s 172612 | grad_norm 0.195
step 7880/18145 | loss 2.8374 | lr_mult 0.6526 | tok/s 172614 | grad_norm 0.176
step 7890/18145 | loss 2.8583 | lr_mult 0.6517 | tok/s 172616 | grad_norm 0.191
step 7900/18145 | loss 2.8540 | lr_mult 0.6508 | tok/s 172619 | grad_norm 0.189
step 7910/18145 | loss 2.8393 | lr_mult 0.6500 | tok/s 172621 | grad_norm 0.186
step 7920/18145 | loss 2.8496 | lr_mult 0.6491 | tok/s 172623 | grad_norm 0.195
step 7930/18145 | loss 2.8366 | lr_mult 0.6482 | tok/s 172625 | grad_norm 0.181
step 7940/18145 | loss 2.8706 | lr_mult 0.6473 | tok/s 172628 | grad_norm 0.184
step 7950/18145 | loss 2.8311 | lr_mult 0.6465 | tok/s 172630 | grad_norm 0.188
step 7960/18145 | loss 2.8465 | lr_mult 0.6456 | tok/s 172632 | grad_norm 0.182
step 7970/18145 | loss 2.8177 | lr_mult 0.6447 | tok/s 172634 | grad_norm 0.168
step 7980/18145 | loss 2.8421 | lr_mult 0.6438 | tok/s 172637 | grad_norm 0.174
step 7990/18145 | loss 2.8628 | lr_mult 0.6430 | tok/s 172639 | grad_norm 0.207
step 8000/18145 | loss 2.8251 | lr_mult 0.6421 | tok/s 172641 | grad_norm 0.187
step 8000/18145 | val_loss 2.8440
step 8010/18145 | loss 2.8350 | lr_mult 0.6412 | tok/s 172551 | grad_norm 0.213
step 8020/18145 | loss 2.8510 | lr_mult 0.6403 | tok/s 172553 | grad_norm 0.177
step 8030/18145 | loss 2.8529 | lr_mult 0.6394 | tok/s 172555 | grad_norm 0.171
step 8040/18145 | loss 2.8234 | lr_mult 0.6386 | tok/s 172557 | grad_norm 0.185
step 8050/18145 | loss 2.8326 | lr_mult 0.6377 | tok/s 172560 | grad_norm 0.187
step 8060/18145 | loss 2.8393 | lr_mult 0.6368 | tok/s 172562 | grad_norm 0.186
step 8070/18145 | loss 2.8560 | lr_mult 0.6359 | tok/s 172564 | grad_norm 0.195
step 8080/18145 | loss 2.8566 | lr_mult 0.6350 | tok/s 172567 | grad_norm 0.184
step 8090/18145 | loss 2.8437 | lr_mult 0.6342 | tok/s 172569 | grad_norm 0.182
step 8100/18145 | loss 2.8781 | lr_mult 0.6333 | tok/s 172571 | grad_norm 0.170
step 8110/18145 | loss 2.8478 | lr_mult 0.6324 | tok/s 172573 | grad_norm 0.173
step 8120/18145 | loss 2.8434 | lr_mult 0.6315 | tok/s 172576 | grad_norm 0.186
step 8130/18145 | loss 2.8265 | lr_mult 0.6306 | tok/s 172578 | grad_norm 0.188
step 8140/18145 | loss 2.8341 | lr_mult 0.6297 | tok/s 172580 | grad_norm 0.187
step 8150/18145 | loss 2.8296 | lr_mult 0.6289 | tok/s 172582 | grad_norm 0.168
step 8160/18145 | loss 2.8498 | lr_mult 0.6280 | tok/s 172584 | grad_norm 0.181
step 8170/18145 | loss 2.8339 | lr_mult 0.6271 | tok/s 172587 | grad_norm 0.188
step 8180/18145 | loss 2.8489 | lr_mult 0.6262 | tok/s 172589 | grad_norm 0.174
step 8190/18145 | loss 2.8302 | lr_mult 0.6253 | tok/s 172591 | grad_norm 0.171
step 8200/18145 | loss 2.8193 | lr_mult 0.6244 | tok/s 172593 | grad_norm 0.181
step 8210/18145 | loss 2.8459 | lr_mult 0.6235 | tok/s 172595 | grad_norm 0.203
step 8220/18145 | loss 2.8476 | lr_mult 0.6226 | tok/s 172597 | grad_norm 0.198
step 8230/18145 | loss 2.8317 | lr_mult 0.6218 | tok/s 172600 | grad_norm 0.179
step 8240/18145 | loss 2.8871 | lr_mult 0.6209 | tok/s 172602 | grad_norm 0.172
step 8250/18145 | loss 2.8432 | lr_mult 0.6200 | tok/s 172604 | grad_norm 0.199
step 8260/18145 | loss 2.8381 | lr_mult 0.6191 | tok/s 172606 | grad_norm 0.175
step 8270/18145 | loss 2.8291 | lr_mult 0.6182 | tok/s 172608 | grad_norm 0.181
step 8280/18145 | loss 2.8487 | lr_mult 0.6173 | tok/s 172610 | grad_norm 0.184
step 8290/18145 | loss 2.8335 | lr_mult 0.6164 | tok/s 172613 | grad_norm 0.184
step 8300/18145 | loss 2.8541 | lr_mult 0.6155 | tok/s 172615 | grad_norm 0.171
step 8310/18145 | loss 2.8389 | lr_mult 0.6146 | tok/s 172617 | grad_norm 0.196
step 8320/18145 | loss 2.8101 | lr_mult 0.6137 | tok/s 172619 | grad_norm 0.174
step 8330/18145 | loss 2.8142 | lr_mult 0.6129 | tok/s 172621 | grad_norm 0.175
step 8340/18145 | loss 2.8506 | lr_mult 0.6120 | tok/s 172623 | grad_norm 0.169
step 8350/18145 | loss 2.8238 | lr_mult 0.6111 | tok/s 172625 | grad_norm 0.171
step 8360/18145 | loss 2.8416 | lr_mult 0.6102 | tok/s 172627 | grad_norm 0.165
step 8370/18145 | loss 2.8297 | lr_mult 0.6093 | tok/s 172629 | grad_norm 0.191
step 8380/18145 | loss 2.8503 | lr_mult 0.6084 | tok/s 172632 | grad_norm 0.177
step 8390/18145 | loss 2.8338 | lr_mult 0.6075 | tok/s 172634 | grad_norm 0.183
step 8400/18145 | loss 2.8344 | lr_mult 0.6066 | tok/s 172636 | grad_norm 0.177
step 8410/18145 | loss 2.8411 | lr_mult 0.6057 | tok/s 172638 | grad_norm 0.186
step 8420/18145 | loss 2.8097 | lr_mult 0.6048 | tok/s 172640 | grad_norm 0.187
step 8430/18145 | loss 2.8320 | lr_mult 0.6039 | tok/s 172642 | grad_norm 0.172
step 8440/18145 | loss 2.8323 | lr_mult 0.6030 | tok/s 172644 | grad_norm 0.165
step 8450/18145 | loss 2.8296 | lr_mult 0.6021 | tok/s 172646 | grad_norm 0.192
step 8460/18145 | loss 2.8187 | lr_mult 0.6012 | tok/s 172648 | grad_norm 0.180
step 8470/18145 | loss 2.8209 | lr_mult 0.6003 | tok/s 172650 | grad_norm 0.184
step 8480/18145 | loss 2.8269 | lr_mult 0.5994 | tok/s 172652 | grad_norm 0.184
step 8490/18145 | loss 2.8246 | lr_mult 0.5985 | tok/s 172654 | grad_norm 0.173
step 8500/18145 | loss 2.8539 | lr_mult 0.5976 | tok/s 172656 | grad_norm 0.169
step 8500/18145 | val_loss 2.8281
step 8510/18145 | loss 2.8501 | lr_mult 0.5967 | tok/s 172571 | grad_norm 0.171
step 8520/18145 | loss 2.8324 | lr_mult 0.5958 | tok/s 172574 | grad_norm 0.175
step 8530/18145 | loss 2.8344 | lr_mult 0.5949 | tok/s 172576 | grad_norm 0.176
step 8540/18145 | loss 2.8178 | lr_mult 0.5940 | tok/s 172578 | grad_norm 0.178
step 8550/18145 | loss 2.8307 | lr_mult 0.5931 | tok/s 172580 | grad_norm 0.181
step 8560/18145 | loss 2.8094 | lr_mult 0.5922 | tok/s 172583 | grad_norm 0.190
step 8570/18145 | loss 2.8094 | lr_mult 0.5913 | tok/s 172585 | grad_norm 0.164
step 8580/18145 | loss 2.8314 | lr_mult 0.5904 | tok/s 172587 | grad_norm 0.178
step 8590/18145 | loss 2.8204 | lr_mult 0.5895 | tok/s 172589 | grad_norm 0.159
step 8600/18145 | loss 2.8563 | lr_mult 0.5886 | tok/s 172592 | grad_norm 0.168
step 8610/18145 | loss 2.8307 | lr_mult 0.5877 | tok/s 172594 | grad_norm 0.182
step 8620/18145 | loss 2.8274 | lr_mult 0.5868 | tok/s 172596 | grad_norm 0.175
step 8630/18145 | loss 2.8285 | lr_mult 0.5859 | tok/s 172598 | grad_norm 0.176
step 8640/18145 | loss 2.8269 | lr_mult 0.5850 | tok/s 172600 | grad_norm 0.172
step 8650/18145 | loss 2.8282 | lr_mult 0.5841 | tok/s 172603 | grad_norm 0.178
step 8660/18145 | loss 2.8165 | lr_mult 0.5832 | tok/s 172605 | grad_norm 0.166
step 8670/18145 | loss 2.8092 | lr_mult 0.5823 | tok/s 172607 | grad_norm 0.170
step 8680/18145 | loss 2.8035 | lr_mult 0.5814 | tok/s 172609 | grad_norm 0.170
step 8690/18145 | loss 2.8272 | lr_mult 0.5805 | tok/s 172611 | grad_norm 0.189
step 8700/18145 | loss 2.8392 | lr_mult 0.5796 | tok/s 172613 | grad_norm 0.187
step 8710/18145 | loss 2.8260 | lr_mult 0.5787 | tok/s 172616 | grad_norm 0.171
step 8720/18145 | loss 2.8432 | lr_mult 0.5778 | tok/s 172618 | grad_norm 0.180
step 8730/18145 | loss 2.8083 | lr_mult 0.5769 | tok/s 172620 | grad_norm 0.174
step 8740/18145 | loss 2.8205 | lr_mult 0.5760 | tok/s 172622 | grad_norm 0.176
step 8750/18145 | loss 2.8158 | lr_mult 0.5751 | tok/s 172624 | grad_norm 0.157
step 8760/18145 | loss 2.8119 | lr_mult 0.5742 | tok/s 172626 | grad_norm 0.157
step 8770/18145 | loss 2.8097 | lr_mult 0.5733 | tok/s 172628 | grad_norm 0.161
step 8780/18145 | loss 2.8115 | lr_mult 0.5724 | tok/s 172630 | grad_norm 0.176
step 8790/18145 | loss 2.8275 | lr_mult 0.5714 | tok/s 172632 | grad_norm 0.171
step 8800/18145 | loss 2.8489 | lr_mult 0.5705 | tok/s 172635 | grad_norm 0.157
step 8810/18145 | loss 2.8328 | lr_mult 0.5696 | tok/s 172637 | grad_norm 0.158
step 8820/18145 | loss 2.8237 | lr_mult 0.5687 | tok/s 172639 | grad_norm 0.179
step 8830/18145 | loss 2.8355 | lr_mult 0.5678 | tok/s 172641 | grad_norm 0.161
step 8840/18145 | loss 2.8319 | lr_mult 0.5669 | tok/s 172643 | grad_norm 0.150
step 8850/18145 | loss 2.8128 | lr_mult 0.5660 | tok/s 172645 | grad_norm 0.169
step 8860/18145 | loss 2.8167 | lr_mult 0.5651 | tok/s 172647 | grad_norm 0.166
step 8870/18145 | loss 2.8120 | lr_mult 0.5642 | tok/s 172649 | grad_norm 0.153
step 8880/18145 | loss 2.8071 | lr_mult 0.5633 | tok/s 172651 | grad_norm 0.169
step 8890/18145 | loss 2.8425 | lr_mult 0.5624 | tok/s 172653 | grad_norm 0.162
step 8900/18145 | loss 2.8196 | lr_mult 0.5615 | tok/s 172655 | grad_norm 0.182
step 8910/18145 | loss 2.8153 | lr_mult 0.5605 | tok/s 172657 | grad_norm 0.161
step 8920/18145 | loss 2.8155 | lr_mult 0.5596 | tok/s 172659 | grad_norm 0.177
step 8930/18145 | loss 2.8189 | lr_mult 0.5587 | tok/s 172661 | grad_norm 0.168
step 8940/18145 | loss 2.8097 | lr_mult 0.5578 | tok/s 172663 | grad_norm 0.169
step 8950/18145 | loss 2.8011 | lr_mult 0.5569 | tok/s 172665 | grad_norm 0.158
step 8960/18145 | loss 2.7954 | lr_mult 0.5560 | tok/s 172667 | grad_norm 0.172
step 8970/18145 | loss 2.8264 | lr_mult 0.5551 | tok/s 172669 | grad_norm 0.155
step 8980/18145 | loss 2.8089 | lr_mult 0.5542 | tok/s 172671 | grad_norm 0.170
step 8990/18145 | loss 2.8082 | lr_mult 0.5533 | tok/s 172673 | grad_norm 0.178
step 9000/18145 | loss 2.8264 | lr_mult 0.5524 | tok/s 172675 | grad_norm 0.161
step 9000/18145 | val_loss 2.8135
step 9010/18145 | loss 2.7691 | lr_mult 0.5514 | tok/s 172595 | grad_norm 0.157
step 9020/18145 | loss 2.8303 | lr_mult 0.5505 | tok/s 172597 | grad_norm 0.170
step 9030/18145 | loss 2.8262 | lr_mult 0.5496 | tok/s 172599 | grad_norm 0.176
step 9040/18145 | loss 2.8241 | lr_mult 0.5487 | tok/s 172601 | grad_norm 0.165
step 9050/18145 | loss 2.8192 | lr_mult 0.5478 | tok/s 172603 | grad_norm 0.160
step 9060/18145 | loss 2.8222 | lr_mult 0.5469 | tok/s 172605 | grad_norm 0.167
step 9070/18145 | loss 2.8221 | lr_mult 0.5460 | tok/s 172607 | grad_norm 0.172
step 9080/18145 | loss 2.7976 | lr_mult 0.5451 | tok/s 172609 | grad_norm 0.170
step 9090/18145 | loss 2.8133 | lr_mult 0.5441 | tok/s 172611 | grad_norm 0.154
step 9100/18145 | loss 2.7918 | lr_mult 0.5432 | tok/s 172613 | grad_norm 0.155
step 9110/18145 | loss 2.8171 | lr_mult 0.5423 | tok/s 172615 | grad_norm 0.157
step 9120/18145 | loss 2.8217 | lr_mult 0.5414 | tok/s 172617 | grad_norm 0.154
step 9130/18145 | loss 2.8043 | lr_mult 0.5405 | tok/s 172619 | grad_norm 0.160
step 9140/18145 | loss 2.8114 | lr_mult 0.5396 | tok/s 172620 | grad_norm 0.159
step 9150/18145 | loss 2.8246 | lr_mult 0.5387 | tok/s 172622 | grad_norm 0.157
step 9160/18145 | loss 2.7921 | lr_mult 0.5378 | tok/s 172624 | grad_norm 0.158
step 9170/18145 | loss 2.7990 | lr_mult 0.5368 | tok/s 172626 | grad_norm 0.154
step 9180/18145 | loss 2.7994 | lr_mult 0.5359 | tok/s 172628 | grad_norm 0.171
step 9190/18145 | loss 2.8321 | lr_mult 0.5350 | tok/s 172630 | grad_norm 0.171
step 9200/18145 | loss 2.7943 | lr_mult 0.5341 | tok/s 172632 | grad_norm 0.151
step 9210/18145 | loss 2.8099 | lr_mult 0.5332 | tok/s 172634 | grad_norm 0.153
step 9220/18145 | loss 2.8129 | lr_mult 0.5323 | tok/s 172636 | grad_norm 0.162
step 9230/18145 | loss 2.8209 | lr_mult 0.5314 | tok/s 172638 | grad_norm 0.153
step 9240/18145 | loss 2.7836 | lr_mult 0.5304 | tok/s 172640 | grad_norm 0.149
step 9250/18145 | loss 2.8401 | lr_mult 0.5295 | tok/s 172642 | grad_norm 0.154
step 9260/18145 | loss 2.7868 | lr_mult 0.5286 | tok/s 172644 | grad_norm 0.160
step 9270/18145 | loss 2.8036 | lr_mult 0.5277 | tok/s 172646 | grad_norm 0.158
step 9280/18145 | loss 2.8030 | lr_mult 0.5268 | tok/s 172648 | grad_norm 0.156
step 9290/18145 | loss 2.8061 | lr_mult 0.5259 | tok/s 172649 | grad_norm 0.165
step 9300/18145 | loss 2.7869 | lr_mult 0.5250 | tok/s 172651 | grad_norm 0.148
step 9310/18145 | loss 2.7850 | lr_mult 0.5240 | tok/s 172653 | grad_norm 0.148
step 9320/18145 | loss 2.8232 | lr_mult 0.5231 | tok/s 172655 | grad_norm 0.160
step 9330/18145 | loss 2.8028 | lr_mult 0.5222 | tok/s 172657 | grad_norm 0.164
step 9340/18145 | loss 2.8189 | lr_mult 0.5213 | tok/s 172659 | grad_norm 0.162
step 9350/18145 | loss 2.8125 | lr_mult 0.5204 | tok/s 172661 | grad_norm 0.157
step 9360/18145 | loss 2.8043 | lr_mult 0.5195 | tok/s 172663 | grad_norm 0.146
step 9370/18145 | loss 2.8167 | lr_mult 0.5185 | tok/s 172665 | grad_norm 0.157
step 9380/18145 | loss 2.7949 | lr_mult 0.5176 | tok/s 172666 | grad_norm 0.174
step 9390/18145 | loss 2.7994 | lr_mult 0.5167 | tok/s 172668 | grad_norm 0.155
step 9400/18145 | loss 2.7785 | lr_mult 0.5158 | tok/s 172670 | grad_norm 0.160
step 9410/18145 | loss 2.7868 | lr_mult 0.5149 | tok/s 172672 | grad_norm 0.154
step 9420/18145 | loss 2.7995 | lr_mult 0.5140 | tok/s 172674 | grad_norm 0.156
step 9430/18145 | loss 2.8073 | lr_mult 0.5131 | tok/s 172676 | grad_norm 0.138
step 9440/18145 | loss 2.8043 | lr_mult 0.5121 | tok/s 172677 | grad_norm 0.155
step 9450/18145 | loss 2.7830 | lr_mult 0.5112 | tok/s 172679 | grad_norm 0.150
step 9460/18145 | loss 2.7788 | lr_mult 0.5103 | tok/s 172681 | grad_norm 0.139
step 9470/18145 | loss 2.7982 | lr_mult 0.5094 | tok/s 172683 | grad_norm 0.157
step 9480/18145 | loss 2.8048 | lr_mult 0.5085 | tok/s 172685 | grad_norm 0.160
step 9490/18145 | loss 2.8126 | lr_mult 0.5076 | tok/s 172687 | grad_norm 0.160
step 9500/18145 | loss 2.7824 | lr_mult 0.5066 | tok/s 172688 | grad_norm 0.154
step 9500/18145 | val_loss 2.7998
step 9510/18145 | loss 2.8052 | lr_mult 0.5057 | tok/s 172612 | grad_norm 0.163
step 9520/18145 | loss 2.7917 | lr_mult 0.5048 | tok/s 172615 | grad_norm 0.153
step 9530/18145 | loss 2.7739 | lr_mult 0.5039 | tok/s 172617 | grad_norm 0.148
step 9540/18145 | loss 2.8128 | lr_mult 0.5030 | tok/s 172618 | grad_norm 0.152
step 9550/18145 | loss 2.7864 | lr_mult 0.5021 | tok/s 172620 | grad_norm 0.153
step 9560/18145 | loss 2.7817 | lr_mult 0.5011 | tok/s 172622 | grad_norm 0.156
step 9570/18145 | loss 2.7790 | lr_mult 0.5002 | tok/s 172624 | grad_norm 0.152
step 9580/18145 | loss 2.7830 | lr_mult 0.4993 | tok/s 172626 | grad_norm 0.139
step 9590/18145 | loss 2.8149 | lr_mult 0.4984 | tok/s 172628 | grad_norm 0.144
step 9600/18145 | loss 2.7907 | lr_mult 0.4975 | tok/s 172630 | grad_norm 0.149
step 9610/18145 | loss 2.7886 | lr_mult 0.4966 | tok/s 172631 | grad_norm 0.155
step 9620/18145 | loss 2.7973 | lr_mult 0.4956 | tok/s 172633 | grad_norm 0.156
step 9630/18145 | loss 2.7729 | lr_mult 0.4947 | tok/s 172635 | grad_norm 0.147
step 9640/18145 | loss 2.8048 | lr_mult 0.4938 | tok/s 172637 | grad_norm 0.150
step 9650/18145 | loss 2.7659 | lr_mult 0.4929 | tok/s 172639 | grad_norm 0.157
step 9660/18145 | loss 2.7720 | lr_mult 0.4920 | tok/s 172640 | grad_norm 0.144
step 9670/18145 | loss 2.7987 | lr_mult 0.4911 | tok/s 172642 | grad_norm 0.150
step 9680/18145 | loss 2.7939 | lr_mult 0.4902 | tok/s 172644 | grad_norm 0.151
step 9690/18145 | loss 2.7827 | lr_mult 0.4892 | tok/s 172646 | grad_norm 0.142
step 9700/18145 | loss 2.7930 | lr_mult 0.4883 | tok/s 172648 | grad_norm 0.154
step 9710/18145 | loss 2.7913 | lr_mult 0.4874 | tok/s 172649 | grad_norm 0.157
step 9720/18145 | loss 2.7903 | lr_mult 0.4865 | tok/s 172651 | grad_norm 0.155
step 9730/18145 | loss 2.7624 | lr_mult 0.4856 | tok/s 172653 | grad_norm 0.148
step 9740/18145 | loss 2.7810 | lr_mult 0.4847 | tok/s 172655 | grad_norm 0.147
step 9750/18145 | loss 2.7958 | lr_mult 0.4837 | tok/s 172657 | grad_norm 0.157
step 9760/18145 | loss 2.8225 | lr_mult 0.4828 | tok/s 172658 | grad_norm 0.146
step 9770/18145 | loss 2.7853 | lr_mult 0.4819 | tok/s 172660 | grad_norm 0.156
step 9780/18145 | loss 2.8006 | lr_mult 0.4810 | tok/s 172662 | grad_norm 0.146
step 9790/18145 | loss 2.7750 | lr_mult 0.4801 | tok/s 172664 | grad_norm 0.139
step 9800/18145 | loss 2.7747 | lr_mult 0.4792 | tok/s 172666 | grad_norm 0.139
step 9810/18145 | loss 2.7764 | lr_mult 0.4782 | tok/s 172667 | grad_norm 0.143
step 9820/18145 | loss 2.7870 | lr_mult 0.4773 | tok/s 172669 | grad_norm 0.141
step 9830/18145 | loss 2.7854 | lr_mult 0.4764 | tok/s 172671 | grad_norm 0.156
step 9840/18145 | loss 2.7788 | lr_mult 0.4755 | tok/s 172673 | grad_norm 0.137
step 9850/18145 | loss 2.7731 | lr_mult 0.4746 | tok/s 172674 | grad_norm 0.139
step 9860/18145 | loss 2.7704 | lr_mult 0.4737 | tok/s 172676 | grad_norm 0.148
step 9870/18145 | loss 2.7727 | lr_mult 0.4728 | tok/s 172678 | grad_norm 0.175
step 9880/18145 | loss 2.7804 | lr_mult 0.4718 | tok/s 172680 | grad_norm 0.145
step 9890/18145 | loss 2.7926 | lr_mult 0.4709 | tok/s 172682 | grad_norm 0.142
step 9900/18145 | loss 2.7661 | lr_mult 0.4700 | tok/s 172683 | grad_norm 0.148
step 9910/18145 | loss 2.7842 | lr_mult 0.4691 | tok/s 172685 | grad_norm 0.142
step 9920/18145 | loss 2.7863 | lr_mult 0.4682 | tok/s 172687 | grad_norm 0.146
step 9930/18145 | loss 2.7529 | lr_mult 0.4673 | tok/s 172688 | grad_norm 0.147
step 9940/18145 | loss 2.7901 | lr_mult 0.4664 | tok/s 172690 | grad_norm 0.144
step 9950/18145 | loss 2.7776 | lr_mult 0.4654 | tok/s 172692 | grad_norm 0.149
step 9960/18145 | loss 2.7674 | lr_mult 0.4645 | tok/s 172694 | grad_norm 0.138
step 9970/18145 | loss 2.7988 | lr_mult 0.4636 | tok/s 172695 | grad_norm 0.148
step 9980/18145 | loss 2.7936 | lr_mult 0.4627 | tok/s 172697 | grad_norm 0.132
step 9990/18145 | loss 2.7817 | lr_mult 0.4618 | tok/s 172699 | grad_norm 0.146
step 10000/18145 | loss 2.7788 | lr_mult 0.4609 | tok/s 172700 | grad_norm 0.149
step 10000/18145 | val_loss 2.7859
step 10010/18145 | loss 2.7984 | lr_mult 0.4600 | tok/s 172628 | grad_norm 0.141
step 10020/18145 | loss 2.8022 | lr_mult 0.4590 | tok/s 172630 | grad_norm 0.149
step 10030/18145 | loss 2.7880 | lr_mult 0.4581 | tok/s 172631 | grad_norm 0.139
step 10040/18145 | loss 2.7815 | lr_mult 0.4572 | tok/s 172633 | grad_norm 0.141
step 10050/18145 | loss 2.7771 | lr_mult 0.4563 | tok/s 172635 | grad_norm 0.147
step 10060/18145 | loss 2.7879 | lr_mult 0.4554 | tok/s 172637 | grad_norm 0.142
step 10070/18145 | loss 2.7782 | lr_mult 0.4545 | tok/s 172638 | grad_norm 0.139
step 10080/18145 | loss 2.7832 | lr_mult 0.4536 | tok/s 172640 | grad_norm 0.143
step 10090/18145 | loss 2.7908 | lr_mult 0.4527 | tok/s 172642 | grad_norm 0.147
step 10100/18145 | loss 2.7551 | lr_mult 0.4517 | tok/s 172643 | grad_norm 0.136
step 10110/18145 | loss 2.7592 | lr_mult 0.4508 | tok/s 172645 | grad_norm 0.141
step 10120/18145 | loss 2.7786 | lr_mult 0.4499 | tok/s 172647 | grad_norm 0.140
step 10130/18145 | loss 2.7792 | lr_mult 0.4490 | tok/s 172648 | grad_norm 0.130
step 10140/18145 | loss 2.7828 | lr_mult 0.4481 | tok/s 172650 | grad_norm 0.142
step 10150/18145 | loss 2.7956 | lr_mult 0.4472 | tok/s 172652 | grad_norm 0.143
step 10160/18145 | loss 2.8088 | lr_mult 0.4463 | tok/s 172654 | grad_norm 0.139
step 10170/18145 | loss 2.7702 | lr_mult 0.4454 | tok/s 172655 | grad_norm 0.139
step 10180/18145 | loss 2.7739 | lr_mult 0.4445 | tok/s 172657 | grad_norm 0.144
step 10190/18145 | loss 2.7794 | lr_mult 0.4435 | tok/s 172659 | grad_norm 0.141
step 10200/18145 | loss 2.7831 | lr_mult 0.4426 | tok/s 172660 | grad_norm 0.139
step 10210/18145 | loss 2.7827 | lr_mult 0.4417 | tok/s 172662 | grad_norm 0.148
step 10220/18145 | loss 2.7649 | lr_mult 0.4408 | tok/s 172664 | grad_norm 0.136
step 10230/18145 | loss 2.7627 | lr_mult 0.4399 | tok/s 172665 | grad_norm 0.139
step 10240/18145 | loss 2.7726 | lr_mult 0.4390 | tok/s 172667 | grad_norm 0.143
step 10250/18145 | loss 2.7747 | lr_mult 0.4381 | tok/s 172669 | grad_norm 0.137
step 10260/18145 | loss 2.7631 | lr_mult 0.4372 | tok/s 172670 | grad_norm 0.141
step 10270/18145 | loss 2.7693 | lr_mult 0.4363 | tok/s 172672 | grad_norm 0.132
step 10280/18145 | loss 2.7789 | lr_mult 0.4354 | tok/s 172674 | grad_norm 0.141
step 10290/18145 | loss 2.7772 | lr_mult 0.4345 | tok/s 172675 | grad_norm 0.136
step 10300/18145 | loss 2.7628 | lr_mult 0.4335 | tok/s 172677 | grad_norm 0.157
step 10310/18145 | loss 2.7670 | lr_mult 0.4326 | tok/s 172678 | grad_norm 0.153
step 10320/18145 | loss 2.7666 | lr_mult 0.4317 | tok/s 172680 | grad_norm 0.127
step 10330/18145 | loss 2.7639 | lr_mult 0.4308 | tok/s 172682 | grad_norm 0.145
step 10340/18145 | loss 2.7581 | lr_mult 0.4299 | tok/s 172683 | grad_norm 0.139
step 10350/18145 | loss 2.7801 | lr_mult 0.4290 | tok/s 172685 | grad_norm 0.139
step 10360/18145 | loss 2.7812 | lr_mult 0.4281 | tok/s 172687 | grad_norm 0.139
step 10370/18145 | loss 2.7621 | lr_mult 0.4272 | tok/s 172688 | grad_norm 0.152
step 10380/18145 | loss 2.7674 | lr_mult 0.4263 | tok/s 172690 | grad_norm 0.141
step 10390/18145 | loss 2.7744 | lr_mult 0.4254 | tok/s 172691 | grad_norm 0.147
step 10400/18145 | loss 2.7591 | lr_mult 0.4245 | tok/s 172693 | grad_norm 0.137
step 10410/18145 | loss 2.7557 | lr_mult 0.4236 | tok/s 172695 | grad_norm 0.135
step 10420/18145 | loss 2.7640 | lr_mult 0.4227 | tok/s 172696 | grad_norm 0.150
step 10430/18145 | loss 2.7803 | lr_mult 0.4218 | tok/s 172698 | grad_norm 0.131
step 10440/18145 | loss 2.7499 | lr_mult 0.4209 | tok/s 172699 | grad_norm 0.161
step 10450/18145 | loss 2.7667 | lr_mult 0.4200 | tok/s 172701 | grad_norm 0.133
step 10460/18145 | loss 2.7650 | lr_mult 0.4190 | tok/s 172703 | grad_norm 0.134
step 10470/18145 | loss 2.8060 | lr_mult 0.4181 | tok/s 172704 | grad_norm 0.134
step 10480/18145 | loss 2.7665 | lr_mult 0.4172 | tok/s 172706 | grad_norm 0.129
step 10490/18145 | loss 2.7590 | lr_mult 0.4163 | tok/s 172707 | grad_norm 0.127
step 10500/18145 | loss 2.7663 | lr_mult 0.4154 | tok/s 172709 | grad_norm 0.141
step 10500/18145 | val_loss 2.7726
step 10510/18145 | loss 2.7618 | lr_mult 0.4145 | tok/s 172640 | grad_norm 0.133
step 10520/18145 | loss 2.7746 | lr_mult 0.4136 | tok/s 172642 | grad_norm 0.141
step 10530/18145 | loss 2.7772 | lr_mult 0.4127 | tok/s 172643 | grad_norm 0.129
step 10540/18145 | loss 2.7496 | lr_mult 0.4118 | tok/s 172645 | grad_norm 0.136
step 10550/18145 | loss 2.7782 | lr_mult 0.4109 | tok/s 172647 | grad_norm 0.138
step 10560/18145 | loss 2.7404 | lr_mult 0.4100 | tok/s 172648 | grad_norm 0.131
step 10570/18145 | loss 2.7682 | lr_mult 0.4091 | tok/s 172650 | grad_norm 0.135
step 10580/18145 | loss 2.7638 | lr_mult 0.4082 | tok/s 172651 | grad_norm 0.137
step 10590/18145 | loss 2.7593 | lr_mult 0.4073 | tok/s 172653 | grad_norm 0.135
step 10600/18145 | loss 2.7587 | lr_mult 0.4064 | tok/s 172655 | grad_norm 0.132
step 10610/18145 | loss 2.7751 | lr_mult 0.4055 | tok/s 172656 | grad_norm 0.135
step 10620/18145 | loss 2.7565 | lr_mult 0.4046 | tok/s 172658 | grad_norm 0.129
step 10630/18145 | loss 2.7495 | lr_mult 0.4037 | tok/s 172659 | grad_norm 0.131
step 10640/18145 | loss 2.7483 | lr_mult 0.4028 | tok/s 172661 | grad_norm 0.138
step 10650/18145 | loss 2.7707 | lr_mult 0.4019 | tok/s 172663 | grad_norm 0.130
step 10660/18145 | loss 2.7366 | lr_mult 0.4010 | tok/s 172664 | grad_norm 0.131
step 10670/18145 | loss 2.7769 | lr_mult 0.4001 | tok/s 172666 | grad_norm 0.131
step 10680/18145 | loss 2.7451 | lr_mult 0.3992 | tok/s 172667 | grad_norm 0.136
step 10690/18145 | loss 2.7669 | lr_mult 0.3983 | tok/s 172669 | grad_norm 0.130
step 10700/18145 | loss 2.7484 | lr_mult 0.3974 | tok/s 172671 | grad_norm 0.144
step 10710/18145 | loss 2.7750 | lr_mult 0.3965 | tok/s 172672 | grad_norm 0.120
step 10720/18145 | loss 2.7860 | lr_mult 0.3956 | tok/s 172674 | grad_norm 0.133
step 10730/18145 | loss 2.7562 | lr_mult 0.3947 | tok/s 172675 | grad_norm 0.129
step 10740/18145 | loss 2.7443 | lr_mult 0.3938 | tok/s 172677 | grad_norm 0.131
step 10750/18145 | loss 2.7763 | lr_mult 0.3930 | tok/s 172679 | grad_norm 0.125
step 10760/18145 | loss 2.7786 | lr_mult 0.3921 | tok/s 172680 | grad_norm 0.130
step 10770/18145 | loss 2.7514 | lr_mult 0.3912 | tok/s 172682 | grad_norm 0.133
step 10780/18145 | loss 2.7437 | lr_mult 0.3903 | tok/s 172683 | grad_norm 0.137
step 10790/18145 | loss 2.7498 | lr_mult 0.3894 | tok/s 172685 | grad_norm 0.130
step 10800/18145 | loss 2.7752 | lr_mult 0.3885 | tok/s 172686 | grad_norm 0.129
step 10810/18145 | loss 2.7461 | lr_mult 0.3876 | tok/s 172688 | grad_norm 0.130
step 10820/18145 | loss 2.7621 | lr_mult 0.3867 | tok/s 172690 | grad_norm 0.130
step 10830/18145 | loss 2.7423 | lr_mult 0.3858 | tok/s 172691 | grad_norm 0.124
step 10840/18145 | loss 2.7538 | lr_mult 0.3849 | tok/s 172693 | grad_norm 0.125
step 10850/18145 | loss 2.7785 | lr_mult 0.3840 | tok/s 172694 | grad_norm 0.121
step 10860/18145 | loss 2.7630 | lr_mult 0.3831 | tok/s 172696 | grad_norm 0.129
step 10870/18145 | loss 2.7638 | lr_mult 0.3822 | tok/s 172697 | grad_norm 0.121
step 10880/18145 | loss 2.7500 | lr_mult 0.3814 | tok/s 172699 | grad_norm 0.130
step 10890/18145 | loss 2.7573 | lr_mult 0.3805 | tok/s 172700 | grad_norm 0.129
step 10900/18145 | loss 2.7694 | lr_mult 0.3796 | tok/s 172702 | grad_norm 0.127
step 10910/18145 | loss 2.7555 | lr_mult 0.3787 | tok/s 172703 | grad_norm 0.129
step 10920/18145 | loss 2.7583 | lr_mult 0.3778 | tok/s 172705 | grad_norm 0.131
step 10930/18145 | loss 2.7729 | lr_mult 0.3769 | tok/s 172706 | grad_norm 0.124
step 10940/18145 | loss 2.7372 | lr_mult 0.3760 | tok/s 172708 | grad_norm 0.126
step 10950/18145 | loss 2.7613 | lr_mult 0.3751 | tok/s 172709 | grad_norm 0.132
step 10960/18145 | loss 2.7524 | lr_mult 0.3742 | tok/s 172711 | grad_norm 0.125
step 10970/18145 | loss 2.7368 | lr_mult 0.3734 | tok/s 172712 | grad_norm 0.121
step 10980/18145 | loss 2.7433 | lr_mult 0.3725 | tok/s 172714 | grad_norm 0.129
step 10990/18145 | loss 2.7430 | lr_mult 0.3716 | tok/s 172715 | grad_norm 0.128
step 11000/18145 | loss 2.7658 | lr_mult 0.3707 | tok/s 172717 | grad_norm 0.133
step 11000/18145 | val_loss 2.7593
step 11010/18145 | loss 2.7472 | lr_mult 0.3698 | tok/s 172651 | grad_norm 0.124
step 11020/18145 | loss 2.7576 | lr_mult 0.3689 | tok/s 172653 | grad_norm 0.127
step 11030/18145 | loss 2.7803 | lr_mult 0.3680 | tok/s 172654 | grad_norm 0.126
step 11040/18145 | loss 2.7488 | lr_mult 0.3672 | tok/s 172656 | grad_norm 0.130
step 11050/18145 | loss 2.7649 | lr_mult 0.3663 | tok/s 172657 | grad_norm 0.110
step 11060/18145 | loss 2.7552 | lr_mult 0.3654 | tok/s 172659 | grad_norm 0.124
step 11070/18145 | loss 2.7504 | lr_mult 0.3645 | tok/s 172660 | grad_norm 0.123
step 11080/18145 | loss 2.7453 | lr_mult 0.3636 | tok/s 172662 | grad_norm 0.123
step 11090/18145 | loss 2.7444 | lr_mult 0.3628 | tok/s 172663 | grad_norm 0.137
step 11100/18145 | loss 2.7484 | lr_mult 0.3619 | tok/s 172665 | grad_norm 0.120
step 11110/18145 | loss 2.7637 | lr_mult 0.3610 | tok/s 172666 | grad_norm 0.123
step 11120/18145 | loss 2.7349 | lr_mult 0.3601 | tok/s 172668 | grad_norm 0.123
step 11130/18145 | loss 2.7498 | lr_mult 0.3592 | tok/s 172669 | grad_norm 0.117
step 11140/18145 | loss 2.7562 | lr_mult 0.3584 | tok/s 172671 | grad_norm 0.125
step 11150/18145 | loss 2.7362 | lr_mult 0.3575 | tok/s 172672 | grad_norm 0.126
step 11160/18145 | loss 2.7674 | lr_mult 0.3566 | tok/s 172674 | grad_norm 0.130
step 11170/18145 | loss 2.7549 | lr_mult 0.3557 | tok/s 172675 | grad_norm 0.146
step 11180/18145 | loss 2.7553 | lr_mult 0.3548 | tok/s 172677 | grad_norm 0.123
step 11190/18145 | loss 2.7456 | lr_mult 0.3540 | tok/s 172678 | grad_norm 0.125
step 11200/18145 | loss 2.7740 | lr_mult 0.3531 | tok/s 172680 | grad_norm 0.126
step 11210/18145 | loss 2.7654 | lr_mult 0.3522 | tok/s 172681 | grad_norm 0.121
step 11220/18145 | loss 2.7238 | lr_mult 0.3513 | tok/s 172683 | grad_norm 0.113
step 11230/18145 | loss 2.7451 | lr_mult 0.3505 | tok/s 172684 | grad_norm 0.116
step 11240/18145 | loss 2.7840 | lr_mult 0.3496 | tok/s 172686 | grad_norm 0.124
step 11250/18145 | loss 2.7504 | lr_mult 0.3487 | tok/s 172687 | grad_norm 0.119
step 11260/18145 | loss 2.7583 | lr_mult 0.3478 | tok/s 172689 | grad_norm 0.128
step 11270/18145 | loss 2.7627 | lr_mult 0.3470 | tok/s 172690 | grad_norm 0.122
step 11280/18145 | loss 2.7390 | lr_mult 0.3461 | tok/s 172692 | grad_norm 0.127
step 11290/18145 | loss 2.7578 | lr_mult 0.3452 | tok/s 172693 | grad_norm 0.121
step 11300/18145 | loss 2.7468 | lr_mult 0.3444 | tok/s 172695 | grad_norm 0.119
step 11310/18145 | loss 2.7639 | lr_mult 0.3435 | tok/s 172696 | grad_norm 0.125
step 11320/18145 | loss 2.7475 | lr_mult 0.3426 | tok/s 172698 | grad_norm 0.116
step 11330/18145 | loss 2.7287 | lr_mult 0.3417 | tok/s 172699 | grad_norm 0.121
step 11340/18145 | loss 2.7403 | lr_mult 0.3409 | tok/s 172701 | grad_norm 0.132
step 11350/18145 | loss 2.7318 | lr_mult 0.3400 | tok/s 172702 | grad_norm 0.125
step 11360/18145 | loss 2.7399 | lr_mult 0.3391 | tok/s 172704 | grad_norm 0.121
step 11370/18145 | loss 2.7579 | lr_mult 0.3383 | tok/s 172705 | grad_norm 0.123
step 11380/18145 | loss 2.7563 | lr_mult 0.3374 | tok/s 172706 | grad_norm 0.126
step 11390/18145 | loss 2.7410 | lr_mult 0.3365 | tok/s 172708 | grad_norm 0.118
step 11400/18145 | loss 2.7547 | lr_mult 0.3357 | tok/s 172709 | grad_norm 0.118
step 11410/18145 | loss 2.7500 | lr_mult 0.3348 | tok/s 172711 | grad_norm 0.119
step 11420/18145 | loss 2.7561 | lr_mult 0.3339 | tok/s 172712 | grad_norm 0.117
step 11430/18145 | loss 2.7575 | lr_mult 0.3331 | tok/s 172714 | grad_norm 0.118
step 11440/18145 | loss 2.7669 | lr_mult 0.3322 | tok/s 172715 | grad_norm 0.118
step 11450/18145 | loss 2.7643 | lr_mult 0.3314 | tok/s 172717 | grad_norm 0.120
step 11460/18145 | loss 2.7203 | lr_mult 0.3305 | tok/s 172718 | grad_norm 0.117
step 11470/18145 | loss 2.7317 | lr_mult 0.3296 | tok/s 172720 | grad_norm 0.125
step 11480/18145 | loss 2.7595 | lr_mult 0.3288 | tok/s 172721 | grad_norm 0.113
step 11490/18145 | loss 2.7463 | lr_mult 0.3279 | tok/s 172722 | grad_norm 0.125
step 11500/18145 | loss 2.7430 | lr_mult 0.3271 | tok/s 172724 | grad_norm 0.119
step 11500/18145 | val_loss 2.7464
step 11510/18145 | loss 2.7317 | lr_mult 0.3262 | tok/s 172661 | grad_norm 0.111
step 11520/18145 | loss 2.7568 | lr_mult 0.3253 | tok/s 172662 | grad_norm 0.115
step 11530/18145 | loss 2.7391 | lr_mult 0.3245 | tok/s 172664 | grad_norm 0.119
step 11540/18145 | loss 2.7384 | lr_mult 0.3236 | tok/s 172665 | grad_norm 0.122
step 11550/18145 | loss 2.7419 | lr_mult 0.3228 | tok/s 172667 | grad_norm 0.120
step 11560/18145 | loss 2.7242 | lr_mult 0.3219 | tok/s 172668 | grad_norm 0.117
step 11570/18145 | loss 2.7228 | lr_mult 0.3211 | tok/s 172670 | grad_norm 0.114
step 11580/18145 | loss 2.7196 | lr_mult 0.3202 | tok/s 172671 | grad_norm 0.121
step 11590/18145 | loss 2.7340 | lr_mult 0.3193 | tok/s 172673 | grad_norm 0.116
step 11600/18145 | loss 2.7210 | lr_mult 0.3185 | tok/s 172674 | grad_norm 0.118
step 11610/18145 | loss 2.7451 | lr_mult 0.3176 | tok/s 172676 | grad_norm 0.121
step 11620/18145 | loss 2.7093 | lr_mult 0.3168 | tok/s 172677 | grad_norm 0.118
step 11630/18145 | loss 2.7380 | lr_mult 0.3159 | tok/s 172679 | grad_norm 0.121
step 11640/18145 | loss 2.7321 | lr_mult 0.3151 | tok/s 172680 | grad_norm 0.118
step 11650/18145 | loss 2.7397 | lr_mult 0.3142 | tok/s 172681 | grad_norm 0.116
step 11660/18145 | loss 2.7432 | lr_mult 0.3134 | tok/s 172683 | grad_norm 0.119
step 11670/18145 | loss 2.7183 | lr_mult 0.3125 | tok/s 172684 | grad_norm 0.124
step 11680/18145 | loss 2.7235 | lr_mult 0.3117 | tok/s 172686 | grad_norm 0.116
step 11690/18145 | loss 2.7085 | lr_mult 0.3108 | tok/s 172687 | grad_norm 0.119
step 11700/18145 | loss 2.7548 | lr_mult 0.3100 | tok/s 172689 | grad_norm 0.123
step 11710/18145 | loss 2.7333 | lr_mult 0.3091 | tok/s 172690 | grad_norm 0.118
step 11720/18145 | loss 2.7394 | lr_mult 0.3083 | tok/s 172692 | grad_norm 0.120
step 11730/18145 | loss 2.7231 | lr_mult 0.3074 | tok/s 172693 | grad_norm 0.112
step 11740/18145 | loss 2.7280 | lr_mult 0.3066 | tok/s 172694 | grad_norm 0.122
step 11750/18145 | loss 2.7199 | lr_mult 0.3058 | tok/s 172696 | grad_norm 0.118
step 11760/18145 | loss 2.7333 | lr_mult 0.3049 | tok/s 172697 | grad_norm 0.108
step 11770/18145 | loss 2.7377 | lr_mult 0.3041 | tok/s 172699 | grad_norm 0.113
step 11780/18145 | loss 2.7163 | lr_mult 0.3032 | tok/s 172700 | grad_norm 0.114
step 11790/18145 | loss 2.7218 | lr_mult 0.3024 | tok/s 172701 | grad_norm 0.116
step 11800/18145 | loss 2.7531 | lr_mult 0.3015 | tok/s 172703 | grad_norm 0.117
step 11810/18145 | loss 2.7386 | lr_mult 0.3007 | tok/s 172704 | grad_norm 0.107
step 11820/18145 | loss 2.7448 | lr_mult 0.2999 | tok/s 172706 | grad_norm 0.112
step 11830/18145 | loss 2.7142 | lr_mult 0.2990 | tok/s 172707 | grad_norm 0.118
step 11840/18145 | loss 2.7362 | lr_mult 0.2982 | tok/s 172708 | grad_norm 0.107
step 11850/18145 | loss 2.7364 | lr_mult 0.2973 | tok/s 172710 | grad_norm 0.123
step 11860/18145 | loss 2.7177 | lr_mult 0.2965 | tok/s 172711 | grad_norm 0.115
step 11870/18145 | loss 2.7238 | lr_mult 0.2957 | tok/s 172713 | grad_norm 0.110
step 11880/18145 | loss 2.7336 | lr_mult 0.2948 | tok/s 172714 | grad_norm 0.113
step 11890/18145 | loss 2.7296 | lr_mult 0.2940 | tok/s 172715 | grad_norm 0.112
step 11900/18145 | loss 2.7680 | lr_mult 0.2932 | tok/s 172717 | grad_norm 0.108
step 11910/18145 | loss 2.7495 | lr_mult 0.2923 | tok/s 172718 | grad_norm 0.117
step 11920/18145 | loss 2.7189 | lr_mult 0.2915 | tok/s 172719 | grad_norm 0.119
step 11930/18145 | loss 2.7385 | lr_mult 0.2907 | tok/s 172721 | grad_norm 0.115
step 11940/18145 | loss 2.7260 | lr_mult 0.2898 | tok/s 172722 | grad_norm 0.111
step 11950/18145 | loss 2.7136 | lr_mult 0.2890 | tok/s 172723 | grad_norm 0.118
step 11960/18145 | loss 2.7275 | lr_mult 0.2882 | tok/s 172725 | grad_norm 0.117
step 11970/18145 | loss 2.7078 | lr_mult 0.2873 | tok/s 172726 | grad_norm 0.112
step 11980/18145 | loss 2.7222 | lr_mult 0.2865 | tok/s 172728 | grad_norm 0.110
step 11990/18145 | loss 2.7346 | lr_mult 0.2857 | tok/s 172729 | grad_norm 0.110
step 12000/18145 | loss 2.7347 | lr_mult 0.2849 | tok/s 172730 | grad_norm 0.109
step 12000/18145 | val_loss 2.7337
step 12010/18145 | loss 2.7214 | lr_mult 0.2840 | tok/s 172670 | grad_norm 0.110
step 12020/18145 | loss 2.7444 | lr_mult 0.2832 | tok/s 172671 | grad_norm 0.117
step 12030/18145 | loss 2.7314 | lr_mult 0.2824 | tok/s 172673 | grad_norm 0.115
step 12040/18145 | loss 2.7054 | lr_mult 0.2816 | tok/s 172674 | grad_norm 0.118
step 12050/18145 | loss 2.7246 | lr_mult 0.2807 | tok/s 172676 | grad_norm 0.116
step 12060/18145 | loss 2.7174 | lr_mult 0.2799 | tok/s 172677 | grad_norm 0.112
step 12070/18145 | loss 2.6948 | lr_mult 0.2791 | tok/s 172679 | grad_norm 0.106
step 12080/18145 | loss 2.7083 | lr_mult 0.2783 | tok/s 172680 | grad_norm 0.102
step 12090/18145 | loss 2.7047 | lr_mult 0.2774 | tok/s 172682 | grad_norm 0.114
step 12100/18145 | loss 2.7404 | lr_mult 0.2766 | tok/s 172683 | grad_norm 0.109
step 12110/18145 | loss 2.6841 | lr_mult 0.2758 | tok/s 172685 | grad_norm 0.107
step 12120/18145 | loss 2.7029 | lr_mult 0.2750 | tok/s 172686 | grad_norm 0.121
step 12130/18145 | loss 2.7134 | lr_mult 0.2742 | tok/s 172687 | grad_norm 0.114
step 12140/18145 | loss 2.7260 | lr_mult 0.2734 | tok/s 172689 | grad_norm 0.112
step 12150/18145 | loss 2.7213 | lr_mult 0.2725 | tok/s 172690 | grad_norm 0.113
step 12160/18145 | loss 2.7325 | lr_mult 0.2717 | tok/s 172692 | grad_norm 0.112
step 12170/18145 | loss 2.7240 | lr_mult 0.2709 | tok/s 172693 | grad_norm 0.111
step 12180/18145 | loss 2.7194 | lr_mult 0.2701 | tok/s 172695 | grad_norm 0.110
step 12190/18145 | loss 2.7012 | lr_mult 0.2693 | tok/s 172696 | grad_norm 0.109
step 12200/18145 | loss 2.7119 | lr_mult 0.2685 | tok/s 172698 | grad_norm 0.108
step 12210/18145 | loss 2.7015 | lr_mult 0.2677 | tok/s 172699 | grad_norm 0.107
step 12220/18145 | loss 2.7209 | lr_mult 0.2668 | tok/s 172701 | grad_norm 0.105
step 12230/18145 | loss 2.7270 | lr_mult 0.2660 | tok/s 172702 | grad_norm 0.107
step 12240/18145 | loss 2.7174 | lr_mult 0.2652 | tok/s 172704 | grad_norm 0.106
step 12250/18145 | loss 2.7185 | lr_mult 0.2644 | tok/s 172705 | grad_norm 0.114
step 12260/18145 | loss 2.7184 | lr_mult 0.2636 | tok/s 172706 | grad_norm 0.111
step 12270/18145 | loss 2.7134 | lr_mult 0.2628 | tok/s 172708 | grad_norm 0.111
step 12280/18145 | loss 2.7031 | lr_mult 0.2620 | tok/s 172709 | grad_norm 0.117
step 12290/18145 | loss 2.7336 | lr_mult 0.2612 | tok/s 172711 | grad_norm 0.115
step 12300/18145 | loss 2.7379 | lr_mult 0.2604 | tok/s 172712 | grad_norm 0.103
step 12310/18145 | loss 2.7099 | lr_mult 0.2596 | tok/s 172714 | grad_norm 0.110
step 12320/18145 | loss 2.7186 | lr_mult 0.2588 | tok/s 172715 | grad_norm 0.109
step 12330/18145 | loss 2.7270 | lr_mult 0.2580 | tok/s 172717 | grad_norm 0.110
step 12340/18145 | loss 2.7092 | lr_mult 0.2572 | tok/s 172718 | grad_norm 0.126
step 12350/18145 | loss 2.7154 | lr_mult 0.2564 | tok/s 172719 | grad_norm 0.107
step 12360/18145 | loss 2.7299 | lr_mult 0.2556 | tok/s 172721 | grad_norm 0.118
step 12370/18145 | loss 2.7092 | lr_mult 0.2548 | tok/s 172722 | grad_norm 0.112
step 12380/18145 | loss 2.6993 | lr_mult 0.2540 | tok/s 172724 | grad_norm 0.112
step 12390/18145 | loss 2.7070 | lr_mult 0.2532 | tok/s 172725 | grad_norm 0.116
step 12400/18145 | loss 2.6994 | lr_mult 0.2524 | tok/s 172727 | grad_norm 0.114
step 12410/18145 | loss 2.7478 | lr_mult 0.2516 | tok/s 172728 | grad_norm 0.109
step 12420/18145 | loss 2.7302 | lr_mult 0.2508 | tok/s 172729 | grad_norm 0.105
step 12430/18145 | loss 2.6960 | lr_mult 0.2500 | tok/s 172731 | grad_norm 0.105
step 12440/18145 | loss 2.6943 | lr_mult 0.2492 | tok/s 172732 | grad_norm 0.110
step 12450/18145 | loss 2.6917 | lr_mult 0.2484 | tok/s 172733 | grad_norm 0.114
step 12460/18145 | loss 2.7242 | lr_mult 0.2476 | tok/s 172734 | grad_norm 0.111
step 12470/18145 | loss 2.7171 | lr_mult 0.2468 | tok/s 172736 | grad_norm 0.100
step 12480/18145 | loss 2.7180 | lr_mult 0.2460 | tok/s 172737 | grad_norm 0.110
step 12490/18145 | loss 2.7120 | lr_mult 0.2453 | tok/s 172738 | grad_norm 0.107
step 12500/18145 | loss 2.7160 | lr_mult 0.2445 | tok/s 172740 | grad_norm 0.106
step 12500/18145 | val_loss 2.7218
step 12510/18145 | loss 2.7068 | lr_mult 0.2437 | tok/s 172682 | grad_norm 0.113
step 12520/18145 | loss 2.7261 | lr_mult 0.2429 | tok/s 172683 | grad_norm 0.103
step 12530/18145 | loss 2.7344 | lr_mult 0.2421 | tok/s 172685 | grad_norm 0.107
step 12540/18145 | loss 2.7370 | lr_mult 0.2413 | tok/s 172686 | grad_norm 0.106
step 12550/18145 | loss 2.6958 | lr_mult 0.2405 | tok/s 172687 | grad_norm 0.104
step 12560/18145 | loss 2.7025 | lr_mult 0.2398 | tok/s 172689 | grad_norm 0.113
step 12570/18145 | loss 2.6910 | lr_mult 0.2390 | tok/s 172690 | grad_norm 0.106
step 12580/18145 | loss 2.7095 | lr_mult 0.2382 | tok/s 172691 | grad_norm 0.107
step 12590/18145 | loss 2.7171 | lr_mult 0.2374 | tok/s 172693 | grad_norm 0.107
step 12600/18145 | loss 2.7065 | lr_mult 0.2366 | tok/s 172694 | grad_norm 0.101
step 12610/18145 | loss 2.6903 | lr_mult 0.2359 | tok/s 172696 | grad_norm 0.106
step 12620/18145 | loss 2.7021 | lr_mult 0.2351 | tok/s 172697 | grad_norm 0.105
step 12630/18145 | loss 2.6927 | lr_mult 0.2343 | tok/s 172698 | grad_norm 0.102
step 12640/18145 | loss 2.6955 | lr_mult 0.2335 | tok/s 172700 | grad_norm 0.112
step 12650/18145 | loss 2.7038 | lr_mult 0.2328 | tok/s 172701 | grad_norm 0.102
step 12660/18145 | loss 2.7060 | lr_mult 0.2320 | tok/s 172703 | grad_norm 0.108
step 12670/18145 | loss 2.7350 | lr_mult 0.2312 | tok/s 172704 | grad_norm 0.102
step 12680/18145 | loss 2.7027 | lr_mult 0.2304 | tok/s 172706 | grad_norm 0.109
step 12690/18145 | loss 2.6935 | lr_mult 0.2297 | tok/s 172707 | grad_norm 0.105
step 12700/18145 | loss 2.7184 | lr_mult 0.2289 | tok/s 172708 | grad_norm 0.102
step 12710/18145 | loss 2.7059 | lr_mult 0.2281 | tok/s 172710 | grad_norm 0.101
step 12720/18145 | loss 2.6882 | lr_mult 0.2274 | tok/s 172711 | grad_norm 0.103
step 12730/18145 | loss 2.6988 | lr_mult 0.2266 | tok/s 172712 | grad_norm 0.109
step 12740/18145 | loss 2.7078 | lr_mult 0.2258 | tok/s 172714 | grad_norm 0.107
step 12750/18145 | loss 2.6928 | lr_mult 0.2251 | tok/s 172715 | grad_norm 0.110
step 12760/18145 | loss 2.6870 | lr_mult 0.2243 | tok/s 172717 | grad_norm 0.100
step 12770/18145 | loss 2.7115 | lr_mult 0.2235 | tok/s 172718 | grad_norm 0.105
step 12780/18145 | loss 2.7043 | lr_mult 0.2228 | tok/s 172719 | grad_norm 0.096
step 12790/18145 | loss 2.7066 | lr_mult 0.2220 | tok/s 172721 | grad_norm 0.104
step 12800/18145 | loss 2.6929 | lr_mult 0.2212 | tok/s 172722 | grad_norm 0.103
step 12810/18145 | loss 2.7030 | lr_mult 0.2205 | tok/s 172723 | grad_norm 0.098
step 12820/18145 | loss 2.7059 | lr_mult 0.2197 | tok/s 172725 | grad_norm 0.106
step 12830/18145 | loss 2.6906 | lr_mult 0.2190 | tok/s 172726 | grad_norm 0.103
step 12840/18145 | loss 2.6999 | lr_mult 0.2182 | tok/s 172728 | grad_norm 0.100
step 12850/18145 | loss 2.7333 | lr_mult 0.2174 | tok/s 172729 | grad_norm 0.101
step 12860/18145 | loss 2.7038 | lr_mult 0.2167 | tok/s 172730 | grad_norm 0.108
step 12870/18145 | loss 2.7076 | lr_mult 0.2159 | tok/s 172732 | grad_norm 0.100
step 12880/18145 | loss 2.7005 | lr_mult 0.2152 | tok/s 172733 | grad_norm 0.101
step 12890/18145 | loss 2.6785 | lr_mult 0.2144 | tok/s 172734 | grad_norm 0.103
step 12900/18145 | loss 2.6860 | lr_mult 0.2137 | tok/s 172736 | grad_norm 0.107
step 12910/18145 | loss 2.7047 | lr_mult 0.2129 | tok/s 172737 | grad_norm 0.099
step 12920/18145 | loss 2.6864 | lr_mult 0.2122 | tok/s 172738 | grad_norm 0.106
step 12930/18145 | loss 2.6712 | lr_mult 0.2114 | tok/s 172740 | grad_norm 0.098
step 12940/18145 | loss 2.7161 | lr_mult 0.2107 | tok/s 172741 | grad_norm 0.098
step 12950/18145 | loss 2.6973 | lr_mult 0.2099 | tok/s 172742 | grad_norm 0.102
step 12960/18145 | loss 2.6744 | lr_mult 0.2092 | tok/s 172744 | grad_norm 0.096
step 12970/18145 | loss 2.7034 | lr_mult 0.2084 | tok/s 172745 | grad_norm 0.107
step 12980/18145 | loss 2.7075 | lr_mult 0.2077 | tok/s 172746 | grad_norm 0.107
step 12990/18145 | loss 2.7009 | lr_mult 0.2070 | tok/s 172748 | grad_norm 0.105
step 13000/18145 | loss 2.6945 | lr_mult 0.2062 | tok/s 172749 | grad_norm 0.103
step 13000/18145 | val_loss 2.7103
step 13010/18145 | loss 2.6835 | lr_mult 0.2055 | tok/s 172693 | grad_norm 0.104
step 13020/18145 | loss 2.7001 | lr_mult 0.2047 | tok/s 172695 | grad_norm 0.112
step 13030/18145 | loss 2.6969 | lr_mult 0.2040 | tok/s 172696 | grad_norm 0.111
step 13040/18145 | loss 2.7041 | lr_mult 0.2033 | tok/s 172697 | grad_norm 0.102
step 13050/18145 | loss 2.6966 | lr_mult 0.2025 | tok/s 172698 | grad_norm 0.099
step 13060/18145 | loss 2.6925 | lr_mult 0.2018 | tok/s 172699 | grad_norm 0.096
step 13070/18145 | loss 2.7181 | lr_mult 0.2011 | tok/s 172701 | grad_norm 0.095
step 13080/18145 | loss 2.6778 | lr_mult 0.2003 | tok/s 172702 | grad_norm 0.107
step 13090/18145 | loss 2.6783 | lr_mult 0.1996 | tok/s 172703 | grad_norm 0.101
step 13100/18145 | loss 2.6921 | lr_mult 0.1989 | tok/s 172704 | grad_norm 0.101
step 13110/18145 | loss 2.6839 | lr_mult 0.1981 | tok/s 172706 | grad_norm 0.101
step 13120/18145 | loss 2.6879 | lr_mult 0.1974 | tok/s 172707 | grad_norm 0.099
step 13130/18145 | loss 2.6836 | lr_mult 0.1967 | tok/s 172708 | grad_norm 0.101
step 13140/18145 | loss 2.6752 | lr_mult 0.1959 | tok/s 172709 | grad_norm 0.095
step 13150/18145 | loss 2.6930 | lr_mult 0.1952 | tok/s 172711 | grad_norm 0.098
step 13160/18145 | loss 2.6842 | lr_mult 0.1945 | tok/s 172712 | grad_norm 0.097
step 13170/18145 | loss 2.6733 | lr_mult 0.1938 | tok/s 172713 | grad_norm 0.100
step 13180/18145 | loss 2.6936 | lr_mult 0.1930 | tok/s 172714 | grad_norm 0.097
step 13190/18145 | loss 2.6738 | lr_mult 0.1923 | tok/s 172715 | grad_norm 0.095
step 13200/18145 | loss 2.6764 | lr_mult 0.1916 | tok/s 172717 | grad_norm 0.099
step 13210/18145 | loss 2.6645 | lr_mult 0.1909 | tok/s 172718 | grad_norm 0.107
step 13220/18145 | loss 2.6842 | lr_mult 0.1902 | tok/s 172719 | grad_norm 0.101
step 13230/18145 | loss 2.7062 | lr_mult 0.1894 | tok/s 172720 | grad_norm 0.098
step 13240/18145 | loss 2.6973 | lr_mult 0.1887 | tok/s 172721 | grad_norm 0.105
step 13250/18145 | loss 2.6811 | lr_mult 0.1880 | tok/s 172723 | grad_norm 0.101
step 13260/18145 | loss 2.7072 | lr_mult 0.1873 | tok/s 172724 | grad_norm 0.093
step 13270/18145 | loss 2.6716 | lr_mult 0.1866 | tok/s 172725 | grad_norm 0.098
step 13280/18145 | loss 2.6910 | lr_mult 0.1859 | tok/s 172726 | grad_norm 0.101
step 13290/18145 | loss 2.7047 | lr_mult 0.1851 | tok/s 172728 | grad_norm 0.097
step 13300/18145 | loss 2.6705 | lr_mult 0.1844 | tok/s 172729 | grad_norm 0.102
step 13310/18145 | loss 2.6860 | lr_mult 0.1837 | tok/s 172730 | grad_norm 0.099
step 13320/18145 | loss 2.6986 | lr_mult 0.1830 | tok/s 172731 | grad_norm 0.104
step 13330/18145 | loss 2.6892 | lr_mult 0.1823 | tok/s 172732 | grad_norm 0.094
step 13340/18145 | loss 2.6811 | lr_mult 0.1816 | tok/s 172733 | grad_norm 0.096
step 13350/18145 | loss 2.7026 | lr_mult 0.1809 | tok/s 172735 | grad_norm 0.100
step 13360/18145 | loss 2.6760 | lr_mult 0.1802 | tok/s 172736 | grad_norm 0.101
step 13370/18145 | loss 2.6700 | lr_mult 0.1795 | tok/s 172737 | grad_norm 0.099
step 13380/18145 | loss 2.6628 | lr_mult 0.1788 | tok/s 172738 | grad_norm 0.097
step 13390/18145 | loss 2.6687 | lr_mult 0.1781 | tok/s 172739 | grad_norm 0.096
step 13400/18145 | loss 2.6694 | lr_mult 0.1774 | tok/s 172740 | grad_norm 0.094
step 13410/18145 | loss 2.7013 | lr_mult 0.1767 | tok/s 172742 | grad_norm 0.098
step 13420/18145 | loss 2.6889 | lr_mult 0.1760 | tok/s 172743 | grad_norm 0.098
step 13430/18145 | loss 2.6613 | lr_mult 0.1753 | tok/s 172744 | grad_norm 0.099
step 13440/18145 | loss 2.6876 | lr_mult 0.1746 | tok/s 172745 | grad_norm 0.101
step 13450/18145 | loss 2.6759 | lr_mult 0.1739 | tok/s 172746 | grad_norm 0.094
step 13460/18145 | loss 2.6668 | lr_mult 0.1732 | tok/s 172748 | grad_norm 0.099
step 13470/18145 | loss 2.6725 | lr_mult 0.1725 | tok/s 172749 | grad_norm 0.095
step 13480/18145 | loss 2.6844 | lr_mult 0.1718 | tok/s 172750 | grad_norm 0.100
step 13490/18145 | loss 2.7040 | lr_mult 0.1711 | tok/s 172751 | grad_norm 0.097
step 13500/18145 | loss 2.6804 | lr_mult 0.1704 | tok/s 172752 | grad_norm 0.095
step 13500/18145 | val_loss 2.6987
step 13510/18145 | loss 2.6586 | lr_mult 0.1697 | tok/s 172699 | grad_norm 0.100
step 13520/18145 | loss 2.6681 | lr_mult 0.1691 | tok/s 172700 | grad_norm 0.099
step 13530/18145 | loss 2.6645 | lr_mult 0.1684 | tok/s 172701 | grad_norm 0.091
step 13540/18145 | loss 2.6809 | lr_mult 0.1677 | tok/s 172702 | grad_norm 0.095
step 13550/18145 | loss 2.6991 | lr_mult 0.1670 | tok/s 172703 | grad_norm 0.100
step 13560/18145 | loss 2.6752 | lr_mult 0.1663 | tok/s 172704 | grad_norm 0.098
step 13570/18145 | loss 2.7076 | lr_mult 0.1656 | tok/s 172706 | grad_norm 0.096
step 13580/18145 | loss 2.6913 | lr_mult 0.1650 | tok/s 172707 | grad_norm 0.095
step 13590/18145 | loss 2.6832 | lr_mult 0.1643 | tok/s 172708 | grad_norm 0.096
step 13600/18145 | loss 2.6813 | lr_mult 0.1636 | tok/s 172709 | grad_norm 0.093
step 13610/18145 | loss 2.6747 | lr_mult 0.1629 | tok/s 172710 | grad_norm 0.103
step 13620/18145 | loss 2.6874 | lr_mult 0.1622 | tok/s 172712 | grad_norm 0.098
step 13630/18145 | loss 2.6634 | lr_mult 0.1616 | tok/s 172713 | grad_norm 0.099
step 13640/18145 | loss 2.6589 | lr_mult 0.1609 | tok/s 172714 | grad_norm 0.097
step 13650/18145 | loss 2.6841 | lr_mult 0.1602 | tok/s 172715 | grad_norm 0.099
step 13660/18145 | loss 2.6761 | lr_mult 0.1596 | tok/s 172716 | grad_norm 0.100
step 13670/18145 | loss 2.6728 | lr_mult 0.1589 | tok/s 172717 | grad_norm 0.095
step 13680/18145 | loss 2.6960 | lr_mult 0.1582 | tok/s 172719 | grad_norm 0.097
step 13690/18145 | loss 2.6704 | lr_mult 0.1575 | tok/s 172720 | grad_norm 0.100
step 13700/18145 | loss 2.6636 | lr_mult 0.1569 | tok/s 172721 | grad_norm 0.100
step 13710/18145 | loss 2.6692 | lr_mult 0.1562 | tok/s 172722 | grad_norm 0.099
step 13720/18145 | loss 2.6604 | lr_mult 0.1555 | tok/s 172723 | grad_norm 0.099
step 13730/18145 | loss 2.6901 | lr_mult 0.1549 | tok/s 172724 | grad_norm 0.091
step 13740/18145 | loss 2.6621 | lr_mult 0.1542 | tok/s 172725 | grad_norm 0.099
step 13750/18145 | loss 2.6412 | lr_mult 0.1536 | tok/s 172726 | grad_norm 0.096
step 13760/18145 | loss 2.6785 | lr_mult 0.1529 | tok/s 172728 | grad_norm 0.094
step 13770/18145 | loss 2.6587 | lr_mult 0.1522 | tok/s 172729 | grad_norm 0.095
step 13780/18145 | loss 2.6930 | lr_mult 0.1516 | tok/s 172730 | grad_norm 0.107
step 13790/18145 | loss 2.6541 | lr_mult 0.1509 | tok/s 172731 | grad_norm 0.096
step 13800/18145 | loss 2.6685 | lr_mult 0.1503 | tok/s 172732 | grad_norm 0.090
step 13810/18145 | loss 2.6890 | lr_mult 0.1496 | tok/s 172733 | grad_norm 0.095
step 13820/18145 | loss 2.6762 | lr_mult 0.1490 | tok/s 172734 | grad_norm 0.096
step 13830/18145 | loss 2.6512 | lr_mult 0.1483 | tok/s 172736 | grad_norm 0.097
step 13840/18145 | loss 2.6741 | lr_mult 0.1477 | tok/s 172737 | grad_norm 0.095
step 13850/18145 | loss 2.6940 | lr_mult 0.1470 | tok/s 172738 | grad_norm 0.093
step 13860/18145 | loss 2.6711 | lr_mult 0.1464 | tok/s 172739 | grad_norm 0.095
step 13870/18145 | loss 2.6630 | lr_mult 0.1457 | tok/s 172740 | grad_norm 0.104
step 13880/18145 | loss 2.6786 | lr_mult 0.1451 | tok/s 172741 | grad_norm 0.104
step 13890/18145 | loss 2.6670 | lr_mult 0.1444 | tok/s 172742 | grad_norm 0.094
step 13900/18145 | loss 2.6841 | lr_mult 0.1438 | tok/s 172743 | grad_norm 0.096
step 13910/18145 | loss 2.6423 | lr_mult 0.1431 | tok/s 172744 | grad_norm 0.091
step 13920/18145 | loss 2.6880 | lr_mult 0.1425 | tok/s 172746 | grad_norm 0.096
step 13930/18145 | loss 2.6589 | lr_mult 0.1419 | tok/s 172747 | grad_norm 0.092
step 13940/18145 | loss 2.6776 | lr_mult 0.1412 | tok/s 172748 | grad_norm 0.093
step 13950/18145 | loss 2.6548 | lr_mult 0.1406 | tok/s 172749 | grad_norm 0.095
step 13960/18145 | loss 2.6700 | lr_mult 0.1399 | tok/s 172750 | grad_norm 0.094
step 13970/18145 | loss 2.6682 | lr_mult 0.1393 | tok/s 172751 | grad_norm 0.098
step 13980/18145 | loss 2.6767 | lr_mult 0.1387 | tok/s 172752 | grad_norm 0.096
step 13990/18145 | loss 2.6525 | lr_mult 0.1380 | tok/s 172753 | grad_norm 0.094
step 14000/18145 | loss 2.6669 | lr_mult 0.1374 | tok/s 172754 | grad_norm 0.100
step 14000/18145 | val_loss 2.6889
step 14010/18145 | loss 2.6811 | lr_mult 0.1368 | tok/s 172703 | grad_norm 0.098
step 14020/18145 | loss 2.7014 | lr_mult 0.1362 | tok/s 172704 | grad_norm 0.100
step 14030/18145 | loss 2.6681 | lr_mult 0.1355 | tok/s 172705 | grad_norm 0.093
step 14040/18145 | loss 2.6709 | lr_mult 0.1349 | tok/s 172706 | grad_norm 0.096
step 14050/18145 | loss 2.6882 | lr_mult 0.1343 | tok/s 172707 | grad_norm 0.095
step 14060/18145 | loss 2.6742 | lr_mult 0.1337 | tok/s 172708 | grad_norm 0.096
step 14070/18145 | loss 2.6668 | lr_mult 0.1330 | tok/s 172709 | grad_norm 0.100
step 14080/18145 | loss 2.6791 | lr_mult 0.1324 | tok/s 172711 | grad_norm 0.093
step 14090/18145 | loss 2.6740 | lr_mult 0.1318 | tok/s 172712 | grad_norm 0.093
step 14100/18145 | loss 2.6562 | lr_mult 0.1312 | tok/s 172713 | grad_norm 0.093
step 14110/18145 | loss 2.6685 | lr_mult 0.1306 | tok/s 172714 | grad_norm 0.093
step 14120/18145 | loss 2.6661 | lr_mult 0.1299 | tok/s 172715 | grad_norm 0.093
step 14130/18145 | loss 2.6622 | lr_mult 0.1293 | tok/s 172716 | grad_norm 0.094
step 14140/18145 | loss 2.6820 | lr_mult 0.1287 | tok/s 172717 | grad_norm 0.097
step 14150/18145 | loss 2.6801 | lr_mult 0.1281 | tok/s 172718 | grad_norm 0.090
step 14160/18145 | loss 2.6643 | lr_mult 0.1275 | tok/s 172719 | grad_norm 0.098
step 14170/18145 | loss 2.6812 | lr_mult 0.1269 | tok/s 172721 | grad_norm 0.097
step 14180/18145 | loss 2.6639 | lr_mult 0.1263 | tok/s 172722 | grad_norm 0.091
step 14190/18145 | loss 2.6806 | lr_mult 0.1257 | tok/s 172723 | grad_norm 0.097
step 14200/18145 | loss 2.6840 | lr_mult 0.1250 | tok/s 172724 | grad_norm 0.096
step 14210/18145 | loss 2.6516 | lr_mult 0.1244 | tok/s 172725 | grad_norm 0.095
step 14220/18145 | loss 2.6567 | lr_mult 0.1238 | tok/s 172726 | grad_norm 0.094
step 14230/18145 | loss 2.6838 | lr_mult 0.1232 | tok/s 172727 | grad_norm 0.096
step 14240/18145 | loss 2.6964 | lr_mult 0.1226 | tok/s 172728 | grad_norm 0.096
step 14250/18145 | loss 2.6721 | lr_mult 0.1220 | tok/s 172729 | grad_norm 0.089
step 14260/18145 | loss 2.6528 | lr_mult 0.1214 | tok/s 172730 | grad_norm 0.093
step 14270/18145 | loss 2.6667 | lr_mult 0.1208 | tok/s 172732 | grad_norm 0.091
step 14280/18145 | loss 2.6519 | lr_mult 0.1202 | tok/s 172733 | grad_norm 0.096
step 14290/18145 | loss 2.6502 | lr_mult 0.1196 | tok/s 172734 | grad_norm 0.090
step 14300/18145 | loss 2.6754 | lr_mult 0.1190 | tok/s 172735 | grad_norm 0.090
step 14310/18145 | loss 2.6598 | lr_mult 0.1185 | tok/s 172736 | grad_norm 0.095
step 14320/18145 | loss 2.6600 | lr_mult 0.1179 | tok/s 172737 | grad_norm 0.095
step 14330/18145 | loss 2.6559 | lr_mult 0.1173 | tok/s 172738 | grad_norm 0.094
step 14340/18145 | loss 2.6622 | lr_mult 0.1167 | tok/s 172739 | grad_norm 0.101
step 14350/18145 | loss 2.6549 | lr_mult 0.1161 | tok/s 172740 | grad_norm 0.098
step 14360/18145 | loss 2.6674 | lr_mult 0.1155 | tok/s 172741 | grad_norm 0.101
step 14370/18145 | loss 2.6835 | lr_mult 0.1149 | tok/s 172742 | grad_norm 0.094
step 14380/18145 | loss 2.6447 | lr_mult 0.1143 | tok/s 172743 | grad_norm 0.097
step 14390/18145 | loss 2.6875 | lr_mult 0.1138 | tok/s 172744 | grad_norm 0.091
step 14400/18145 | loss 2.6540 | lr_mult 0.1132 | tok/s 172746 | grad_norm 0.121
step 14410/18145 | loss 2.6679 | lr_mult 0.1126 | tok/s 172747 | grad_norm 0.088
step 14420/18145 | loss 2.6668 | lr_mult 0.1120 | tok/s 172748 | grad_norm 0.091
step 14430/18145 | loss 2.6478 | lr_mult 0.1114 | tok/s 172749 | grad_norm 0.094
step 14440/18145 | loss 2.6629 | lr_mult 0.1109 | tok/s 172750 | grad_norm 0.092
step 14450/18145 | loss 2.6449 | lr_mult 0.1103 | tok/s 172751 | grad_norm 0.093
step 14460/18145 | loss 2.6802 | lr_mult 0.1097 | tok/s 172752 | grad_norm 0.094
step 14470/18145 | loss 2.6419 | lr_mult 0.1091 | tok/s 172753 | grad_norm 0.093
step 14480/18145 | loss 2.6604 | lr_mult 0.1086 | tok/s 172754 | grad_norm 0.092
step 14490/18145 | loss 2.6303 | lr_mult 0.1080 | tok/s 172755 | grad_norm 0.090
step 14500/18145 | loss 2.6507 | lr_mult 0.1074 | tok/s 172756 | grad_norm 0.093
step 14500/18145 | val_loss 2.6796
step 14510/18145 | loss 2.6720 | lr_mult 0.1069 | tok/s 172706 | grad_norm 0.093
step 14520/18145 | loss 2.6373 | lr_mult 0.1063 | tok/s 172707 | grad_norm 0.089
step 14530/18145 | loss 2.6520 | lr_mult 0.1057 | tok/s 172708 | grad_norm 0.094
step 14540/18145 | loss 2.6596 | lr_mult 0.1052 | tok/s 172710 | grad_norm 0.093
step 14550/18145 | loss 2.6691 | lr_mult 0.1046 | tok/s 172711 | grad_norm 0.090
step 14560/18145 | loss 2.6304 | lr_mult 0.1041 | tok/s 172712 | grad_norm 0.096
step 14570/18145 | loss 2.6493 | lr_mult 0.1035 | tok/s 172713 | grad_norm 0.093
step 14580/18145 | loss 2.6504 | lr_mult 0.1029 | tok/s 172714 | grad_norm 0.094
step 14590/18145 | loss 2.6673 | lr_mult 0.1024 | tok/s 172715 | grad_norm 0.091
step 14600/18145 | loss 2.6645 | lr_mult 0.1018 | tok/s 172716 | grad_norm 0.091
step 14610/18145 | loss 2.6580 | lr_mult 0.1013 | tok/s 172717 | grad_norm 0.092
step 14620/18145 | loss 2.6896 | lr_mult 0.1007 | tok/s 172718 | grad_norm 0.098
step 14630/18145 | loss 2.6648 | lr_mult 0.1002 | tok/s 172720 | grad_norm 0.094
step 14640/18145 | loss 2.6502 | lr_mult 0.0996 | tok/s 172721 | grad_norm 0.093
step 14650/18145 | loss 2.6418 | lr_mult 0.0991 | tok/s 172722 | grad_norm 0.093
step 14660/18145 | loss 2.6524 | lr_mult 0.0985 | tok/s 172723 | grad_norm 0.089
step 14670/18145 | loss 2.6382 | lr_mult 0.0980 | tok/s 172724 | grad_norm 0.091
step 14680/18145 | loss 2.6615 | lr_mult 0.0974 | tok/s 172725 | grad_norm 0.088
step 14690/18145 | loss 2.6488 | lr_mult 0.0969 | tok/s 172726 | grad_norm 0.094
step 14700/18145 | loss 2.6659 | lr_mult 0.0964 | tok/s 172727 | grad_norm 0.097
step 14710/18145 | loss 2.6415 | lr_mult 0.0958 | tok/s 172728 | grad_norm 0.090
step 14720/18145 | loss 2.6350 | lr_mult 0.0953 | tok/s 172729 | grad_norm 0.091
step 14730/18145 | loss 2.6602 | lr_mult 0.0947 | tok/s 172731 | grad_norm 0.092
step 14740/18145 | loss 2.6608 | lr_mult 0.0942 | tok/s 172732 | grad_norm 0.091
step 14750/18145 | loss 2.6457 | lr_mult 0.0937 | tok/s 172733 | grad_norm 0.092
step 14760/18145 | loss 2.6950 | lr_mult 0.0931 | tok/s 172734 | grad_norm 0.094
step 14770/18145 | loss 2.6609 | lr_mult 0.0926 | tok/s 172735 | grad_norm 0.093
step 14780/18145 | loss 2.6459 | lr_mult 0.0921 | tok/s 172736 | grad_norm 0.089
step 14790/18145 | loss 2.6439 | lr_mult 0.0915 | tok/s 172737 | grad_norm 0.093
step 14800/18145 | loss 2.6618 | lr_mult 0.0910 | tok/s 172738 | grad_norm 0.090
step 14810/18145 | loss 2.6518 | lr_mult 0.0905 | tok/s 172739 | grad_norm 0.096
step 14820/18145 | loss 2.6636 | lr_mult 0.0900 | tok/s 172741 | grad_norm 0.095
step 14830/18145 | loss 2.6576 | lr_mult 0.0894 | tok/s 172742 | grad_norm 0.090
step 14840/18145 | loss 2.6224 | lr_mult 0.0889 | tok/s 172743 | grad_norm 0.092
step 14850/18145 | loss 2.6298 | lr_mult 0.0884 | tok/s 172744 | grad_norm 0.093
step 14860/18145 | loss 2.6646 | lr_mult 0.0879 | tok/s 172745 | grad_norm 0.093
step 14870/18145 | loss 2.6381 | lr_mult 0.0874 | tok/s 172746 | grad_norm 0.092
step 14880/18145 | loss 2.6533 | lr_mult 0.0868 | tok/s 172747 | grad_norm 0.094
step 14890/18145 | loss 2.6434 | lr_mult 0.0863 | tok/s 172748 | grad_norm 0.095
step 14900/18145 | loss 2.6664 | lr_mult 0.0858 | tok/s 172749 | grad_norm 0.089
step 14910/18145 | loss 2.6467 | lr_mult 0.0853 | tok/s 172750 | grad_norm 0.089
step 14920/18145 | loss 2.6491 | lr_mult 0.0848 | tok/s 172751 | grad_norm 0.092
step 14930/18145 | loss 2.6563 | lr_mult 0.0843 | tok/s 172753 | grad_norm 0.092
step 14940/18145 | loss 2.6243 | lr_mult 0.0838 | tok/s 172754 | grad_norm 0.095
step 14950/18145 | loss 2.6443 | lr_mult 0.0833 | tok/s 172755 | grad_norm 0.093
step 14960/18145 | loss 2.6463 | lr_mult 0.0828 | tok/s 172756 | grad_norm 0.094
step 14970/18145 | loss 2.6445 | lr_mult 0.0823 | tok/s 172757 | grad_norm 0.091
step 14980/18145 | loss 2.6326 | lr_mult 0.0818 | tok/s 172758 | grad_norm 0.099
step 14990/18145 | loss 2.6362 | lr_mult 0.0813 | tok/s 172759 | grad_norm 0.091
step 15000/18145 | loss 2.6427 | lr_mult 0.0808 | tok/s 172760 | grad_norm 0.092
step 15000/18145 | val_loss 2.6712
step 15010/18145 | loss 2.6405 | lr_mult 0.0803 | tok/s 172712 | grad_norm 0.091
step 15020/18145 | loss 2.6670 | lr_mult 0.0798 | tok/s 172713 | grad_norm 0.090
step 15030/18145 | loss 2.6636 | lr_mult 0.0793 | tok/s 172714 | grad_norm 0.089
step 15040/18145 | loss 2.6480 | lr_mult 0.0788 | tok/s 172715 | grad_norm 0.092
step 15050/18145 | loss 2.6508 | lr_mult 0.0783 | tok/s 172716 | grad_norm 0.093
step 15060/18145 | loss 2.6323 | lr_mult 0.0778 | tok/s 172717 | grad_norm 0.092
step 15070/18145 | loss 2.6467 | lr_mult 0.0773 | tok/s 172718 | grad_norm 0.094
step 15080/18145 | loss 2.6269 | lr_mult 0.0768 | tok/s 172719 | grad_norm 0.094
step 15090/18145 | loss 2.6197 | lr_mult 0.0763 | tok/s 172720 | grad_norm 0.090
step 15100/18145 | loss 2.6499 | lr_mult 0.0758 | tok/s 172721 | grad_norm 0.092
step 15110/18145 | loss 2.6369 | lr_mult 0.0753 | tok/s 172722 | grad_norm 0.093
step 15120/18145 | loss 2.6709 | lr_mult 0.0749 | tok/s 172723 | grad_norm 0.089
step 15130/18145 | loss 2.6520 | lr_mult 0.0744 | tok/s 172724 | grad_norm 0.091
step 15140/18145 | loss 2.6401 | lr_mult 0.0739 | tok/s 172725 | grad_norm 0.091
step 15150/18145 | loss 2.6429 | lr_mult 0.0734 | tok/s 172726 | grad_norm 0.095
step 15160/18145 | loss 2.6363 | lr_mult 0.0729 | tok/s 172727 | grad_norm 0.089
step 15170/18145 | loss 2.6470 | lr_mult 0.0725 | tok/s 172728 | grad_norm 0.095
step 15180/18145 | loss 2.6331 | lr_mult 0.0720 | tok/s 172729 | grad_norm 0.090
step 15190/18145 | loss 2.6275 | lr_mult 0.0715 | tok/s 172730 | grad_norm 0.090
step 15200/18145 | loss 2.6253 | lr_mult 0.0711 | tok/s 172731 | grad_norm 0.092
step 15210/18145 | loss 2.6420 | lr_mult 0.0706 | tok/s 172732 | grad_norm 0.090
step 15220/18145 | loss 2.6557 | lr_mult 0.0701 | tok/s 172733 | grad_norm 0.089
step 15230/18145 | loss 2.6410 | lr_mult 0.0696 | tok/s 172734 | grad_norm 0.089
step 15240/18145 | loss 2.6606 | lr_mult 0.0692 | tok/s 172735 | grad_norm 0.090
step 15250/18145 | loss 2.6222 | lr_mult 0.0687 | tok/s 172736 | grad_norm 0.092
step 15260/18145 | loss 2.6396 | lr_mult 0.0683 | tok/s 172737 | grad_norm 0.089
step 15270/18145 | loss 2.6334 | lr_mult 0.0678 | tok/s 172738 | grad_norm 0.090
step 15280/18145 | loss 2.6332 | lr_mult 0.0673 | tok/s 172739 | grad_norm 0.091
step 15290/18145 | loss 2.6305 | lr_mult 0.0669 | tok/s 172740 | grad_norm 0.089
step 15300/18145 | loss 2.6235 | lr_mult 0.0664 | tok/s 172741 | grad_norm 0.089
step 15310/18145 | loss 2.6465 | lr_mult 0.0660 | tok/s 172742 | grad_norm 0.092
step 15320/18145 | loss 2.6675 | lr_mult 0.0655 | tok/s 172743 | grad_norm 0.093
step 15330/18145 | loss 2.6481 | lr_mult 0.0651 | tok/s 172744 | grad_norm 0.088
step 15340/18145 | loss 2.6438 | lr_mult 0.0646 | tok/s 172745 | grad_norm 0.089
step 15350/18145 | loss 2.6585 | lr_mult 0.0642 | tok/s 172746 | grad_norm 0.091
step 15360/18145 | loss 2.6528 | lr_mult 0.0637 | tok/s 172747 | grad_norm 0.089
step 15370/18145 | loss 2.6310 | lr_mult 0.0633 | tok/s 172748 | grad_norm 0.091
step 15380/18145 | loss 2.6347 | lr_mult 0.0628 | tok/s 172749 | grad_norm 0.091
step 15390/18145 | loss 2.6319 | lr_mult 0.0624 | tok/s 172750 | grad_norm 0.091
step 15400/18145 | loss 2.6276 | lr_mult 0.0619 | tok/s 172751 | grad_norm 0.088
step 15410/18145 | loss 2.6561 | lr_mult 0.0615 | tok/s 172752 | grad_norm 0.088
step 15420/18145 | loss 2.6435 | lr_mult 0.0610 | tok/s 172753 | grad_norm 0.088
step 15430/18145 | loss 2.6275 | lr_mult 0.0606 | tok/s 172754 | grad_norm 0.091
step 15440/18145 | loss 2.6365 | lr_mult 0.0602 | tok/s 172755 | grad_norm 0.087
step 15450/18145 | loss 2.6380 | lr_mult 0.0597 | tok/s 172756 | grad_norm 0.088
step 15460/18145 | loss 2.6327 | lr_mult 0.0593 | tok/s 172757 | grad_norm 0.090
step 15470/18145 | loss 2.6213 | lr_mult 0.0589 | tok/s 172758 | grad_norm 0.088
step 15480/18145 | loss 2.6146 | lr_mult 0.0584 | tok/s 172759 | grad_norm 0.087
step 15490/18145 | loss 2.6459 | lr_mult 0.0580 | tok/s 172760 | grad_norm 0.090
step 15500/18145 | loss 2.6345 | lr_mult 0.0576 | tok/s 172761 | grad_norm 0.091
step 15500/18145 | val_loss 2.6641
step 15510/18145 | loss 2.6224 | lr_mult 0.0572 | tok/s 172714 | grad_norm 0.090
step 15520/18145 | loss 2.6479 | lr_mult 0.0567 | tok/s 172715 | grad_norm 0.088
step 15530/18145 | loss 2.5866 | lr_mult 0.0563 | tok/s 172716 | grad_norm 0.090
step 15540/18145 | loss 2.6538 | lr_mult 0.0559 | tok/s 172717 | grad_norm 0.088
step 15550/18145 | loss 2.6444 | lr_mult 0.0555 | tok/s 172718 | grad_norm 0.088
step 15560/18145 | loss 2.6509 | lr_mult 0.0550 | tok/s 172719 | grad_norm 0.090
step 15570/18145 | loss 2.6373 | lr_mult 0.0546 | tok/s 172720 | grad_norm 0.091
step 15580/18145 | loss 2.6450 | lr_mult 0.0542 | tok/s 172721 | grad_norm 0.091
step 15590/18145 | loss 2.6446 | lr_mult 0.0538 | tok/s 172722 | grad_norm 0.090
step 15600/18145 | loss 2.6190 | lr_mult 0.0534 | tok/s 172723 | grad_norm 0.089
step 15610/18145 | loss 2.6366 | lr_mult 0.0530 | tok/s 172724 | grad_norm 0.094
step 15620/18145 | loss 2.6154 | lr_mult 0.0526 | tok/s 172725 | grad_norm 0.088
step 15630/18145 | loss 2.6368 | lr_mult 0.0522 | tok/s 172726 | grad_norm 0.093
step 15640/18145 | loss 2.6418 | lr_mult 0.0518 | tok/s 172727 | grad_norm 0.089
step 15650/18145 | loss 2.6273 | lr_mult 0.0513 | tok/s 172728 | grad_norm 0.089
step 15660/18145 | loss 2.6304 | lr_mult 0.0509 | tok/s 172729 | grad_norm 0.092
step 15670/18145 | loss 2.6451 | lr_mult 0.0505 | tok/s 172730 | grad_norm 0.090
step 15680/18145 | loss 2.6121 | lr_mult 0.0501 | tok/s 172731 | grad_norm 0.090
step 15690/18145 | loss 2.6195 | lr_mult 0.0497 | tok/s 172732 | grad_norm 0.089
step 15700/18145 | loss 2.6268 | lr_mult 0.0493 | tok/s 172733 | grad_norm 0.095
step 15710/18145 | loss 2.6514 | lr_mult 0.0489 | tok/s 172734 | grad_norm 0.087
step 15720/18145 | loss 2.6159 | lr_mult 0.0486 | tok/s 172735 | grad_norm 0.092
step 15730/18145 | loss 2.6310 | lr_mult 0.0482 | tok/s 172736 | grad_norm 0.088
step 15740/18145 | loss 2.6359 | lr_mult 0.0478 | tok/s 172737 | grad_norm 0.093
step 15750/18145 | loss 2.6396 | lr_mult 0.0474 | tok/s 172738 | grad_norm 0.090
step 15760/18145 | loss 2.6084 | lr_mult 0.0470 | tok/s 172739 | grad_norm 0.088
step 15770/18145 | loss 2.6611 | lr_mult 0.0466 | tok/s 172739 | grad_norm 0.090
step 15780/18145 | loss 2.6087 | lr_mult 0.0462 | tok/s 172740 | grad_norm 0.087
step 15790/18145 | loss 2.6282 | lr_mult 0.0458 | tok/s 172741 | grad_norm 0.091
step 15800/18145 | loss 2.6240 | lr_mult 0.0455 | tok/s 172742 | grad_norm 0.090
step 15810/18145 | loss 2.6243 | lr_mult 0.0451 | tok/s 172743 | grad_norm 0.093
step 15820/18145 | loss 2.6087 | lr_mult 0.0447 | tok/s 172744 | grad_norm 0.092
step 15830/18145 | loss 2.6073 | lr_mult 0.0443 | tok/s 172745 | grad_norm 0.089
step 15840/18145 | loss 2.6444 | lr_mult 0.0439 | tok/s 172746 | grad_norm 0.093
step 15850/18145 | loss 2.6210 | lr_mult 0.0436 | tok/s 172747 | grad_norm 0.089
step 15860/18145 | loss 2.6445 | lr_mult 0.0432 | tok/s 172748 | grad_norm 0.091
step 15870/18145 | loss 2.6350 | lr_mult 0.0428 | tok/s 172749 | grad_norm 0.088
step 15880/18145 | loss 2.6307 | lr_mult 0.0424 | tok/s 172750 | grad_norm 0.089
step 15890/18145 | loss 2.6390 | lr_mult 0.0421 | tok/s 172751 | grad_norm 0.090
step 15900/18145 | loss 2.6196 | lr_mult 0.0417 | tok/s 172752 | grad_norm 0.090
step 15910/18145 | loss 2.6246 | lr_mult 0.0413 | tok/s 172753 | grad_norm 0.088
step 15920/18145 | loss 2.6012 | lr_mult 0.0410 | tok/s 172754 | grad_norm 0.092
step 15930/18145 | loss 2.6121 | lr_mult 0.0406 | tok/s 172755 | grad_norm 0.090
step 15940/18145 | loss 2.6168 | lr_mult 0.0403 | tok/s 172756 | grad_norm 0.090
step 15950/18145 | loss 2.6333 | lr_mult 0.0399 | tok/s 172757 | grad_norm 0.090
step 15960/18145 | loss 2.6289 | lr_mult 0.0395 | tok/s 172758 | grad_norm 0.091
step 15970/18145 | loss 2.6067 | lr_mult 0.0392 | tok/s 172759 | grad_norm 0.090
step 15980/18145 | loss 2.6008 | lr_mult 0.0388 | tok/s 172760 | grad_norm 0.086
step 15990/18145 | loss 2.6237 | lr_mult 0.0385 | tok/s 172760 | grad_norm 0.086
step 16000/18145 | loss 2.6308 | lr_mult 0.0381 | tok/s 172761 | grad_norm 0.089
step 16000/18145 | val_loss 2.6585
step 16010/18145 | loss 2.6373 | lr_mult 0.0378 | tok/s 172716 | grad_norm 0.090
step 16020/18145 | loss 2.6077 | lr_mult 0.0374 | tok/s 172717 | grad_norm 0.087
step 16030/18145 | loss 2.6335 | lr_mult 0.0371 | tok/s 172718 | grad_norm 0.086
step 16040/18145 | loss 2.6136 | lr_mult 0.0367 | tok/s 172719 | grad_norm 0.091
step 16050/18145 | loss 2.6004 | lr_mult 0.0364 | tok/s 172720 | grad_norm 0.090
step 16060/18145 | loss 2.6382 | lr_mult 0.0360 | tok/s 172721 | grad_norm 0.090
step 16070/18145 | loss 2.6136 | lr_mult 0.0357 | tok/s 172722 | grad_norm 0.092
step 16080/18145 | loss 2.6085 | lr_mult 0.0354 | tok/s 172723 | grad_norm 0.088
step 16090/18145 | loss 2.6076 | lr_mult 0.0350 | tok/s 172724 | grad_norm 0.086
step 16100/18145 | loss 2.6121 | lr_mult 0.0347 | tok/s 172725 | grad_norm 0.091
step 16110/18145 | loss 2.6402 | lr_mult 0.0344 | tok/s 172726 | grad_norm 0.088
step 16120/18145 | loss 2.6172 | lr_mult 0.0340 | tok/s 172727 | grad_norm 0.086
step 16130/18145 | loss 2.6178 | lr_mult 0.0337 | tok/s 172728 | grad_norm 0.090
step 16140/18145 | loss 2.6227 | lr_mult 0.0334 | tok/s 172729 | grad_norm 0.088
step 16150/18145 | loss 2.6016 | lr_mult 0.0330 | tok/s 172730 | grad_norm 0.090
step 16160/18145 | loss 2.6326 | lr_mult 0.0327 | tok/s 172731 | grad_norm 0.088
step 16170/18145 | loss 2.5946 | lr_mult 0.0324 | tok/s 172731 | grad_norm 0.087
step 16180/18145 | loss 2.5991 | lr_mult 0.0321 | tok/s 172732 | grad_norm 0.085
step 16190/18145 | loss 2.6270 | lr_mult 0.0317 | tok/s 172733 | grad_norm 0.086
step 16200/18145 | loss 2.6252 | lr_mult 0.0314 | tok/s 172734 | grad_norm 0.087
step 16210/18145 | loss 2.6095 | lr_mult 0.0311 | tok/s 172735 | grad_norm 0.087
step 16220/18145 | loss 2.6193 | lr_mult 0.0308 | tok/s 172736 | grad_norm 0.091
step 16230/18145 | loss 2.6176 | lr_mult 0.0305 | tok/s 172737 | grad_norm 0.086
step 16240/18145 | loss 2.6225 | lr_mult 0.0302 | tok/s 172738 | grad_norm 0.087
step 16250/18145 | loss 2.5907 | lr_mult 0.0298 | tok/s 172739 | grad_norm 0.083
step 16260/18145 | loss 2.6114 | lr_mult 0.0295 | tok/s 172740 | grad_norm 0.089
step 16270/18145 | loss 2.6223 | lr_mult 0.0292 | tok/s 172741 | grad_norm 0.087
step 16280/18145 | loss 2.6535 | lr_mult 0.0289 | tok/s 172742 | grad_norm 0.087
step 16290/18145 | loss 2.6189 | lr_mult 0.0286 | tok/s 172743 | grad_norm 0.089
step 16300/18145 | loss 2.6270 | lr_mult 0.0283 | tok/s 172744 | grad_norm 0.086
step 16310/18145 | loss 2.6061 | lr_mult 0.0280 | tok/s 172745 | grad_norm 0.087
step 16320/18145 | loss 2.6033 | lr_mult 0.0277 | tok/s 172746 | grad_norm 0.087
step 16330/18145 | loss 2.6082 | lr_mult 0.0274 | tok/s 172747 | grad_norm 0.090
step 16340/18145 | loss 2.6190 | lr_mult 0.0271 | tok/s 172748 | grad_norm 0.088
step 16350/18145 | loss 2.6106 | lr_mult 0.0268 | tok/s 172749 | grad_norm 0.088
step 16360/18145 | loss 2.6085 | lr_mult 0.0265 | tok/s 172750 | grad_norm 0.088
step 16370/18145 | loss 2.6021 | lr_mult 0.0262 | tok/s 172751 | grad_norm 0.086
step 16380/18145 | loss 2.6020 | lr_mult 0.0259 | tok/s 172751 | grad_norm 0.090
step 16390/18145 | loss 2.6052 | lr_mult 0.0256 | tok/s 172752 | grad_norm 0.085
step 16400/18145 | loss 2.6085 | lr_mult 0.0253 | tok/s 172753 | grad_norm 0.085
step 16410/18145 | loss 2.6238 | lr_mult 0.0251 | tok/s 172754 | grad_norm 0.086
step 16420/18145 | loss 2.5944 | lr_mult 0.0248 | tok/s 172755 | grad_norm 0.086
step 16430/18145 | loss 2.6162 | lr_mult 0.0245 | tok/s 172756 | grad_norm 0.086
step 16440/18145 | loss 2.6160 | lr_mult 0.0242 | tok/s 172757 | grad_norm 0.089
step 16450/18145 | loss 2.5867 | lr_mult 0.0239 | tok/s 172758 | grad_norm 0.089
step 16460/18145 | loss 2.6166 | lr_mult 0.0236 | tok/s 172759 | grad_norm 0.089
step 16470/18145 | loss 2.6042 | lr_mult 0.0234 | tok/s 172760 | grad_norm 0.091
step 16480/18145 | loss 2.5959 | lr_mult 0.0231 | tok/s 172761 | grad_norm 0.086
step 16490/18145 | loss 2.6318 | lr_mult 0.0228 | tok/s 172762 | grad_norm 0.087
step 16500/18145 | loss 2.6232 | lr_mult 0.0225 | tok/s 172763 | grad_norm 0.087
step 16500/18145 | val_loss 2.6543
step 16510/18145 | loss 2.6160 | lr_mult 0.0223 | tok/s 172719 | grad_norm 0.090
step 16520/18145 | loss 2.6107 | lr_mult 0.0220 | tok/s 172720 | grad_norm 0.089
step 16530/18145 | loss 2.6315 | lr_mult 0.0217 | tok/s 172721 | grad_norm 0.088
step 16540/18145 | loss 2.6329 | lr_mult 0.0215 | tok/s 172722 | grad_norm 0.086
step 16550/18145 | loss 2.6205 | lr_mult 0.0212 | tok/s 172723 | grad_norm 0.088
step 16560/18145 | loss 2.6096 | lr_mult 0.0209 | tok/s 172724 | grad_norm 0.086
step 16570/18145 | loss 2.6114 | lr_mult 0.0207 | tok/s 172726 | grad_norm 0.087
step 16580/18145 | loss 2.6202 | lr_mult 0.0204 | tok/s 172727 | grad_norm 0.085
step 16590/18145 | loss 2.6112 | lr_mult 0.0202 | tok/s 172728 | grad_norm 0.089
step 16600/18145 | loss 2.6184 | lr_mult 0.0199 | tok/s 172729 | grad_norm 0.086
step 16610/18145 | loss 2.6203 | lr_mult 0.0196 | tok/s 172730 | grad_norm 0.083
step 16620/18145 | loss 2.5883 | lr_mult 0.0194 | tok/s 172731 | grad_norm 0.083
step 16630/18145 | loss 2.5928 | lr_mult 0.0191 | tok/s 172732 | grad_norm 0.088
step 16640/18145 | loss 2.6102 | lr_mult 0.0189 | tok/s 172733 | grad_norm 0.088
step 16650/18145 | loss 2.6125 | lr_mult 0.0186 | tok/s 172735 | grad_norm 0.086
step 16660/18145 | loss 2.6184 | lr_mult 0.0184 | tok/s 172736 | grad_norm 0.088
step 16670/18145 | loss 2.6287 | lr_mult 0.0182 | tok/s 172737 | grad_norm 0.086
step 16680/18145 | loss 2.6425 | lr_mult 0.0179 | tok/s 172738 | grad_norm 0.086
step 16690/18145 | loss 2.6046 | lr_mult 0.0177 | tok/s 172739 | grad_norm 0.093
step 16700/18145 | loss 2.6079 | lr_mult 0.0174 | tok/s 172740 | grad_norm 0.091
step 16710/18145 | loss 2.6175 | lr_mult 0.0172 | tok/s 172741 | grad_norm 0.086
step 16720/18145 | loss 2.6143 | lr_mult 0.0169 | tok/s 172742 | grad_norm 0.087
step 16730/18145 | loss 2.6182 | lr_mult 0.0167 | tok/s 172744 | grad_norm 0.087
step 16740/18145 | loss 2.6015 | lr_mult 0.0165 | tok/s 172745 | grad_norm 0.088
step 16750/18145 | loss 2.5951 | lr_mult 0.0162 | tok/s 172746 | grad_norm 0.085
step 16760/18145 | loss 2.6072 | lr_mult 0.0160 | tok/s 172747 | grad_norm 0.090
step 16770/18145 | loss 2.6057 | lr_mult 0.0158 | tok/s 172748 | grad_norm 0.084
step 16780/18145 | loss 2.6039 | lr_mult 0.0156 | tok/s 172749 | grad_norm 0.087
step 16790/18145 | loss 2.6036 | lr_mult 0.0153 | tok/s 172750 | grad_norm 0.086
step 16800/18145 | loss 2.6145 | lr_mult 0.0151 | tok/s 172751 | grad_norm 0.085
step 16810/18145 | loss 2.6143 | lr_mult 0.0149 | tok/s 172752 | grad_norm 0.086
step 16820/18145 | loss 2.6019 | lr_mult 0.0147 | tok/s 172754 | grad_norm 0.088
step 16830/18145 | loss 2.5990 | lr_mult 0.0144 | tok/s 172755 | grad_norm 0.086
step 16840/18145 | loss 2.6040 | lr_mult 0.0142 | tok/s 172756 | grad_norm 0.086
step 16850/18145 | loss 2.5968 | lr_mult 0.0140 | tok/s 172757 | grad_norm 0.088
step 16860/18145 | loss 2.5967 | lr_mult 0.0138 | tok/s 172758 | grad_norm 0.087
step 16870/18145 | loss 2.6136 | lr_mult 0.0136 | tok/s 172759 | grad_norm 0.085
step 16880/18145 | loss 2.6164 | lr_mult 0.0134 | tok/s 172760 | grad_norm 0.087
step 16890/18145 | loss 2.5968 | lr_mult 0.0132 | tok/s 172761 | grad_norm 0.085
step 16900/18145 | loss 2.6068 | lr_mult 0.0130 | tok/s 172762 | grad_norm 0.085
step 16910/18145 | loss 2.6155 | lr_mult 0.0127 | tok/s 172763 | grad_norm 0.089
step 16920/18145 | loss 2.5934 | lr_mult 0.0125 | tok/s 172764 | grad_norm 0.088
step 16930/18145 | loss 2.5928 | lr_mult 0.0123 | tok/s 172765 | grad_norm 0.087
step 16940/18145 | loss 2.6046 | lr_mult 0.0121 | tok/s 172767 | grad_norm 0.087
step 16950/18145 | loss 2.6236 | lr_mult 0.0119 | tok/s 172768 | grad_norm 0.085
step 16960/18145 | loss 2.5855 | lr_mult 0.0117 | tok/s 172769 | grad_norm 0.087
step 16970/18145 | loss 2.5990 | lr_mult 0.0115 | tok/s 172770 | grad_norm 0.083
step 16980/18145 | loss 2.6058 | lr_mult 0.0113 | tok/s 172771 | grad_norm 0.087
step 16990/18145 | loss 2.6430 | lr_mult 0.0112 | tok/s 172772 | grad_norm 0.087
step 17000/18145 | loss 2.6036 | lr_mult 0.0110 | tok/s 172773 | grad_norm 0.084
step 17000/18145 | val_loss 2.6515
step 17010/18145 | loss 2.6010 | lr_mult 0.0108 | tok/s 172730 | grad_norm 0.086
step 17020/18145 | loss 2.6024 | lr_mult 0.0106 | tok/s 172732 | grad_norm 0.086
step 17030/18145 | loss 2.5981 | lr_mult 0.0104 | tok/s 172733 | grad_norm 0.088
step 17040/18145 | loss 2.6132 | lr_mult 0.0102 | tok/s 172734 | grad_norm 0.088
step 17050/18145 | loss 2.6156 | lr_mult 0.0100 | tok/s 172735 | grad_norm 0.085
step 17060/18145 | loss 2.5939 | lr_mult 0.0098 | tok/s 172736 | grad_norm 0.088
step 17070/18145 | loss 2.6148 | lr_mult 0.0097 | tok/s 172737 | grad_norm 0.087
step 17080/18145 | loss 2.5797 | lr_mult 0.0095 | tok/s 172738 | grad_norm 0.087
step 17090/18145 | loss 2.6094 | lr_mult 0.0093 | tok/s 172739 | grad_norm 0.084
step 17100/18145 | loss 2.6037 | lr_mult 0.0091 | tok/s 172740 | grad_norm 0.083
step 17110/18145 | loss 2.5986 | lr_mult 0.0090 | tok/s 172742 | grad_norm 0.084
step 17120/18145 | loss 2.6000 | lr_mult 0.0088 | tok/s 172743 | grad_norm 0.082
step 17130/18145 | loss 2.6113 | lr_mult 0.0086 | tok/s 172744 | grad_norm 0.088
step 17140/18145 | loss 2.5982 | lr_mult 0.0085 | tok/s 172745 | grad_norm 0.086
step 17150/18145 | loss 2.5906 | lr_mult 0.0083 | tok/s 172746 | grad_norm 0.083
step 17160/18145 | loss 2.5920 | lr_mult 0.0081 | tok/s 172747 | grad_norm 0.087
step 17170/18145 | loss 2.6108 | lr_mult 0.0080 | tok/s 172748 | grad_norm 0.085
step 17180/18145 | loss 2.5816 | lr_mult 0.0078 | tok/s 172749 | grad_norm 0.086
step 17190/18145 | loss 2.6153 | lr_mult 0.0076 | tok/s 172750 | grad_norm 0.085
step 17200/18145 | loss 2.5884 | lr_mult 0.0075 | tok/s 172751 | grad_norm 0.087
step 17210/18145 | loss 2.6084 | lr_mult 0.0073 | tok/s 172752 | grad_norm 0.083
step 17220/18145 | loss 2.5915 | lr_mult 0.0072 | tok/s 172753 | grad_norm 0.085
step 17230/18145 | loss 2.6178 | lr_mult 0.0070 | tok/s 172755 | grad_norm 0.083
step 17240/18145 | loss 2.6291 | lr_mult 0.0069 | tok/s 172756 | grad_norm 0.084
step 17250/18145 | loss 2.6018 | lr_mult 0.0067 | tok/s 172757 | grad_norm 0.083
step 17260/18145 | loss 2.5885 | lr_mult 0.0066 | tok/s 172758 | grad_norm 0.086
step 17270/18145 | loss 2.6191 | lr_mult 0.0064 | tok/s 172759 | grad_norm 0.089
step 17280/18145 | loss 2.6240 | lr_mult 0.0063 | tok/s 172760 | grad_norm 0.087
step 17290/18145 | loss 2.5956 | lr_mult 0.0061 | tok/s 172761 | grad_norm 0.085
step 17300/18145 | loss 2.5862 | lr_mult 0.0060 | tok/s 172762 | grad_norm 0.088
step 17310/18145 | loss 2.5906 | lr_mult 0.0058 | tok/s 172763 | grad_norm 0.085
step 17320/18145 | loss 2.6207 | lr_mult 0.0057 | tok/s 172764 | grad_norm 0.083
step 17330/18145 | loss 2.5865 | lr_mult 0.0056 | tok/s 172765 | grad_norm 0.087
step 17340/18145 | loss 2.6051 | lr_mult 0.0054 | tok/s 172766 | grad_norm 0.087
step 17350/18145 | loss 2.5850 | lr_mult 0.0053 | tok/s 172767 | grad_norm 0.083
step 17360/18145 | loss 2.6035 | lr_mult 0.0052 | tok/s 172768 | grad_norm 0.085
step 17370/18145 | loss 2.6201 | lr_mult 0.0050 | tok/s 172769 | grad_norm 0.087
step 17380/18145 | loss 2.6068 | lr_mult 0.0049 | tok/s 172771 | grad_norm 0.088
step 17390/18145 | loss 2.6083 | lr_mult 0.0048 | tok/s 172772 | grad_norm 0.087
step 17400/18145 | loss 2.5912 | lr_mult 0.0047 | tok/s 172773 | grad_norm 0.086
step 17410/18145 | loss 2.6046 | lr_mult 0.0045 | tok/s 172774 | grad_norm 0.085
step 17420/18145 | loss 2.6183 | lr_mult 0.0044 | tok/s 172775 | grad_norm 0.085
step 17430/18145 | loss 2.6007 | lr_mult 0.0043 | tok/s 172776 | grad_norm 0.085
step 17440/18145 | loss 2.6000 | lr_mult 0.0042 | tok/s 172777 | grad_norm 0.084
step 17450/18145 | loss 2.6201 | lr_mult 0.0040 | tok/s 172778 | grad_norm 0.085
step 17460/18145 | loss 2.5830 | lr_mult 0.0039 | tok/s 172779 | grad_norm 0.086
step 17470/18145 | loss 2.6082 | lr_mult 0.0038 | tok/s 172780 | grad_norm 0.085
step 17480/18145 | loss 2.5963 | lr_mult 0.0037 | tok/s 172781 | grad_norm 0.083
step 17490/18145 | loss 2.5874 | lr_mult 0.0036 | tok/s 172782 | grad_norm 0.083
step 17500/18145 | loss 2.5887 | lr_mult 0.0035 | tok/s 172783 | grad_norm 0.083
step 17500/18145 | val_loss 2.6503
step 17510/18145 | loss 2.5898 | lr_mult 0.0034 | tok/s 172742 | grad_norm 0.085
step 17520/18145 | loss 2.6128 | lr_mult 0.0033 | tok/s 172743 | grad_norm 0.082
step 17530/18145 | loss 2.5941 | lr_mult 0.0032 | tok/s 172744 | grad_norm 0.086
step 17540/18145 | loss 2.6035 | lr_mult 0.0031 | tok/s 172744 | grad_norm 0.085
step 17550/18145 | loss 2.6254 | lr_mult 0.0030 | tok/s 172745 | grad_norm 0.083
step 17560/18145 | loss 2.5966 | lr_mult 0.0029 | tok/s 172746 | grad_norm 0.082
step 17570/18145 | loss 2.6164 | lr_mult 0.0028 | tok/s 172747 | grad_norm 0.087
step 17580/18145 | loss 2.6001 | lr_mult 0.0027 | tok/s 172748 | grad_norm 0.084
step 17590/18145 | loss 2.5969 | lr_mult 0.0026 | tok/s 172749 | grad_norm 0.084
step 17600/18145 | loss 2.5942 | lr_mult 0.0025 | tok/s 172750 | grad_norm 0.087
step 17610/18145 | loss 2.5909 | lr_mult 0.0024 | tok/s 172751 | grad_norm 0.086
step 17620/18145 | loss 2.6016 | lr_mult 0.0023 | tok/s 172752 | grad_norm 0.081
step 17630/18145 | loss 2.6127 | lr_mult 0.0022 | tok/s 172753 | grad_norm 0.084
step 17640/18145 | loss 2.5833 | lr_mult 0.0021 | tok/s 172754 | grad_norm 0.084
step 17650/18145 | loss 2.5941 | lr_mult 0.0021 | tok/s 172754 | grad_norm 0.088
step 17660/18145 | loss 2.6089 | lr_mult 0.0020 | tok/s 172755 | grad_norm 0.084
step 17670/18145 | loss 2.5826 | lr_mult 0.0019 | tok/s 172756 | grad_norm 0.085
step 17680/18145 | loss 2.6206 | lr_mult 0.0018 | tok/s 172757 | grad_norm 0.083
step 17690/18145 | loss 2.6033 | lr_mult 0.0017 | tok/s 172758 | grad_norm 0.086
step 17700/18145 | loss 2.6021 | lr_mult 0.0017 | tok/s 172759 | grad_norm 0.084
step 17710/18145 | loss 2.6012 | lr_mult 0.0016 | tok/s 172760 | grad_norm 0.082
step 17720/18145 | loss 2.6254 | lr_mult 0.0015 | tok/s 172761 | grad_norm 0.084
step 17730/18145 | loss 2.6144 | lr_mult 0.0014 | tok/s 172762 | grad_norm 0.083
step 17740/18145 | loss 2.5738 | lr_mult 0.0014 | tok/s 172763 | grad_norm 0.086
step 17750/18145 | loss 2.5930 | lr_mult 0.0013 | tok/s 172764 | grad_norm 0.084
step 17760/18145 | loss 2.6356 | lr_mult 0.0012 | tok/s 172765 | grad_norm 0.087
step 17770/18145 | loss 2.6010 | lr_mult 0.0012 | tok/s 172765 | grad_norm 0.082
step 17780/18145 | loss 2.6090 | lr_mult 0.0011 | tok/s 172766 | grad_norm 0.084
step 17790/18145 | loss 2.6174 | lr_mult 0.0011 | tok/s 172767 | grad_norm 0.084
step 17800/18145 | loss 2.5896 | lr_mult 0.0010 | tok/s 172768 | grad_norm 0.082
step 17810/18145 | loss 2.6090 | lr_mult 0.0009 | tok/s 172769 | grad_norm 0.083
step 17820/18145 | loss 2.5983 | lr_mult 0.0009 | tok/s 172770 | grad_norm 0.084
step 17830/18145 | loss 2.6146 | lr_mult 0.0008 | tok/s 172771 | grad_norm 0.085
step 17840/18145 | loss 2.6027 | lr_mult 0.0008 | tok/s 172772 | grad_norm 0.082
step 17850/18145 | loss 2.5784 | lr_mult 0.0007 | tok/s 172773 | grad_norm 0.081
step 17860/18145 | loss 2.5948 | lr_mult 0.0007 | tok/s 172774 | grad_norm 0.083
step 17870/18145 | loss 2.5862 | lr_mult 0.0006 | tok/s 172774 | grad_norm 0.086
step 17880/18145 | loss 2.5945 | lr_mult 0.0006 | tok/s 172775 | grad_norm 0.085
step 17890/18145 | loss 2.6065 | lr_mult 0.0005 | tok/s 172776 | grad_norm 0.082
step 17900/18145 | loss 2.6117 | lr_mult 0.0005 | tok/s 172777 | grad_norm 0.083
step 17910/18145 | loss 2.5945 | lr_mult 0.0005 | tok/s 172778 | grad_norm 0.084
step 17920/18145 | loss 2.6088 | lr_mult 0.0004 | tok/s 172779 | grad_norm 0.083
step 17930/18145 | loss 2.6049 | lr_mult 0.0004 | tok/s 172780 | grad_norm 0.082
step 17940/18145 | loss 2.6083 | lr_mult 0.0004 | tok/s 172781 | grad_norm 0.085
step 17950/18145 | loss 2.6071 | lr_mult 0.0003 | tok/s 172781 | grad_norm 0.085
step 17960/18145 | loss 2.6242 | lr_mult 0.0003 | tok/s 172782 | grad_norm 0.081
step 17970/18145 | loss 2.6200 | lr_mult 0.0003 | tok/s 172783 | grad_norm 0.081
step 17980/18145 | loss 2.5769 | lr_mult 0.0002 | tok/s 172784 | grad_norm 0.084
step 17990/18145 | loss 2.5870 | lr_mult 0.0002 | tok/s 172785 | grad_norm 0.082
step 18000/18145 | loss 2.6163 | lr_mult 0.0002 | tok/s 172786 | grad_norm 0.084
step 18000/18145 | val_loss 2.6500
step 18010/18145 | loss 2.6034 | lr_mult 0.0002 | tok/s 172746 | grad_norm 0.085
step 18020/18145 | loss 2.5997 | lr_mult 0.0001 | tok/s 172746 | grad_norm 0.087
step 18030/18145 | loss 2.5891 | lr_mult 0.0001 | tok/s 172747 | grad_norm 0.086
step 18040/18145 | loss 2.6118 | lr_mult 0.0001 | tok/s 172748 | grad_norm 0.086
step 18050/18145 | loss 2.5943 | lr_mult 0.0001 | tok/s 172749 | grad_norm 0.082
step 18060/18145 | loss 2.5994 | lr_mult 0.0001 | tok/s 172750 | grad_norm 0.083
