W0504 18:25:36.877000 77139 site-packages/torch/distributed/run.py:793] 
W0504 18:25:36.877000 77139 site-packages/torch/distributed/run.py:793] *****************************************
W0504 18:25:36.877000 77139 site-packages/torch/distributed/run.py:793] Setting OMP_NUM_THREADS environment variable for each process to be 1 in default, to avoid your system being overloaded, please further tune the variable for optimal performance in your application as needed. 
W0504 18:25:36.877000 77139 site-packages/torch/distributed/run.py:793] *****************************************
[W504 18:25:45.730490239 CUDAAllocatorConfig.h:28] Warning: expandable_segments not supported on this platform (function operator())
[W504 18:25:46.230453154 CUDAAllocatorConfig.h:28] Warning: expandable_segments not supported on this platform (function operator())
[W504 18:25:46.310392155 CUDAAllocatorConfig.h:28] Warning: expandable_segments not supported on this platform (function operator())
[rank3]:[W504 18:25:46.320244274 ProcessGroupNCCL.cpp:4115] [PG ID 0 PG GUID 0 Rank 3]  using GPU 3 to perform barrier as devices used by this process are currently unknown. This can potentially cause a hang if this rank to GPU mapping is incorrect.Specify device_ids in barrier() to force use of a particular device,or call init_process_group() with a device_id.
[W504 18:25:46.333019496 CUDAAllocatorConfig.h:28] Warning: expandable_segments not supported on this platform (function operator())
[rank5]:[W504 18:25:46.393762594 ProcessGroupNCCL.cpp:4115] [PG ID 0 PG GUID 0 Rank 5]  using GPU 5 to perform barrier as devices used by this process are currently unknown. This can potentially cause a hang if this rank to GPU mapping is incorrect.Specify device_ids in barrier() to force use of a particular device,or call init_process_group() with a device_id.
[rank7]:[W504 18:25:46.413832134 ProcessGroupNCCL.cpp:4115] [PG ID 0 PG GUID 0 Rank 7]  using GPU 7 to perform barrier as devices used by this process are currently unknown. This can potentially cause a hang if this rank to GPU mapping is incorrect.Specify device_ids in barrier() to force use of a particular device,or call init_process_group() with a device_id.
[W504 18:25:46.486455524 CUDAAllocatorConfig.h:28] Warning: expandable_segments not supported on this platform (function operator())
[W504 18:25:46.503874933 CUDAAllocatorConfig.h:28] Warning: expandable_segments not supported on this platform (function operator())
[rank1]:[W504 18:25:46.511961362 ProcessGroupNCCL.cpp:4115] [PG ID 0 PG GUID 0 Rank 1]  using GPU 1 to perform barrier as devices used by this process are currently unknown. This can potentially cause a hang if this rank to GPU mapping is incorrect.Specify device_ids in barrier() to force use of a particular device,or call init_process_group() with a device_id.
[rank0]:[W504 18:25:46.521300737 ProcessGroupNCCL.cpp:4115] [PG ID 0 PG GUID 0 Rank 0]  using GPU 0 to perform barrier as devices used by this process are currently unknown. This can potentially cause a hang if this rank to GPU mapping is incorrect.Specify device_ids in barrier() to force use of a particular device,or call init_process_group() with a device_id.
[rank6]:[W504 18:25:46.544689036 ProcessGroupNCCL.cpp:4115] [PG ID 0 PG GUID 0 Rank 6]  using GPU 6 to perform barrier as devices used by this process are currently unknown. This can potentially cause a hang if this rank to GPU mapping is incorrect.Specify device_ids in barrier() to force use of a particular device,or call init_process_group() with a device_id.
[W504 18:25:46.669788051 CUDAAllocatorConfig.h:28] Warning: expandable_segments not supported on this platform (function operator())
[rank4]:[W504 18:25:46.697646481 ProcessGroupNCCL.cpp:4115] [PG ID 0 PG GUID 0 Rank 4]  using GPU 4 to perform barrier as devices used by this process are currently unknown. This can potentially cause a hang if this rank to GPU mapping is incorrect.Specify device_ids in barrier() to force use of a particular device,or call init_process_group() with a device_id.
[W504 18:25:46.716676448 CUDAAllocatorConfig.h:28] Warning: expandable_segments not supported on this platform (function operator())
[rank2]:[W504 18:25:46.751216034 ProcessGroupNCCL.cpp:4115] [PG ID 0 PG GUID 0 Rank 2]  using GPU 2 to perform barrier as devices used by this process are currently unknown. This can potentially cause a hang if this rank to GPU mapping is incorrect.Specify device_ids in barrier() to force use of a particular device,or call init_process_group() with a device_id.
2026-05-04 18:25:50 | INFO | World size: 8, Device: cuda:0
wandb: Loading settings from /ossfs/workspace/OrScale/wandb/settings
wandb: Tracking run with wandb version 0.26.1
wandb: W&B syncing is set to `offline` in this directory. Run `wandb online` or set WANDB_MODE=online to enable cloud syncing.
wandb: Run data is saved locally in /ossfs/workspace/OrScale/wandb/offline-run-20260504_182551-a7ik8zj1
2026-05-04 18:25:54 | INFO | Building model...
2026-05-04 18:26:01 | INFO | Model: 629.7M parameters
2026-05-04 18:26:01 | INFO | Building optimizer(s): orscale_muon_moonlight_calibrated
2026-05-04 18:26:01 | INFO | Building scheduler...
2026-05-04 18:26:01 | INFO | Building training data loader...
2026-05-04 18:26:01 | INFO | Building validation data loader...
2026-05-04 18:26:02 | INFO | Launching training run
2026-05-04 18:26:02 | INFO |   config: configs/small_125m.yaml
2026-05-04 18:26:02 | INFO |   overrides: ['model.preset=moonlight_545m', 'model.max_seq_len=4096', 'training.batch_size=16', 'training.grad_accum_steps=2', 'training.max_steps=13390', 'training.seed=42', 'training.checkpoint_subdir=moonlight_545m/orscale_muon_moonlight_calibrated', 'training.checkpoint_subdir_mode=replace_leaf', 'optimizer.name=orscale_muon_moonlight_calibrated', 'logging.wandb_name=moonlight_545m-orscale_muon_moonlight_calibrated-seed42', 'optimizer.lr=0.0009143', 'optimizer.weight_decay=0.1', 'optimizer.adamw_lr=0.0009143', 'optimizer.adamw_weight_decay=0.1', 'optimizer.adamw_betas=[0.9, 0.95]', 'optimizer.r_min=0.1', 'optimizer.r_max=5.0', 'training.save_every=13390', 'training.compile=True']
2026-05-04 18:26:02 | INFO |   distributed: rank=0 local_rank=0 world_size=8 device=cuda:0
2026-05-04 18:26:02 | INFO |   seed: base=42 effective_rank_seed=42 precision=bfloat16
2026-05-04 18:26:02 | INFO |   model: preset=moonlight_545m seq_len=4096 norm=rmsnorm mlp=relusqr pos=rope tie_weights=True
2026-05-04 18:26:02 | INFO |   optimizer: name=orscale_muon_moonlight_calibrated optimizers=2 lr=0.0009143 weight_decay=0.1 momentum=0.95
2026-05-04 18:26:02 | INFO |   optimizer extras: ns_iters=5 adamw_lr=0.0009143 alpha=0.5 r_min=0.1 r_max=5.0 c_denom=auto
2026-05-04 18:26:02 | INFO |   schedule: max_steps=13390 warmup_steps=1000 grad_accum=2 tokens/step=1,048,576
2026-05-04 18:26:02 | INFO |   training cadence: log_every=10 val_every=500 val_steps=20 save_every=13390
2026-05-04 18:26:02 | INFO |   data(train): in-memory .bin shards (103 files) from /mnt/dllm/ruilai/dataset/fineweb10B/fineweb_train_*.bin
2026-05-04 18:26:02 | INFO |   data(val): in-memory .bin shards (1 files) from /mnt/dllm/ruilai/dataset/fineweb10B/fineweb_val_*.bin
2026-05-04 18:26:02 | INFO |   loaders: train=DataLoader val=DataLoader
2026-05-04 18:26:02 | INFO |   diagnostics: log_every=50 heavy_log_every=500
2026-05-04 18:26:02 | INFO |   wandb: enabled (project=orscale-fineweb10B, group=small_125m)
2026-05-04 18:26:02 | INFO | Starting training loop...
step 10/13390 | loss 11.0673 | lr_mult 0.0100 | tok/s 149678 | grad_norm 20.767
step 20/13390 | loss 10.6063 | lr_mult 0.0200 | tok/s 170396 | grad_norm 18.680
step 30/13390 | loss 9.7518 | lr_mult 0.0300 | tok/s 178688 | grad_norm 11.970
step 40/13390 | loss 8.7901 | lr_mult 0.0400 | tok/s 183140 | grad_norm 8.885
step 50/13390 | loss 8.0226 | lr_mult 0.0500 | tok/s 185927 | grad_norm 4.375
step 60/13390 | loss 7.4479 | lr_mult 0.0600 | tok/s 187821 | grad_norm 1.940
step 70/13390 | loss 7.0457 | lr_mult 0.0700 | tok/s 189202 | grad_norm 1.077
step 80/13390 | loss 6.8423 | lr_mult 0.0800 | tok/s 190249 | grad_norm 0.884
step 90/13390 | loss 6.6551 | lr_mult 0.0900 | tok/s 191076 | grad_norm 1.088
step 100/13390 | loss 6.5395 | lr_mult 0.1000 | tok/s 191743 | grad_norm 1.623
step 110/13390 | loss 6.3580 | lr_mult 0.1100 | tok/s 192294 | grad_norm 1.790
step 120/13390 | loss 6.2720 | lr_mult 0.1200 | tok/s 192757 | grad_norm 2.098
step 130/13390 | loss 6.1686 | lr_mult 0.1300 | tok/s 193152 | grad_norm 2.102
step 140/13390 | loss 6.1028 | lr_mult 0.1400 | tok/s 193493 | grad_norm 2.538
step 150/13390 | loss 6.0588 | lr_mult 0.1500 | tok/s 193788 | grad_norm 2.196
step 160/13390 | loss 6.0039 | lr_mult 0.1600 | tok/s 194046 | grad_norm 2.604
step 170/13390 | loss 5.9543 | lr_mult 0.1700 | tok/s 194274 | grad_norm 2.502
step 180/13390 | loss 5.8910 | lr_mult 0.1800 | tok/s 194478 | grad_norm 2.527
step 190/13390 | loss 5.8454 | lr_mult 0.1900 | tok/s 194660 | grad_norm 2.576
step 200/13390 | loss 5.8081 | lr_mult 0.2000 | tok/s 194822 | grad_norm 2.352
step 210/13390 | loss 5.7816 | lr_mult 0.2100 | tok/s 194968 | grad_norm 2.409
step 220/13390 | loss 5.7094 | lr_mult 0.2200 | tok/s 195103 | grad_norm 2.967
step 230/13390 | loss 5.6821 | lr_mult 0.2300 | tok/s 195227 | grad_norm 2.358
step 240/13390 | loss 5.6469 | lr_mult 0.2400 | tok/s 195339 | grad_norm 2.493
step 250/13390 | loss 5.5593 | lr_mult 0.2500 | tok/s 195442 | grad_norm 2.579
step 260/13390 | loss 5.5163 | lr_mult 0.2600 | tok/s 195537 | grad_norm 2.684
step 270/13390 | loss 5.5049 | lr_mult 0.2700 | tok/s 195626 | grad_norm 3.298
step 280/13390 | loss 5.4826 | lr_mult 0.2800 | tok/s 195710 | grad_norm 3.716
step 290/13390 | loss 5.4103 | lr_mult 0.2900 | tok/s 195787 | grad_norm 3.724
step 300/13390 | loss 5.3312 | lr_mult 0.3000 | tok/s 195858 | grad_norm 3.904
step 310/13390 | loss 5.2425 | lr_mult 0.3100 | tok/s 195925 | grad_norm 5.381
step 320/13390 | loss 5.1632 | lr_mult 0.3200 | tok/s 195993 | grad_norm 4.941
step 330/13390 | loss 5.1240 | lr_mult 0.3300 | tok/s 196052 | grad_norm 4.741
step 340/13390 | loss 5.0793 | lr_mult 0.3400 | tok/s 196107 | grad_norm 6.039
step 350/13390 | loss 5.0435 | lr_mult 0.3500 | tok/s 196160 | grad_norm 6.056
step 360/13390 | loss 4.9652 | lr_mult 0.3600 | tok/s 196211 | grad_norm 6.453
step 370/13390 | loss 4.9067 | lr_mult 0.3700 | tok/s 196256 | grad_norm 5.246
step 380/13390 | loss 4.8554 | lr_mult 0.3800 | tok/s 196300 | grad_norm 4.637
step 390/13390 | loss 4.8063 | lr_mult 0.3900 | tok/s 196341 | grad_norm 6.810
step 400/13390 | loss 4.7850 | lr_mult 0.4000 | tok/s 196381 | grad_norm 7.967
step 410/13390 | loss 4.7437 | lr_mult 0.4100 | tok/s 196418 | grad_norm 5.679
step 420/13390 | loss 4.7091 | lr_mult 0.4200 | tok/s 196454 | grad_norm 5.229
step 430/13390 | loss 4.6969 | lr_mult 0.4300 | tok/s 196488 | grad_norm 4.994
step 440/13390 | loss 4.6262 | lr_mult 0.4400 | tok/s 196521 | grad_norm 4.717
step 450/13390 | loss 4.6041 | lr_mult 0.4500 | tok/s 196552 | grad_norm 4.800
step 460/13390 | loss 4.5811 | lr_mult 0.4600 | tok/s 196581 | grad_norm 5.247
step 470/13390 | loss 4.5624 | lr_mult 0.4700 | tok/s 196609 | grad_norm 5.459
step 480/13390 | loss 4.5278 | lr_mult 0.4800 | tok/s 196638 | grad_norm 4.669
step 490/13390 | loss 4.5041 | lr_mult 0.4900 | tok/s 196664 | grad_norm 4.029
step 500/13390 | loss 4.4416 | lr_mult 0.5000 | tok/s 196690 | grad_norm 5.329
step 500/13390 | val_loss 4.4533
step 510/13390 | loss 4.4461 | lr_mult 0.5100 | tok/s 194513 | grad_norm 6.023
step 520/13390 | loss 4.4010 | lr_mult 0.5200 | tok/s 194577 | grad_norm 5.254
step 530/13390 | loss 4.3555 | lr_mult 0.5300 | tok/s 194639 | grad_norm 4.548
step 540/13390 | loss 4.3271 | lr_mult 0.5400 | tok/s 194699 | grad_norm 4.686
step 550/13390 | loss 4.3130 | lr_mult 0.5500 | tok/s 194756 | grad_norm 4.374
step 560/13390 | loss 4.3156 | lr_mult 0.5600 | tok/s 194812 | grad_norm 5.081
step 570/13390 | loss 4.2247 | lr_mult 0.5700 | tok/s 194865 | grad_norm 4.270
step 580/13390 | loss 4.2249 | lr_mult 0.5800 | tok/s 194917 | grad_norm 4.128
step 590/13390 | loss 4.2181 | lr_mult 0.5900 | tok/s 194969 | grad_norm 4.199
step 600/13390 | loss 4.1837 | lr_mult 0.6000 | tok/s 195018 | grad_norm 4.039
step 610/13390 | loss 4.1683 | lr_mult 0.6100 | tok/s 195065 | grad_norm 3.900
step 620/13390 | loss 4.1587 | lr_mult 0.6200 | tok/s 195112 | grad_norm 3.883
step 630/13390 | loss 4.1209 | lr_mult 0.6300 | tok/s 195157 | grad_norm 3.673
step 640/13390 | loss 4.1275 | lr_mult 0.6400 | tok/s 195200 | grad_norm 3.317
step 650/13390 | loss 4.0926 | lr_mult 0.6500 | tok/s 195241 | grad_norm 3.346
step 660/13390 | loss 4.0999 | lr_mult 0.6600 | tok/s 195282 | grad_norm 3.753
step 670/13390 | loss 4.1024 | lr_mult 0.6700 | tok/s 195321 | grad_norm 3.333
step 680/13390 | loss 4.0773 | lr_mult 0.6800 | tok/s 195359 | grad_norm 4.040
step 690/13390 | loss 4.0522 | lr_mult 0.6900 | tok/s 195396 | grad_norm 3.445
step 700/13390 | loss 4.0308 | lr_mult 0.7000 | tok/s 195431 | grad_norm 3.301
step 710/13390 | loss 4.0309 | lr_mult 0.7100 | tok/s 195466 | grad_norm 3.233
step 720/13390 | loss 3.9939 | lr_mult 0.7200 | tok/s 195500 | grad_norm 2.994
step 730/13390 | loss 4.0096 | lr_mult 0.7300 | tok/s 195534 | grad_norm 3.354
step 740/13390 | loss 4.0158 | lr_mult 0.7400 | tok/s 195566 | grad_norm 2.943
step 750/13390 | loss 3.9961 | lr_mult 0.7500 | tok/s 195598 | grad_norm 3.288
step 760/13390 | loss 4.0121 | lr_mult 0.7600 | tok/s 195629 | grad_norm 3.435
step 770/13390 | loss 3.9894 | lr_mult 0.7700 | tok/s 195658 | grad_norm 2.774
step 780/13390 | loss 3.9909 | lr_mult 0.7800 | tok/s 195687 | grad_norm 3.475
step 790/13390 | loss 3.9929 | lr_mult 0.7900 | tok/s 195718 | grad_norm 2.952
step 800/13390 | loss 3.9832 | lr_mult 0.8000 | tok/s 195746 | grad_norm 3.328
step 810/13390 | loss 3.9810 | lr_mult 0.8100 | tok/s 195772 | grad_norm 3.248
step 820/13390 | loss 3.9551 | lr_mult 0.8200 | tok/s 195799 | grad_norm 2.690
step 830/13390 | loss 3.9398 | lr_mult 0.8300 | tok/s 195825 | grad_norm 2.611
step 840/13390 | loss 3.9454 | lr_mult 0.8400 | tok/s 195850 | grad_norm 3.315
step 850/13390 | loss 3.9499 | lr_mult 0.8500 | tok/s 195875 | grad_norm 2.955
step 860/13390 | loss 3.9268 | lr_mult 0.8600 | tok/s 195899 | grad_norm 3.217
step 870/13390 | loss 3.9365 | lr_mult 0.8700 | tok/s 195923 | grad_norm 2.429
step 880/13390 | loss 3.9056 | lr_mult 0.8800 | tok/s 195948 | grad_norm 2.747
step 890/13390 | loss 3.9025 | lr_mult 0.8900 | tok/s 195970 | grad_norm 3.028
step 900/13390 | loss 3.8814 | lr_mult 0.9000 | tok/s 195992 | grad_norm 2.061
step 910/13390 | loss 3.8918 | lr_mult 0.9100 | tok/s 196014 | grad_norm 2.100
step 920/13390 | loss 3.8630 | lr_mult 0.9200 | tok/s 196036 | grad_norm 2.689
step 930/13390 | loss 3.8404 | lr_mult 0.9300 | tok/s 196056 | grad_norm 2.097
step 940/13390 | loss 3.8360 | lr_mult 0.9400 | tok/s 196077 | grad_norm 1.941
step 950/13390 | loss 3.8643 | lr_mult 0.9500 | tok/s 196096 | grad_norm 2.035
step 960/13390 | loss 3.8480 | lr_mult 0.9600 | tok/s 196116 | grad_norm 1.903
step 970/13390 | loss 3.8302 | lr_mult 0.9700 | tok/s 196136 | grad_norm 1.942
step 980/13390 | loss 3.7907 | lr_mult 0.9800 | tok/s 196155 | grad_norm 1.695
step 990/13390 | loss 3.8053 | lr_mult 0.9900 | tok/s 196174 | grad_norm 1.812
step 1000/13390 | loss 3.7862 | lr_mult 1.0000 | tok/s 196192 | grad_norm 1.583
step 1000/13390 | val_loss 3.7939
step 1010/13390 | loss 3.8005 | lr_mult 1.0000 | tok/s 195305 | grad_norm 1.867
step 1020/13390 | loss 3.7596 | lr_mult 1.0000 | tok/s 195331 | grad_norm 1.534
step 1030/13390 | loss 3.7597 | lr_mult 1.0000 | tok/s 195356 | grad_norm 1.379
step 1040/13390 | loss 3.7369 | lr_mult 1.0000 | tok/s 195381 | grad_norm 1.337
step 1050/13390 | loss 3.7471 | lr_mult 1.0000 | tok/s 195407 | grad_norm 1.495
step 1060/13390 | loss 3.7095 | lr_mult 0.9999 | tok/s 195431 | grad_norm 1.226
step 1070/13390 | loss 3.7211 | lr_mult 0.9999 | tok/s 195455 | grad_norm 1.493
step 1080/13390 | loss 3.7230 | lr_mult 0.9999 | tok/s 195479 | grad_norm 1.354
step 1090/13390 | loss 3.6969 | lr_mult 0.9999 | tok/s 195503 | grad_norm 1.165
step 1100/13390 | loss 3.7095 | lr_mult 0.9998 | tok/s 195526 | grad_norm 1.233
step 1110/13390 | loss 3.7049 | lr_mult 0.9998 | tok/s 195549 | grad_norm 1.014
step 1120/13390 | loss 3.6775 | lr_mult 0.9998 | tok/s 195572 | grad_norm 1.165
step 1130/13390 | loss 3.6656 | lr_mult 0.9997 | tok/s 195594 | grad_norm 1.055
step 1140/13390 | loss 3.6854 | lr_mult 0.9997 | tok/s 195616 | grad_norm 1.123
step 1150/13390 | loss 3.6715 | lr_mult 0.9996 | tok/s 195637 | grad_norm 1.077
step 1160/13390 | loss 3.6497 | lr_mult 0.9996 | tok/s 195658 | grad_norm 1.000
step 1170/13390 | loss 3.6396 | lr_mult 0.9995 | tok/s 195678 | grad_norm 1.046
step 1180/13390 | loss 3.6090 | lr_mult 0.9995 | tok/s 195698 | grad_norm 0.866
step 1190/13390 | loss 3.6084 | lr_mult 0.9994 | tok/s 195716 | grad_norm 0.796
step 1200/13390 | loss 3.6460 | lr_mult 0.9994 | tok/s 195735 | grad_norm 0.960
step 1210/13390 | loss 3.6435 | lr_mult 0.9993 | tok/s 195754 | grad_norm 0.973
step 1220/13390 | loss 3.6079 | lr_mult 0.9992 | tok/s 195772 | grad_norm 0.985
step 1230/13390 | loss 3.6093 | lr_mult 0.9991 | tok/s 195790 | grad_norm 0.882
step 1240/13390 | loss 3.5996 | lr_mult 0.9991 | tok/s 195808 | grad_norm 0.820
step 1250/13390 | loss 3.6044 | lr_mult 0.9990 | tok/s 195825 | grad_norm 0.766
step 1260/13390 | loss 3.5761 | lr_mult 0.9989 | tok/s 195841 | grad_norm 0.902
step 1270/13390 | loss 3.5814 | lr_mult 0.9988 | tok/s 195858 | grad_norm 0.952
step 1280/13390 | loss 3.5853 | lr_mult 0.9987 | tok/s 195874 | grad_norm 0.812
step 1290/13390 | loss 3.5783 | lr_mult 0.9986 | tok/s 195891 | grad_norm 0.790
step 1300/13390 | loss 3.5418 | lr_mult 0.9986 | tok/s 195907 | grad_norm 0.771
step 1310/13390 | loss 3.5754 | lr_mult 0.9985 | tok/s 195924 | grad_norm 0.836
step 1320/13390 | loss 3.5693 | lr_mult 0.9984 | tok/s 195941 | grad_norm 0.777
step 1330/13390 | loss 3.5244 | lr_mult 0.9983 | tok/s 195957 | grad_norm 0.713
step 1340/13390 | loss 3.5498 | lr_mult 0.9981 | tok/s 195972 | grad_norm 0.739
step 1350/13390 | loss 3.5299 | lr_mult 0.9980 | tok/s 195988 | grad_norm 0.892
step 1360/13390 | loss 3.5282 | lr_mult 0.9979 | tok/s 196005 | grad_norm 0.944
step 1370/13390 | loss 3.5150 | lr_mult 0.9978 | tok/s 196019 | grad_norm 0.796
step 1380/13390 | loss 3.5283 | lr_mult 0.9977 | tok/s 196033 | grad_norm 0.722
step 1390/13390 | loss 3.5346 | lr_mult 0.9976 | tok/s 196048 | grad_norm 0.716
step 1400/13390 | loss 3.4884 | lr_mult 0.9974 | tok/s 196062 | grad_norm 0.689
step 1410/13390 | loss 3.5387 | lr_mult 0.9973 | tok/s 196076 | grad_norm 0.732
step 1420/13390 | loss 3.4943 | lr_mult 0.9972 | tok/s 196091 | grad_norm 0.586
step 1430/13390 | loss 3.5082 | lr_mult 0.9970 | tok/s 196105 | grad_norm 0.730
step 1440/13390 | loss 3.4995 | lr_mult 0.9969 | tok/s 196119 | grad_norm 0.717
step 1450/13390 | loss 3.4980 | lr_mult 0.9967 | tok/s 196132 | grad_norm 0.761
step 1460/13390 | loss 3.5307 | lr_mult 0.9966 | tok/s 196146 | grad_norm 0.615
step 1470/13390 | loss 3.5365 | lr_mult 0.9965 | tok/s 196159 | grad_norm 0.716
step 1480/13390 | loss 3.4883 | lr_mult 0.9963 | tok/s 196172 | grad_norm 0.670
step 1490/13390 | loss 3.4780 | lr_mult 0.9961 | tok/s 196184 | grad_norm 0.640
step 1500/13390 | loss 3.4963 | lr_mult 0.9960 | tok/s 196196 | grad_norm 0.601
step 1500/13390 | val_loss 3.4676
step 1510/13390 | loss 3.4867 | lr_mult 0.9958 | tok/s 195605 | grad_norm 0.712
step 1520/13390 | loss 3.4740 | lr_mult 0.9957 | tok/s 195622 | grad_norm 0.617
step 1530/13390 | loss 3.4921 | lr_mult 0.9955 | tok/s 195638 | grad_norm 0.702
step 1540/13390 | loss 3.4621 | lr_mult 0.9953 | tok/s 195653 | grad_norm 0.536
step 1550/13390 | loss 3.5004 | lr_mult 0.9951 | tok/s 195669 | grad_norm 0.579
step 1560/13390 | loss 3.4531 | lr_mult 0.9950 | tok/s 195684 | grad_norm 0.544
step 1570/13390 | loss 3.4763 | lr_mult 0.9948 | tok/s 195699 | grad_norm 0.704
step 1580/13390 | loss 3.4430 | lr_mult 0.9946 | tok/s 195714 | grad_norm 0.531
step 1590/13390 | loss 3.4462 | lr_mult 0.9944 | tok/s 195729 | grad_norm 0.596
step 1600/13390 | loss 3.4341 | lr_mult 0.9942 | tok/s 195745 | grad_norm 0.595
step 1610/13390 | loss 3.4486 | lr_mult 0.9940 | tok/s 195759 | grad_norm 0.558
step 1620/13390 | loss 3.4350 | lr_mult 0.9938 | tok/s 195773 | grad_norm 0.568
step 1630/13390 | loss 3.4456 | lr_mult 0.9936 | tok/s 195787 | grad_norm 0.592
step 1640/13390 | loss 3.4110 | lr_mult 0.9934 | tok/s 195801 | grad_norm 0.541
step 1650/13390 | loss 3.4580 | lr_mult 0.9932 | tok/s 195815 | grad_norm 0.547
step 1660/13390 | loss 3.4261 | lr_mult 0.9930 | tok/s 195828 | grad_norm 0.559
step 1670/13390 | loss 3.4245 | lr_mult 0.9928 | tok/s 195842 | grad_norm 0.570
step 1680/13390 | loss 3.4436 | lr_mult 0.9926 | tok/s 195855 | grad_norm 0.511
step 1690/13390 | loss 3.4363 | lr_mult 0.9924 | tok/s 195868 | grad_norm 0.517
step 1700/13390 | loss 3.4083 | lr_mult 0.9921 | tok/s 195881 | grad_norm 0.544
step 1710/13390 | loss 3.4260 | lr_mult 0.9919 | tok/s 195894 | grad_norm 0.532
step 1720/13390 | loss 3.4214 | lr_mult 0.9917 | tok/s 195907 | grad_norm 0.576
step 1730/13390 | loss 3.4288 | lr_mult 0.9915 | tok/s 195920 | grad_norm 0.472
step 1740/13390 | loss 3.4165 | lr_mult 0.9912 | tok/s 195932 | grad_norm 0.559
step 1750/13390 | loss 3.3940 | lr_mult 0.9910 | tok/s 195944 | grad_norm 0.573
step 1760/13390 | loss 3.4062 | lr_mult 0.9907 | tok/s 195956 | grad_norm 0.539
step 1770/13390 | loss 3.4017 | lr_mult 0.9905 | tok/s 195968 | grad_norm 0.539
step 1780/13390 | loss 3.4060 | lr_mult 0.9903 | tok/s 195980 | grad_norm 0.529
step 1790/13390 | loss 3.4274 | lr_mult 0.9900 | tok/s 195992 | grad_norm 0.621
step 1800/13390 | loss 3.4284 | lr_mult 0.9897 | tok/s 196003 | grad_norm 0.570
step 1810/13390 | loss 3.4120 | lr_mult 0.9895 | tok/s 196015 | grad_norm 0.460
step 1820/13390 | loss 3.3847 | lr_mult 0.9892 | tok/s 196026 | grad_norm 0.480
step 1830/13390 | loss 3.3953 | lr_mult 0.9890 | tok/s 196037 | grad_norm 0.535
step 1840/13390 | loss 3.3767 | lr_mult 0.9887 | tok/s 196048 | grad_norm 0.635
step 1850/13390 | loss 3.3841 | lr_mult 0.9884 | tok/s 196059 | grad_norm 0.590
step 1860/13390 | loss 3.3559 | lr_mult 0.9882 | tok/s 196070 | grad_norm 0.550
step 1870/13390 | loss 3.3749 | lr_mult 0.9879 | tok/s 196080 | grad_norm 0.406
step 1880/13390 | loss 3.3607 | lr_mult 0.9876 | tok/s 196091 | grad_norm 0.542
step 1890/13390 | loss 3.3821 | lr_mult 0.9873 | tok/s 196102 | grad_norm 0.569
step 1900/13390 | loss 3.3753 | lr_mult 0.9870 | tok/s 196112 | grad_norm 0.489
step 1910/13390 | loss 3.3501 | lr_mult 0.9867 | tok/s 196123 | grad_norm 0.536
step 1920/13390 | loss 3.3760 | lr_mult 0.9865 | tok/s 196133 | grad_norm 0.575
step 1930/13390 | loss 3.3436 | lr_mult 0.9862 | tok/s 196143 | grad_norm 0.509
step 1940/13390 | loss 3.3695 | lr_mult 0.9859 | tok/s 196153 | grad_norm 0.542
step 1950/13390 | loss 3.3807 | lr_mult 0.9856 | tok/s 196163 | grad_norm 0.530
step 1960/13390 | loss 3.3561 | lr_mult 0.9853 | tok/s 196173 | grad_norm 0.492
step 1970/13390 | loss 3.3537 | lr_mult 0.9850 | tok/s 196183 | grad_norm 0.452
step 1980/13390 | loss 3.3518 | lr_mult 0.9846 | tok/s 196192 | grad_norm 0.543
step 1990/13390 | loss 3.3616 | lr_mult 0.9843 | tok/s 196202 | grad_norm 0.461
step 2000/13390 | loss 3.3419 | lr_mult 0.9840 | tok/s 196211 | grad_norm 0.501
step 2000/13390 | val_loss 3.3328
step 2010/13390 | loss 3.3551 | lr_mult 0.9837 | tok/s 195767 | grad_norm 0.457
step 2020/13390 | loss 3.3814 | lr_mult 0.9834 | tok/s 195778 | grad_norm 0.567
step 2030/13390 | loss 3.3425 | lr_mult 0.9830 | tok/s 195789 | grad_norm 0.496
step 2040/13390 | loss 3.3140 | lr_mult 0.9827 | tok/s 195801 | grad_norm 0.510
step 2050/13390 | loss 3.3731 | lr_mult 0.9824 | tok/s 195812 | grad_norm 0.541
step 2060/13390 | loss 3.3337 | lr_mult 0.9820 | tok/s 195823 | grad_norm 0.425
step 2070/13390 | loss 3.3296 | lr_mult 0.9817 | tok/s 195834 | grad_norm 0.562
step 2080/13390 | loss 3.3160 | lr_mult 0.9814 | tok/s 195845 | grad_norm 0.524
step 2090/13390 | loss 3.3546 | lr_mult 0.9810 | tok/s 195856 | grad_norm 0.556
step 2100/13390 | loss 3.3073 | lr_mult 0.9807 | tok/s 195866 | grad_norm 0.460
step 2110/13390 | loss 3.3255 | lr_mult 0.9803 | tok/s 195877 | grad_norm 0.504
step 2120/13390 | loss 3.3232 | lr_mult 0.9800 | tok/s 195887 | grad_norm 0.462
step 2130/13390 | loss 3.3623 | lr_mult 0.9796 | tok/s 195897 | grad_norm 0.457
step 2140/13390 | loss 3.3195 | lr_mult 0.9793 | tok/s 195907 | grad_norm 0.504
step 2150/13390 | loss 3.2987 | lr_mult 0.9789 | tok/s 195917 | grad_norm 0.484
step 2160/13390 | loss 3.3164 | lr_mult 0.9785 | tok/s 195927 | grad_norm 0.467
step 2170/13390 | loss 3.2937 | lr_mult 0.9782 | tok/s 195937 | grad_norm 0.481
step 2180/13390 | loss 3.3175 | lr_mult 0.9778 | tok/s 195947 | grad_norm 0.389
step 2190/13390 | loss 3.2974 | lr_mult 0.9774 | tok/s 195956 | grad_norm 0.403
step 2200/13390 | loss 3.3243 | lr_mult 0.9770 | tok/s 195965 | grad_norm 0.444
step 2210/13390 | loss 3.3339 | lr_mult 0.9767 | tok/s 195975 | grad_norm 0.454
step 2220/13390 | loss 3.2679 | lr_mult 0.9763 | tok/s 195984 | grad_norm 0.482
step 2230/13390 | loss 3.3002 | lr_mult 0.9759 | tok/s 195994 | grad_norm 0.441
step 2240/13390 | loss 3.3049 | lr_mult 0.9755 | tok/s 196003 | grad_norm 0.452
step 2250/13390 | loss 3.3157 | lr_mult 0.9751 | tok/s 196012 | grad_norm 0.442
step 2260/13390 | loss 3.3082 | lr_mult 0.9747 | tok/s 196021 | grad_norm 0.414
step 2270/13390 | loss 3.3075 | lr_mult 0.9743 | tok/s 196030 | grad_norm 0.508
step 2280/13390 | loss 3.2720 | lr_mult 0.9739 | tok/s 196040 | grad_norm 0.509
step 2290/13390 | loss 3.2799 | lr_mult 0.9735 | tok/s 196048 | grad_norm 0.393
step 2300/13390 | loss 3.2916 | lr_mult 0.9731 | tok/s 196057 | grad_norm 0.501
step 2310/13390 | loss 3.2862 | lr_mult 0.9727 | tok/s 196066 | grad_norm 0.473
step 2320/13390 | loss 3.3015 | lr_mult 0.9723 | tok/s 196075 | grad_norm 0.460
step 2330/13390 | loss 3.3208 | lr_mult 0.9718 | tok/s 196083 | grad_norm 0.443
step 2340/13390 | loss 3.3022 | lr_mult 0.9714 | tok/s 196092 | grad_norm 0.437
step 2350/13390 | loss 3.2826 | lr_mult 0.9710 | tok/s 196100 | grad_norm 0.455
step 2360/13390 | loss 3.3038 | lr_mult 0.9706 | tok/s 196109 | grad_norm 0.471
step 2370/13390 | loss 3.3297 | lr_mult 0.9701 | tok/s 196117 | grad_norm 0.482
step 2380/13390 | loss 3.2839 | lr_mult 0.9697 | tok/s 196125 | grad_norm 0.481
step 2390/13390 | loss 3.3021 | lr_mult 0.9693 | tok/s 196134 | grad_norm 0.525
step 2400/13390 | loss 3.2788 | lr_mult 0.9688 | tok/s 196142 | grad_norm 0.413
step 2410/13390 | loss 3.2659 | lr_mult 0.9684 | tok/s 196150 | grad_norm 0.393
step 2420/13390 | loss 3.2804 | lr_mult 0.9679 | tok/s 196158 | grad_norm 0.428
step 2430/13390 | loss 3.2631 | lr_mult 0.9675 | tok/s 196166 | grad_norm 0.483
step 2440/13390 | loss 3.2821 | lr_mult 0.9670 | tok/s 196174 | grad_norm 0.405
step 2450/13390 | loss 3.2626 | lr_mult 0.9666 | tok/s 196181 | grad_norm 0.432
step 2460/13390 | loss 3.2831 | lr_mult 0.9661 | tok/s 196189 | grad_norm 0.428
step 2470/13390 | loss 3.2899 | lr_mult 0.9657 | tok/s 196197 | grad_norm 0.448
step 2480/13390 | loss 3.2541 | lr_mult 0.9652 | tok/s 196205 | grad_norm 0.467
step 2490/13390 | loss 3.2819 | lr_mult 0.9647 | tok/s 196212 | grad_norm 0.399
step 2500/13390 | loss 3.2570 | lr_mult 0.9643 | tok/s 196220 | grad_norm 0.460
step 2500/13390 | val_loss 3.2529
step 2510/13390 | loss 3.2629 | lr_mult 0.9638 | tok/s 195864 | grad_norm 0.414
step 2520/13390 | loss 3.2275 | lr_mult 0.9633 | tok/s 195873 | grad_norm 0.449
step 2530/13390 | loss 3.2739 | lr_mult 0.9628 | tok/s 195882 | grad_norm 0.491
step 2540/13390 | loss 3.2570 | lr_mult 0.9624 | tok/s 195890 | grad_norm 0.441
step 2550/13390 | loss 3.2811 | lr_mult 0.9619 | tok/s 195899 | grad_norm 0.470
step 2560/13390 | loss 3.2586 | lr_mult 0.9614 | tok/s 195908 | grad_norm 0.420
step 2570/13390 | loss 3.2674 | lr_mult 0.9609 | tok/s 195916 | grad_norm 0.401
step 2580/13390 | loss 3.3256 | lr_mult 0.9604 | tok/s 195924 | grad_norm 0.377
step 2590/13390 | loss 3.2519 | lr_mult 0.9599 | tok/s 195933 | grad_norm 0.402
step 2600/13390 | loss 3.2683 | lr_mult 0.9594 | tok/s 195941 | grad_norm 0.397
step 2610/13390 | loss 3.2572 | lr_mult 0.9589 | tok/s 195949 | grad_norm 0.467
step 2620/13390 | loss 3.2617 | lr_mult 0.9584 | tok/s 195957 | grad_norm 0.430
step 2630/13390 | loss 3.2576 | lr_mult 0.9579 | tok/s 195965 | grad_norm 0.373
step 2640/13390 | loss 3.2495 | lr_mult 0.9574 | tok/s 195973 | grad_norm 0.406
step 2650/13390 | loss 3.2673 | lr_mult 0.9569 | tok/s 195981 | grad_norm 0.442
step 2660/13390 | loss 3.2284 | lr_mult 0.9564 | tok/s 195989 | grad_norm 0.414
step 2670/13390 | loss 3.2753 | lr_mult 0.9558 | tok/s 195996 | grad_norm 0.497
step 2680/13390 | loss 3.2407 | lr_mult 0.9553 | tok/s 196004 | grad_norm 0.422
step 2690/13390 | loss 3.2448 | lr_mult 0.9548 | tok/s 196012 | grad_norm 0.404
step 2700/13390 | loss 3.2231 | lr_mult 0.9543 | tok/s 196019 | grad_norm 0.436
step 2710/13390 | loss 3.2202 | lr_mult 0.9537 | tok/s 196027 | grad_norm 0.455
step 2720/13390 | loss 3.2663 | lr_mult 0.9532 | tok/s 196034 | grad_norm 0.378
step 2730/13390 | loss 3.2356 | lr_mult 0.9527 | tok/s 196042 | grad_norm 0.361
step 2740/13390 | loss 3.2511 | lr_mult 0.9521 | tok/s 196049 | grad_norm 0.377
step 2750/13390 | loss 3.2149 | lr_mult 0.9516 | tok/s 196056 | grad_norm 0.370
step 2760/13390 | loss 3.2554 | lr_mult 0.9510 | tok/s 196064 | grad_norm 0.447
step 2770/13390 | loss 3.2320 | lr_mult 0.9505 | tok/s 196071 | grad_norm 0.386
step 2780/13390 | loss 3.2530 | lr_mult 0.9499 | tok/s 196078 | grad_norm 0.400
step 2790/13390 | loss 3.2429 | lr_mult 0.9494 | tok/s 196086 | grad_norm 0.382
step 2800/13390 | loss 3.2177 | lr_mult 0.9488 | tok/s 196093 | grad_norm 0.381
step 2810/13390 | loss 3.2306 | lr_mult 0.9483 | tok/s 196100 | grad_norm 0.448
step 2820/13390 | loss 3.2491 | lr_mult 0.9477 | tok/s 196107 | grad_norm 0.379
step 2830/13390 | loss 3.2233 | lr_mult 0.9471 | tok/s 196114 | grad_norm 0.451
step 2840/13390 | loss 3.2434 | lr_mult 0.9466 | tok/s 196121 | grad_norm 0.385
step 2850/13390 | loss 3.1954 | lr_mult 0.9460 | tok/s 196128 | grad_norm 0.439
step 2860/13390 | loss 3.2240 | lr_mult 0.9454 | tok/s 196135 | grad_norm 0.363
step 2870/13390 | loss 3.2430 | lr_mult 0.9448 | tok/s 196141 | grad_norm 0.408
step 2880/13390 | loss 3.2234 | lr_mult 0.9443 | tok/s 196148 | grad_norm 0.407
step 2890/13390 | loss 3.2336 | lr_mult 0.9437 | tok/s 196155 | grad_norm 0.381
step 2900/13390 | loss 3.2331 | lr_mult 0.9431 | tok/s 196161 | grad_norm 0.433
step 2910/13390 | loss 3.1930 | lr_mult 0.9425 | tok/s 196168 | grad_norm 0.417
step 2920/13390 | loss 3.2157 | lr_mult 0.9419 | tok/s 196175 | grad_norm 0.430
step 2930/13390 | loss 3.1969 | lr_mult 0.9413 | tok/s 196181 | grad_norm 0.377
step 2940/13390 | loss 3.2289 | lr_mult 0.9407 | tok/s 196188 | grad_norm 0.371
step 2950/13390 | loss 3.2045 | lr_mult 0.9401 | tok/s 196194 | grad_norm 0.358
step 2960/13390 | loss 3.2394 | lr_mult 0.9395 | tok/s 196201 | grad_norm 0.387
step 2970/13390 | loss 3.2511 | lr_mult 0.9389 | tok/s 196207 | grad_norm 0.373
step 2980/13390 | loss 3.2348 | lr_mult 0.9383 | tok/s 196213 | grad_norm 0.464
step 2990/13390 | loss 3.2323 | lr_mult 0.9377 | tok/s 196220 | grad_norm 0.395
step 3000/13390 | loss 3.2162 | lr_mult 0.9371 | tok/s 196226 | grad_norm 0.350
step 3000/13390 | val_loss 3.1985
step 3010/13390 | loss 3.2229 | lr_mult 0.9365 | tok/s 195930 | grad_norm 0.407
step 3020/13390 | loss 3.2153 | lr_mult 0.9358 | tok/s 195937 | grad_norm 0.397
step 3030/13390 | loss 3.1931 | lr_mult 0.9352 | tok/s 195944 | grad_norm 0.352
step 3040/13390 | loss 3.2308 | lr_mult 0.9346 | tok/s 195952 | grad_norm 0.393
step 3050/13390 | loss 3.1909 | lr_mult 0.9340 | tok/s 195959 | grad_norm 0.484
step 3060/13390 | loss 3.1901 | lr_mult 0.9333 | tok/s 195966 | grad_norm 0.463
step 3070/13390 | loss 3.1728 | lr_mult 0.9327 | tok/s 195973 | grad_norm 0.421
step 3080/13390 | loss 3.2306 | lr_mult 0.9321 | tok/s 195980 | grad_norm 0.359
step 3090/13390 | loss 3.1941 | lr_mult 0.9314 | tok/s 195987 | grad_norm 0.374
step 3100/13390 | loss 3.1979 | lr_mult 0.9308 | tok/s 195993 | grad_norm 0.484
step 3110/13390 | loss 3.2215 | lr_mult 0.9301 | tok/s 196000 | grad_norm 0.394
step 3120/13390 | loss 3.2324 | lr_mult 0.9295 | tok/s 196007 | grad_norm 0.355
step 3130/13390 | loss 3.2016 | lr_mult 0.9288 | tok/s 196014 | grad_norm 0.373
step 3140/13390 | loss 3.2004 | lr_mult 0.9282 | tok/s 196020 | grad_norm 0.332
step 3150/13390 | loss 3.2128 | lr_mult 0.9275 | tok/s 196027 | grad_norm 0.423
step 3160/13390 | loss 3.2101 | lr_mult 0.9269 | tok/s 196034 | grad_norm 0.398
step 3170/13390 | loss 3.2067 | lr_mult 0.9262 | tok/s 196040 | grad_norm 0.385
step 3180/13390 | loss 3.1944 | lr_mult 0.9255 | tok/s 196047 | grad_norm 0.398
step 3190/13390 | loss 3.2058 | lr_mult 0.9249 | tok/s 196053 | grad_norm 0.393
step 3200/13390 | loss 3.2015 | lr_mult 0.9242 | tok/s 196060 | grad_norm 0.381
step 3210/13390 | loss 3.1649 | lr_mult 0.9235 | tok/s 196066 | grad_norm 0.386
step 3220/13390 | loss 3.2095 | lr_mult 0.9229 | tok/s 196072 | grad_norm 0.392
step 3230/13390 | loss 3.1515 | lr_mult 0.9222 | tok/s 196079 | grad_norm 0.389
step 3240/13390 | loss 3.1657 | lr_mult 0.9215 | tok/s 196085 | grad_norm 0.387
step 3250/13390 | loss 3.2015 | lr_mult 0.9208 | tok/s 196091 | grad_norm 0.416
step 3260/13390 | loss 3.2188 | lr_mult 0.9201 | tok/s 196098 | grad_norm 0.391
step 3270/13390 | loss 3.1882 | lr_mult 0.9194 | tok/s 196104 | grad_norm 0.390
step 3280/13390 | loss 3.1884 | lr_mult 0.9187 | tok/s 196110 | grad_norm 0.403
step 3290/13390 | loss 3.2079 | lr_mult 0.9181 | tok/s 196116 | grad_norm 0.377
step 3300/13390 | loss 3.2102 | lr_mult 0.9174 | tok/s 196123 | grad_norm 0.322
step 3310/13390 | loss 3.1381 | lr_mult 0.9167 | tok/s 196129 | grad_norm 0.371
step 3320/13390 | loss 3.2126 | lr_mult 0.9160 | tok/s 196135 | grad_norm 0.371
step 3330/13390 | loss 3.1847 | lr_mult 0.9152 | tok/s 196140 | grad_norm 0.341
step 3340/13390 | loss 3.1546 | lr_mult 0.9145 | tok/s 196146 | grad_norm 0.382
step 3350/13390 | loss 3.2218 | lr_mult 0.9138 | tok/s 196152 | grad_norm 0.379
step 3360/13390 | loss 3.1578 | lr_mult 0.9131 | tok/s 196158 | grad_norm 0.318
step 3370/13390 | loss 3.1789 | lr_mult 0.9124 | tok/s 196164 | grad_norm 0.377
step 3380/13390 | loss 3.1523 | lr_mult 0.9117 | tok/s 196170 | grad_norm 0.324
step 3390/13390 | loss 3.1843 | lr_mult 0.9110 | tok/s 196175 | grad_norm 0.366
step 3400/13390 | loss 3.1892 | lr_mult 0.9102 | tok/s 196181 | grad_norm 0.398
step 3410/13390 | loss 3.1878 | lr_mult 0.9095 | tok/s 196187 | grad_norm 0.413
step 3420/13390 | loss 3.2164 | lr_mult 0.9088 | tok/s 196192 | grad_norm 0.319
step 3430/13390 | loss 3.1862 | lr_mult 0.9081 | tok/s 196198 | grad_norm 0.410
step 3440/13390 | loss 3.1831 | lr_mult 0.9073 | tok/s 196203 | grad_norm 0.403
step 3450/13390 | loss 3.1834 | lr_mult 0.9066 | tok/s 196209 | grad_norm 0.340
step 3460/13390 | loss 3.1825 | lr_mult 0.9058 | tok/s 196214 | grad_norm 0.339
step 3470/13390 | loss 3.1866 | lr_mult 0.9051 | tok/s 196219 | grad_norm 0.375
step 3480/13390 | loss 3.1832 | lr_mult 0.9044 | tok/s 196224 | grad_norm 0.401
step 3490/13390 | loss 3.1790 | lr_mult 0.9036 | tok/s 196230 | grad_norm 0.364
step 3500/13390 | loss 3.1487 | lr_mult 0.9029 | tok/s 196235 | grad_norm 0.345
step 3500/13390 | val_loss 3.1569
step 3510/13390 | loss 3.1734 | lr_mult 0.9021 | tok/s 195981 | grad_norm 0.358
step 3520/13390 | loss 3.1666 | lr_mult 0.9014 | tok/s 195987 | grad_norm 0.314
step 3530/13390 | loss 3.1415 | lr_mult 0.9006 | tok/s 195993 | grad_norm 0.320
step 3540/13390 | loss 3.1642 | lr_mult 0.8998 | tok/s 195999 | grad_norm 0.401
step 3550/13390 | loss 3.2035 | lr_mult 0.8991 | tok/s 196005 | grad_norm 0.365
step 3560/13390 | loss 3.1979 | lr_mult 0.8983 | tok/s 196011 | grad_norm 0.341
step 3570/13390 | loss 3.1547 | lr_mult 0.8975 | tok/s 196017 | grad_norm 0.365
step 3580/13390 | loss 3.1536 | lr_mult 0.8968 | tok/s 196022 | grad_norm 0.363
step 3590/13390 | loss 3.1779 | lr_mult 0.8960 | tok/s 196028 | grad_norm 0.320
step 3600/13390 | loss 3.1668 | lr_mult 0.8952 | tok/s 196034 | grad_norm 0.381
step 3610/13390 | loss 3.1832 | lr_mult 0.8944 | tok/s 196039 | grad_norm 0.436
step 3620/13390 | loss 3.1442 | lr_mult 0.8937 | tok/s 196045 | grad_norm 0.375
step 3630/13390 | loss 3.1576 | lr_mult 0.8929 | tok/s 196051 | grad_norm 0.348
step 3640/13390 | loss 3.1695 | lr_mult 0.8921 | tok/s 196056 | grad_norm 0.348
step 3650/13390 | loss 3.1294 | lr_mult 0.8913 | tok/s 196062 | grad_norm 0.381
step 3660/13390 | loss 3.1416 | lr_mult 0.8905 | tok/s 196067 | grad_norm 0.329
step 3670/13390 | loss 3.1676 | lr_mult 0.8897 | tok/s 196073 | grad_norm 0.411
step 3680/13390 | loss 3.1611 | lr_mult 0.8889 | tok/s 196078 | grad_norm 0.440
step 3690/13390 | loss 3.1547 | lr_mult 0.8881 | tok/s 196084 | grad_norm 0.351
step 3700/13390 | loss 3.1534 | lr_mult 0.8873 | tok/s 196089 | grad_norm 0.358
step 3710/13390 | loss 3.1534 | lr_mult 0.8865 | tok/s 196094 | grad_norm 0.341
step 3720/13390 | loss 3.1769 | lr_mult 0.8857 | tok/s 196100 | grad_norm 0.331
step 3730/13390 | loss 3.1102 | lr_mult 0.8849 | tok/s 196105 | grad_norm 0.401
step 3740/13390 | loss 3.1493 | lr_mult 0.8841 | tok/s 196111 | grad_norm 0.309
step 3750/13390 | loss 3.1626 | lr_mult 0.8833 | tok/s 196116 | grad_norm 0.303
step 3760/13390 | loss 3.1794 | lr_mult 0.8825 | tok/s 196121 | grad_norm 0.339
step 3770/13390 | loss 3.1513 | lr_mult 0.8817 | tok/s 196126 | grad_norm 0.373
step 3780/13390 | loss 3.1637 | lr_mult 0.8808 | tok/s 196131 | grad_norm 0.294
step 3790/13390 | loss 3.1619 | lr_mult 0.8800 | tok/s 196136 | grad_norm 0.319
step 3800/13390 | loss 3.1537 | lr_mult 0.8792 | tok/s 196142 | grad_norm 0.353
step 3810/13390 | loss 3.1649 | lr_mult 0.8784 | tok/s 196147 | grad_norm 0.331
step 3820/13390 | loss 3.1485 | lr_mult 0.8775 | tok/s 196152 | grad_norm 0.389
step 3830/13390 | loss 3.1319 | lr_mult 0.8767 | tok/s 196157 | grad_norm 0.371
step 3840/13390 | loss 3.1509 | lr_mult 0.8759 | tok/s 196162 | grad_norm 0.367
step 3850/13390 | loss 3.1412 | lr_mult 0.8750 | tok/s 196167 | grad_norm 0.477
step 3860/13390 | loss 3.1314 | lr_mult 0.8742 | tok/s 196172 | grad_norm 0.359
step 3870/13390 | loss 3.1334 | lr_mult 0.8733 | tok/s 196177 | grad_norm 0.334
step 3880/13390 | loss 3.1556 | lr_mult 0.8725 | tok/s 196182 | grad_norm 0.334
step 3890/13390 | loss 3.1670 | lr_mult 0.8717 | tok/s 196187 | grad_norm 0.349
step 3900/13390 | loss 3.1453 | lr_mult 0.8708 | tok/s 196192 | grad_norm 0.295
step 3910/13390 | loss 3.1361 | lr_mult 0.8700 | tok/s 196196 | grad_norm 0.368
step 3920/13390 | loss 3.1343 | lr_mult 0.8691 | tok/s 196201 | grad_norm 0.351
step 3930/13390 | loss 3.1520 | lr_mult 0.8682 | tok/s 196206 | grad_norm 0.351
step 3940/13390 | loss 3.1814 | lr_mult 0.8674 | tok/s 196211 | grad_norm 0.383
step 3950/13390 | loss 3.1132 | lr_mult 0.8665 | tok/s 196215 | grad_norm 0.363
step 3960/13390 | loss 3.1432 | lr_mult 0.8657 | tok/s 196220 | grad_norm 0.340
step 3970/13390 | loss 3.1277 | lr_mult 0.8648 | tok/s 196225 | grad_norm 0.337
step 3980/13390 | loss 3.0980 | lr_mult 0.8639 | tok/s 196230 | grad_norm 0.337
step 3990/13390 | loss 3.1564 | lr_mult 0.8631 | tok/s 196234 | grad_norm 0.357
step 4000/13390 | loss 3.1437 | lr_mult 0.8622 | tok/s 196239 | grad_norm 0.362
step 4000/13390 | val_loss 3.1227
step 4010/13390 | loss 3.1676 | lr_mult 0.8613 | tok/s 196017 | grad_norm 0.368
step 4020/13390 | loss 3.1151 | lr_mult 0.8604 | tok/s 196022 | grad_norm 0.366
step 4030/13390 | loss 3.1488 | lr_mult 0.8596 | tok/s 196027 | grad_norm 0.318
step 4040/13390 | loss 3.1285 | lr_mult 0.8587 | tok/s 196032 | grad_norm 0.327
step 4050/13390 | loss 3.1445 | lr_mult 0.8578 | tok/s 196037 | grad_norm 0.338
step 4060/13390 | loss 3.1439 | lr_mult 0.8569 | tok/s 196042 | grad_norm 0.326
step 4070/13390 | loss 3.1269 | lr_mult 0.8560 | tok/s 196047 | grad_norm 0.337
step 4080/13390 | loss 3.1286 | lr_mult 0.8551 | tok/s 196052 | grad_norm 0.307
step 4090/13390 | loss 3.1724 | lr_mult 0.8542 | tok/s 196057 | grad_norm 0.318
step 4100/13390 | loss 3.1168 | lr_mult 0.8533 | tok/s 196061 | grad_norm 0.350
step 4110/13390 | loss 3.1308 | lr_mult 0.8524 | tok/s 196066 | grad_norm 0.398
step 4120/13390 | loss 3.1224 | lr_mult 0.8515 | tok/s 196071 | grad_norm 0.296
step 4130/13390 | loss 3.1171 | lr_mult 0.8506 | tok/s 196076 | grad_norm 0.316
step 4140/13390 | loss 3.1330 | lr_mult 0.8497 | tok/s 196081 | grad_norm 0.383
step 4150/13390 | loss 3.1473 | lr_mult 0.8488 | tok/s 196086 | grad_norm 0.299
step 4160/13390 | loss 3.1062 | lr_mult 0.8479 | tok/s 196091 | grad_norm 0.328
step 4170/13390 | loss 3.1120 | lr_mult 0.8470 | tok/s 196096 | grad_norm 0.322
step 4180/13390 | loss 3.1342 | lr_mult 0.8461 | tok/s 196100 | grad_norm 0.312
step 4190/13390 | loss 3.0984 | lr_mult 0.8452 | tok/s 196105 | grad_norm 0.397
step 4200/13390 | loss 3.1506 | lr_mult 0.8442 | tok/s 196110 | grad_norm 0.354
step 4210/13390 | loss 3.1384 | lr_mult 0.8433 | tok/s 196115 | grad_norm 0.303
step 4220/13390 | loss 3.1286 | lr_mult 0.8424 | tok/s 196119 | grad_norm 0.311
step 4230/13390 | loss 3.1343 | lr_mult 0.8415 | tok/s 196124 | grad_norm 0.341
step 4240/13390 | loss 3.1486 | lr_mult 0.8406 | tok/s 196129 | grad_norm 0.298
step 4250/13390 | loss 3.1034 | lr_mult 0.8396 | tok/s 196133 | grad_norm 0.279
step 4260/13390 | loss 3.1373 | lr_mult 0.8387 | tok/s 196138 | grad_norm 0.287
step 4270/13390 | loss 3.1434 | lr_mult 0.8378 | tok/s 196142 | grad_norm 0.330
step 4280/13390 | loss 3.1005 | lr_mult 0.8368 | tok/s 196147 | grad_norm 0.295
step 4290/13390 | loss 3.1241 | lr_mult 0.8359 | tok/s 196151 | grad_norm 0.291
step 4300/13390 | loss 3.1326 | lr_mult 0.8349 | tok/s 196156 | grad_norm 0.445
step 4310/13390 | loss 3.0798 | lr_mult 0.8340 | tok/s 196161 | grad_norm 0.291
step 4320/13390 | loss 3.1115 | lr_mult 0.8331 | tok/s 196165 | grad_norm 0.302
step 4330/13390 | loss 3.0841 | lr_mult 0.8321 | tok/s 196169 | grad_norm 0.309
step 4340/13390 | loss 3.1235 | lr_mult 0.8312 | tok/s 196174 | grad_norm 0.290
step 4350/13390 | loss 3.1298 | lr_mult 0.8302 | tok/s 196178 | grad_norm 0.323
step 4360/13390 | loss 3.1262 | lr_mult 0.8293 | tok/s 196182 | grad_norm 0.295
step 4370/13390 | loss 3.1038 | lr_mult 0.8283 | tok/s 196187 | grad_norm 0.339
step 4380/13390 | loss 3.1306 | lr_mult 0.8273 | tok/s 196191 | grad_norm 0.259
step 4390/13390 | loss 3.1035 | lr_mult 0.8264 | tok/s 196195 | grad_norm 0.263
step 4400/13390 | loss 3.0883 | lr_mult 0.8254 | tok/s 196200 | grad_norm 0.293
step 4410/13390 | loss 3.1042 | lr_mult 0.8245 | tok/s 196204 | grad_norm 0.303
step 4420/13390 | loss 3.1323 | lr_mult 0.8235 | tok/s 196208 | grad_norm 0.325
step 4430/13390 | loss 3.0796 | lr_mult 0.8225 | tok/s 196213 | grad_norm 0.296
step 4440/13390 | loss 3.1283 | lr_mult 0.8216 | tok/s 196217 | grad_norm 0.282
step 4450/13390 | loss 3.1239 | lr_mult 0.8206 | tok/s 196221 | grad_norm 0.313
step 4460/13390 | loss 3.1093 | lr_mult 0.8196 | tok/s 196225 | grad_norm 0.292
step 4470/13390 | loss 3.0944 | lr_mult 0.8186 | tok/s 196229 | grad_norm 0.275
step 4480/13390 | loss 3.1230 | lr_mult 0.8177 | tok/s 196234 | grad_norm 0.320
step 4490/13390 | loss 3.1003 | lr_mult 0.8167 | tok/s 196238 | grad_norm 0.307
step 4500/13390 | loss 3.1012 | lr_mult 0.8157 | tok/s 196242 | grad_norm 0.297
step 4500/13390 | val_loss 3.0929
step 4510/13390 | loss 3.0842 | lr_mult 0.8147 | tok/s 196044 | grad_norm 0.260
step 4520/13390 | loss 3.1089 | lr_mult 0.8137 | tok/s 196049 | grad_norm 0.284
step 4530/13390 | loss 3.1210 | lr_mult 0.8127 | tok/s 196053 | grad_norm 0.259
step 4540/13390 | loss 3.1086 | lr_mult 0.8117 | tok/s 196058 | grad_norm 0.273
step 4550/13390 | loss 3.0698 | lr_mult 0.8108 | tok/s 196062 | grad_norm 0.379
step 4560/13390 | loss 3.0825 | lr_mult 0.8098 | tok/s 196067 | grad_norm 0.302
step 4570/13390 | loss 3.0858 | lr_mult 0.8088 | tok/s 196071 | grad_norm 0.291
step 4580/13390 | loss 3.1091 | lr_mult 0.8078 | tok/s 196075 | grad_norm 0.326
step 4590/13390 | loss 3.0811 | lr_mult 0.8068 | tok/s 196080 | grad_norm 0.286
step 4600/13390 | loss 3.1176 | lr_mult 0.8058 | tok/s 196084 | grad_norm 0.276
step 4610/13390 | loss 3.1018 | lr_mult 0.8048 | tok/s 196088 | grad_norm 0.257
step 4620/13390 | loss 3.1024 | lr_mult 0.8038 | tok/s 196093 | grad_norm 0.267
step 4630/13390 | loss 3.0907 | lr_mult 0.8027 | tok/s 196097 | grad_norm 0.285
step 4640/13390 | loss 3.0932 | lr_mult 0.8017 | tok/s 196101 | grad_norm 0.272
step 4650/13390 | loss 3.1078 | lr_mult 0.8007 | tok/s 196106 | grad_norm 0.272
step 4660/13390 | loss 3.0679 | lr_mult 0.7997 | tok/s 196110 | grad_norm 0.292
step 4670/13390 | loss 3.1036 | lr_mult 0.7987 | tok/s 196114 | grad_norm 0.298
step 4680/13390 | loss 3.1008 | lr_mult 0.7977 | tok/s 196118 | grad_norm 0.290
step 4690/13390 | loss 3.0586 | lr_mult 0.7967 | tok/s 196123 | grad_norm 0.311
step 4700/13390 | loss 3.0808 | lr_mult 0.7956 | tok/s 196127 | grad_norm 0.266
step 4710/13390 | loss 3.0779 | lr_mult 0.7946 | tok/s 196131 | grad_norm 0.290
step 4720/13390 | loss 3.1114 | lr_mult 0.7936 | tok/s 196135 | grad_norm 0.246
step 4730/13390 | loss 3.0886 | lr_mult 0.7926 | tok/s 196139 | grad_norm 0.240
step 4740/13390 | loss 3.0906 | lr_mult 0.7915 | tok/s 196143 | grad_norm 0.274
step 4750/13390 | loss 3.0882 | lr_mult 0.7905 | tok/s 196147 | grad_norm 0.273
step 4760/13390 | loss 3.0902 | lr_mult 0.7895 | tok/s 196151 | grad_norm 0.359
step 4770/13390 | loss 3.0884 | lr_mult 0.7884 | tok/s 196155 | grad_norm 0.276
step 4780/13390 | loss 3.0866 | lr_mult 0.7874 | tok/s 196159 | grad_norm 0.262
step 4790/13390 | loss 3.0950 | lr_mult 0.7864 | tok/s 196163 | grad_norm 0.243
step 4800/13390 | loss 3.0940 | lr_mult 0.7853 | tok/s 196168 | grad_norm 0.266
step 4810/13390 | loss 3.0606 | lr_mult 0.7843 | tok/s 196172 | grad_norm 0.292
step 4820/13390 | loss 3.0626 | lr_mult 0.7832 | tok/s 196176 | grad_norm 0.247
step 4830/13390 | loss 3.0810 | lr_mult 0.7822 | tok/s 196180 | grad_norm 0.264
step 4840/13390 | loss 3.0949 | lr_mult 0.7811 | tok/s 196183 | grad_norm 0.294
step 4850/13390 | loss 3.1089 | lr_mult 0.7801 | tok/s 196187 | grad_norm 0.291
step 4860/13390 | loss 3.1171 | lr_mult 0.7790 | tok/s 196191 | grad_norm 0.272
step 4870/13390 | loss 3.0760 | lr_mult 0.7780 | tok/s 196195 | grad_norm 0.286
step 4880/13390 | loss 3.0782 | lr_mult 0.7769 | tok/s 196199 | grad_norm 0.331
step 4890/13390 | loss 3.1020 | lr_mult 0.7759 | tok/s 196203 | grad_norm 0.240
step 4900/13390 | loss 3.0653 | lr_mult 0.7748 | tok/s 196207 | grad_norm 0.260
step 4910/13390 | loss 3.0743 | lr_mult 0.7738 | tok/s 196211 | grad_norm 0.274
step 4920/13390 | loss 3.0736 | lr_mult 0.7727 | tok/s 196214 | grad_norm 0.264
step 4930/13390 | loss 3.0605 | lr_mult 0.7716 | tok/s 196218 | grad_norm 0.304
step 4940/13390 | loss 3.0750 | lr_mult 0.7706 | tok/s 196222 | grad_norm 0.259
step 4950/13390 | loss 3.0891 | lr_mult 0.7695 | tok/s 196226 | grad_norm 0.261
step 4960/13390 | loss 3.0832 | lr_mult 0.7684 | tok/s 196230 | grad_norm 0.272
step 4970/13390 | loss 3.0693 | lr_mult 0.7674 | tok/s 196234 | grad_norm 0.249
step 4980/13390 | loss 3.0798 | lr_mult 0.7663 | tok/s 196237 | grad_norm 0.261
step 4990/13390 | loss 3.0638 | lr_mult 0.7652 | tok/s 196241 | grad_norm 0.314
step 5000/13390 | loss 3.0859 | lr_mult 0.7641 | tok/s 196245 | grad_norm 0.278
step 5000/13390 | val_loss 3.0653
step 5010/13390 | loss 3.0512 | lr_mult 0.7631 | tok/s 196067 | grad_norm 0.283
step 5020/13390 | loss 3.0614 | lr_mult 0.7620 | tok/s 196071 | grad_norm 0.228
step 5030/13390 | loss 3.0869 | lr_mult 0.7609 | tok/s 196075 | grad_norm 0.229
step 5040/13390 | loss 3.0559 | lr_mult 0.7598 | tok/s 196079 | grad_norm 0.263
step 5050/13390 | loss 3.0884 | lr_mult 0.7587 | tok/s 196083 | grad_norm 0.251
step 5060/13390 | loss 3.0567 | lr_mult 0.7576 | tok/s 196087 | grad_norm 0.266
step 5070/13390 | loss 3.0727 | lr_mult 0.7566 | tok/s 196091 | grad_norm 0.284
step 5080/13390 | loss 3.0903 | lr_mult 0.7555 | tok/s 196095 | grad_norm 0.277
step 5090/13390 | loss 3.0603 | lr_mult 0.7544 | tok/s 196099 | grad_norm 0.272
step 5100/13390 | loss 3.0757 | lr_mult 0.7533 | tok/s 196103 | grad_norm 0.251
step 5110/13390 | loss 3.0513 | lr_mult 0.7522 | tok/s 196107 | grad_norm 0.274
step 5120/13390 | loss 3.0529 | lr_mult 0.7511 | tok/s 196111 | grad_norm 0.230
step 5130/13390 | loss 3.0818 | lr_mult 0.7500 | tok/s 196114 | grad_norm 0.249
step 5140/13390 | loss 3.0701 | lr_mult 0.7489 | tok/s 196118 | grad_norm 0.275
step 5150/13390 | loss 3.0542 | lr_mult 0.7478 | tok/s 196122 | grad_norm 0.298
step 5160/13390 | loss 3.0632 | lr_mult 0.7467 | tok/s 196126 | grad_norm 0.283
step 5170/13390 | loss 3.0735 | lr_mult 0.7456 | tok/s 196130 | grad_norm 0.257
step 5180/13390 | loss 3.0917 | lr_mult 0.7445 | tok/s 196134 | grad_norm 0.247
step 5190/13390 | loss 3.0861 | lr_mult 0.7434 | tok/s 196138 | grad_norm 0.246
step 5200/13390 | loss 3.0748 | lr_mult 0.7423 | tok/s 196142 | grad_norm 0.246
step 5210/13390 | loss 3.0904 | lr_mult 0.7412 | tok/s 196145 | grad_norm 0.232
step 5220/13390 | loss 3.0383 | lr_mult 0.7401 | tok/s 196149 | grad_norm 0.253
step 5230/13390 | loss 3.0850 | lr_mult 0.7389 | tok/s 196153 | grad_norm 0.248
step 5240/13390 | loss 3.0839 | lr_mult 0.7378 | tok/s 196157 | grad_norm 0.256
step 5250/13390 | loss 3.0932 | lr_mult 0.7367 | tok/s 196160 | grad_norm 0.263
step 5260/13390 | loss 3.0815 | lr_mult 0.7356 | tok/s 196164 | grad_norm 0.237
step 5270/13390 | loss 3.0696 | lr_mult 0.7345 | tok/s 196168 | grad_norm 0.246
step 5280/13390 | loss 3.0552 | lr_mult 0.7334 | tok/s 196171 | grad_norm 0.256
step 5290/13390 | loss 3.0602 | lr_mult 0.7322 | tok/s 196175 | grad_norm 0.255
step 5300/13390 | loss 3.0786 | lr_mult 0.7311 | tok/s 196178 | grad_norm 0.320
step 5310/13390 | loss 3.0590 | lr_mult 0.7300 | tok/s 196182 | grad_norm 0.292
step 5320/13390 | loss 3.0605 | lr_mult 0.7289 | tok/s 196186 | grad_norm 0.253
step 5330/13390 | loss 3.0517 | lr_mult 0.7277 | tok/s 196189 | grad_norm 0.263
step 5340/13390 | loss 3.0774 | lr_mult 0.7266 | tok/s 196193 | grad_norm 0.207
step 5350/13390 | loss 3.0887 | lr_mult 0.7255 | tok/s 196196 | grad_norm 0.261
step 5360/13390 | loss 3.0439 | lr_mult 0.7243 | tok/s 196200 | grad_norm 0.304
step 5370/13390 | loss 3.0368 | lr_mult 0.7232 | tok/s 196204 | grad_norm 0.255
step 5380/13390 | loss 3.0200 | lr_mult 0.7221 | tok/s 196207 | grad_norm 0.222
step 5390/13390 | loss 3.0755 | lr_mult 0.7209 | tok/s 196211 | grad_norm 0.270
step 5400/13390 | loss 3.0519 | lr_mult 0.7198 | tok/s 196214 | grad_norm 0.237
step 5410/13390 | loss 3.0578 | lr_mult 0.7187 | tok/s 196218 | grad_norm 0.259
step 5420/13390 | loss 3.0778 | lr_mult 0.7175 | tok/s 196221 | grad_norm 0.270
step 5430/13390 | loss 3.0545 | lr_mult 0.7164 | tok/s 196225 | grad_norm 0.238
step 5440/13390 | loss 3.1072 | lr_mult 0.7152 | tok/s 196228 | grad_norm 0.233
step 5450/13390 | loss 3.0610 | lr_mult 0.7141 | tok/s 196231 | grad_norm 0.226
step 5460/13390 | loss 3.0774 | lr_mult 0.7129 | tok/s 196235 | grad_norm 0.255
step 5470/13390 | loss 3.0316 | lr_mult 0.7118 | tok/s 196238 | grad_norm 0.279
step 5480/13390 | loss 3.0867 | lr_mult 0.7106 | tok/s 196242 | grad_norm 0.268
step 5490/13390 | loss 3.0331 | lr_mult 0.7095 | tok/s 196245 | grad_norm 0.240
step 5500/13390 | loss 3.0659 | lr_mult 0.7083 | tok/s 196248 | grad_norm 0.244
step 5500/13390 | val_loss 3.0412
step 5510/13390 | loss 3.0449 | lr_mult 0.7072 | tok/s 196087 | grad_norm 0.283
step 5520/13390 | loss 3.0684 | lr_mult 0.7060 | tok/s 196090 | grad_norm 0.240
step 5530/13390 | loss 3.0857 | lr_mult 0.7049 | tok/s 196094 | grad_norm 0.242
step 5540/13390 | loss 3.0371 | lr_mult 0.7037 | tok/s 196098 | grad_norm 0.235
step 5550/13390 | loss 3.0344 | lr_mult 0.7026 | tok/s 196101 | grad_norm 0.244
step 5560/13390 | loss 3.0344 | lr_mult 0.7014 | tok/s 196105 | grad_norm 0.266
step 5570/13390 | loss 3.0533 | lr_mult 0.7002 | tok/s 196108 | grad_norm 0.277
step 5580/13390 | loss 3.0503 | lr_mult 0.6991 | tok/s 196112 | grad_norm 0.212
step 5590/13390 | loss 3.0425 | lr_mult 0.6979 | tok/s 196115 | grad_norm 0.255
step 5600/13390 | loss 3.0644 | lr_mult 0.6967 | tok/s 196119 | grad_norm 0.264
step 5610/13390 | loss 3.0273 | lr_mult 0.6956 | tok/s 196123 | grad_norm 0.216
step 5620/13390 | loss 3.0448 | lr_mult 0.6944 | tok/s 196126 | grad_norm 0.256
step 5630/13390 | loss 3.0398 | lr_mult 0.6932 | tok/s 196129 | grad_norm 0.243
step 5640/13390 | loss 3.0561 | lr_mult 0.6921 | tok/s 196133 | grad_norm 0.255
step 5650/13390 | loss 3.0457 | lr_mult 0.6909 | tok/s 196137 | grad_norm 0.231
step 5660/13390 | loss 3.0611 | lr_mult 0.6897 | tok/s 196140 | grad_norm 0.222
step 5670/13390 | loss 3.0139 | lr_mult 0.6886 | tok/s 196143 | grad_norm 0.269
step 5680/13390 | loss 3.0193 | lr_mult 0.6874 | tok/s 196147 | grad_norm 0.252
step 5690/13390 | loss 3.0700 | lr_mult 0.6862 | tok/s 196150 | grad_norm 0.242
step 5700/13390 | loss 3.0367 | lr_mult 0.6850 | tok/s 196154 | grad_norm 0.233
step 5710/13390 | loss 3.0288 | lr_mult 0.6839 | tok/s 196157 | grad_norm 0.246
step 5720/13390 | loss 3.0439 | lr_mult 0.6827 | tok/s 196161 | grad_norm 0.269
step 5730/13390 | loss 3.0343 | lr_mult 0.6815 | tok/s 196164 | grad_norm 0.240
step 5740/13390 | loss 3.0442 | lr_mult 0.6803 | tok/s 196167 | grad_norm 0.272
step 5750/13390 | loss 3.0476 | lr_mult 0.6791 | tok/s 196171 | grad_norm 0.222
step 5760/13390 | loss 3.0625 | lr_mult 0.6779 | tok/s 196174 | grad_norm 0.226
step 5770/13390 | loss 3.0406 | lr_mult 0.6768 | tok/s 196177 | grad_norm 0.241
step 5780/13390 | loss 3.0236 | lr_mult 0.6756 | tok/s 196181 | grad_norm 0.237
step 5790/13390 | loss 3.0399 | lr_mult 0.6744 | tok/s 196184 | grad_norm 0.210
step 5800/13390 | loss 3.0594 | lr_mult 0.6732 | tok/s 196187 | grad_norm 0.223
step 5810/13390 | loss 3.0075 | lr_mult 0.6720 | tok/s 196191 | grad_norm 0.213
step 5820/13390 | loss 3.0465 | lr_mult 0.6708 | tok/s 196194 | grad_norm 0.214
step 5830/13390 | loss 3.0390 | lr_mult 0.6696 | tok/s 196197 | grad_norm 0.227
step 5840/13390 | loss 3.0025 | lr_mult 0.6684 | tok/s 196200 | grad_norm 0.213
step 5850/13390 | loss 3.0449 | lr_mult 0.6672 | tok/s 196204 | grad_norm 0.238
step 5860/13390 | loss 3.0389 | lr_mult 0.6660 | tok/s 196207 | grad_norm 0.245
step 5870/13390 | loss 3.0543 | lr_mult 0.6648 | tok/s 196210 | grad_norm 0.229
step 5880/13390 | loss 3.0032 | lr_mult 0.6636 | tok/s 196213 | grad_norm 0.223
step 5890/13390 | loss 3.0418 | lr_mult 0.6624 | tok/s 196217 | grad_norm 0.225
step 5900/13390 | loss 3.0418 | lr_mult 0.6612 | tok/s 196220 | grad_norm 0.219
step 5910/13390 | loss 3.0193 | lr_mult 0.6600 | tok/s 196223 | grad_norm 0.244
step 5920/13390 | loss 3.0768 | lr_mult 0.6588 | tok/s 196226 | grad_norm 0.208
step 5930/13390 | loss 3.0471 | lr_mult 0.6576 | tok/s 196229 | grad_norm 0.222
step 5940/13390 | loss 3.0334 | lr_mult 0.6564 | tok/s 196232 | grad_norm 0.219
step 5950/13390 | loss 3.0277 | lr_mult 0.6552 | tok/s 196236 | grad_norm 0.237
step 5960/13390 | loss 3.0042 | lr_mult 0.6540 | tok/s 196239 | grad_norm 0.255
step 5970/13390 | loss 3.0417 | lr_mult 0.6528 | tok/s 196242 | grad_norm 0.240
step 5980/13390 | loss 3.0318 | lr_mult 0.6516 | tok/s 196245 | grad_norm 0.224
step 5990/13390 | loss 3.0428 | lr_mult 0.6504 | tok/s 196248 | grad_norm 0.226
step 6000/13390 | loss 3.0424 | lr_mult 0.6492 | tok/s 196251 | grad_norm 0.204
step 6000/13390 | val_loss 3.0161
step 6010/13390 | loss 3.0370 | lr_mult 0.6480 | tok/s 196103 | grad_norm 0.216
step 6020/13390 | loss 3.0241 | lr_mult 0.6468 | tok/s 196106 | grad_norm 0.222
step 6030/13390 | loss 3.0182 | lr_mult 0.6456 | tok/s 196109 | grad_norm 0.225
step 6040/13390 | loss 3.0364 | lr_mult 0.6443 | tok/s 196113 | grad_norm 0.198
step 6050/13390 | loss 3.0477 | lr_mult 0.6431 | tok/s 196116 | grad_norm 0.216
step 6060/13390 | loss 2.9872 | lr_mult 0.6419 | tok/s 196119 | grad_norm 0.214
step 6070/13390 | loss 3.0293 | lr_mult 0.6407 | tok/s 196122 | grad_norm 0.229
step 6080/13390 | loss 3.0345 | lr_mult 0.6395 | tok/s 196125 | grad_norm 0.216
step 6090/13390 | loss 3.0255 | lr_mult 0.6383 | tok/s 196129 | grad_norm 0.241
step 6100/13390 | loss 3.0228 | lr_mult 0.6370 | tok/s 196132 | grad_norm 0.232
step 6110/13390 | loss 3.0251 | lr_mult 0.6358 | tok/s 196135 | grad_norm 0.279
step 6120/13390 | loss 3.0213 | lr_mult 0.6346 | tok/s 196138 | grad_norm 0.217
step 6130/13390 | loss 3.0340 | lr_mult 0.6334 | tok/s 196142 | grad_norm 0.224
step 6140/13390 | loss 3.0270 | lr_mult 0.6322 | tok/s 196145 | grad_norm 0.215
step 6150/13390 | loss 3.0159 | lr_mult 0.6309 | tok/s 196148 | grad_norm 0.210
step 6160/13390 | loss 3.0108 | lr_mult 0.6297 | tok/s 196151 | grad_norm 0.228
step 6170/13390 | loss 2.9997 | lr_mult 0.6285 | tok/s 196154 | grad_norm 0.231
step 6180/13390 | loss 3.0237 | lr_mult 0.6273 | tok/s 196158 | grad_norm 0.222
step 6190/13390 | loss 3.0197 | lr_mult 0.6260 | tok/s 196161 | grad_norm 0.229
step 6200/13390 | loss 3.0183 | lr_mult 0.6248 | tok/s 196164 | grad_norm 0.212
step 6210/13390 | loss 2.9969 | lr_mult 0.6236 | tok/s 196167 | grad_norm 0.219
step 6220/13390 | loss 3.0299 | lr_mult 0.6224 | tok/s 196170 | grad_norm 0.207
step 6230/13390 | loss 3.0239 | lr_mult 0.6211 | tok/s 196173 | grad_norm 0.187
step 6240/13390 | loss 3.0044 | lr_mult 0.6199 | tok/s 196176 | grad_norm 0.256
step 6250/13390 | loss 2.9992 | lr_mult 0.6187 | tok/s 196179 | grad_norm 0.224
step 6260/13390 | loss 3.0459 | lr_mult 0.6174 | tok/s 196182 | grad_norm 0.205
step 6270/13390 | loss 2.9923 | lr_mult 0.6162 | tok/s 196186 | grad_norm 0.217
step 6280/13390 | loss 3.0316 | lr_mult 0.6150 | tok/s 196189 | grad_norm 0.204
step 6290/13390 | loss 3.0512 | lr_mult 0.6137 | tok/s 196192 | grad_norm 0.214
step 6300/13390 | loss 3.0218 | lr_mult 0.6125 | tok/s 196195 | grad_norm 0.202
step 6310/13390 | loss 3.0043 | lr_mult 0.6113 | tok/s 196198 | grad_norm 0.218
step 6320/13390 | loss 3.0096 | lr_mult 0.6100 | tok/s 196201 | grad_norm 0.210
step 6330/13390 | loss 3.0075 | lr_mult 0.6088 | tok/s 196204 | grad_norm 0.228
step 6340/13390 | loss 3.0365 | lr_mult 0.6075 | tok/s 196207 | grad_norm 0.225
step 6350/13390 | loss 3.0310 | lr_mult 0.6063 | tok/s 196210 | grad_norm 0.206
step 6360/13390 | loss 3.0302 | lr_mult 0.6051 | tok/s 196213 | grad_norm 0.214
step 6370/13390 | loss 2.9929 | lr_mult 0.6038 | tok/s 196216 | grad_norm 0.220
step 6380/13390 | loss 3.0010 | lr_mult 0.6026 | tok/s 196219 | grad_norm 0.215
step 6390/13390 | loss 3.0061 | lr_mult 0.6014 | tok/s 196221 | grad_norm 0.210
step 6400/13390 | loss 3.0088 | lr_mult 0.6001 | tok/s 196224 | grad_norm 0.230
step 6410/13390 | loss 3.0244 | lr_mult 0.5989 | tok/s 196227 | grad_norm 0.196
step 6420/13390 | loss 3.0262 | lr_mult 0.5976 | tok/s 196230 | grad_norm 0.190
step 6430/13390 | loss 2.9824 | lr_mult 0.5964 | tok/s 196233 | grad_norm 0.210
step 6440/13390 | loss 3.0228 | lr_mult 0.5951 | tok/s 196236 | grad_norm 0.200
step 6450/13390 | loss 3.0132 | lr_mult 0.5939 | tok/s 196239 | grad_norm 0.219
step 6460/13390 | loss 2.9908 | lr_mult 0.5926 | tok/s 196242 | grad_norm 0.212
step 6470/13390 | loss 3.0088 | lr_mult 0.5914 | tok/s 196244 | grad_norm 0.214
step 6480/13390 | loss 3.0068 | lr_mult 0.5902 | tok/s 196247 | grad_norm 0.212
step 6490/13390 | loss 3.0134 | lr_mult 0.5889 | tok/s 196250 | grad_norm 0.212
step 6500/13390 | loss 3.0357 | lr_mult 0.5877 | tok/s 196253 | grad_norm 0.190
step 6500/13390 | val_loss 2.9939
step 6510/13390 | loss 3.0109 | lr_mult 0.5864 | tok/s 196116 | grad_norm 0.183
step 6520/13390 | loss 2.9997 | lr_mult 0.5852 | tok/s 196119 | grad_norm 0.212
step 6530/13390 | loss 3.0254 | lr_mult 0.5839 | tok/s 196122 | grad_norm 0.216
step 6540/13390 | loss 3.0039 | lr_mult 0.5827 | tok/s 196125 | grad_norm 0.183
step 6550/13390 | loss 3.0223 | lr_mult 0.5814 | tok/s 196128 | grad_norm 0.200
step 6560/13390 | loss 3.0026 | lr_mult 0.5802 | tok/s 196131 | grad_norm 0.201
step 6570/13390 | loss 3.0121 | lr_mult 0.5789 | tok/s 196134 | grad_norm 0.189
step 6580/13390 | loss 2.9940 | lr_mult 0.5777 | tok/s 196137 | grad_norm 0.193
step 6590/13390 | loss 3.0085 | lr_mult 0.5764 | tok/s 196140 | grad_norm 0.198
step 6600/13390 | loss 3.0219 | lr_mult 0.5751 | tok/s 196143 | grad_norm 0.211
step 6610/13390 | loss 3.0302 | lr_mult 0.5739 | tok/s 196146 | grad_norm 0.184
step 6620/13390 | loss 2.9837 | lr_mult 0.5726 | tok/s 196149 | grad_norm 0.212
step 6630/13390 | loss 2.9870 | lr_mult 0.5714 | tok/s 196152 | grad_norm 0.221
step 6640/13390 | loss 2.9983 | lr_mult 0.5701 | tok/s 196155 | grad_norm 0.188
step 6650/13390 | loss 2.9996 | lr_mult 0.5689 | tok/s 196158 | grad_norm 0.198
step 6660/13390 | loss 3.0106 | lr_mult 0.5676 | tok/s 196160 | grad_norm 0.199
step 6670/13390 | loss 2.9889 | lr_mult 0.5664 | tok/s 196163 | grad_norm 0.192
step 6680/13390 | loss 2.9853 | lr_mult 0.5651 | tok/s 196166 | grad_norm 0.183
step 6690/13390 | loss 2.9897 | lr_mult 0.5638 | tok/s 196169 | grad_norm 0.186
step 6700/13390 | loss 2.9760 | lr_mult 0.5626 | tok/s 196172 | grad_norm 0.193
step 6710/13390 | loss 2.9947 | lr_mult 0.5613 | tok/s 196175 | grad_norm 0.183
step 6720/13390 | loss 3.0330 | lr_mult 0.5601 | tok/s 196178 | grad_norm 0.180
step 6730/13390 | loss 2.9967 | lr_mult 0.5588 | tok/s 196181 | grad_norm 0.177
step 6740/13390 | loss 2.9967 | lr_mult 0.5576 | tok/s 196183 | grad_norm 0.203
step 6750/13390 | loss 3.0066 | lr_mult 0.5563 | tok/s 196186 | grad_norm 0.191
step 6760/13390 | loss 3.0372 | lr_mult 0.5550 | tok/s 196189 | grad_norm 0.190
step 6770/13390 | loss 3.0069 | lr_mult 0.5538 | tok/s 196192 | grad_norm 0.178
step 6780/13390 | loss 2.9965 | lr_mult 0.5525 | tok/s 196195 | grad_norm 0.191
step 6790/13390 | loss 3.0045 | lr_mult 0.5513 | tok/s 196198 | grad_norm 0.195
step 6800/13390 | loss 2.9810 | lr_mult 0.5500 | tok/s 196200 | grad_norm 0.199
step 6810/13390 | loss 3.0165 | lr_mult 0.5487 | tok/s 196203 | grad_norm 0.183
step 6820/13390 | loss 3.0029 | lr_mult 0.5475 | tok/s 196206 | grad_norm 0.206
step 6830/13390 | loss 2.9775 | lr_mult 0.5462 | tok/s 196209 | grad_norm 0.178
step 6840/13390 | loss 3.0012 | lr_mult 0.5449 | tok/s 196211 | grad_norm 0.204
step 6850/13390 | loss 3.0011 | lr_mult 0.5437 | tok/s 196214 | grad_norm 0.201
step 6860/13390 | loss 2.9773 | lr_mult 0.5424 | tok/s 196217 | grad_norm 0.181
step 6870/13390 | loss 2.9846 | lr_mult 0.5412 | tok/s 196220 | grad_norm 0.180
step 6880/13390 | loss 3.0057 | lr_mult 0.5399 | tok/s 196222 | grad_norm 0.205
step 6890/13390 | loss 2.9971 | lr_mult 0.5386 | tok/s 196225 | grad_norm 0.191
step 6900/13390 | loss 2.9676 | lr_mult 0.5374 | tok/s 196228 | grad_norm 0.168
step 6910/13390 | loss 2.9836 | lr_mult 0.5361 | tok/s 196230 | grad_norm 0.200
step 6920/13390 | loss 3.0070 | lr_mult 0.5348 | tok/s 196233 | grad_norm 0.199
step 6930/13390 | loss 2.9996 | lr_mult 0.5336 | tok/s 196236 | grad_norm 0.174
step 6940/13390 | loss 2.9729 | lr_mult 0.5323 | tok/s 196239 | grad_norm 0.203
step 6950/13390 | loss 3.0118 | lr_mult 0.5310 | tok/s 196241 | grad_norm 0.196
step 6960/13390 | loss 2.9923 | lr_mult 0.5298 | tok/s 196244 | grad_norm 0.192
step 6970/13390 | loss 3.0020 | lr_mult 0.5285 | tok/s 196247 | grad_norm 0.183
step 6980/13390 | loss 2.9954 | lr_mult 0.5272 | tok/s 196249 | grad_norm 0.188
step 6990/13390 | loss 2.9863 | lr_mult 0.5260 | tok/s 196252 | grad_norm 0.173
step 7000/13390 | loss 2.9717 | lr_mult 0.5247 | tok/s 196255 | grad_norm 0.188
step 7000/13390 | val_loss 2.9728
step 7010/13390 | loss 3.0223 | lr_mult 0.5234 | tok/s 196128 | grad_norm 0.194
step 7020/13390 | loss 3.0068 | lr_mult 0.5222 | tok/s 196130 | grad_norm 0.202
step 7030/13390 | loss 2.9941 | lr_mult 0.5209 | tok/s 196133 | grad_norm 0.169
step 7040/13390 | loss 2.9770 | lr_mult 0.5196 | tok/s 196136 | grad_norm 0.201
step 7050/13390 | loss 2.9800 | lr_mult 0.5184 | tok/s 196139 | grad_norm 0.192
step 7060/13390 | loss 2.9859 | lr_mult 0.5171 | tok/s 196142 | grad_norm 0.174
step 7070/13390 | loss 3.0097 | lr_mult 0.5158 | tok/s 196144 | grad_norm 0.184
step 7080/13390 | loss 3.0228 | lr_mult 0.5146 | tok/s 196147 | grad_norm 0.178
step 7090/13390 | loss 2.9995 | lr_mult 0.5133 | tok/s 196150 | grad_norm 0.193
step 7100/13390 | loss 2.9870 | lr_mult 0.5120 | tok/s 196153 | grad_norm 0.174
step 7110/13390 | loss 3.0027 | lr_mult 0.5108 | tok/s 196155 | grad_norm 0.183
step 7120/13390 | loss 2.9889 | lr_mult 0.5095 | tok/s 196158 | grad_norm 0.188
step 7130/13390 | loss 2.9784 | lr_mult 0.5082 | tok/s 196161 | grad_norm 0.188
step 7140/13390 | loss 2.9914 | lr_mult 0.5070 | tok/s 196164 | grad_norm 0.168
step 7150/13390 | loss 2.9984 | lr_mult 0.5057 | tok/s 196166 | grad_norm 0.181
step 7160/13390 | loss 3.0181 | lr_mult 0.5044 | tok/s 196169 | grad_norm 0.177
step 7170/13390 | loss 2.9525 | lr_mult 0.5032 | tok/s 196172 | grad_norm 0.185
step 7180/13390 | loss 2.9967 | lr_mult 0.5019 | tok/s 196174 | grad_norm 0.175
step 7190/13390 | loss 3.0095 | lr_mult 0.5006 | tok/s 196177 | grad_norm 0.194
step 7200/13390 | loss 2.9741 | lr_mult 0.4994 | tok/s 196180 | grad_norm 0.193
step 7210/13390 | loss 2.9587 | lr_mult 0.4981 | tok/s 196182 | grad_norm 0.181
step 7220/13390 | loss 2.9870 | lr_mult 0.4968 | tok/s 196185 | grad_norm 0.177
step 7230/13390 | loss 2.9719 | lr_mult 0.4956 | tok/s 196188 | grad_norm 0.189
step 7240/13390 | loss 2.9733 | lr_mult 0.4943 | tok/s 196190 | grad_norm 0.170
step 7250/13390 | loss 2.9611 | lr_mult 0.4930 | tok/s 196193 | grad_norm 0.167
step 7260/13390 | loss 2.9680 | lr_mult 0.4918 | tok/s 196195 | grad_norm 0.173
step 7270/13390 | loss 2.9973 | lr_mult 0.4905 | tok/s 196198 | grad_norm 0.173
step 7280/13390 | loss 2.9816 | lr_mult 0.4892 | tok/s 196201 | grad_norm 0.175
step 7290/13390 | loss 3.0053 | lr_mult 0.4880 | tok/s 196203 | grad_norm 0.192
step 7300/13390 | loss 2.9600 | lr_mult 0.4867 | tok/s 196206 | grad_norm 0.177
step 7310/13390 | loss 2.9865 | lr_mult 0.4854 | tok/s 196209 | grad_norm 0.164
step 7320/13390 | loss 2.9964 | lr_mult 0.4842 | tok/s 196211 | grad_norm 0.171
step 7330/13390 | loss 2.9794 | lr_mult 0.4829 | tok/s 196214 | grad_norm 0.181
step 7340/13390 | loss 3.0001 | lr_mult 0.4816 | tok/s 196217 | grad_norm 0.168
step 7350/13390 | loss 2.9732 | lr_mult 0.4804 | tok/s 196219 | grad_norm 0.183
step 7360/13390 | loss 2.9834 | lr_mult 0.4791 | tok/s 196222 | grad_norm 0.173
step 7370/13390 | loss 2.9953 | lr_mult 0.4778 | tok/s 196225 | grad_norm 0.177
step 7380/13390 | loss 3.0020 | lr_mult 0.4766 | tok/s 196227 | grad_norm 0.169
step 7390/13390 | loss 2.9901 | lr_mult 0.4753 | tok/s 196230 | grad_norm 0.189
step 7400/13390 | loss 2.9798 | lr_mult 0.4740 | tok/s 196232 | grad_norm 0.174
step 7410/13390 | loss 2.9533 | lr_mult 0.4728 | tok/s 196235 | grad_norm 0.160
step 7420/13390 | loss 2.9676 | lr_mult 0.4715 | tok/s 196238 | grad_norm 0.167
step 7430/13390 | loss 2.9692 | lr_mult 0.4702 | tok/s 196240 | grad_norm 0.170
step 7440/13390 | loss 2.9869 | lr_mult 0.4690 | tok/s 196243 | grad_norm 0.186
step 7450/13390 | loss 2.9525 | lr_mult 0.4677 | tok/s 196245 | grad_norm 0.164
step 7460/13390 | loss 2.9941 | lr_mult 0.4664 | tok/s 196248 | grad_norm 0.167
step 7470/13390 | loss 2.9681 | lr_mult 0.4652 | tok/s 196250 | grad_norm 0.155
step 7480/13390 | loss 2.9635 | lr_mult 0.4639 | tok/s 196252 | grad_norm 0.172
step 7490/13390 | loss 2.9687 | lr_mult 0.4626 | tok/s 196255 | grad_norm 0.160
step 7500/13390 | loss 2.9937 | lr_mult 0.4614 | tok/s 196257 | grad_norm 0.175
step 7500/13390 | val_loss 2.9515
step 7510/13390 | loss 2.9486 | lr_mult 0.4601 | tok/s 196139 | grad_norm 0.173
step 7520/13390 | loss 2.9954 | lr_mult 0.4588 | tok/s 196142 | grad_norm 0.164
step 7530/13390 | loss 2.9550 | lr_mult 0.4576 | tok/s 196144 | grad_norm 0.165
step 7540/13390 | loss 2.9766 | lr_mult 0.4563 | tok/s 196147 | grad_norm 0.161
step 7550/13390 | loss 2.9511 | lr_mult 0.4551 | tok/s 196150 | grad_norm 0.157
step 7560/13390 | loss 2.9531 | lr_mult 0.4538 | tok/s 196152 | grad_norm 0.167
step 7570/13390 | loss 2.9656 | lr_mult 0.4525 | tok/s 196155 | grad_norm 0.157
step 7580/13390 | loss 2.9447 | lr_mult 0.4513 | tok/s 196157 | grad_norm 0.168
step 7590/13390 | loss 2.9323 | lr_mult 0.4500 | tok/s 196160 | grad_norm 0.188
step 7600/13390 | loss 2.9583 | lr_mult 0.4487 | tok/s 196162 | grad_norm 0.153
step 7610/13390 | loss 2.9674 | lr_mult 0.4475 | tok/s 196165 | grad_norm 0.160
step 7620/13390 | loss 2.9322 | lr_mult 0.4462 | tok/s 196167 | grad_norm 0.159
step 7630/13390 | loss 2.9577 | lr_mult 0.4450 | tok/s 196170 | grad_norm 0.179
step 7640/13390 | loss 2.9662 | lr_mult 0.4437 | tok/s 196173 | grad_norm 0.180
step 7650/13390 | loss 2.9277 | lr_mult 0.4424 | tok/s 196175 | grad_norm 0.174
step 7660/13390 | loss 2.9729 | lr_mult 0.4412 | tok/s 196178 | grad_norm 0.167
step 7670/13390 | loss 2.9406 | lr_mult 0.4399 | tok/s 196180 | grad_norm 0.175
step 7680/13390 | loss 2.9647 | lr_mult 0.4387 | tok/s 196183 | grad_norm 0.166
step 7690/13390 | loss 2.9686 | lr_mult 0.4374 | tok/s 196185 | grad_norm 0.167
step 7700/13390 | loss 2.9561 | lr_mult 0.4362 | tok/s 196188 | grad_norm 0.175
step 7710/13390 | loss 2.9699 | lr_mult 0.4349 | tok/s 196190 | grad_norm 0.160
step 7720/13390 | loss 2.9371 | lr_mult 0.4336 | tok/s 196192 | grad_norm 0.161
step 7730/13390 | loss 2.9487 | lr_mult 0.4324 | tok/s 196195 | grad_norm 0.162
step 7740/13390 | loss 2.9448 | lr_mult 0.4311 | tok/s 196197 | grad_norm 0.148
step 7750/13390 | loss 2.9438 | lr_mult 0.4299 | tok/s 196200 | grad_norm 0.163
step 7760/13390 | loss 2.9376 | lr_mult 0.4286 | tok/s 196202 | grad_norm 0.170
step 7770/13390 | loss 2.9827 | lr_mult 0.4274 | tok/s 196205 | grad_norm 0.155
step 7780/13390 | loss 2.9482 | lr_mult 0.4261 | tok/s 196207 | grad_norm 0.148
step 7790/13390 | loss 2.9534 | lr_mult 0.4249 | tok/s 196209 | grad_norm 0.165
step 7800/13390 | loss 2.9695 | lr_mult 0.4236 | tok/s 196212 | grad_norm 0.177
step 7810/13390 | loss 2.9507 | lr_mult 0.4223 | tok/s 196214 | grad_norm 0.167
step 7820/13390 | loss 2.9447 | lr_mult 0.4211 | tok/s 196217 | grad_norm 0.158
step 7830/13390 | loss 2.9423 | lr_mult 0.4198 | tok/s 196219 | grad_norm 0.150
step 7840/13390 | loss 2.9402 | lr_mult 0.4186 | tok/s 196222 | grad_norm 0.147
step 7850/13390 | loss 2.9620 | lr_mult 0.4173 | tok/s 196224 | grad_norm 0.149
step 7860/13390 | loss 2.9466 | lr_mult 0.4161 | tok/s 196226 | grad_norm 0.151
step 7870/13390 | loss 2.9644 | lr_mult 0.4148 | tok/s 196229 | grad_norm 0.151
step 7880/13390 | loss 2.9459 | lr_mult 0.4136 | tok/s 196231 | grad_norm 0.162
step 7890/13390 | loss 2.9389 | lr_mult 0.4123 | tok/s 196233 | grad_norm 0.161
step 7900/13390 | loss 2.9366 | lr_mult 0.4111 | tok/s 196236 | grad_norm 0.153
step 7910/13390 | loss 2.9568 | lr_mult 0.4098 | tok/s 196238 | grad_norm 0.176
step 7920/13390 | loss 2.9689 | lr_mult 0.4086 | tok/s 196240 | grad_norm 0.146
step 7930/13390 | loss 2.9519 | lr_mult 0.4074 | tok/s 196243 | grad_norm 0.154
step 7940/13390 | loss 2.9630 | lr_mult 0.4061 | tok/s 196245 | grad_norm 0.144
step 7950/13390 | loss 2.9658 | lr_mult 0.4049 | tok/s 196247 | grad_norm 0.159
step 7960/13390 | loss 2.9416 | lr_mult 0.4036 | tok/s 196250 | grad_norm 0.148
step 7970/13390 | loss 2.9266 | lr_mult 0.4024 | tok/s 196252 | grad_norm 0.151
step 7980/13390 | loss 2.9622 | lr_mult 0.4011 | tok/s 196254 | grad_norm 0.147
step 7990/13390 | loss 2.9601 | lr_mult 0.3999 | tok/s 196256 | grad_norm 0.153
step 8000/13390 | loss 2.9243 | lr_mult 0.3986 | tok/s 196259 | grad_norm 0.157
step 8000/13390 | val_loss 2.9317
step 8010/13390 | loss 2.9503 | lr_mult 0.3974 | tok/s 196148 | grad_norm 0.149
step 8020/13390 | loss 2.9395 | lr_mult 0.3962 | tok/s 196150 | grad_norm 0.135
step 8030/13390 | loss 2.9520 | lr_mult 0.3949 | tok/s 196153 | grad_norm 0.153
step 8040/13390 | loss 2.9489 | lr_mult 0.3937 | tok/s 196155 | grad_norm 0.143
step 8050/13390 | loss 2.9497 | lr_mult 0.3925 | tok/s 196157 | grad_norm 0.146
step 8060/13390 | loss 2.9446 | lr_mult 0.3912 | tok/s 196160 | grad_norm 0.164
step 8070/13390 | loss 3.0020 | lr_mult 0.3900 | tok/s 196162 | grad_norm 0.157
step 8080/13390 | loss 2.9803 | lr_mult 0.3887 | tok/s 196164 | grad_norm 0.152
step 8090/13390 | loss 2.9416 | lr_mult 0.3875 | tok/s 196167 | grad_norm 0.145
step 8100/13390 | loss 2.9335 | lr_mult 0.3863 | tok/s 196169 | grad_norm 0.148
step 8110/13390 | loss 2.9458 | lr_mult 0.3850 | tok/s 196172 | grad_norm 0.155
step 8120/13390 | loss 2.9609 | lr_mult 0.3838 | tok/s 196174 | grad_norm 0.145
step 8130/13390 | loss 2.9404 | lr_mult 0.3826 | tok/s 196177 | grad_norm 0.151
step 8140/13390 | loss 2.9277 | lr_mult 0.3813 | tok/s 196179 | grad_norm 0.135
step 8150/13390 | loss 2.9410 | lr_mult 0.3801 | tok/s 196181 | grad_norm 0.152
step 8160/13390 | loss 2.9291 | lr_mult 0.3789 | tok/s 196184 | grad_norm 0.159
step 8170/13390 | loss 2.9147 | lr_mult 0.3776 | tok/s 196186 | grad_norm 0.137
step 8180/13390 | loss 2.9266 | lr_mult 0.3764 | tok/s 196188 | grad_norm 0.135
step 8190/13390 | loss 2.9456 | lr_mult 0.3752 | tok/s 196191 | grad_norm 0.158
step 8200/13390 | loss 2.9465 | lr_mult 0.3740 | tok/s 196193 | grad_norm 0.152
step 8210/13390 | loss 2.9443 | lr_mult 0.3727 | tok/s 196195 | grad_norm 0.155
step 8220/13390 | loss 2.9387 | lr_mult 0.3715 | tok/s 196198 | grad_norm 0.141
step 8230/13390 | loss 2.9197 | lr_mult 0.3703 | tok/s 196200 | grad_norm 0.147
step 8240/13390 | loss 2.9618 | lr_mult 0.3691 | tok/s 196202 | grad_norm 0.150
step 8250/13390 | loss 2.9627 | lr_mult 0.3678 | tok/s 196204 | grad_norm 0.149
step 8260/13390 | loss 2.9518 | lr_mult 0.3666 | tok/s 196207 | grad_norm 0.143
step 8270/13390 | loss 2.9170 | lr_mult 0.3654 | tok/s 196209 | grad_norm 0.145
step 8280/13390 | loss 2.9252 | lr_mult 0.3642 | tok/s 196211 | grad_norm 0.148
step 8290/13390 | loss 2.9512 | lr_mult 0.3630 | tok/s 196214 | grad_norm 0.162
step 8300/13390 | loss 2.9158 | lr_mult 0.3617 | tok/s 196216 | grad_norm 0.146
step 8310/13390 | loss 2.9370 | lr_mult 0.3605 | tok/s 196218 | grad_norm 0.149
step 8320/13390 | loss 2.9066 | lr_mult 0.3593 | tok/s 196220 | grad_norm 0.145
step 8330/13390 | loss 2.9085 | lr_mult 0.3581 | tok/s 196223 | grad_norm 0.147
step 8340/13390 | loss 2.9227 | lr_mult 0.3569 | tok/s 196225 | grad_norm 0.145
step 8350/13390 | loss 2.9067 | lr_mult 0.3557 | tok/s 196227 | grad_norm 0.136
step 8360/13390 | loss 2.9418 | lr_mult 0.3544 | tok/s 196229 | grad_norm 0.148
step 8370/13390 | loss 2.9561 | lr_mult 0.3532 | tok/s 196231 | grad_norm 0.136
step 8380/13390 | loss 2.8818 | lr_mult 0.3520 | tok/s 196233 | grad_norm 0.148
step 8390/13390 | loss 2.9091 | lr_mult 0.3508 | tok/s 196236 | grad_norm 0.136
step 8400/13390 | loss 2.9130 | lr_mult 0.3496 | tok/s 196238 | grad_norm 0.151
step 8410/13390 | loss 2.9208 | lr_mult 0.3484 | tok/s 196240 | grad_norm 0.139
step 8420/13390 | loss 2.9131 | lr_mult 0.3472 | tok/s 196242 | grad_norm 0.145
step 8430/13390 | loss 2.9579 | lr_mult 0.3460 | tok/s 196244 | grad_norm 0.150
step 8440/13390 | loss 2.9197 | lr_mult 0.3448 | tok/s 196247 | grad_norm 0.143
step 8450/13390 | loss 2.9402 | lr_mult 0.3436 | tok/s 196249 | grad_norm 0.137
step 8460/13390 | loss 2.9538 | lr_mult 0.3424 | tok/s 196251 | grad_norm 0.138
step 8470/13390 | loss 2.9332 | lr_mult 0.3412 | tok/s 196253 | grad_norm 0.138
step 8480/13390 | loss 2.9214 | lr_mult 0.3400 | tok/s 196255 | grad_norm 0.135
step 8490/13390 | loss 2.9341 | lr_mult 0.3388 | tok/s 196257 | grad_norm 0.134
step 8500/13390 | loss 2.8989 | lr_mult 0.3376 | tok/s 196260 | grad_norm 0.152
step 8500/13390 | val_loss 2.9123
step 8510/13390 | loss 2.9148 | lr_mult 0.3364 | tok/s 196155 | grad_norm 0.137
step 8520/13390 | loss 2.9272 | lr_mult 0.3352 | tok/s 196157 | grad_norm 0.136
step 8530/13390 | loss 2.9046 | lr_mult 0.3340 | tok/s 196160 | grad_norm 0.142
step 8540/13390 | loss 2.9346 | lr_mult 0.3328 | tok/s 196162 | grad_norm 0.143
step 8550/13390 | loss 2.9118 | lr_mult 0.3316 | tok/s 196164 | grad_norm 0.137
step 8560/13390 | loss 2.9337 | lr_mult 0.3304 | tok/s 196166 | grad_norm 0.149
step 8570/13390 | loss 2.9208 | lr_mult 0.3292 | tok/s 196169 | grad_norm 0.143
step 8580/13390 | loss 2.9283 | lr_mult 0.3280 | tok/s 196171 | grad_norm 0.131
step 8590/13390 | loss 2.9142 | lr_mult 0.3268 | tok/s 196173 | grad_norm 0.134
step 8600/13390 | loss 2.9232 | lr_mult 0.3256 | tok/s 196175 | grad_norm 0.127
step 8610/13390 | loss 2.9330 | lr_mult 0.3244 | tok/s 196177 | grad_norm 0.142
step 8620/13390 | loss 2.9336 | lr_mult 0.3232 | tok/s 196180 | grad_norm 0.142
step 8630/13390 | loss 2.9269 | lr_mult 0.3221 | tok/s 196182 | grad_norm 0.147
step 8640/13390 | loss 2.8859 | lr_mult 0.3209 | tok/s 196184 | grad_norm 0.129
step 8650/13390 | loss 2.9433 | lr_mult 0.3197 | tok/s 196186 | grad_norm 0.143
step 8660/13390 | loss 2.9311 | lr_mult 0.3185 | tok/s 196188 | grad_norm 0.135
step 8670/13390 | loss 2.9396 | lr_mult 0.3173 | tok/s 196190 | grad_norm 0.139
step 8680/13390 | loss 2.9298 | lr_mult 0.3161 | tok/s 196193 | grad_norm 0.125
step 8690/13390 | loss 2.8941 | lr_mult 0.3150 | tok/s 196195 | grad_norm 0.144
step 8700/13390 | loss 2.9344 | lr_mult 0.3138 | tok/s 196197 | grad_norm 0.131
step 8710/13390 | loss 2.9440 | lr_mult 0.3126 | tok/s 196199 | grad_norm 0.135
step 8720/13390 | loss 2.9187 | lr_mult 0.3114 | tok/s 196201 | grad_norm 0.136
step 8730/13390 | loss 2.9089 | lr_mult 0.3103 | tok/s 196204 | grad_norm 0.140
step 8740/13390 | loss 2.9199 | lr_mult 0.3091 | tok/s 196206 | grad_norm 0.133
step 8750/13390 | loss 2.9287 | lr_mult 0.3079 | tok/s 196208 | grad_norm 0.152
step 8760/13390 | loss 2.9284 | lr_mult 0.3068 | tok/s 196210 | grad_norm 0.129
step 8770/13390 | loss 2.8904 | lr_mult 0.3056 | tok/s 196212 | grad_norm 0.129
step 8780/13390 | loss 2.9136 | lr_mult 0.3044 | tok/s 196214 | grad_norm 0.137
step 8790/13390 | loss 2.9114 | lr_mult 0.3033 | tok/s 196216 | grad_norm 0.131
step 8800/13390 | loss 2.9058 | lr_mult 0.3021 | tok/s 196219 | grad_norm 0.137
step 8810/13390 | loss 2.9018 | lr_mult 0.3009 | tok/s 196221 | grad_norm 0.131
step 8820/13390 | loss 2.9044 | lr_mult 0.2998 | tok/s 196223 | grad_norm 0.138
step 8830/13390 | loss 2.9669 | lr_mult 0.2986 | tok/s 196225 | grad_norm 0.125
step 8840/13390 | loss 2.9075 | lr_mult 0.2974 | tok/s 196227 | grad_norm 0.126
step 8850/13390 | loss 2.9532 | lr_mult 0.2963 | tok/s 196229 | grad_norm 0.135
step 8860/13390 | loss 2.8923 | lr_mult 0.2951 | tok/s 196231 | grad_norm 0.132
step 8870/13390 | loss 2.8950 | lr_mult 0.2940 | tok/s 196233 | grad_norm 0.133
step 8880/13390 | loss 2.8999 | lr_mult 0.2928 | tok/s 196236 | grad_norm 0.137
step 8890/13390 | loss 2.9050 | lr_mult 0.2917 | tok/s 196238 | grad_norm 0.130
step 8900/13390 | loss 2.9048 | lr_mult 0.2905 | tok/s 196240 | grad_norm 0.142
step 8910/13390 | loss 2.9128 | lr_mult 0.2894 | tok/s 196242 | grad_norm 0.137
step 8920/13390 | loss 2.9122 | lr_mult 0.2882 | tok/s 196244 | grad_norm 0.130
step 8930/13390 | loss 2.9419 | lr_mult 0.2871 | tok/s 196246 | grad_norm 0.132
step 8940/13390 | loss 2.8905 | lr_mult 0.2859 | tok/s 196248 | grad_norm 0.135
step 8950/13390 | loss 2.9210 | lr_mult 0.2848 | tok/s 196250 | grad_norm 0.129
step 8960/13390 | loss 2.9015 | lr_mult 0.2836 | tok/s 196252 | grad_norm 0.140
step 8970/13390 | loss 2.9148 | lr_mult 0.2825 | tok/s 196254 | grad_norm 0.124
step 8980/13390 | loss 2.9202 | lr_mult 0.2813 | tok/s 196256 | grad_norm 0.130
step 8990/13390 | loss 2.9164 | lr_mult 0.2802 | tok/s 196258 | grad_norm 0.134
step 9000/13390 | loss 2.9174 | lr_mult 0.2791 | tok/s 196261 | grad_norm 0.130
step 9000/13390 | val_loss 2.8929
step 9010/13390 | loss 2.9343 | lr_mult 0.2779 | tok/s 196162 | grad_norm 0.136
step 9020/13390 | loss 2.9048 | lr_mult 0.2768 | tok/s 196164 | grad_norm 0.135
step 9030/13390 | loss 2.9557 | lr_mult 0.2757 | tok/s 196166 | grad_norm 0.131
step 9040/13390 | loss 2.8827 | lr_mult 0.2745 | tok/s 196168 | grad_norm 0.125
step 9050/13390 | loss 2.9337 | lr_mult 0.2734 | tok/s 196170 | grad_norm 0.127
step 9060/13390 | loss 2.8730 | lr_mult 0.2723 | tok/s 196172 | grad_norm 0.127
step 9070/13390 | loss 2.8978 | lr_mult 0.2711 | tok/s 196174 | grad_norm 0.135
step 9080/13390 | loss 2.9028 | lr_mult 0.2700 | tok/s 196177 | grad_norm 0.128
step 9090/13390 | loss 2.8927 | lr_mult 0.2689 | tok/s 196179 | grad_norm 0.127
step 9100/13390 | loss 2.9110 | lr_mult 0.2678 | tok/s 196181 | grad_norm 0.132
step 9110/13390 | loss 2.9112 | lr_mult 0.2666 | tok/s 196183 | grad_norm 0.133
step 9120/13390 | loss 2.9115 | lr_mult 0.2655 | tok/s 196185 | grad_norm 0.122
step 9130/13390 | loss 2.8891 | lr_mult 0.2644 | tok/s 196187 | grad_norm 0.133
step 9140/13390 | loss 2.8743 | lr_mult 0.2633 | tok/s 196189 | grad_norm 0.135
step 9150/13390 | loss 2.9148 | lr_mult 0.2622 | tok/s 196191 | grad_norm 0.127
step 9160/13390 | loss 2.8728 | lr_mult 0.2611 | tok/s 196193 | grad_norm 0.132
step 9170/13390 | loss 2.8986 | lr_mult 0.2599 | tok/s 196195 | grad_norm 0.134
step 9180/13390 | loss 2.8846 | lr_mult 0.2588 | tok/s 196197 | grad_norm 0.125
step 9190/13390 | loss 2.9065 | lr_mult 0.2577 | tok/s 196200 | grad_norm 0.129
step 9200/13390 | loss 2.8983 | lr_mult 0.2566 | tok/s 196202 | grad_norm 0.127
step 9210/13390 | loss 2.8882 | lr_mult 0.2555 | tok/s 196204 | grad_norm 0.130
step 9220/13390 | loss 2.9507 | lr_mult 0.2544 | tok/s 196206 | grad_norm 0.120
step 9230/13390 | loss 2.9026 | lr_mult 0.2533 | tok/s 196208 | grad_norm 0.123
step 9240/13390 | loss 2.8837 | lr_mult 0.2522 | tok/s 196210 | grad_norm 0.128
step 9250/13390 | loss 2.8924 | lr_mult 0.2511 | tok/s 196212 | grad_norm 0.129
step 9260/13390 | loss 2.9067 | lr_mult 0.2500 | tok/s 196214 | grad_norm 0.117
step 9270/13390 | loss 2.8983 | lr_mult 0.2489 | tok/s 196216 | grad_norm 0.134
step 9280/13390 | loss 2.9115 | lr_mult 0.2478 | tok/s 196218 | grad_norm 0.118
step 9290/13390 | loss 2.8787 | lr_mult 0.2467 | tok/s 196220 | grad_norm 0.127
step 9300/13390 | loss 2.8831 | lr_mult 0.2456 | tok/s 196222 | grad_norm 0.119
step 9310/13390 | loss 2.8902 | lr_mult 0.2445 | tok/s 196224 | grad_norm 0.128
step 9320/13390 | loss 2.8986 | lr_mult 0.2434 | tok/s 196226 | grad_norm 0.130
step 9330/13390 | loss 2.8996 | lr_mult 0.2424 | tok/s 196228 | grad_norm 0.121
step 9340/13390 | loss 2.8788 | lr_mult 0.2413 | tok/s 196230 | grad_norm 0.128
step 9350/13390 | loss 2.9100 | lr_mult 0.2402 | tok/s 196232 | grad_norm 0.131
step 9360/13390 | loss 2.8590 | lr_mult 0.2391 | tok/s 196234 | grad_norm 0.128
step 9370/13390 | loss 2.9239 | lr_mult 0.2380 | tok/s 196236 | grad_norm 0.126
step 9380/13390 | loss 2.8829 | lr_mult 0.2369 | tok/s 196238 | grad_norm 0.132
step 9390/13390 | loss 2.8961 | lr_mult 0.2359 | tok/s 196240 | grad_norm 0.124
step 9400/13390 | loss 2.8941 | lr_mult 0.2348 | tok/s 196242 | grad_norm 0.124
step 9410/13390 | loss 2.8901 | lr_mult 0.2337 | tok/s 196244 | grad_norm 0.119
step 9420/13390 | loss 2.8917 | lr_mult 0.2326 | tok/s 196246 | grad_norm 0.132
step 9430/13390 | loss 2.9003 | lr_mult 0.2316 | tok/s 196248 | grad_norm 0.127
step 9440/13390 | loss 2.8988 | lr_mult 0.2305 | tok/s 196250 | grad_norm 0.116
step 9450/13390 | loss 2.8821 | lr_mult 0.2294 | tok/s 196252 | grad_norm 0.131
step 9460/13390 | loss 2.8842 | lr_mult 0.2284 | tok/s 196254 | grad_norm 0.123
step 9470/13390 | loss 2.8855 | lr_mult 0.2273 | tok/s 196256 | grad_norm 0.131
step 9480/13390 | loss 2.8867 | lr_mult 0.2262 | tok/s 196258 | grad_norm 0.128
step 9490/13390 | loss 2.9044 | lr_mult 0.2252 | tok/s 196260 | grad_norm 0.137
step 9500/13390 | loss 2.9270 | lr_mult 0.2241 | tok/s 196262 | grad_norm 0.115
step 9500/13390 | val_loss 2.8747
step 9510/13390 | loss 2.8896 | lr_mult 0.2231 | tok/s 196168 | grad_norm 0.129
step 9520/13390 | loss 2.8966 | lr_mult 0.2220 | tok/s 196170 | grad_norm 0.122
step 9530/13390 | loss 2.8977 | lr_mult 0.2210 | tok/s 196172 | grad_norm 0.132
step 9540/13390 | loss 2.8816 | lr_mult 0.2199 | tok/s 196174 | grad_norm 0.119
step 9550/13390 | loss 2.8852 | lr_mult 0.2189 | tok/s 196176 | grad_norm 0.122
step 9560/13390 | loss 2.8615 | lr_mult 0.2178 | tok/s 196178 | grad_norm 0.129
step 9570/13390 | loss 2.8680 | lr_mult 0.2168 | tok/s 196180 | grad_norm 0.126
step 9580/13390 | loss 2.8953 | lr_mult 0.2157 | tok/s 196182 | grad_norm 0.118
step 9590/13390 | loss 2.8771 | lr_mult 0.2147 | tok/s 196184 | grad_norm 0.121
step 9600/13390 | loss 2.8782 | lr_mult 0.2136 | tok/s 196186 | grad_norm 0.124
step 9610/13390 | loss 2.8683 | lr_mult 0.2126 | tok/s 196188 | grad_norm 0.120
step 9620/13390 | loss 2.8840 | lr_mult 0.2116 | tok/s 196190 | grad_norm 0.120
step 9630/13390 | loss 2.8966 | lr_mult 0.2105 | tok/s 196192 | grad_norm 0.127
step 9640/13390 | loss 2.8890 | lr_mult 0.2095 | tok/s 196194 | grad_norm 0.114
step 9650/13390 | loss 2.8689 | lr_mult 0.2085 | tok/s 196196 | grad_norm 0.128
step 9660/13390 | loss 2.8598 | lr_mult 0.2074 | tok/s 196198 | grad_norm 0.120
step 9670/13390 | loss 2.8860 | lr_mult 0.2064 | tok/s 196200 | grad_norm 0.126
step 9680/13390 | loss 2.8925 | lr_mult 0.2054 | tok/s 196202 | grad_norm 0.128
step 9690/13390 | loss 2.8947 | lr_mult 0.2044 | tok/s 196204 | grad_norm 0.113
step 9700/13390 | loss 2.8884 | lr_mult 0.2033 | tok/s 196206 | grad_norm 0.120
step 9710/13390 | loss 2.8558 | lr_mult 0.2023 | tok/s 196208 | grad_norm 0.124
step 9720/13390 | loss 2.9008 | lr_mult 0.2013 | tok/s 196210 | grad_norm 0.127
step 9730/13390 | loss 2.8768 | lr_mult 0.2003 | tok/s 196212 | grad_norm 0.124
step 9740/13390 | loss 2.8659 | lr_mult 0.1993 | tok/s 196214 | grad_norm 0.115
step 9750/13390 | loss 2.8896 | lr_mult 0.1983 | tok/s 196216 | grad_norm 0.120
step 9760/13390 | loss 2.8791 | lr_mult 0.1973 | tok/s 196218 | grad_norm 0.120
step 9770/13390 | loss 2.8873 | lr_mult 0.1962 | tok/s 196220 | grad_norm 0.123
step 9780/13390 | loss 2.8947 | lr_mult 0.1952 | tok/s 196221 | grad_norm 0.115
step 9790/13390 | loss 2.8698 | lr_mult 0.1942 | tok/s 196223 | grad_norm 0.116
step 9800/13390 | loss 2.8808 | lr_mult 0.1932 | tok/s 196225 | grad_norm 0.116
step 9810/13390 | loss 2.8769 | lr_mult 0.1922 | tok/s 196227 | grad_norm 0.138
step 9820/13390 | loss 2.8873 | lr_mult 0.1912 | tok/s 196229 | grad_norm 0.124
step 9830/13390 | loss 2.9041 | lr_mult 0.1902 | tok/s 196230 | grad_norm 0.126
step 9840/13390 | loss 2.8555 | lr_mult 0.1892 | tok/s 196232 | grad_norm 0.127
step 9850/13390 | loss 2.8328 | lr_mult 0.1883 | tok/s 196234 | grad_norm 0.118
step 9860/13390 | loss 2.8837 | lr_mult 0.1873 | tok/s 196236 | grad_norm 0.116
step 9870/13390 | loss 2.8931 | lr_mult 0.1863 | tok/s 196238 | grad_norm 0.112
step 9880/13390 | loss 2.8506 | lr_mult 0.1853 | tok/s 196240 | grad_norm 0.119
step 9890/13390 | loss 2.8908 | lr_mult 0.1843 | tok/s 196242 | grad_norm 0.115
step 9900/13390 | loss 2.8670 | lr_mult 0.1833 | tok/s 196244 | grad_norm 0.119
step 9910/13390 | loss 2.8590 | lr_mult 0.1823 | tok/s 196246 | grad_norm 0.119
step 9920/13390 | loss 2.8738 | lr_mult 0.1814 | tok/s 196247 | grad_norm 0.119
step 9930/13390 | loss 2.8549 | lr_mult 0.1804 | tok/s 196249 | grad_norm 0.123
step 9940/13390 | loss 2.8742 | lr_mult 0.1794 | tok/s 196251 | grad_norm 0.112
step 9950/13390 | loss 2.8725 | lr_mult 0.1784 | tok/s 196253 | grad_norm 0.112
step 9960/13390 | loss 2.8751 | lr_mult 0.1775 | tok/s 196255 | grad_norm 0.118
step 9970/13390 | loss 2.8446 | lr_mult 0.1765 | tok/s 196257 | grad_norm 0.113
step 9980/13390 | loss 2.8821 | lr_mult 0.1755 | tok/s 196258 | grad_norm 0.117
step 9990/13390 | loss 2.8675 | lr_mult 0.1746 | tok/s 196260 | grad_norm 0.126
step 10000/13390 | loss 2.8690 | lr_mult 0.1736 | tok/s 196262 | grad_norm 0.116
step 10000/13390 | val_loss 2.8584
step 10010/13390 | loss 2.8451 | lr_mult 0.1727 | tok/s 196173 | grad_norm 0.113
step 10020/13390 | loss 2.8521 | lr_mult 0.1717 | tok/s 196175 | grad_norm 0.115
step 10030/13390 | loss 2.8393 | lr_mult 0.1707 | tok/s 196177 | grad_norm 0.128
step 10040/13390 | loss 2.8537 | lr_mult 0.1698 | tok/s 196179 | grad_norm 0.122
step 10050/13390 | loss 2.8671 | lr_mult 0.1688 | tok/s 196181 | grad_norm 0.118
step 10060/13390 | loss 2.8975 | lr_mult 0.1679 | tok/s 196182 | grad_norm 0.127
step 10070/13390 | loss 2.8879 | lr_mult 0.1669 | tok/s 196184 | grad_norm 0.118
step 10080/13390 | loss 2.8654 | lr_mult 0.1660 | tok/s 196186 | grad_norm 0.117
step 10090/13390 | loss 2.8755 | lr_mult 0.1651 | tok/s 196188 | grad_norm 0.115
step 10100/13390 | loss 2.8596 | lr_mult 0.1641 | tok/s 196190 | grad_norm 0.114
step 10110/13390 | loss 2.8958 | lr_mult 0.1632 | tok/s 196192 | grad_norm 0.121
step 10120/13390 | loss 2.8480 | lr_mult 0.1622 | tok/s 196194 | grad_norm 0.110
step 10130/13390 | loss 2.8744 | lr_mult 0.1613 | tok/s 196196 | grad_norm 0.126
step 10140/13390 | loss 2.8670 | lr_mult 0.1604 | tok/s 196197 | grad_norm 0.121
step 10150/13390 | loss 2.8720 | lr_mult 0.1594 | tok/s 196199 | grad_norm 0.120
step 10160/13390 | loss 2.8553 | lr_mult 0.1585 | tok/s 196201 | grad_norm 0.118
step 10170/13390 | loss 2.8697 | lr_mult 0.1576 | tok/s 196203 | grad_norm 0.112
step 10180/13390 | loss 2.8654 | lr_mult 0.1567 | tok/s 196205 | grad_norm 0.117
step 10190/13390 | loss 2.8661 | lr_mult 0.1558 | tok/s 196207 | grad_norm 0.119
step 10200/13390 | loss 2.8839 | lr_mult 0.1548 | tok/s 196209 | grad_norm 0.117
step 10210/13390 | loss 2.8732 | lr_mult 0.1539 | tok/s 196210 | grad_norm 0.119
step 10220/13390 | loss 2.8485 | lr_mult 0.1530 | tok/s 196212 | grad_norm 0.116
step 10230/13390 | loss 2.8661 | lr_mult 0.1521 | tok/s 196214 | grad_norm 0.111
step 10240/13390 | loss 2.8826 | lr_mult 0.1512 | tok/s 196216 | grad_norm 0.114
step 10250/13390 | loss 2.8593 | lr_mult 0.1503 | tok/s 196218 | grad_norm 0.117
step 10260/13390 | loss 2.8741 | lr_mult 0.1494 | tok/s 196219 | grad_norm 0.119
step 10270/13390 | loss 2.8697 | lr_mult 0.1485 | tok/s 196221 | grad_norm 0.113
step 10280/13390 | loss 2.8170 | lr_mult 0.1476 | tok/s 196223 | grad_norm 0.121
step 10290/13390 | loss 2.8513 | lr_mult 0.1467 | tok/s 196225 | grad_norm 0.112
step 10300/13390 | loss 2.8528 | lr_mult 0.1458 | tok/s 196227 | grad_norm 0.113
step 10310/13390 | loss 2.8535 | lr_mult 0.1449 | tok/s 196228 | grad_norm 0.120
step 10320/13390 | loss 2.8371 | lr_mult 0.1440 | tok/s 196230 | grad_norm 0.110
step 10330/13390 | loss 2.8718 | lr_mult 0.1431 | tok/s 196232 | grad_norm 0.116
step 10340/13390 | loss 2.8891 | lr_mult 0.1422 | tok/s 196234 | grad_norm 0.120
step 10350/13390 | loss 2.8511 | lr_mult 0.1413 | tok/s 196236 | grad_norm 0.116
step 10360/13390 | loss 2.8361 | lr_mult 0.1404 | tok/s 196237 | grad_norm 0.115
step 10370/13390 | loss 2.8699 | lr_mult 0.1396 | tok/s 196239 | grad_norm 0.119
step 10380/13390 | loss 2.8511 | lr_mult 0.1387 | tok/s 196241 | grad_norm 0.118
step 10390/13390 | loss 2.8435 | lr_mult 0.1378 | tok/s 196243 | grad_norm 0.112
step 10400/13390 | loss 2.8720 | lr_mult 0.1369 | tok/s 196244 | grad_norm 0.108
step 10410/13390 | loss 2.8347 | lr_mult 0.1361 | tok/s 196246 | grad_norm 0.113
step 10420/13390 | loss 2.8567 | lr_mult 0.1352 | tok/s 196248 | grad_norm 0.113
step 10430/13390 | loss 2.8521 | lr_mult 0.1343 | tok/s 196250 | grad_norm 0.115
step 10440/13390 | loss 2.8610 | lr_mult 0.1335 | tok/s 196251 | grad_norm 0.114
step 10450/13390 | loss 2.8906 | lr_mult 0.1326 | tok/s 196253 | grad_norm 0.120
step 10460/13390 | loss 2.8594 | lr_mult 0.1318 | tok/s 196255 | grad_norm 0.113
step 10470/13390 | loss 2.8629 | lr_mult 0.1309 | tok/s 196257 | grad_norm 0.124
step 10480/13390 | loss 2.8314 | lr_mult 0.1300 | tok/s 196258 | grad_norm 0.118
step 10490/13390 | loss 2.8453 | lr_mult 0.1292 | tok/s 196260 | grad_norm 0.109
step 10500/13390 | loss 2.8307 | lr_mult 0.1283 | tok/s 196262 | grad_norm 0.119
step 10500/13390 | val_loss 2.8431
step 10510/13390 | loss 2.8351 | lr_mult 0.1275 | tok/s 196177 | grad_norm 0.116
step 10520/13390 | loss 2.8574 | lr_mult 0.1267 | tok/s 196179 | grad_norm 0.112
step 10530/13390 | loss 2.8594 | lr_mult 0.1258 | tok/s 196181 | grad_norm 0.116
step 10540/13390 | loss 2.8743 | lr_mult 0.1250 | tok/s 196183 | grad_norm 0.115
step 10550/13390 | loss 2.8602 | lr_mult 0.1241 | tok/s 196184 | grad_norm 0.107
step 10560/13390 | loss 2.8562 | lr_mult 0.1233 | tok/s 196186 | grad_norm 0.113
step 10570/13390 | loss 2.8828 | lr_mult 0.1225 | tok/s 196188 | grad_norm 0.121
step 10580/13390 | loss 2.8726 | lr_mult 0.1216 | tok/s 196190 | grad_norm 0.109
step 10590/13390 | loss 2.8658 | lr_mult 0.1208 | tok/s 196192 | grad_norm 0.115
step 10600/13390 | loss 2.8550 | lr_mult 0.1200 | tok/s 196193 | grad_norm 0.115
step 10610/13390 | loss 2.8427 | lr_mult 0.1192 | tok/s 196195 | grad_norm 0.108
step 10620/13390 | loss 2.8636 | lr_mult 0.1183 | tok/s 196197 | grad_norm 0.122
step 10630/13390 | loss 2.8582 | lr_mult 0.1175 | tok/s 196199 | grad_norm 0.115
step 10640/13390 | loss 2.8548 | lr_mult 0.1167 | tok/s 196200 | grad_norm 0.111
step 10650/13390 | loss 2.8659 | lr_mult 0.1159 | tok/s 196202 | grad_norm 0.110
step 10660/13390 | loss 2.8351 | lr_mult 0.1151 | tok/s 196204 | grad_norm 0.118
step 10670/13390 | loss 2.8549 | lr_mult 0.1143 | tok/s 196206 | grad_norm 0.111
step 10680/13390 | loss 2.8225 | lr_mult 0.1135 | tok/s 196207 | grad_norm 0.111
step 10690/13390 | loss 2.8691 | lr_mult 0.1127 | tok/s 196209 | grad_norm 0.112
step 10700/13390 | loss 2.8465 | lr_mult 0.1119 | tok/s 196211 | grad_norm 0.114
step 10710/13390 | loss 2.8435 | lr_mult 0.1111 | tok/s 196212 | grad_norm 0.108
step 10720/13390 | loss 2.8306 | lr_mult 0.1103 | tok/s 196214 | grad_norm 0.112
step 10730/13390 | loss 2.8727 | lr_mult 0.1095 | tok/s 196216 | grad_norm 0.113
step 10740/13390 | loss 2.8696 | lr_mult 0.1087 | tok/s 196218 | grad_norm 0.112
step 10750/13390 | loss 2.8550 | lr_mult 0.1079 | tok/s 196219 | grad_norm 0.113
step 10760/13390 | loss 2.8234 | lr_mult 0.1071 | tok/s 196221 | grad_norm 0.111
step 10770/13390 | loss 2.8468 | lr_mult 0.1063 | tok/s 196223 | grad_norm 0.112
step 10780/13390 | loss 2.8352 | lr_mult 0.1056 | tok/s 196225 | grad_norm 0.107
step 10790/13390 | loss 2.8556 | lr_mult 0.1048 | tok/s 196226 | grad_norm 0.121
step 10800/13390 | loss 2.8189 | lr_mult 0.1040 | tok/s 196228 | grad_norm 0.111
step 10810/13390 | loss 2.8547 | lr_mult 0.1032 | tok/s 196230 | grad_norm 0.116
step 10820/13390 | loss 2.8331 | lr_mult 0.1025 | tok/s 196232 | grad_norm 0.106
step 10830/13390 | loss 2.8499 | lr_mult 0.1017 | tok/s 196233 | grad_norm 0.112
step 10840/13390 | loss 2.8112 | lr_mult 0.1009 | tok/s 196235 | grad_norm 0.110
step 10850/13390 | loss 2.8373 | lr_mult 0.1002 | tok/s 196237 | grad_norm 0.116
step 10860/13390 | loss 2.8471 | lr_mult 0.0994 | tok/s 196238 | grad_norm 0.115
step 10870/13390 | loss 2.8380 | lr_mult 0.0986 | tok/s 196240 | grad_norm 0.117
step 10880/13390 | loss 2.8442 | lr_mult 0.0979 | tok/s 196242 | grad_norm 0.109
step 10890/13390 | loss 2.8580 | lr_mult 0.0971 | tok/s 196244 | grad_norm 0.114
step 10900/13390 | loss 2.8335 | lr_mult 0.0964 | tok/s 196245 | grad_norm 0.110
step 10910/13390 | loss 2.8329 | lr_mult 0.0956 | tok/s 196247 | grad_norm 0.110
step 10920/13390 | loss 2.8492 | lr_mult 0.0949 | tok/s 196249 | grad_norm 0.108
step 10930/13390 | loss 2.8664 | lr_mult 0.0942 | tok/s 196250 | grad_norm 0.110
step 10940/13390 | loss 2.8520 | lr_mult 0.0934 | tok/s 196252 | grad_norm 0.113
step 10950/13390 | loss 2.8262 | lr_mult 0.0927 | tok/s 196254 | grad_norm 0.106
step 10960/13390 | loss 2.8236 | lr_mult 0.0919 | tok/s 196255 | grad_norm 0.112
step 10970/13390 | loss 2.8267 | lr_mult 0.0912 | tok/s 196257 | grad_norm 0.111
step 10980/13390 | loss 2.8582 | lr_mult 0.0905 | tok/s 196259 | grad_norm 0.112
step 10990/13390 | loss 2.8602 | lr_mult 0.0898 | tok/s 196261 | grad_norm 0.109
step 11000/13390 | loss 2.8452 | lr_mult 0.0890 | tok/s 196262 | grad_norm 0.108
step 11000/13390 | val_loss 2.8302
step 11010/13390 | loss 2.8458 | lr_mult 0.0883 | tok/s 196181 | grad_norm 0.111
step 11020/13390 | loss 2.8386 | lr_mult 0.0876 | tok/s 196183 | grad_norm 0.113
step 11030/13390 | loss 2.8434 | lr_mult 0.0869 | tok/s 196185 | grad_norm 0.109
step 11040/13390 | loss 2.8385 | lr_mult 0.0862 | tok/s 196187 | grad_norm 0.110
step 11050/13390 | loss 2.8425 | lr_mult 0.0855 | tok/s 196188 | grad_norm 0.108
step 11060/13390 | loss 2.8453 | lr_mult 0.0848 | tok/s 196190 | grad_norm 0.113
step 11070/13390 | loss 2.8474 | lr_mult 0.0840 | tok/s 196192 | grad_norm 0.115
step 11080/13390 | loss 2.8066 | lr_mult 0.0833 | tok/s 196193 | grad_norm 0.106
step 11090/13390 | loss 2.8497 | lr_mult 0.0826 | tok/s 196195 | grad_norm 0.111
step 11100/13390 | loss 2.8539 | lr_mult 0.0819 | tok/s 196197 | grad_norm 0.111
step 11110/13390 | loss 2.8160 | lr_mult 0.0813 | tok/s 196199 | grad_norm 0.108
step 11120/13390 | loss 2.8499 | lr_mult 0.0806 | tok/s 196200 | grad_norm 0.110
step 11130/13390 | loss 2.8329 | lr_mult 0.0799 | tok/s 196202 | grad_norm 0.112
step 11140/13390 | loss 2.8312 | lr_mult 0.0792 | tok/s 196204 | grad_norm 0.108
step 11150/13390 | loss 2.8230 | lr_mult 0.0785 | tok/s 196205 | grad_norm 0.111
step 11160/13390 | loss 2.8396 | lr_mult 0.0778 | tok/s 196207 | grad_norm 0.113
step 11170/13390 | loss 2.8570 | lr_mult 0.0771 | tok/s 196209 | grad_norm 0.108
step 11180/13390 | loss 2.8077 | lr_mult 0.0765 | tok/s 196211 | grad_norm 0.114
step 11190/13390 | loss 2.8615 | lr_mult 0.0758 | tok/s 196212 | grad_norm 0.110
step 11200/13390 | loss 2.8132 | lr_mult 0.0751 | tok/s 196214 | grad_norm 0.106
step 11210/13390 | loss 2.8399 | lr_mult 0.0745 | tok/s 196216 | grad_norm 0.111
step 11220/13390 | loss 2.8364 | lr_mult 0.0738 | tok/s 196217 | grad_norm 0.108
step 11230/13390 | loss 2.8407 | lr_mult 0.0731 | tok/s 196219 | grad_norm 0.110
step 11240/13390 | loss 2.8686 | lr_mult 0.0725 | tok/s 196221 | grad_norm 0.106
step 11250/13390 | loss 2.8721 | lr_mult 0.0718 | tok/s 196222 | grad_norm 0.115
step 11260/13390 | loss 2.8384 | lr_mult 0.0712 | tok/s 196224 | grad_norm 0.112
step 11270/13390 | loss 2.8334 | lr_mult 0.0705 | tok/s 196226 | grad_norm 0.107
step 11280/13390 | loss 2.8497 | lr_mult 0.0699 | tok/s 196227 | grad_norm 0.116
step 11290/13390 | loss 2.8473 | lr_mult 0.0692 | tok/s 196229 | grad_norm 0.108
step 11300/13390 | loss 2.8362 | lr_mult 0.0686 | tok/s 196231 | grad_norm 0.108
step 11310/13390 | loss 2.8608 | lr_mult 0.0679 | tok/s 196232 | grad_norm 0.109
step 11320/13390 | loss 2.8340 | lr_mult 0.0673 | tok/s 196234 | grad_norm 0.105
step 11330/13390 | loss 2.8669 | lr_mult 0.0667 | tok/s 196236 | grad_norm 0.109
step 11340/13390 | loss 2.8309 | lr_mult 0.0660 | tok/s 196238 | grad_norm 0.106
step 11350/13390 | loss 2.8580 | lr_mult 0.0654 | tok/s 196239 | grad_norm 0.106
step 11360/13390 | loss 2.8232 | lr_mult 0.0648 | tok/s 196241 | grad_norm 0.109
step 11370/13390 | loss 2.8285 | lr_mult 0.0642 | tok/s 196243 | grad_norm 0.110
step 11380/13390 | loss 2.8183 | lr_mult 0.0635 | tok/s 196244 | grad_norm 0.105
step 11390/13390 | loss 2.8431 | lr_mult 0.0629 | tok/s 196246 | grad_norm 0.108
step 11400/13390 | loss 2.8348 | lr_mult 0.0623 | tok/s 196248 | grad_norm 0.112
step 11410/13390 | loss 2.8491 | lr_mult 0.0617 | tok/s 196249 | grad_norm 0.113
step 11420/13390 | loss 2.8060 | lr_mult 0.0611 | tok/s 196251 | grad_norm 0.105
step 11430/13390 | loss 2.8704 | lr_mult 0.0605 | tok/s 196253 | grad_norm 0.106
step 11440/13390 | loss 2.8379 | lr_mult 0.0599 | tok/s 196254 | grad_norm 0.117
step 11450/13390 | loss 2.8341 | lr_mult 0.0593 | tok/s 196256 | grad_norm 0.104
step 11460/13390 | loss 2.8508 | lr_mult 0.0587 | tok/s 196257 | grad_norm 0.108
step 11470/13390 | loss 2.8549 | lr_mult 0.0581 | tok/s 196259 | grad_norm 0.107
step 11480/13390 | loss 2.8227 | lr_mult 0.0575 | tok/s 196261 | grad_norm 0.109
step 11490/13390 | loss 2.8418 | lr_mult 0.0569 | tok/s 196262 | grad_norm 0.107
step 11500/13390 | loss 2.8477 | lr_mult 0.0563 | tok/s 196264 | grad_norm 0.107
step 11500/13390 | val_loss 2.8199
step 11510/13390 | loss 2.8513 | lr_mult 0.0557 | tok/s 196187 | grad_norm 0.110
step 11520/13390 | loss 2.8400 | lr_mult 0.0552 | tok/s 196188 | grad_norm 0.105
step 11530/13390 | loss 2.8232 | lr_mult 0.0546 | tok/s 196190 | grad_norm 0.105
step 11540/13390 | loss 2.8308 | lr_mult 0.0540 | tok/s 196192 | grad_norm 0.108
step 11550/13390 | loss 2.8275 | lr_mult 0.0534 | tok/s 196193 | grad_norm 0.107
step 11560/13390 | loss 2.8462 | lr_mult 0.0529 | tok/s 196195 | grad_norm 0.106
step 11570/13390 | loss 2.8593 | lr_mult 0.0523 | tok/s 196196 | grad_norm 0.121
step 11580/13390 | loss 2.8659 | lr_mult 0.0517 | tok/s 196198 | grad_norm 0.106
step 11590/13390 | loss 2.8405 | lr_mult 0.0512 | tok/s 196200 | grad_norm 0.106
step 11600/13390 | loss 2.8235 | lr_mult 0.0506 | tok/s 196201 | grad_norm 0.105
step 11610/13390 | loss 2.8380 | lr_mult 0.0501 | tok/s 196203 | grad_norm 0.104
step 11620/13390 | loss 2.8236 | lr_mult 0.0495 | tok/s 196205 | grad_norm 0.106
step 11630/13390 | loss 2.8383 | lr_mult 0.0490 | tok/s 196206 | grad_norm 0.107
step 11640/13390 | loss 2.8095 | lr_mult 0.0484 | tok/s 196208 | grad_norm 0.108
step 11650/13390 | loss 2.8338 | lr_mult 0.0479 | tok/s 196209 | grad_norm 0.110
step 11660/13390 | loss 2.8233 | lr_mult 0.0473 | tok/s 196211 | grad_norm 0.109
step 11670/13390 | loss 2.8379 | lr_mult 0.0468 | tok/s 196213 | grad_norm 0.107
step 11680/13390 | loss 2.8362 | lr_mult 0.0463 | tok/s 196214 | grad_norm 0.104
step 11690/13390 | loss 2.8096 | lr_mult 0.0457 | tok/s 196216 | grad_norm 0.105
step 11700/13390 | loss 2.8374 | lr_mult 0.0452 | tok/s 196217 | grad_norm 0.106
step 11710/13390 | loss 2.8142 | lr_mult 0.0447 | tok/s 196219 | grad_norm 0.104
step 11720/13390 | loss 2.8281 | lr_mult 0.0442 | tok/s 196221 | grad_norm 0.102
step 11730/13390 | loss 2.8463 | lr_mult 0.0436 | tok/s 196222 | grad_norm 0.106
step 11740/13390 | loss 2.8270 | lr_mult 0.0431 | tok/s 196224 | grad_norm 0.107
step 11750/13390 | loss 2.8220 | lr_mult 0.0426 | tok/s 196226 | grad_norm 0.103
step 11760/13390 | loss 2.8333 | lr_mult 0.0421 | tok/s 196227 | grad_norm 0.111
step 11770/13390 | loss 2.8362 | lr_mult 0.0416 | tok/s 196229 | grad_norm 0.109
step 11780/13390 | loss 2.8231 | lr_mult 0.0411 | tok/s 196230 | grad_norm 0.107
step 11790/13390 | loss 2.8353 | lr_mult 0.0406 | tok/s 196232 | grad_norm 0.106
step 11800/13390 | loss 2.8658 | lr_mult 0.0401 | tok/s 196234 | grad_norm 0.111
step 11810/13390 | loss 2.8371 | lr_mult 0.0396 | tok/s 196235 | grad_norm 0.108
step 11820/13390 | loss 2.7990 | lr_mult 0.0391 | tok/s 196237 | grad_norm 0.107
step 11830/13390 | loss 2.8582 | lr_mult 0.0386 | tok/s 196238 | grad_norm 0.106
step 11840/13390 | loss 2.8246 | lr_mult 0.0381 | tok/s 196240 | grad_norm 0.106
step 11850/13390 | loss 2.8266 | lr_mult 0.0376 | tok/s 196241 | grad_norm 0.107
step 11860/13390 | loss 2.8082 | lr_mult 0.0372 | tok/s 196243 | grad_norm 0.105
step 11870/13390 | loss 2.8528 | lr_mult 0.0367 | tok/s 196245 | grad_norm 0.110
step 11880/13390 | loss 2.8077 | lr_mult 0.0362 | tok/s 196246 | grad_norm 0.109
step 11890/13390 | loss 2.8099 | lr_mult 0.0357 | tok/s 196248 | grad_norm 0.106
step 11900/13390 | loss 2.8232 | lr_mult 0.0353 | tok/s 196249 | grad_norm 0.106
step 11910/13390 | loss 2.8645 | lr_mult 0.0348 | tok/s 196251 | grad_norm 0.108
step 11920/13390 | loss 2.8270 | lr_mult 0.0343 | tok/s 196252 | grad_norm 0.106
step 11930/13390 | loss 2.8070 | lr_mult 0.0339 | tok/s 196254 | grad_norm 0.107
step 11940/13390 | loss 2.8263 | lr_mult 0.0334 | tok/s 196255 | grad_norm 0.108
step 11950/13390 | loss 2.7953 | lr_mult 0.0330 | tok/s 196257 | grad_norm 0.107
step 11960/13390 | loss 2.8277 | lr_mult 0.0325 | tok/s 196258 | grad_norm 0.106
step 11970/13390 | loss 2.8048 | lr_mult 0.0321 | tok/s 196260 | grad_norm 0.104
step 11980/13390 | loss 2.8254 | lr_mult 0.0316 | tok/s 196261 | grad_norm 0.106
step 11990/13390 | loss 2.8510 | lr_mult 0.0312 | tok/s 196263 | grad_norm 0.104
step 12000/13390 | loss 2.7849 | lr_mult 0.0307 | tok/s 196265 | grad_norm 0.107
step 12000/13390 | val_loss 2.8121
step 12010/13390 | loss 2.8184 | lr_mult 0.0303 | tok/s 196191 | grad_norm 0.107
step 12020/13390 | loss 2.8293 | lr_mult 0.0299 | tok/s 196192 | grad_norm 0.104
step 12030/13390 | loss 2.8260 | lr_mult 0.0294 | tok/s 196194 | grad_norm 0.106
step 12040/13390 | loss 2.8244 | lr_mult 0.0290 | tok/s 196195 | grad_norm 0.101
step 12050/13390 | loss 2.8315 | lr_mult 0.0286 | tok/s 196197 | grad_norm 0.107
step 12060/13390 | loss 2.7917 | lr_mult 0.0282 | tok/s 196198 | grad_norm 0.102
step 12070/13390 | loss 2.8092 | lr_mult 0.0277 | tok/s 196200 | grad_norm 0.102
step 12080/13390 | loss 2.8268 | lr_mult 0.0273 | tok/s 196202 | grad_norm 0.107
step 12090/13390 | loss 2.8156 | lr_mult 0.0269 | tok/s 196203 | grad_norm 0.104
step 12100/13390 | loss 2.8282 | lr_mult 0.0265 | tok/s 196205 | grad_norm 0.102
step 12110/13390 | loss 2.8491 | lr_mult 0.0261 | tok/s 196206 | grad_norm 0.108
step 12120/13390 | loss 2.8332 | lr_mult 0.0257 | tok/s 196208 | grad_norm 0.109
step 12130/13390 | loss 2.8166 | lr_mult 0.0253 | tok/s 196209 | grad_norm 0.104
step 12140/13390 | loss 2.8446 | lr_mult 0.0249 | tok/s 196211 | grad_norm 0.102
step 12150/13390 | loss 2.8689 | lr_mult 0.0245 | tok/s 196213 | grad_norm 0.104
step 12160/13390 | loss 2.8273 | lr_mult 0.0241 | tok/s 196214 | grad_norm 0.104
step 12170/13390 | loss 2.8392 | lr_mult 0.0237 | tok/s 196216 | grad_norm 0.102
step 12180/13390 | loss 2.8156 | lr_mult 0.0233 | tok/s 196217 | grad_norm 0.102
step 12190/13390 | loss 2.8030 | lr_mult 0.0230 | tok/s 196219 | grad_norm 0.105
step 12200/13390 | loss 2.8204 | lr_mult 0.0226 | tok/s 196220 | grad_norm 0.110
step 12210/13390 | loss 2.8084 | lr_mult 0.0222 | tok/s 196222 | grad_norm 0.112
step 12220/13390 | loss 2.8233 | lr_mult 0.0218 | tok/s 196223 | grad_norm 0.102
step 12230/13390 | loss 2.8092 | lr_mult 0.0215 | tok/s 196225 | grad_norm 0.098
step 12240/13390 | loss 2.8305 | lr_mult 0.0211 | tok/s 196226 | grad_norm 0.105
step 12250/13390 | loss 2.8385 | lr_mult 0.0207 | tok/s 196228 | grad_norm 0.103
step 12260/13390 | loss 2.8012 | lr_mult 0.0204 | tok/s 196229 | grad_norm 0.102
step 12270/13390 | loss 2.8372 | lr_mult 0.0200 | tok/s 196231 | grad_norm 0.104
step 12280/13390 | loss 2.8111 | lr_mult 0.0197 | tok/s 196232 | grad_norm 0.103
step 12290/13390 | loss 2.8230 | lr_mult 0.0193 | tok/s 196234 | grad_norm 0.104
step 12300/13390 | loss 2.7831 | lr_mult 0.0190 | tok/s 196235 | grad_norm 0.105
step 12310/13390 | loss 2.8284 | lr_mult 0.0186 | tok/s 196237 | grad_norm 0.103
step 12320/13390 | loss 2.8192 | lr_mult 0.0183 | tok/s 196238 | grad_norm 0.100
step 12330/13390 | loss 2.8422 | lr_mult 0.0180 | tok/s 196240 | grad_norm 0.108
step 12340/13390 | loss 2.8194 | lr_mult 0.0176 | tok/s 196241 | grad_norm 0.102
step 12350/13390 | loss 2.8280 | lr_mult 0.0173 | tok/s 196243 | grad_norm 0.100
step 12360/13390 | loss 2.8792 | lr_mult 0.0170 | tok/s 196244 | grad_norm 0.102
step 12370/13390 | loss 2.8198 | lr_mult 0.0166 | tok/s 196246 | grad_norm 0.102
step 12380/13390 | loss 2.8300 | lr_mult 0.0163 | tok/s 196247 | grad_norm 0.106
step 12390/13390 | loss 2.8220 | lr_mult 0.0160 | tok/s 196249 | grad_norm 0.103
step 12400/13390 | loss 2.8285 | lr_mult 0.0157 | tok/s 196250 | grad_norm 0.101
step 12410/13390 | loss 2.8178 | lr_mult 0.0154 | tok/s 196252 | grad_norm 0.105
step 12420/13390 | loss 2.8174 | lr_mult 0.0150 | tok/s 196253 | grad_norm 0.103
step 12430/13390 | loss 2.8401 | lr_mult 0.0147 | tok/s 196255 | grad_norm 0.105
step 12440/13390 | loss 2.7997 | lr_mult 0.0144 | tok/s 196256 | grad_norm 0.103
step 12450/13390 | loss 2.8413 | lr_mult 0.0141 | tok/s 196258 | grad_norm 0.104
step 12460/13390 | loss 2.8098 | lr_mult 0.0138 | tok/s 196259 | grad_norm 0.102
step 12470/13390 | loss 2.8187 | lr_mult 0.0135 | tok/s 196261 | grad_norm 0.103
step 12480/13390 | loss 2.7978 | lr_mult 0.0133 | tok/s 196262 | grad_norm 0.101
step 12490/13390 | loss 2.7941 | lr_mult 0.0130 | tok/s 196264 | grad_norm 0.099
step 12500/13390 | loss 2.8387 | lr_mult 0.0127 | tok/s 196265 | grad_norm 0.104
step 12500/13390 | val_loss 2.8073
step 12510/13390 | loss 2.8162 | lr_mult 0.0124 | tok/s 196194 | grad_norm 0.105
step 12520/13390 | loss 2.8285 | lr_mult 0.0121 | tok/s 196196 | grad_norm 0.099
step 12530/13390 | loss 2.7896 | lr_mult 0.0118 | tok/s 196197 | grad_norm 0.104
step 12540/13390 | loss 2.8345 | lr_mult 0.0116 | tok/s 196199 | grad_norm 0.104
step 12550/13390 | loss 2.8139 | lr_mult 0.0113 | tok/s 196200 | grad_norm 0.101
step 12560/13390 | loss 2.8350 | lr_mult 0.0110 | tok/s 196202 | grad_norm 0.101
step 12570/13390 | loss 2.8271 | lr_mult 0.0108 | tok/s 196203 | grad_norm 0.103
step 12580/13390 | loss 2.8048 | lr_mult 0.0105 | tok/s 196205 | grad_norm 0.102
step 12590/13390 | loss 2.8153 | lr_mult 0.0103 | tok/s 196206 | grad_norm 0.101
step 12600/13390 | loss 2.8337 | lr_mult 0.0100 | tok/s 196208 | grad_norm 0.098
step 12610/13390 | loss 2.8178 | lr_mult 0.0097 | tok/s 196209 | grad_norm 0.105
step 12620/13390 | loss 2.8338 | lr_mult 0.0095 | tok/s 196211 | grad_norm 0.103
step 12630/13390 | loss 2.7849 | lr_mult 0.0093 | tok/s 196212 | grad_norm 0.102
step 12640/13390 | loss 2.8071 | lr_mult 0.0090 | tok/s 196214 | grad_norm 0.100
step 12650/13390 | loss 2.8340 | lr_mult 0.0088 | tok/s 196215 | grad_norm 0.104
step 12660/13390 | loss 2.8120 | lr_mult 0.0085 | tok/s 196217 | grad_norm 0.102
step 12670/13390 | loss 2.8234 | lr_mult 0.0083 | tok/s 196218 | grad_norm 0.097
step 12680/13390 | loss 2.8259 | lr_mult 0.0081 | tok/s 196220 | grad_norm 0.103
step 12690/13390 | loss 2.7871 | lr_mult 0.0079 | tok/s 196221 | grad_norm 0.099
step 12700/13390 | loss 2.8109 | lr_mult 0.0076 | tok/s 196222 | grad_norm 0.105
step 12710/13390 | loss 2.7906 | lr_mult 0.0074 | tok/s 196224 | grad_norm 0.102
step 12720/13390 | loss 2.8256 | lr_mult 0.0072 | tok/s 196225 | grad_norm 0.098
step 12730/13390 | loss 2.7984 | lr_mult 0.0070 | tok/s 196227 | grad_norm 0.099
step 12740/13390 | loss 2.8372 | lr_mult 0.0068 | tok/s 196228 | grad_norm 0.106
step 12750/13390 | loss 2.8497 | lr_mult 0.0066 | tok/s 196230 | grad_norm 0.099
step 12760/13390 | loss 2.8324 | lr_mult 0.0064 | tok/s 196231 | grad_norm 0.097
step 12770/13390 | loss 2.8339 | lr_mult 0.0062 | tok/s 196233 | grad_norm 0.104
step 12780/13390 | loss 2.8197 | lr_mult 0.0060 | tok/s 196234 | grad_norm 0.099
step 12790/13390 | loss 2.8272 | lr_mult 0.0058 | tok/s 196236 | grad_norm 0.101
step 12800/13390 | loss 2.8179 | lr_mult 0.0056 | tok/s 196237 | grad_norm 0.098
step 12810/13390 | loss 2.7950 | lr_mult 0.0054 | tok/s 196239 | grad_norm 0.100
step 12820/13390 | loss 2.8348 | lr_mult 0.0052 | tok/s 196240 | grad_norm 0.098
step 12830/13390 | loss 2.7904 | lr_mult 0.0050 | tok/s 196242 | grad_norm 0.103
step 12840/13390 | loss 2.7994 | lr_mult 0.0049 | tok/s 196243 | grad_norm 0.099
step 12850/13390 | loss 2.7780 | lr_mult 0.0047 | tok/s 196245 | grad_norm 0.100
step 12860/13390 | loss 2.8388 | lr_mult 0.0045 | tok/s 196246 | grad_norm 0.099
step 12870/13390 | loss 2.8089 | lr_mult 0.0043 | tok/s 196248 | grad_norm 0.101
step 12880/13390 | loss 2.8092 | lr_mult 0.0042 | tok/s 196249 | grad_norm 0.097
step 12890/13390 | loss 2.8313 | lr_mult 0.0040 | tok/s 196251 | grad_norm 0.100
step 12900/13390 | loss 2.8456 | lr_mult 0.0039 | tok/s 196252 | grad_norm 0.096
step 12910/13390 | loss 2.8150 | lr_mult 0.0037 | tok/s 196254 | grad_norm 0.103
step 12920/13390 | loss 2.8137 | lr_mult 0.0035 | tok/s 196255 | grad_norm 0.100
step 12930/13390 | loss 2.8285 | lr_mult 0.0034 | tok/s 196256 | grad_norm 0.101
step 12940/13390 | loss 2.8247 | lr_mult 0.0033 | tok/s 196258 | grad_norm 0.103
step 12950/13390 | loss 2.8201 | lr_mult 0.0031 | tok/s 196259 | grad_norm 0.094
step 12960/13390 | loss 2.8091 | lr_mult 0.0030 | tok/s 196261 | grad_norm 0.097
step 12970/13390 | loss 2.8232 | lr_mult 0.0028 | tok/s 196262 | grad_norm 0.098
step 12980/13390 | loss 2.8239 | lr_mult 0.0027 | tok/s 196264 | grad_norm 0.100
step 12990/13390 | loss 2.7894 | lr_mult 0.0026 | tok/s 196265 | grad_norm 0.102
step 13000/13390 | loss 2.8259 | lr_mult 0.0024 | tok/s 196267 | grad_norm 0.102
step 13000/13390 | val_loss 2.8052
step 13010/13390 | loss 2.7730 | lr_mult 0.0023 | tok/s 196198 | grad_norm 0.099
step 13020/13390 | loss 2.7950 | lr_mult 0.0022 | tok/s 196200 | grad_norm 0.100
step 13030/13390 | loss 2.8227 | lr_mult 0.0021 | tok/s 196201 | grad_norm 0.099
step 13040/13390 | loss 2.8420 | lr_mult 0.0020 | tok/s 196203 | grad_norm 0.100
step 13050/13390 | loss 2.8073 | lr_mult 0.0019 | tok/s 196204 | grad_norm 0.096
step 13060/13390 | loss 2.8131 | lr_mult 0.0017 | tok/s 196206 | grad_norm 0.100
step 13070/13390 | loss 2.8338 | lr_mult 0.0016 | tok/s 196207 | grad_norm 0.098
step 13080/13390 | loss 2.8358 | lr_mult 0.0015 | tok/s 196209 | grad_norm 0.101
step 13090/13390 | loss 2.7675 | lr_mult 0.0014 | tok/s 196210 | grad_norm 0.098
step 13100/13390 | loss 2.8350 | lr_mult 0.0014 | tok/s 196211 | grad_norm 0.101
step 13110/13390 | loss 2.8167 | lr_mult 0.0013 | tok/s 196213 | grad_norm 0.098
step 13120/13390 | loss 2.7792 | lr_mult 0.0012 | tok/s 196214 | grad_norm 0.099
step 13130/13390 | loss 2.8521 | lr_mult 0.0011 | tok/s 196216 | grad_norm 0.098
step 13140/13390 | loss 2.7895 | lr_mult 0.0010 | tok/s 196217 | grad_norm 0.101
step 13150/13390 | loss 2.8116 | lr_mult 0.0009 | tok/s 196219 | grad_norm 0.103
step 13160/13390 | loss 2.7884 | lr_mult 0.0009 | tok/s 196220 | grad_norm 0.095
step 13170/13390 | loss 2.8148 | lr_mult 0.0008 | tok/s 196222 | grad_norm 0.093
step 13180/13390 | loss 2.8161 | lr_mult 0.0007 | tok/s 196223 | grad_norm 0.101
step 13190/13390 | loss 2.8264 | lr_mult 0.0006 | tok/s 196225 | grad_norm 0.100
step 13200/13390 | loss 2.8565 | lr_mult 0.0006 | tok/s 196226 | grad_norm 0.097
step 13210/13390 | loss 2.8271 | lr_mult 0.0005 | tok/s 196227 | grad_norm 0.096
step 13220/13390 | loss 2.8227 | lr_mult 0.0005 | tok/s 196229 | grad_norm 0.097
step 13230/13390 | loss 2.8169 | lr_mult 0.0004 | tok/s 196230 | grad_norm 0.095
step 13240/13390 | loss 2.8216 | lr_mult 0.0004 | tok/s 196232 | grad_norm 0.097
step 13250/13390 | loss 2.8304 | lr_mult 0.0003 | tok/s 196233 | grad_norm 0.101
step 13260/13390 | loss 2.8348 | lr_mult 0.0003 | tok/s 196235 | grad_norm 0.096
step 13270/13390 | loss 2.8232 | lr_mult 0.0002 | tok/s 196236 | grad_norm 0.095
step 13280/13390 | loss 2.7896 | lr_mult 0.0002 | tok/s 196237 | grad_norm 0.101
step 13290/13390 | loss 2.8156 | lr_mult 0.0002 | tok/s 196239 | grad_norm 0.100
step 13300/13390 | loss 2.8125 | lr_mult 0.0001 | tok/s 196240 | grad_norm 0.095
step 13310/13390 | loss 2.7900 | lr_mult 0.0001 | tok/s 196242 | grad_norm 0.095
step 13320/13390 | loss 2.8162 | lr_mult 0.0001 | tok/s 196243 | grad_norm 0.099
step 13330/13390 | loss 2.8463 | lr_mult 0.0001 | tok/s 196244 | grad_norm 0.100
step 13340/13390 | loss 2.8363 | lr_mult 0.0000 | tok/s 196246 | grad_norm 0.099
step 13350/13390 | loss 2.8001 | lr_mult 0.0000 | tok/s 196247 | grad_norm 0.096
step 13360/13390 | loss 2.7987 | lr_mult 0.0000 | tok/s 196249 | grad_norm 0.098
step 13370/13390 | loss 2.8234 | lr_mult 0.0000 | tok/s 196250 | grad_norm 0.096
step 13380/13390 | loss 2.8153 | lr_mult 0.0000 | tok/s 196251 | grad_norm 0.096
step 13390/13390 | loss 2.8316 | lr_mult 0.0000 | tok/s 196253 | grad_norm 0.097
Checkpoint saved: /mnt/dllm/ruilai/checkpoints/moonlight_545m/orscale_muon_moonlight_calibrated/step_013390.pt
Final val_loss: 2.8049
Training complete. 13390 steps in 72408.0s. Total tokens: 14,040,432,640
wandb: 
wandb: Run history:
wandb:               diagnostics/_summary/M_rms_max █████▆▃▂▂▂▂▂▂▂▂▁▁▁▁▁▁▁▁▁▁▁▁▁▁▁▁▁▁▁▁▂▂▂▂▂
wandb:              diagnostics/_summary/M_rms_mean █▆▆▅▅▃▃▂▃▂▂▂▁▂▂▂▁▁▁▁▁▁▁▁▁▁▁▁▁▁▁▁▁▁▁▁▂▂▂▃
wandb:               diagnostics/_summary/M_rms_min ▄▄▄▇█▇▅▄▄▄▂▂▁▁▁▁▁▂▁▁▂▂▂▂▂▂▃▃▃▃▃▄▄▄▄▄▅▅▅▅
wandb:               diagnostics/_summary/W_rms_max ▁▁▁▃▅▆▆▇▇▇▇▇▇▇███████████████▇▇▇▇▇▇▇▆▆▆▆
wandb:              diagnostics/_summary/W_rms_mean ▁▂▃▃▅▅▅▅▆▆▆▇████████████▇▇▇▇▇▇▇▇▇▇▇▇▇▇▇▇
wandb:               diagnostics/_summary/W_rms_min ▁▂▃▆▇▇▇▇▇▇▇▇████████████████████████████
wandb: diagnostics/_summary/clip_active_active_frac ▁▄▅▆▆▇██████████████████████████████████
wandb:         diagnostics/_summary/clip_active_max ▁▁██████████████████████████████████████
wandb:        diagnostics/_summary/clip_active_mean ▁▁▁▁▄▆▆▆▇▇██████████████████████████████
wandb:         diagnostics/_summary/clip_active_min ▁▁▁▁▁▁▁▁▁▁▁▁▁▁▁▁▁▁▁▁▁▁▁▁▁▁▁▁▁▁▁▁▁▁▁▁▁▁▁▁
wandb:                                         +922 ...
wandb: 
wandb: Run summary:
wandb:               diagnostics/_summary/M_rms_max 6e-05
wandb:              diagnostics/_summary/M_rms_mean 1e-05
wandb:               diagnostics/_summary/M_rms_min 0.0
wandb:               diagnostics/_summary/W_rms_max 0.13473
wandb:              diagnostics/_summary/W_rms_mean 0.07667
wandb:               diagnostics/_summary/W_rms_min 0.01513
wandb: diagnostics/_summary/clip_active_active_frac 0.5
wandb:         diagnostics/_summary/clip_active_max 1
wandb:        diagnostics/_summary/clip_active_mean 0.5
wandb:         diagnostics/_summary/clip_active_min 0
wandb:                                       +1,034 ...
wandb: 
wandb: You can sync this run to the cloud by running:
wandb: wandb sync /ossfs/workspace/OrScale/wandb/offline-run-20260504_182551-a7ik8zj1
wandb: Find logs at: ./wandb/offline-run-20260504_182551-a7ik8zj1/logs
