W0504 19:57:03.165000 263659 site-packages/torch/distributed/run.py:793] 
W0504 19:57:03.165000 263659 site-packages/torch/distributed/run.py:793] *****************************************
W0504 19:57:03.165000 263659 site-packages/torch/distributed/run.py:793] Setting OMP_NUM_THREADS environment variable for each process to be 1 in default, to avoid your system being overloaded, please further tune the variable for optimal performance in your application as needed. 
W0504 19:57:03.165000 263659 site-packages/torch/distributed/run.py:793] *****************************************
[W504 19:57:07.025079661 CUDAAllocatorConfig.h:28] Warning: expandable_segments not supported on this platform (function operator())
[rank0]:[W504 19:57:08.526810358 ProcessGroupNCCL.cpp:4115] [PG ID 0 PG GUID 0 Rank 0]  using GPU 0 to perform barrier as devices used by this process are currently unknown. This can potentially cause a hang if this rank to GPU mapping is incorrect.Specify device_ids in barrier() to force use of a particular device,or call init_process_group() with a device_id.
[W504 19:57:08.592071790 CUDAAllocatorConfig.h:28] Warning: expandable_segments not supported on this platform (function operator())
[rank3]:[W504 19:57:08.686336595 ProcessGroupNCCL.cpp:4115] [PG ID 0 PG GUID 0 Rank 3]  using GPU 3 to perform barrier as devices used by this process are currently unknown. This can potentially cause a hang if this rank to GPU mapping is incorrect.Specify device_ids in barrier() to force use of a particular device,or call init_process_group() with a device_id.
[W504 19:57:08.896017987 CUDAAllocatorConfig.h:28] Warning: expandable_segments not supported on this platform (function operator())
[rank2]:[W504 19:57:08.929749195 ProcessGroupNCCL.cpp:4115] [PG ID 0 PG GUID 0 Rank 2]  using GPU 2 to perform barrier as devices used by this process are currently unknown. This can potentially cause a hang if this rank to GPU mapping is incorrect.Specify device_ids in barrier() to force use of a particular device,or call init_process_group() with a device_id.
[W504 19:57:08.968941391 CUDAAllocatorConfig.h:28] Warning: expandable_segments not supported on this platform (function operator())
[rank6]:[W504 19:57:08.987269424 ProcessGroupNCCL.cpp:4115] [PG ID 0 PG GUID 0 Rank 6]  using GPU 6 to perform barrier as devices used by this process are currently unknown. This can potentially cause a hang if this rank to GPU mapping is incorrect.Specify device_ids in barrier() to force use of a particular device,or call init_process_group() with a device_id.
[W504 19:57:08.168200042 CUDAAllocatorConfig.h:28] Warning: expandable_segments not supported on this platform (function operator())
[rank1]:[W504 19:57:08.188518705 ProcessGroupNCCL.cpp:4115] [PG ID 0 PG GUID 0 Rank 1]  using GPU 1 to perform barrier as devices used by this process are currently unknown. This can potentially cause a hang if this rank to GPU mapping is incorrect.Specify device_ids in barrier() to force use of a particular device,or call init_process_group() with a device_id.
[W504 19:57:08.191100901 CUDAAllocatorConfig.h:28] Warning: expandable_segments not supported on this platform (function operator())
[W504 19:57:08.195948519 CUDAAllocatorConfig.h:28] Warning: expandable_segments not supported on this platform (function operator())
[W504 19:57:08.212652964 CUDAAllocatorConfig.h:28] Warning: expandable_segments not supported on this platform (function operator())
[rank7]:[W504 19:57:08.215762739 ProcessGroupNCCL.cpp:4115] [PG ID 0 PG GUID 0 Rank 7]  using GPU 7 to perform barrier as devices used by this process are currently unknown. This can potentially cause a hang if this rank to GPU mapping is incorrect.Specify device_ids in barrier() to force use of a particular device,or call init_process_group() with a device_id.
[rank4]:[W504 19:57:08.215841405 ProcessGroupNCCL.cpp:4115] [PG ID 0 PG GUID 0 Rank 4]  using GPU 4 to perform barrier as devices used by this process are currently unknown. This can potentially cause a hang if this rank to GPU mapping is incorrect.Specify device_ids in barrier() to force use of a particular device,or call init_process_group() with a device_id.
[rank5]:[W504 19:57:08.249024327 ProcessGroupNCCL.cpp:4115] [PG ID 0 PG GUID 0 Rank 5]  using GPU 5 to perform barrier as devices used by this process are currently unknown. This can potentially cause a hang if this rank to GPU mapping is incorrect.Specify device_ids in barrier() to force use of a particular device,or call init_process_group() with a device_id.
2026-05-04 19:57:13 | INFO | World size: 8, Device: cuda:0
wandb: [wandb.login()] Loaded credentials for https://api.wandb.ai from /root/.netrc.
wandb: Currently logged in as: yuxuanlou to https://api.wandb.ai. Use `wandb login --relogin` to force relogin
wandb: setting up run c6ec8t0l
wandb: Tracking run with wandb version 0.26.1
wandb: Run data is saved locally in /ossfs/workspace/OrScale/wandb/run-20260504_195722-c6ec8t0l
wandb: Run `wandb offline` to turn off syncing.
wandb: Syncing run moonlight_399m-muon_moonlight-seed42
wandb: ⭐️ View project at https://wandb.ai/yuxuanlou/orscale-fineweb10B
wandb: 🚀 View run at https://wandb.ai/yuxuanlou/orscale-fineweb10B/runs/c6ec8t0l
2026-05-04 19:57:27 | INFO | Building model...
2026-05-04 19:57:32 | INFO | Model: 417.0M parameters
2026-05-04 19:57:32 | INFO | Building optimizer(s): muon_moonlight
2026-05-04 19:57:32 | INFO | Building scheduler...
2026-05-04 19:57:32 | INFO | Building training data loader...
2026-05-04 19:57:32 | INFO | Building validation data loader...
2026-05-04 19:57:33 | INFO | Launching training run
2026-05-04 19:57:33 | INFO |   config: configs/small_125m.yaml
2026-05-04 19:57:33 | INFO |   overrides: ['model.preset=moonlight_399m', 'model.max_seq_len=8192', 'training.batch_size=6', 'training.grad_accum_steps=2', 'training.max_steps=11342', 'training.seed=42', 'training.checkpoint_subdir=moonlight_399m/muon_moonlight', 'training.checkpoint_subdir_mode=replace_leaf', 'optimizer.name=muon_moonlight', 'logging.wandb_name=moonlight_399m-muon_moonlight-seed42', 'optimizer.lr=0.0009503', 'optimizer.weight_decay=0.1', 'optimizer.adamw_lr=0.0009503', 'optimizer.adamw_weight_decay=0.1', 'optimizer.adamw_betas=[0.9, 0.95]', 'training.save_every=11342', 'training.compile=True']
2026-05-04 19:57:33 | INFO |   distributed: rank=0 local_rank=0 world_size=8 device=cuda:0
2026-05-04 19:57:34 | INFO |   seed: base=42 effective_rank_seed=42 precision=bfloat16
2026-05-04 19:57:34 | INFO |   model: preset=moonlight_399m seq_len=8192 norm=rmsnorm mlp=relusqr pos=rope tie_weights=True
2026-05-04 19:57:34 | INFO |   optimizer: name=muon_moonlight optimizers=2 lr=0.0009503 weight_decay=0.1 momentum=0.95
2026-05-04 19:57:34 | INFO |   optimizer extras: ns_iters=5 adamw_lr=0.0009503 alpha=0.5 r_min=0.5 r_max=1.5 c_denom=auto
2026-05-04 19:57:34 | INFO |   schedule: max_steps=11342 warmup_steps=1000 grad_accum=2 tokens/step=786,432
2026-05-04 19:57:34 | INFO |   training cadence: log_every=10 val_every=500 val_steps=20 save_every=11342
2026-05-04 19:57:34 | INFO |   data(train): in-memory .bin shards (103 files) from /mnt/dllm/ruilai/dataset/fineweb10B/fineweb_train_*.bin
2026-05-04 19:57:34 | INFO |   data(val): in-memory .bin shards (1 files) from /mnt/dllm/ruilai/dataset/fineweb10B/fineweb_val_*.bin
2026-05-04 19:57:34 | INFO |   loaders: train=DataLoader val=DataLoader
2026-05-04 19:57:34 | INFO |   diagnostics: log_every=50 heavy_log_every=500
2026-05-04 19:57:34 | INFO |   wandb: enabled (project=orscale-fineweb10B, group=small_125m)
2026-05-04 19:57:34 | INFO | Starting training loop...
step 10/11342 | loss 11.0418 | lr_mult 0.0100 | tok/s 219919 | grad_norm 17.920
step 20/11342 | loss 10.6970 | lr_mult 0.0200 | tok/s 282616 | grad_norm 16.605
step 30/11342 | loss 10.0258 | lr_mult 0.0300 | tok/s 312474 | grad_norm 12.209
step 40/11342 | loss 9.1776 | lr_mult 0.0400 | tok/s 329915 | grad_norm 7.610
step 50/11342 | loss 8.3112 | lr_mult 0.0500 | tok/s 341365 | grad_norm 4.839
step 60/11342 | loss 7.6509 | lr_mult 0.0600 | tok/s 349530 | grad_norm 2.356
step 70/11342 | loss 7.1201 | lr_mult 0.0700 | tok/s 355536 | grad_norm 1.189
step 80/11342 | loss 6.9092 | lr_mult 0.0800 | tok/s 360152 | grad_norm 1.347
step 90/11342 | loss 6.7070 | lr_mult 0.0900 | tok/s 363851 | grad_norm 1.952
step 100/11342 | loss 6.5390 | lr_mult 0.1000 | tok/s 366793 | grad_norm 2.120
step 110/11342 | loss 6.4160 | lr_mult 0.1100 | tok/s 369262 | grad_norm 2.893
step 120/11342 | loss 6.3111 | lr_mult 0.1200 | tok/s 371353 | grad_norm 2.772
step 130/11342 | loss 6.1939 | lr_mult 0.1300 | tok/s 373155 | grad_norm 2.094
step 140/11342 | loss 6.1494 | lr_mult 0.1400 | tok/s 374662 | grad_norm 1.701
step 150/11342 | loss 6.0843 | lr_mult 0.1500 | tok/s 375969 | grad_norm 1.955
step 160/11342 | loss 6.0098 | lr_mult 0.1600 | tok/s 377121 | grad_norm 1.655
step 170/11342 | loss 5.9916 | lr_mult 0.1700 | tok/s 378187 | grad_norm 1.909
step 180/11342 | loss 5.9818 | lr_mult 0.1800 | tok/s 379109 | grad_norm 1.635
step 190/11342 | loss 5.9097 | lr_mult 0.1900 | tok/s 379940 | grad_norm 1.670
step 200/11342 | loss 5.8919 | lr_mult 0.2000 | tok/s 380716 | grad_norm 1.650
step 210/11342 | loss 5.8169 | lr_mult 0.2100 | tok/s 381422 | grad_norm 1.473
step 220/11342 | loss 5.8013 | lr_mult 0.2200 | tok/s 382058 | grad_norm 2.140
step 230/11342 | loss 5.7575 | lr_mult 0.2300 | tok/s 382648 | grad_norm 1.538
step 240/11342 | loss 5.7025 | lr_mult 0.2400 | tok/s 383190 | grad_norm 1.992
step 250/11342 | loss 5.6590 | lr_mult 0.2500 | tok/s 383682 | grad_norm 1.946
step 260/11342 | loss 5.6203 | lr_mult 0.2600 | tok/s 384143 | grad_norm 2.070
step 270/11342 | loss 5.5874 | lr_mult 0.2700 | tok/s 384580 | grad_norm 2.413
step 280/11342 | loss 5.5610 | lr_mult 0.2800 | tok/s 384969 | grad_norm 2.124
step 290/11342 | loss 5.4404 | lr_mult 0.2900 | tok/s 385341 | grad_norm 3.254
step 300/11342 | loss 5.3922 | lr_mult 0.3000 | tok/s 385696 | grad_norm 3.548
step 310/11342 | loss 5.3040 | lr_mult 0.3100 | tok/s 386018 | grad_norm 3.048
step 320/11342 | loss 5.2341 | lr_mult 0.3200 | tok/s 386324 | grad_norm 3.644
step 330/11342 | loss 5.1616 | lr_mult 0.3300 | tok/s 386610 | grad_norm 3.537
step 340/11342 | loss 5.1327 | lr_mult 0.3400 | tok/s 386885 | grad_norm 4.127
step 350/11342 | loss 5.0589 | lr_mult 0.3500 | tok/s 387147 | grad_norm 3.779
step 360/11342 | loss 5.0052 | lr_mult 0.3600 | tok/s 387390 | grad_norm 4.521
step 370/11342 | loss 4.9787 | lr_mult 0.3700 | tok/s 387623 | grad_norm 3.239
step 380/11342 | loss 4.8484 | lr_mult 0.3800 | tok/s 387841 | grad_norm 4.434
step 390/11342 | loss 4.8170 | lr_mult 0.3900 | tok/s 388048 | grad_norm 3.449
step 400/11342 | loss 4.8126 | lr_mult 0.4000 | tok/s 388245 | grad_norm 3.831
step 410/11342 | loss 4.7625 | lr_mult 0.4100 | tok/s 388433 | grad_norm 3.531
step 420/11342 | loss 4.6687 | lr_mult 0.4200 | tok/s 388612 | grad_norm 2.907
step 430/11342 | loss 4.6684 | lr_mult 0.4300 | tok/s 388792 | grad_norm 2.863
step 440/11342 | loss 4.5770 | lr_mult 0.4400 | tok/s 388955 | grad_norm 3.120
step 450/11342 | loss 4.5774 | lr_mult 0.4500 | tok/s 389113 | grad_norm 3.148
step 460/11342 | loss 4.5369 | lr_mult 0.4600 | tok/s 389266 | grad_norm 2.849
step 470/11342 | loss 4.4703 | lr_mult 0.4700 | tok/s 389417 | grad_norm 3.184
step 480/11342 | loss 4.4022 | lr_mult 0.4800 | tok/s 389554 | grad_norm 3.209
step 490/11342 | loss 4.3626 | lr_mult 0.4900 | tok/s 389691 | grad_norm 2.785
step 500/11342 | loss 4.4015 | lr_mult 0.5000 | tok/s 389824 | grad_norm 2.967
step 500/11342 | val_loss 4.2999
step 510/11342 | loss 4.3024 | lr_mult 0.5100 | tok/s 381954 | grad_norm 2.395
step 520/11342 | loss 4.2520 | lr_mult 0.5200 | tok/s 382235 | grad_norm 2.550
step 530/11342 | loss 4.2255 | lr_mult 0.5300 | tok/s 382502 | grad_norm 2.734
step 540/11342 | loss 4.2027 | lr_mult 0.5400 | tok/s 382757 | grad_norm 2.047
step 550/11342 | loss 4.1218 | lr_mult 0.5500 | tok/s 383001 | grad_norm 2.369
step 560/11342 | loss 4.1757 | lr_mult 0.5600 | tok/s 383241 | grad_norm 2.202
step 570/11342 | loss 4.1136 | lr_mult 0.5700 | tok/s 383473 | grad_norm 2.096
step 580/11342 | loss 4.0783 | lr_mult 0.5800 | tok/s 383699 | grad_norm 1.892
step 590/11342 | loss 4.0434 | lr_mult 0.5900 | tok/s 383918 | grad_norm 1.425
step 600/11342 | loss 4.0728 | lr_mult 0.6000 | tok/s 384125 | grad_norm 1.766
step 610/11342 | loss 4.0362 | lr_mult 0.6100 | tok/s 384331 | grad_norm 1.617
step 620/11342 | loss 4.0413 | lr_mult 0.6200 | tok/s 384523 | grad_norm 1.637
step 630/11342 | loss 4.0243 | lr_mult 0.6300 | tok/s 384718 | grad_norm 1.440
step 640/11342 | loss 3.9971 | lr_mult 0.6400 | tok/s 384908 | grad_norm 1.546
step 650/11342 | loss 3.9831 | lr_mult 0.6500 | tok/s 385087 | grad_norm 1.495
step 660/11342 | loss 3.9556 | lr_mult 0.6600 | tok/s 385265 | grad_norm 1.437
step 670/11342 | loss 3.9562 | lr_mult 0.6700 | tok/s 385439 | grad_norm 1.499
step 680/11342 | loss 3.9187 | lr_mult 0.6800 | tok/s 385609 | grad_norm 1.198
step 690/11342 | loss 3.9084 | lr_mult 0.6900 | tok/s 385776 | grad_norm 1.172
step 700/11342 | loss 3.9152 | lr_mult 0.7000 | tok/s 385933 | grad_norm 1.090
step 710/11342 | loss 3.9229 | lr_mult 0.7100 | tok/s 386089 | grad_norm 1.238
step 720/11342 | loss 3.9016 | lr_mult 0.7200 | tok/s 386241 | grad_norm 1.208
step 730/11342 | loss 3.8957 | lr_mult 0.7300 | tok/s 386388 | grad_norm 1.100
step 740/11342 | loss 3.8614 | lr_mult 0.7400 | tok/s 386535 | grad_norm 0.992
step 750/11342 | loss 3.8873 | lr_mult 0.7500 | tok/s 386678 | grad_norm 1.058
step 760/11342 | loss 3.8878 | lr_mult 0.7600 | tok/s 386817 | grad_norm 1.340
step 770/11342 | loss 3.8796 | lr_mult 0.7700 | tok/s 386954 | grad_norm 1.047
step 780/11342 | loss 3.8396 | lr_mult 0.7800 | tok/s 387087 | grad_norm 1.208
step 790/11342 | loss 3.8215 | lr_mult 0.7900 | tok/s 387216 | grad_norm 1.074
step 800/11342 | loss 3.7908 | lr_mult 0.8000 | tok/s 387340 | grad_norm 1.086
step 810/11342 | loss 3.7988 | lr_mult 0.8100 | tok/s 387465 | grad_norm 1.072
step 820/11342 | loss 3.8015 | lr_mult 0.8200 | tok/s 387584 | grad_norm 1.006
step 830/11342 | loss 3.7718 | lr_mult 0.8300 | tok/s 387702 | grad_norm 0.957
step 840/11342 | loss 3.7731 | lr_mult 0.8400 | tok/s 387820 | grad_norm 1.212
step 850/11342 | loss 3.7805 | lr_mult 0.8500 | tok/s 387936 | grad_norm 0.995
step 860/11342 | loss 3.7845 | lr_mult 0.8600 | tok/s 388045 | grad_norm 0.934
step 870/11342 | loss 3.7221 | lr_mult 0.8700 | tok/s 388157 | grad_norm 0.775
step 880/11342 | loss 3.7282 | lr_mult 0.8800 | tok/s 388264 | grad_norm 0.945
step 890/11342 | loss 3.7397 | lr_mult 0.8900 | tok/s 388369 | grad_norm 0.899
step 900/11342 | loss 3.7460 | lr_mult 0.9000 | tok/s 388475 | grad_norm 0.967
step 910/11342 | loss 3.7814 | lr_mult 0.9100 | tok/s 388577 | grad_norm 0.999
step 920/11342 | loss 3.7394 | lr_mult 0.9200 | tok/s 388677 | grad_norm 0.937
step 930/11342 | loss 3.6945 | lr_mult 0.9300 | tok/s 388777 | grad_norm 0.819
step 940/11342 | loss 3.7194 | lr_mult 0.9400 | tok/s 388873 | grad_norm 0.902
step 950/11342 | loss 3.7105 | lr_mult 0.9500 | tok/s 388969 | grad_norm 1.360
step 960/11342 | loss 3.7081 | lr_mult 0.9600 | tok/s 389062 | grad_norm 0.937
step 970/11342 | loss 3.7203 | lr_mult 0.9700 | tok/s 389155 | grad_norm 0.900
step 980/11342 | loss 3.6828 | lr_mult 0.9800 | tok/s 389245 | grad_norm 0.800
step 990/11342 | loss 3.6568 | lr_mult 0.9900 | tok/s 389332 | grad_norm 0.898
step 1000/11342 | loss 3.7494 | lr_mult 1.0000 | tok/s 389419 | grad_norm 0.883
step 1000/11342 | val_loss 3.6845
step 1010/11342 | loss 3.6836 | lr_mult 1.0000 | tok/s 386661 | grad_norm 0.875
step 1020/11342 | loss 3.6885 | lr_mult 1.0000 | tok/s 386773 | grad_norm 0.775
step 1030/11342 | loss 3.6704 | lr_mult 1.0000 | tok/s 386879 | grad_norm 0.837
step 1040/11342 | loss 3.7078 | lr_mult 1.0000 | tok/s 386984 | grad_norm 0.866
step 1050/11342 | loss 3.7132 | lr_mult 0.9999 | tok/s 387087 | grad_norm 1.099
step 1060/11342 | loss 3.6366 | lr_mult 0.9999 | tok/s 387190 | grad_norm 0.764
step 1070/11342 | loss 3.6465 | lr_mult 0.9999 | tok/s 387292 | grad_norm 0.761
step 1080/11342 | loss 3.6664 | lr_mult 0.9999 | tok/s 387391 | grad_norm 0.670
step 1090/11342 | loss 3.6613 | lr_mult 0.9998 | tok/s 387489 | grad_norm 0.651
step 1100/11342 | loss 3.6324 | lr_mult 0.9998 | tok/s 387584 | grad_norm 0.713
step 1110/11342 | loss 3.6583 | lr_mult 0.9997 | tok/s 387678 | grad_norm 0.758
step 1120/11342 | loss 3.6307 | lr_mult 0.9997 | tok/s 387773 | grad_norm 0.703
step 1130/11342 | loss 3.6125 | lr_mult 0.9996 | tok/s 387865 | grad_norm 0.733
step 1140/11342 | loss 3.6244 | lr_mult 0.9995 | tok/s 387955 | grad_norm 0.690
step 1150/11342 | loss 3.6057 | lr_mult 0.9995 | tok/s 388043 | grad_norm 0.707
step 1160/11342 | loss 3.5896 | lr_mult 0.9994 | tok/s 388130 | grad_norm 0.664
step 1170/11342 | loss 3.6392 | lr_mult 0.9993 | tok/s 388216 | grad_norm 0.629
step 1180/11342 | loss 3.5712 | lr_mult 0.9993 | tok/s 388299 | grad_norm 0.653
step 1190/11342 | loss 3.6138 | lr_mult 0.9992 | tok/s 388383 | grad_norm 0.634
step 1200/11342 | loss 3.5435 | lr_mult 0.9991 | tok/s 388465 | grad_norm 0.692
step 1210/11342 | loss 3.5800 | lr_mult 0.9990 | tok/s 388547 | grad_norm 0.607
step 1220/11342 | loss 3.5756 | lr_mult 0.9989 | tok/s 388626 | grad_norm 0.574
step 1230/11342 | loss 3.5961 | lr_mult 0.9988 | tok/s 388705 | grad_norm 0.615
step 1240/11342 | loss 3.5451 | lr_mult 0.9987 | tok/s 388781 | grad_norm 0.611
step 1250/11342 | loss 3.5472 | lr_mult 0.9986 | tok/s 388856 | grad_norm 0.636
step 1260/11342 | loss 3.5534 | lr_mult 0.9984 | tok/s 388930 | grad_norm 0.590
step 1270/11342 | loss 3.5172 | lr_mult 0.9983 | tok/s 389006 | grad_norm 0.718
step 1280/11342 | loss 3.5504 | lr_mult 0.9982 | tok/s 389079 | grad_norm 0.581
step 1290/11342 | loss 3.5207 | lr_mult 0.9981 | tok/s 389152 | grad_norm 0.620
step 1300/11342 | loss 3.5162 | lr_mult 0.9979 | tok/s 389223 | grad_norm 0.512
step 1310/11342 | loss 3.5350 | lr_mult 0.9978 | tok/s 389292 | grad_norm 0.525
step 1320/11342 | loss 3.5023 | lr_mult 0.9976 | tok/s 389359 | grad_norm 0.582
step 1330/11342 | loss 3.5231 | lr_mult 0.9975 | tok/s 389427 | grad_norm 0.616
step 1340/11342 | loss 3.5578 | lr_mult 0.9973 | tok/s 389495 | grad_norm 0.540
step 1350/11342 | loss 3.5186 | lr_mult 0.9972 | tok/s 389560 | grad_norm 0.638
step 1360/11342 | loss 3.4946 | lr_mult 0.9970 | tok/s 389626 | grad_norm 0.535
step 1370/11342 | loss 3.5338 | lr_mult 0.9968 | tok/s 389691 | grad_norm 0.561
step 1380/11342 | loss 3.5092 | lr_mult 0.9967 | tok/s 389756 | grad_norm 0.532
step 1390/11342 | loss 3.4930 | lr_mult 0.9965 | tok/s 389820 | grad_norm 0.557
step 1400/11342 | loss 3.5308 | lr_mult 0.9963 | tok/s 389881 | grad_norm 0.560
step 1410/11342 | loss 3.4784 | lr_mult 0.9961 | tok/s 389942 | grad_norm 0.516
step 1420/11342 | loss 3.4861 | lr_mult 0.9959 | tok/s 390002 | grad_norm 0.515
step 1430/11342 | loss 3.5179 | lr_mult 0.9957 | tok/s 390061 | grad_norm 0.472
step 1440/11342 | loss 3.4845 | lr_mult 0.9955 | tok/s 390119 | grad_norm 0.536
step 1450/11342 | loss 3.4708 | lr_mult 0.9953 | tok/s 390177 | grad_norm 0.541
step 1460/11342 | loss 3.5173 | lr_mult 0.9951 | tok/s 390234 | grad_norm 0.542
step 1470/11342 | loss 3.4521 | lr_mult 0.9949 | tok/s 390290 | grad_norm 0.516
step 1480/11342 | loss 3.4921 | lr_mult 0.9947 | tok/s 390345 | grad_norm 0.489
step 1490/11342 | loss 3.4462 | lr_mult 0.9945 | tok/s 390401 | grad_norm 0.496
step 1500/11342 | loss 3.4805 | lr_mult 0.9942 | tok/s 390455 | grad_norm 0.486
step 1500/11342 | val_loss 3.4598
step 1510/11342 | loss 3.4812 | lr_mult 0.9940 | tok/s 388599 | grad_norm 0.541
step 1520/11342 | loss 3.4621 | lr_mult 0.9938 | tok/s 388665 | grad_norm 0.553
step 1530/11342 | loss 3.4505 | lr_mult 0.9935 | tok/s 388731 | grad_norm 0.469
step 1540/11342 | loss 3.4665 | lr_mult 0.9933 | tok/s 388796 | grad_norm 0.500
step 1550/11342 | loss 3.5116 | lr_mult 0.9930 | tok/s 388859 | grad_norm 0.506
step 1560/11342 | loss 3.4644 | lr_mult 0.9928 | tok/s 388921 | grad_norm 0.532
step 1570/11342 | loss 3.4494 | lr_mult 0.9925 | tok/s 388980 | grad_norm 0.460
step 1580/11342 | loss 3.4255 | lr_mult 0.9923 | tok/s 389042 | grad_norm 0.530
step 1590/11342 | loss 3.4075 | lr_mult 0.9920 | tok/s 389104 | grad_norm 0.455
step 1600/11342 | loss 3.4574 | lr_mult 0.9917 | tok/s 389163 | grad_norm 0.469
step 1610/11342 | loss 3.4365 | lr_mult 0.9914 | tok/s 389222 | grad_norm 0.441
step 1620/11342 | loss 3.4110 | lr_mult 0.9912 | tok/s 389279 | grad_norm 0.509
step 1630/11342 | loss 3.4170 | lr_mult 0.9909 | tok/s 389337 | grad_norm 0.486
step 1640/11342 | loss 3.4166 | lr_mult 0.9906 | tok/s 389394 | grad_norm 0.440
step 1650/11342 | loss 3.4512 | lr_mult 0.9903 | tok/s 389449 | grad_norm 0.455
step 1660/11342 | loss 3.4513 | lr_mult 0.9900 | tok/s 389505 | grad_norm 0.516
step 1670/11342 | loss 3.4357 | lr_mult 0.9897 | tok/s 389560 | grad_norm 0.475
step 1680/11342 | loss 3.3808 | lr_mult 0.9894 | tok/s 389614 | grad_norm 0.447
step 1690/11342 | loss 3.3944 | lr_mult 0.9891 | tok/s 389667 | grad_norm 0.454
step 1700/11342 | loss 3.4048 | lr_mult 0.9887 | tok/s 389720 | grad_norm 0.506
step 1710/11342 | loss 3.4403 | lr_mult 0.9884 | tok/s 389771 | grad_norm 0.485
step 1720/11342 | loss 3.4271 | lr_mult 0.9881 | tok/s 389824 | grad_norm 0.471
step 1730/11342 | loss 3.4378 | lr_mult 0.9878 | tok/s 389875 | grad_norm 0.471
step 1740/11342 | loss 3.4360 | lr_mult 0.9874 | tok/s 389927 | grad_norm 0.448
step 1750/11342 | loss 3.4166 | lr_mult 0.9871 | tok/s 389979 | grad_norm 0.426
step 1760/11342 | loss 3.3748 | lr_mult 0.9867 | tok/s 390030 | grad_norm 0.476
step 1770/11342 | loss 3.3944 | lr_mult 0.9864 | tok/s 390078 | grad_norm 0.486
step 1780/11342 | loss 3.3803 | lr_mult 0.9860 | tok/s 390127 | grad_norm 0.446
step 1790/11342 | loss 3.4065 | lr_mult 0.9857 | tok/s 390176 | grad_norm 0.463
step 1800/11342 | loss 3.4121 | lr_mult 0.9853 | tok/s 390224 | grad_norm 0.494
step 1810/11342 | loss 3.4221 | lr_mult 0.9849 | tok/s 390272 | grad_norm 0.457
step 1820/11342 | loss 3.4145 | lr_mult 0.9846 | tok/s 390318 | grad_norm 0.417
step 1830/11342 | loss 3.3882 | lr_mult 0.9842 | tok/s 390365 | grad_norm 0.442
step 1840/11342 | loss 3.4080 | lr_mult 0.9838 | tok/s 390410 | grad_norm 0.485
step 1850/11342 | loss 3.3745 | lr_mult 0.9834 | tok/s 390455 | grad_norm 0.614
step 1860/11342 | loss 3.4213 | lr_mult 0.9830 | tok/s 390499 | grad_norm 0.390
step 1870/11342 | loss 3.3830 | lr_mult 0.9826 | tok/s 390543 | grad_norm 0.454
step 1880/11342 | loss 3.4012 | lr_mult 0.9822 | tok/s 390588 | grad_norm 0.423
step 1890/11342 | loss 3.3831 | lr_mult 0.9818 | tok/s 390633 | grad_norm 0.448
step 1900/11342 | loss 3.4135 | lr_mult 0.9814 | tok/s 390676 | grad_norm 0.437
step 1910/11342 | loss 3.3749 | lr_mult 0.9810 | tok/s 390717 | grad_norm 0.411
step 1920/11342 | loss 3.3630 | lr_mult 0.9806 | tok/s 390758 | grad_norm 0.439
step 1930/11342 | loss 3.4196 | lr_mult 0.9802 | tok/s 390800 | grad_norm 0.432
step 1940/11342 | loss 3.4241 | lr_mult 0.9798 | tok/s 390841 | grad_norm 0.425
step 1950/11342 | loss 3.4025 | lr_mult 0.9793 | tok/s 390883 | grad_norm 0.458
step 1960/11342 | loss 3.3584 | lr_mult 0.9789 | tok/s 390924 | grad_norm 0.399
step 1970/11342 | loss 3.3965 | lr_mult 0.9785 | tok/s 390965 | grad_norm 0.477
step 1980/11342 | loss 3.3363 | lr_mult 0.9780 | tok/s 391005 | grad_norm 0.403
step 1990/11342 | loss 3.3232 | lr_mult 0.9776 | tok/s 391044 | grad_norm 0.410
step 2000/11342 | loss 3.3688 | lr_mult 0.9771 | tok/s 391083 | grad_norm 0.378
step 2000/11342 | val_loss 3.3487
step 2010/11342 | loss 3.4016 | lr_mult 0.9767 | tok/s 389682 | grad_norm 0.395
step 2020/11342 | loss 3.3533 | lr_mult 0.9762 | tok/s 389730 | grad_norm 0.402
step 2030/11342 | loss 3.3556 | lr_mult 0.9757 | tok/s 389776 | grad_norm 0.420
step 2040/11342 | loss 3.3675 | lr_mult 0.9753 | tok/s 389821 | grad_norm 0.396
step 2050/11342 | loss 3.2948 | lr_mult 0.9748 | tok/s 389866 | grad_norm 0.422
step 2060/11342 | loss 3.3703 | lr_mult 0.9743 | tok/s 389910 | grad_norm 0.429
step 2070/11342 | loss 3.3731 | lr_mult 0.9738 | tok/s 389954 | grad_norm 0.410
step 2080/11342 | loss 3.3701 | lr_mult 0.9733 | tok/s 389998 | grad_norm 0.391
step 2090/11342 | loss 3.3670 | lr_mult 0.9728 | tok/s 390041 | grad_norm 0.423
step 2100/11342 | loss 3.3629 | lr_mult 0.9723 | tok/s 390083 | grad_norm 0.429
step 2110/11342 | loss 3.3728 | lr_mult 0.9718 | tok/s 390126 | grad_norm 0.372
step 2120/11342 | loss 3.3515 | lr_mult 0.9713 | tok/s 390167 | grad_norm 0.412
step 2130/11342 | loss 3.3174 | lr_mult 0.9708 | tok/s 390208 | grad_norm 0.386
step 2140/11342 | loss 3.3000 | lr_mult 0.9703 | tok/s 390248 | grad_norm 0.413
step 2150/11342 | loss 3.3496 | lr_mult 0.9698 | tok/s 390289 | grad_norm 0.412
step 2160/11342 | loss 3.3635 | lr_mult 0.9693 | tok/s 390330 | grad_norm 0.398
step 2170/11342 | loss 3.3525 | lr_mult 0.9688 | tok/s 390369 | grad_norm 0.394
step 2180/11342 | loss 3.3177 | lr_mult 0.9682 | tok/s 390408 | grad_norm 0.384
step 2190/11342 | loss 3.3073 | lr_mult 0.9677 | tok/s 390448 | grad_norm 0.437
step 2200/11342 | loss 3.3206 | lr_mult 0.9671 | tok/s 390488 | grad_norm 0.457
step 2210/11342 | loss 3.3653 | lr_mult 0.9666 | tok/s 390527 | grad_norm 0.402
step 2220/11342 | loss 3.3034 | lr_mult 0.9661 | tok/s 390565 | grad_norm 0.378
step 2230/11342 | loss 3.3108 | lr_mult 0.9655 | tok/s 390603 | grad_norm 0.386
step 2240/11342 | loss 3.3393 | lr_mult 0.9649 | tok/s 390641 | grad_norm 0.397
step 2250/11342 | loss 3.3274 | lr_mult 0.9644 | tok/s 390678 | grad_norm 0.341
step 2260/11342 | loss 3.3241 | lr_mult 0.9638 | tok/s 390714 | grad_norm 0.360
step 2270/11342 | loss 3.3260 | lr_mult 0.9633 | tok/s 390747 | grad_norm 0.402
step 2280/11342 | loss 3.2817 | lr_mult 0.9627 | tok/s 390783 | grad_norm 0.417
step 2290/11342 | loss 3.2862 | lr_mult 0.9621 | tok/s 390819 | grad_norm 0.358
step 2300/11342 | loss 3.2933 | lr_mult 0.9615 | tok/s 390855 | grad_norm 0.389
step 2310/11342 | loss 3.3067 | lr_mult 0.9609 | tok/s 390891 | grad_norm 0.344
step 2320/11342 | loss 3.3102 | lr_mult 0.9603 | tok/s 390927 | grad_norm 0.396
step 2330/11342 | loss 3.2745 | lr_mult 0.9597 | tok/s 390963 | grad_norm 0.368
step 2340/11342 | loss 3.3380 | lr_mult 0.9591 | tok/s 390999 | grad_norm 0.359
step 2350/11342 | loss 3.3063 | lr_mult 0.9585 | tok/s 391032 | grad_norm 0.369
step 2360/11342 | loss 3.2680 | lr_mult 0.9579 | tok/s 391067 | grad_norm 0.360
step 2370/11342 | loss 3.3259 | lr_mult 0.9573 | tok/s 391100 | grad_norm 0.378
step 2380/11342 | loss 3.3058 | lr_mult 0.9567 | tok/s 391135 | grad_norm 0.361
step 2390/11342 | loss 3.3183 | lr_mult 0.9561 | tok/s 391167 | grad_norm 0.390
step 2400/11342 | loss 3.3126 | lr_mult 0.9555 | tok/s 391201 | grad_norm 0.389
step 2410/11342 | loss 3.2666 | lr_mult 0.9548 | tok/s 391234 | grad_norm 0.369
step 2420/11342 | loss 3.3154 | lr_mult 0.9542 | tok/s 391266 | grad_norm 0.389
step 2430/11342 | loss 3.2909 | lr_mult 0.9536 | tok/s 391299 | grad_norm 0.394
step 2440/11342 | loss 3.2639 | lr_mult 0.9529 | tok/s 391330 | grad_norm 0.378
step 2450/11342 | loss 3.3273 | lr_mult 0.9523 | tok/s 391361 | grad_norm 0.354
step 2460/11342 | loss 3.3326 | lr_mult 0.9516 | tok/s 391393 | grad_norm 0.389
step 2470/11342 | loss 3.2970 | lr_mult 0.9510 | tok/s 391422 | grad_norm 0.398
step 2480/11342 | loss 3.2660 | lr_mult 0.9503 | tok/s 391453 | grad_norm 0.375
step 2490/11342 | loss 3.2697 | lr_mult 0.9497 | tok/s 391483 | grad_norm 0.356
step 2500/11342 | loss 3.2818 | lr_mult 0.9490 | tok/s 391513 | grad_norm 0.353
step 2500/11342 | val_loss 3.2751
step 2510/11342 | loss 3.3017 | lr_mult 0.9483 | tok/s 390389 | grad_norm 0.377
step 2520/11342 | loss 3.2636 | lr_mult 0.9476 | tok/s 390424 | grad_norm 0.348
step 2530/11342 | loss 3.2490 | lr_mult 0.9470 | tok/s 390457 | grad_norm 0.364
step 2540/11342 | loss 3.2897 | lr_mult 0.9463 | tok/s 390490 | grad_norm 0.351
step 2550/11342 | loss 3.2769 | lr_mult 0.9456 | tok/s 390523 | grad_norm 0.383
step 2560/11342 | loss 3.2859 | lr_mult 0.9449 | tok/s 390556 | grad_norm 0.328
step 2570/11342 | loss 3.3104 | lr_mult 0.9442 | tok/s 390589 | grad_norm 0.343
step 2580/11342 | loss 3.2468 | lr_mult 0.9435 | tok/s 390622 | grad_norm 0.365
step 2590/11342 | loss 3.2668 | lr_mult 0.9428 | tok/s 390653 | grad_norm 0.404
step 2600/11342 | loss 3.2465 | lr_mult 0.9421 | tok/s 390686 | grad_norm 0.381
step 2610/11342 | loss 3.2339 | lr_mult 0.9414 | tok/s 390718 | grad_norm 0.355
step 2620/11342 | loss 3.2462 | lr_mult 0.9407 | tok/s 390750 | grad_norm 0.360
step 2630/11342 | loss 3.2920 | lr_mult 0.9399 | tok/s 390781 | grad_norm 0.372
step 2640/11342 | loss 3.2579 | lr_mult 0.9392 | tok/s 390812 | grad_norm 0.385
step 2650/11342 | loss 3.2491 | lr_mult 0.9385 | tok/s 390844 | grad_norm 0.340
step 2660/11342 | loss 3.2546 | lr_mult 0.9378 | tok/s 390874 | grad_norm 0.379
step 2670/11342 | loss 3.2456 | lr_mult 0.9370 | tok/s 390905 | grad_norm 0.353
step 2680/11342 | loss 3.2865 | lr_mult 0.9363 | tok/s 390935 | grad_norm 0.327
step 2690/11342 | loss 3.3293 | lr_mult 0.9355 | tok/s 390965 | grad_norm 0.347
step 2700/11342 | loss 3.2843 | lr_mult 0.9348 | tok/s 390994 | grad_norm 0.341
step 2710/11342 | loss 3.2658 | lr_mult 0.9340 | tok/s 391023 | grad_norm 0.342
step 2720/11342 | loss 3.2920 | lr_mult 0.9333 | tok/s 391051 | grad_norm 0.351
step 2730/11342 | loss 3.2373 | lr_mult 0.9325 | tok/s 391080 | grad_norm 0.322
step 2740/11342 | loss 3.2569 | lr_mult 0.9318 | tok/s 391108 | grad_norm 0.345
step 2750/11342 | loss 3.2529 | lr_mult 0.9310 | tok/s 391137 | grad_norm 0.306
step 2760/11342 | loss 3.2752 | lr_mult 0.9302 | tok/s 391165 | grad_norm 0.353
step 2770/11342 | loss 3.3018 | lr_mult 0.9295 | tok/s 391192 | grad_norm 0.312
step 2780/11342 | loss 3.2690 | lr_mult 0.9287 | tok/s 391220 | grad_norm 0.331
step 2790/11342 | loss 3.2440 | lr_mult 0.9279 | tok/s 391247 | grad_norm 0.317
step 2800/11342 | loss 3.2544 | lr_mult 0.9271 | tok/s 391275 | grad_norm 0.355
step 2810/11342 | loss 3.2277 | lr_mult 0.9263 | tok/s 391303 | grad_norm 0.332
step 2820/11342 | loss 3.2439 | lr_mult 0.9255 | tok/s 391330 | grad_norm 0.352
step 2830/11342 | loss 3.2243 | lr_mult 0.9247 | tok/s 391357 | grad_norm 0.332
step 2840/11342 | loss 3.2238 | lr_mult 0.9239 | tok/s 391384 | grad_norm 0.338
step 2850/11342 | loss 3.2282 | lr_mult 0.9231 | tok/s 391409 | grad_norm 0.342
step 2860/11342 | loss 3.2668 | lr_mult 0.9223 | tok/s 391436 | grad_norm 0.339
step 2870/11342 | loss 3.2644 | lr_mult 0.9215 | tok/s 391462 | grad_norm 0.333
step 2880/11342 | loss 3.2272 | lr_mult 0.9207 | tok/s 391489 | grad_norm 0.390
step 2890/11342 | loss 3.2062 | lr_mult 0.9198 | tok/s 391515 | grad_norm 0.343
step 2900/11342 | loss 3.2612 | lr_mult 0.9190 | tok/s 391541 | grad_norm 0.315
step 2910/11342 | loss 3.2525 | lr_mult 0.9182 | tok/s 391567 | grad_norm 0.385
step 2920/11342 | loss 3.2894 | lr_mult 0.9173 | tok/s 391593 | grad_norm 0.337
step 2930/11342 | loss 3.2744 | lr_mult 0.9165 | tok/s 391618 | grad_norm 0.314
step 2940/11342 | loss 3.2783 | lr_mult 0.9157 | tok/s 391644 | grad_norm 0.344
step 2950/11342 | loss 3.2107 | lr_mult 0.9148 | tok/s 391668 | grad_norm 0.343
step 2960/11342 | loss 3.1972 | lr_mult 0.9140 | tok/s 391693 | grad_norm 0.340
step 2970/11342 | loss 3.2455 | lr_mult 0.9131 | tok/s 391717 | grad_norm 0.343
step 2980/11342 | loss 3.2461 | lr_mult 0.9123 | tok/s 391741 | grad_norm 0.326
step 2990/11342 | loss 3.2001 | lr_mult 0.9114 | tok/s 391766 | grad_norm 0.352
step 3000/11342 | loss 3.2522 | lr_mult 0.9105 | tok/s 391790 | grad_norm 0.331
step 3000/11342 | val_loss 3.2234
step 3010/11342 | loss 3.2293 | lr_mult 0.9097 | tok/s 390850 | grad_norm 0.308
step 3020/11342 | loss 3.2121 | lr_mult 0.9088 | tok/s 390877 | grad_norm 0.348
step 3030/11342 | loss 3.2154 | lr_mult 0.9079 | tok/s 390905 | grad_norm 0.320
step 3040/11342 | loss 3.1999 | lr_mult 0.9070 | tok/s 390932 | grad_norm 0.311
step 3050/11342 | loss 3.2277 | lr_mult 0.9061 | tok/s 390958 | grad_norm 0.313
step 3060/11342 | loss 3.2485 | lr_mult 0.9053 | tok/s 390985 | grad_norm 0.306
step 3070/11342 | loss 3.2389 | lr_mult 0.9044 | tok/s 391011 | grad_norm 0.372
step 3080/11342 | loss 3.2347 | lr_mult 0.9035 | tok/s 391038 | grad_norm 0.296
step 3090/11342 | loss 3.2217 | lr_mult 0.9026 | tok/s 391063 | grad_norm 0.315
step 3100/11342 | loss 3.2392 | lr_mult 0.9017 | tok/s 391089 | grad_norm 0.307
step 3110/11342 | loss 3.2666 | lr_mult 0.9008 | tok/s 391115 | grad_norm 0.319
step 3120/11342 | loss 3.2321 | lr_mult 0.8999 | tok/s 391141 | grad_norm 0.320
step 3130/11342 | loss 3.2506 | lr_mult 0.8989 | tok/s 391167 | grad_norm 0.307
step 3140/11342 | loss 3.2355 | lr_mult 0.8980 | tok/s 391192 | grad_norm 0.297
step 3150/11342 | loss 3.2160 | lr_mult 0.8971 | tok/s 391217 | grad_norm 0.291
step 3160/11342 | loss 3.2517 | lr_mult 0.8962 | tok/s 391242 | grad_norm 0.346
step 3170/11342 | loss 3.1803 | lr_mult 0.8952 | tok/s 391267 | grad_norm 0.305
step 3180/11342 | loss 3.1964 | lr_mult 0.8943 | tok/s 391291 | grad_norm 0.295
step 3190/11342 | loss 3.2110 | lr_mult 0.8934 | tok/s 391316 | grad_norm 0.308
step 3200/11342 | loss 3.2245 | lr_mult 0.8924 | tok/s 391339 | grad_norm 0.323
step 3210/11342 | loss 3.1824 | lr_mult 0.8915 | tok/s 391364 | grad_norm 0.333
step 3220/11342 | loss 3.1805 | lr_mult 0.8906 | tok/s 391388 | grad_norm 0.297
step 3230/11342 | loss 3.2005 | lr_mult 0.8896 | tok/s 391412 | grad_norm 0.301
step 3240/11342 | loss 3.1922 | lr_mult 0.8886 | tok/s 391435 | grad_norm 0.316
step 3250/11342 | loss 3.2406 | lr_mult 0.8877 | tok/s 391459 | grad_norm 0.325
step 3260/11342 | loss 3.2328 | lr_mult 0.8867 | tok/s 391483 | grad_norm 0.327
step 3270/11342 | loss 3.2306 | lr_mult 0.8858 | tok/s 391506 | grad_norm 0.307
step 3280/11342 | loss 3.1392 | lr_mult 0.8848 | tok/s 391530 | grad_norm 0.316
step 3290/11342 | loss 3.2702 | lr_mult 0.8838 | tok/s 391554 | grad_norm 0.327
step 3300/11342 | loss 3.2070 | lr_mult 0.8828 | tok/s 391576 | grad_norm 0.292
step 3310/11342 | loss 3.2361 | lr_mult 0.8819 | tok/s 391598 | grad_norm 0.312
step 3320/11342 | loss 3.1565 | lr_mult 0.8809 | tok/s 391621 | grad_norm 0.331
step 3330/11342 | loss 3.2095 | lr_mult 0.8799 | tok/s 391644 | grad_norm 0.310
step 3340/11342 | loss 3.2139 | lr_mult 0.8789 | tok/s 391666 | grad_norm 0.301
step 3350/11342 | loss 3.2312 | lr_mult 0.8779 | tok/s 391688 | grad_norm 0.283
step 3360/11342 | loss 3.1800 | lr_mult 0.8769 | tok/s 391711 | grad_norm 0.311
step 3370/11342 | loss 3.2001 | lr_mult 0.8759 | tok/s 391733 | grad_norm 0.275
step 3380/11342 | loss 3.1919 | lr_mult 0.8749 | tok/s 391755 | grad_norm 0.317
step 3390/11342 | loss 3.2599 | lr_mult 0.8739 | tok/s 391776 | grad_norm 0.291
step 3400/11342 | loss 3.2075 | lr_mult 0.8729 | tok/s 391797 | grad_norm 0.296
step 3410/11342 | loss 3.1815 | lr_mult 0.8719 | tok/s 391818 | grad_norm 0.325
step 3420/11342 | loss 3.2018 | lr_mult 0.8709 | tok/s 391840 | grad_norm 0.308
step 3430/11342 | loss 3.1824 | lr_mult 0.8699 | tok/s 391862 | grad_norm 0.287
step 3440/11342 | loss 3.1736 | lr_mult 0.8688 | tok/s 391884 | grad_norm 0.288
step 3450/11342 | loss 3.1686 | lr_mult 0.8678 | tok/s 391904 | grad_norm 0.300
step 3460/11342 | loss 3.1810 | lr_mult 0.8668 | tok/s 391925 | grad_norm 0.291
step 3470/11342 | loss 3.1528 | lr_mult 0.8657 | tok/s 391946 | grad_norm 0.314
step 3480/11342 | loss 3.1977 | lr_mult 0.8647 | tok/s 391967 | grad_norm 0.280
step 3490/11342 | loss 3.1802 | lr_mult 0.8637 | tok/s 391987 | grad_norm 0.270
step 3500/11342 | loss 3.1913 | lr_mult 0.8626 | tok/s 392008 | grad_norm 0.323
step 3500/11342 | val_loss 3.1827
step 3510/11342 | loss 3.1850 | lr_mult 0.8616 | tok/s 391200 | grad_norm 0.315
step 3520/11342 | loss 3.1884 | lr_mult 0.8605 | tok/s 391223 | grad_norm 0.306
step 3530/11342 | loss 3.1769 | lr_mult 0.8595 | tok/s 391247 | grad_norm 0.285
step 3540/11342 | loss 3.1935 | lr_mult 0.8584 | tok/s 391269 | grad_norm 0.305
step 3550/11342 | loss 3.2056 | lr_mult 0.8573 | tok/s 391291 | grad_norm 0.278
step 3560/11342 | loss 3.2168 | lr_mult 0.8563 | tok/s 391313 | grad_norm 0.293
step 3570/11342 | loss 3.1903 | lr_mult 0.8552 | tok/s 391336 | grad_norm 0.310
step 3580/11342 | loss 3.2233 | lr_mult 0.8541 | tok/s 391357 | grad_norm 0.303
step 3590/11342 | loss 3.1815 | lr_mult 0.8531 | tok/s 391379 | grad_norm 0.293
step 3600/11342 | loss 3.2271 | lr_mult 0.8520 | tok/s 391400 | grad_norm 0.321
step 3610/11342 | loss 3.1720 | lr_mult 0.8509 | tok/s 391421 | grad_norm 0.289
step 3620/11342 | loss 3.2084 | lr_mult 0.8498 | tok/s 391443 | grad_norm 0.309
step 3630/11342 | loss 3.1763 | lr_mult 0.8487 | tok/s 391464 | grad_norm 0.281
step 3640/11342 | loss 3.1686 | lr_mult 0.8477 | tok/s 391486 | grad_norm 0.301
step 3650/11342 | loss 3.2007 | lr_mult 0.8466 | tok/s 391506 | grad_norm 0.292
step 3660/11342 | loss 3.2190 | lr_mult 0.8455 | tok/s 391527 | grad_norm 0.293
step 3670/11342 | loss 3.2177 | lr_mult 0.8444 | tok/s 391548 | grad_norm 0.266
step 3680/11342 | loss 3.1758 | lr_mult 0.8433 | tok/s 391569 | grad_norm 0.272
step 3690/11342 | loss 3.1675 | lr_mult 0.8422 | tok/s 391589 | grad_norm 0.267
step 3700/11342 | loss 3.1599 | lr_mult 0.8410 | tok/s 391610 | grad_norm 0.288
step 3710/11342 | loss 3.1698 | lr_mult 0.8399 | tok/s 391630 | grad_norm 0.265
step 3720/11342 | loss 3.1586 | lr_mult 0.8388 | tok/s 391650 | grad_norm 0.274
step 3730/11342 | loss 3.1507 | lr_mult 0.8377 | tok/s 391670 | grad_norm 0.315
step 3740/11342 | loss 3.1772 | lr_mult 0.8366 | tok/s 391690 | grad_norm 0.291
step 3750/11342 | loss 3.1779 | lr_mult 0.8355 | tok/s 391710 | grad_norm 0.264
step 3760/11342 | loss 3.1088 | lr_mult 0.8343 | tok/s 391729 | grad_norm 0.264
step 3770/11342 | loss 3.1685 | lr_mult 0.8332 | tok/s 391749 | grad_norm 0.265
step 3780/11342 | loss 3.1762 | lr_mult 0.8321 | tok/s 391769 | grad_norm 0.258
step 3790/11342 | loss 3.1787 | lr_mult 0.8309 | tok/s 391788 | grad_norm 0.265
step 3800/11342 | loss 3.1957 | lr_mult 0.8298 | tok/s 391808 | grad_norm 0.271
step 3810/11342 | loss 3.1987 | lr_mult 0.8286 | tok/s 391827 | grad_norm 0.282
step 3820/11342 | loss 3.1298 | lr_mult 0.8275 | tok/s 391847 | grad_norm 0.284
step 3830/11342 | loss 3.1648 | lr_mult 0.8263 | tok/s 391866 | grad_norm 0.251
step 3840/11342 | loss 3.2034 | lr_mult 0.8252 | tok/s 391884 | grad_norm 0.290
step 3850/11342 | loss 3.1777 | lr_mult 0.8240 | tok/s 391903 | grad_norm 0.279
step 3860/11342 | loss 3.1602 | lr_mult 0.8229 | tok/s 391922 | grad_norm 0.281
step 3870/11342 | loss 3.1843 | lr_mult 0.8217 | tok/s 391940 | grad_norm 0.267
step 3880/11342 | loss 3.1362 | lr_mult 0.8206 | tok/s 391959 | grad_norm 0.288
step 3890/11342 | loss 3.1929 | lr_mult 0.8194 | tok/s 391978 | grad_norm 0.274
step 3900/11342 | loss 3.1563 | lr_mult 0.8182 | tok/s 391996 | grad_norm 0.277
step 3910/11342 | loss 3.1812 | lr_mult 0.8170 | tok/s 392015 | grad_norm 0.277
step 3920/11342 | loss 3.1953 | lr_mult 0.8159 | tok/s 392033 | grad_norm 0.286
step 3930/11342 | loss 3.1584 | lr_mult 0.8147 | tok/s 392051 | grad_norm 0.292
step 3940/11342 | loss 3.1563 | lr_mult 0.8135 | tok/s 392069 | grad_norm 0.252
step 3950/11342 | loss 3.1621 | lr_mult 0.8123 | tok/s 392087 | grad_norm 0.265
step 3960/11342 | loss 3.2087 | lr_mult 0.8111 | tok/s 392104 | grad_norm 0.261
step 3970/11342 | loss 3.1708 | lr_mult 0.8099 | tok/s 392122 | grad_norm 0.273
step 3980/11342 | loss 3.1566 | lr_mult 0.8088 | tok/s 392140 | grad_norm 0.269
step 3990/11342 | loss 3.1400 | lr_mult 0.8076 | tok/s 392158 | grad_norm 0.265
step 4000/11342 | loss 3.1545 | lr_mult 0.8064 | tok/s 392175 | grad_norm 0.250
step 4000/11342 | val_loss 3.1461
step 4010/11342 | loss 3.1823 | lr_mult 0.8052 | tok/s 391467 | grad_norm 0.272
step 4020/11342 | loss 3.1520 | lr_mult 0.8039 | tok/s 391486 | grad_norm 0.283
step 4030/11342 | loss 3.1768 | lr_mult 0.8027 | tok/s 391505 | grad_norm 0.275
step 4040/11342 | loss 3.1504 | lr_mult 0.8015 | tok/s 391524 | grad_norm 0.259
step 4050/11342 | loss 3.1986 | lr_mult 0.8003 | tok/s 391542 | grad_norm 0.242
step 4060/11342 | loss 3.1478 | lr_mult 0.7991 | tok/s 391561 | grad_norm 0.267
step 4070/11342 | loss 3.1244 | lr_mult 0.7979 | tok/s 391579 | grad_norm 0.256
step 4080/11342 | loss 3.1508 | lr_mult 0.7967 | tok/s 391597 | grad_norm 0.261
step 4090/11342 | loss 3.1875 | lr_mult 0.7954 | tok/s 391615 | grad_norm 0.259
step 4100/11342 | loss 3.1998 | lr_mult 0.7942 | tok/s 391633 | grad_norm 0.249
step 4110/11342 | loss 3.1299 | lr_mult 0.7930 | tok/s 391651 | grad_norm 0.245
step 4120/11342 | loss 3.1319 | lr_mult 0.7918 | tok/s 391669 | grad_norm 0.261
step 4130/11342 | loss 3.1137 | lr_mult 0.7905 | tok/s 391687 | grad_norm 0.282
step 4140/11342 | loss 3.1846 | lr_mult 0.7893 | tok/s 391705 | grad_norm 0.274
step 4150/11342 | loss 3.1610 | lr_mult 0.7880 | tok/s 391722 | grad_norm 0.255
step 4160/11342 | loss 3.1452 | lr_mult 0.7868 | tok/s 391739 | grad_norm 0.257
step 4170/11342 | loss 3.1722 | lr_mult 0.7855 | tok/s 391757 | grad_norm 0.269
step 4180/11342 | loss 3.1316 | lr_mult 0.7843 | tok/s 391774 | grad_norm 0.235
step 4190/11342 | loss 3.1311 | lr_mult 0.7831 | tok/s 391791 | grad_norm 0.241
step 4200/11342 | loss 3.1234 | lr_mult 0.7818 | tok/s 391808 | grad_norm 0.256
step 4210/11342 | loss 3.1510 | lr_mult 0.7805 | tok/s 391825 | grad_norm 0.250
step 4220/11342 | loss 3.1315 | lr_mult 0.7793 | tok/s 391842 | grad_norm 0.257
step 4230/11342 | loss 3.1122 | lr_mult 0.7780 | tok/s 391859 | grad_norm 0.259
step 4240/11342 | loss 3.1370 | lr_mult 0.7768 | tok/s 391876 | grad_norm 0.254
step 4250/11342 | loss 3.1674 | lr_mult 0.7755 | tok/s 391893 | grad_norm 0.241
step 4260/11342 | loss 3.1322 | lr_mult 0.7742 | tok/s 391911 | grad_norm 0.261
step 4270/11342 | loss 3.1546 | lr_mult 0.7730 | tok/s 391927 | grad_norm 0.246
step 4280/11342 | loss 3.1134 | lr_mult 0.7717 | tok/s 391944 | grad_norm 0.260
step 4290/11342 | loss 3.1316 | lr_mult 0.7704 | tok/s 391960 | grad_norm 0.255
step 4300/11342 | loss 3.1264 | lr_mult 0.7691 | tok/s 391977 | grad_norm 0.243
step 4310/11342 | loss 3.1183 | lr_mult 0.7678 | tok/s 391993 | grad_norm 0.236
step 4320/11342 | loss 3.1724 | lr_mult 0.7666 | tok/s 392010 | grad_norm 0.244
step 4330/11342 | loss 3.1377 | lr_mult 0.7653 | tok/s 392026 | grad_norm 0.262
step 4340/11342 | loss 3.1311 | lr_mult 0.7640 | tok/s 392042 | grad_norm 0.247
step 4350/11342 | loss 3.1078 | lr_mult 0.7627 | tok/s 392058 | grad_norm 0.243
step 4360/11342 | loss 3.1442 | lr_mult 0.7614 | tok/s 392074 | grad_norm 0.239
step 4370/11342 | loss 3.1774 | lr_mult 0.7601 | tok/s 392090 | grad_norm 0.237
step 4380/11342 | loss 3.1554 | lr_mult 0.7588 | tok/s 392106 | grad_norm 0.237
step 4390/11342 | loss 3.1315 | lr_mult 0.7575 | tok/s 392121 | grad_norm 0.248
step 4400/11342 | loss 3.1058 | lr_mult 0.7562 | tok/s 392137 | grad_norm 0.270
step 4410/11342 | loss 3.1158 | lr_mult 0.7549 | tok/s 392153 | grad_norm 0.244
step 4420/11342 | loss 3.1162 | lr_mult 0.7536 | tok/s 392169 | grad_norm 0.226
step 4430/11342 | loss 3.1461 | lr_mult 0.7523 | tok/s 392184 | grad_norm 0.236
step 4440/11342 | loss 3.1592 | lr_mult 0.7510 | tok/s 392200 | grad_norm 0.243
step 4450/11342 | loss 3.1255 | lr_mult 0.7496 | tok/s 392215 | grad_norm 0.257
step 4460/11342 | loss 3.1313 | lr_mult 0.7483 | tok/s 392230 | grad_norm 0.235
step 4470/11342 | loss 3.0932 | lr_mult 0.7470 | tok/s 392245 | grad_norm 0.233
step 4480/11342 | loss 3.1071 | lr_mult 0.7457 | tok/s 392261 | grad_norm 0.224
step 4490/11342 | loss 3.1417 | lr_mult 0.7444 | tok/s 392276 | grad_norm 0.259
step 4500/11342 | loss 3.1329 | lr_mult 0.7430 | tok/s 392291 | grad_norm 0.228
step 4500/11342 | val_loss 3.1185
step 4510/11342 | loss 3.1109 | lr_mult 0.7417 | tok/s 391662 | grad_norm 0.236
step 4520/11342 | loss 3.1066 | lr_mult 0.7404 | tok/s 391679 | grad_norm 0.234
step 4530/11342 | loss 3.1209 | lr_mult 0.7390 | tok/s 391695 | grad_norm 0.244
step 4540/11342 | loss 3.1255 | lr_mult 0.7377 | tok/s 391711 | grad_norm 0.224
step 4550/11342 | loss 3.1178 | lr_mult 0.7364 | tok/s 391728 | grad_norm 0.214
step 4560/11342 | loss 3.0916 | lr_mult 0.7350 | tok/s 391744 | grad_norm 0.243
step 4570/11342 | loss 3.0817 | lr_mult 0.7337 | tok/s 391760 | grad_norm 0.216
step 4580/11342 | loss 3.1372 | lr_mult 0.7324 | tok/s 391776 | grad_norm 0.244
step 4590/11342 | loss 3.1119 | lr_mult 0.7310 | tok/s 391791 | grad_norm 0.231
step 4600/11342 | loss 3.1290 | lr_mult 0.7297 | tok/s 391807 | grad_norm 0.239
step 4610/11342 | loss 3.1450 | lr_mult 0.7283 | tok/s 391824 | grad_norm 0.254
step 4620/11342 | loss 3.0926 | lr_mult 0.7270 | tok/s 391839 | grad_norm 0.230
step 4630/11342 | loss 3.1161 | lr_mult 0.7256 | tok/s 391855 | grad_norm 0.246
step 4640/11342 | loss 3.1162 | lr_mult 0.7242 | tok/s 391870 | grad_norm 0.214
step 4650/11342 | loss 3.1113 | lr_mult 0.7229 | tok/s 391886 | grad_norm 0.221
step 4660/11342 | loss 3.0955 | lr_mult 0.7215 | tok/s 391901 | grad_norm 0.224
step 4670/11342 | loss 3.0642 | lr_mult 0.7202 | tok/s 391916 | grad_norm 0.237
step 4680/11342 | loss 3.0977 | lr_mult 0.7188 | tok/s 391931 | grad_norm 0.243
step 4690/11342 | loss 3.0970 | lr_mult 0.7174 | tok/s 391947 | grad_norm 0.263
step 4700/11342 | loss 3.1688 | lr_mult 0.7161 | tok/s 391962 | grad_norm 0.229
step 4710/11342 | loss 3.0892 | lr_mult 0.7147 | tok/s 391977 | grad_norm 0.215
step 4720/11342 | loss 3.0996 | lr_mult 0.7133 | tok/s 391992 | grad_norm 0.231
step 4730/11342 | loss 3.1264 | lr_mult 0.7119 | tok/s 392007 | grad_norm 0.225
step 4740/11342 | loss 3.1110 | lr_mult 0.7106 | tok/s 392021 | grad_norm 0.225
step 4750/11342 | loss 3.1397 | lr_mult 0.7092 | tok/s 392036 | grad_norm 0.231
step 4760/11342 | loss 3.0663 | lr_mult 0.7078 | tok/s 392051 | grad_norm 0.224
step 4770/11342 | loss 3.1046 | lr_mult 0.7064 | tok/s 392065 | grad_norm 0.228
step 4780/11342 | loss 3.0893 | lr_mult 0.7050 | tok/s 392080 | grad_norm 0.217
step 4790/11342 | loss 3.1006 | lr_mult 0.7037 | tok/s 392094 | grad_norm 0.222
step 4800/11342 | loss 3.1198 | lr_mult 0.7023 | tok/s 392109 | grad_norm 0.234
step 4810/11342 | loss 3.1212 | lr_mult 0.7009 | tok/s 392124 | grad_norm 0.231
step 4820/11342 | loss 3.1263 | lr_mult 0.6995 | tok/s 392139 | grad_norm 0.217
step 4830/11342 | loss 3.1166 | lr_mult 0.6981 | tok/s 392153 | grad_norm 0.227
step 4840/11342 | loss 3.1311 | lr_mult 0.6967 | tok/s 392167 | grad_norm 0.201
step 4850/11342 | loss 3.1513 | lr_mult 0.6953 | tok/s 392182 | grad_norm 0.228
step 4860/11342 | loss 3.1353 | lr_mult 0.6939 | tok/s 392196 | grad_norm 0.227
step 4870/11342 | loss 3.0833 | lr_mult 0.6925 | tok/s 392210 | grad_norm 0.230
step 4880/11342 | loss 3.1270 | lr_mult 0.6911 | tok/s 392224 | grad_norm 0.222
step 4890/11342 | loss 3.0926 | lr_mult 0.6897 | tok/s 392238 | grad_norm 0.229
step 4900/11342 | loss 3.1347 | lr_mult 0.6883 | tok/s 392252 | grad_norm 0.231
step 4910/11342 | loss 3.1275 | lr_mult 0.6869 | tok/s 392266 | grad_norm 0.214
step 4920/11342 | loss 3.1114 | lr_mult 0.6855 | tok/s 392280 | grad_norm 0.217
step 4930/11342 | loss 3.0984 | lr_mult 0.6841 | tok/s 392294 | grad_norm 0.238
step 4940/11342 | loss 3.0742 | lr_mult 0.6826 | tok/s 392307 | grad_norm 0.207
step 4950/11342 | loss 3.1300 | lr_mult 0.6812 | tok/s 392321 | grad_norm 0.218
step 4960/11342 | loss 3.1176 | lr_mult 0.6798 | tok/s 392334 | grad_norm 0.218
step 4970/11342 | loss 3.0949 | lr_mult 0.6784 | tok/s 392348 | grad_norm 0.199
step 4980/11342 | loss 3.0905 | lr_mult 0.6770 | tok/s 392361 | grad_norm 0.221
step 4990/11342 | loss 3.1345 | lr_mult 0.6756 | tok/s 392375 | grad_norm 0.215
step 5000/11342 | loss 3.0892 | lr_mult 0.6741 | tok/s 392388 | grad_norm 0.218
step 5000/11342 | val_loss 3.0912
step 5010/11342 | loss 3.1373 | lr_mult 0.6727 | tok/s 391820 | grad_norm 0.222
step 5020/11342 | loss 3.0842 | lr_mult 0.6713 | tok/s 391835 | grad_norm 0.211
step 5030/11342 | loss 3.1106 | lr_mult 0.6699 | tok/s 391850 | grad_norm 0.220
step 5040/11342 | loss 3.1202 | lr_mult 0.6684 | tok/s 391864 | grad_norm 0.224
step 5050/11342 | loss 3.1094 | lr_mult 0.6670 | tok/s 391879 | grad_norm 0.217
step 5060/11342 | loss 3.1059 | lr_mult 0.6656 | tok/s 391893 | grad_norm 0.198
step 5070/11342 | loss 3.0771 | lr_mult 0.6641 | tok/s 391907 | grad_norm 0.203
step 5080/11342 | loss 3.0910 | lr_mult 0.6627 | tok/s 391921 | grad_norm 0.212
step 5090/11342 | loss 3.1014 | lr_mult 0.6613 | tok/s 391935 | grad_norm 0.235
step 5100/11342 | loss 3.0944 | lr_mult 0.6598 | tok/s 391949 | grad_norm 0.218
step 5110/11342 | loss 3.1137 | lr_mult 0.6584 | tok/s 391963 | grad_norm 0.203
step 5120/11342 | loss 3.0717 | lr_mult 0.6569 | tok/s 391977 | grad_norm 0.217
step 5130/11342 | loss 3.1048 | lr_mult 0.6555 | tok/s 391991 | grad_norm 0.212
step 5140/11342 | loss 3.0962 | lr_mult 0.6540 | tok/s 392005 | grad_norm 0.225
step 5150/11342 | loss 3.0828 | lr_mult 0.6526 | tok/s 392018 | grad_norm 0.197
step 5160/11342 | loss 3.0915 | lr_mult 0.6512 | tok/s 392032 | grad_norm 0.206
step 5170/11342 | loss 3.0754 | lr_mult 0.6497 | tok/s 392046 | grad_norm 0.218
step 5180/11342 | loss 3.0951 | lr_mult 0.6483 | tok/s 392059 | grad_norm 0.191
step 5190/11342 | loss 3.0871 | lr_mult 0.6468 | tok/s 392073 | grad_norm 0.228
step 5200/11342 | loss 3.0869 | lr_mult 0.6454 | tok/s 392086 | grad_norm 0.200
step 5210/11342 | loss 3.1137 | lr_mult 0.6439 | tok/s 392099 | grad_norm 0.202
step 5220/11342 | loss 3.0935 | lr_mult 0.6424 | tok/s 392112 | grad_norm 0.202
step 5230/11342 | loss 3.0725 | lr_mult 0.6410 | tok/s 392125 | grad_norm 0.214
step 5240/11342 | loss 3.0663 | lr_mult 0.6395 | tok/s 392138 | grad_norm 0.199
step 5250/11342 | loss 3.1020 | lr_mult 0.6381 | tok/s 392152 | grad_norm 0.216
step 5260/11342 | loss 3.0764 | lr_mult 0.6366 | tok/s 392165 | grad_norm 0.226
step 5270/11342 | loss 3.1263 | lr_mult 0.6351 | tok/s 392178 | grad_norm 0.224
step 5280/11342 | loss 3.0848 | lr_mult 0.6337 | tok/s 392191 | grad_norm 0.206
step 5290/11342 | loss 3.0708 | lr_mult 0.6322 | tok/s 392204 | grad_norm 0.212
step 5300/11342 | loss 3.0790 | lr_mult 0.6308 | tok/s 392217 | grad_norm 0.195
step 5310/11342 | loss 3.0893 | lr_mult 0.6293 | tok/s 392230 | grad_norm 0.206
step 5320/11342 | loss 3.0947 | lr_mult 0.6278 | tok/s 392243 | grad_norm 0.198
step 5330/11342 | loss 3.0548 | lr_mult 0.6264 | tok/s 392256 | grad_norm 0.195
step 5340/11342 | loss 3.0919 | lr_mult 0.6249 | tok/s 392268 | grad_norm 0.201
step 5350/11342 | loss 3.1027 | lr_mult 0.6234 | tok/s 392281 | grad_norm 0.204
step 5360/11342 | loss 3.0874 | lr_mult 0.6219 | tok/s 392293 | grad_norm 0.203
step 5370/11342 | loss 3.0654 | lr_mult 0.6205 | tok/s 392306 | grad_norm 0.208
step 5380/11342 | loss 3.1247 | lr_mult 0.6190 | tok/s 392319 | grad_norm 0.202
step 5390/11342 | loss 3.0964 | lr_mult 0.6175 | tok/s 392331 | grad_norm 0.185
step 5400/11342 | loss 3.1005 | lr_mult 0.6160 | tok/s 392344 | grad_norm 0.199
step 5410/11342 | loss 3.0487 | lr_mult 0.6146 | tok/s 392356 | grad_norm 0.192
step 5420/11342 | loss 3.0874 | lr_mult 0.6131 | tok/s 392368 | grad_norm 0.197
step 5430/11342 | loss 3.0743 | lr_mult 0.6116 | tok/s 392380 | grad_norm 0.198
step 5440/11342 | loss 3.0768 | lr_mult 0.6101 | tok/s 392393 | grad_norm 0.197
step 5450/11342 | loss 3.0912 | lr_mult 0.6086 | tok/s 392405 | grad_norm 0.206
step 5460/11342 | loss 3.0706 | lr_mult 0.6072 | tok/s 392417 | grad_norm 0.186
step 5470/11342 | loss 3.1080 | lr_mult 0.6057 | tok/s 392429 | grad_norm 0.195
step 5480/11342 | loss 3.0906 | lr_mult 0.6042 | tok/s 392441 | grad_norm 0.200
step 5490/11342 | loss 3.0781 | lr_mult 0.6027 | tok/s 392453 | grad_norm 0.196
step 5500/11342 | loss 3.0810 | lr_mult 0.6012 | tok/s 392465 | grad_norm 0.209
step 5500/11342 | val_loss 3.0665
step 5510/11342 | loss 3.0492 | lr_mult 0.5997 | tok/s 391949 | grad_norm 0.203
step 5520/11342 | loss 3.0826 | lr_mult 0.5982 | tok/s 391962 | grad_norm 0.207
step 5530/11342 | loss 3.0731 | lr_mult 0.5967 | tok/s 391975 | grad_norm 0.205
step 5540/11342 | loss 3.0609 | lr_mult 0.5953 | tok/s 391988 | grad_norm 0.191
step 5550/11342 | loss 3.0347 | lr_mult 0.5938 | tok/s 392001 | grad_norm 0.191
step 5560/11342 | loss 3.0639 | lr_mult 0.5923 | tok/s 392014 | grad_norm 0.186
step 5570/11342 | loss 3.0757 | lr_mult 0.5908 | tok/s 392027 | grad_norm 0.196
step 5580/11342 | loss 3.0985 | lr_mult 0.5893 | tok/s 392039 | grad_norm 0.205
step 5590/11342 | loss 3.0965 | lr_mult 0.5878 | tok/s 392052 | grad_norm 0.195
step 5600/11342 | loss 3.0802 | lr_mult 0.5863 | tok/s 392065 | grad_norm 0.186
step 5610/11342 | loss 3.0729 | lr_mult 0.5848 | tok/s 392077 | grad_norm 0.196
step 5620/11342 | loss 3.0827 | lr_mult 0.5833 | tok/s 392090 | grad_norm 0.198
step 5630/11342 | loss 3.0942 | lr_mult 0.5818 | tok/s 392102 | grad_norm 0.186
step 5640/11342 | loss 3.0651 | lr_mult 0.5803 | tok/s 392115 | grad_norm 0.208
step 5650/11342 | loss 3.0407 | lr_mult 0.5788 | tok/s 392127 | grad_norm 0.189
step 5660/11342 | loss 3.0242 | lr_mult 0.5773 | tok/s 392140 | grad_norm 0.198
step 5670/11342 | loss 3.0807 | lr_mult 0.5758 | tok/s 392152 | grad_norm 0.194
step 5680/11342 | loss 3.1046 | lr_mult 0.5743 | tok/s 392164 | grad_norm 0.197
step 5690/11342 | loss 3.0567 | lr_mult 0.5728 | tok/s 392177 | grad_norm 0.198
step 5700/11342 | loss 3.0652 | lr_mult 0.5713 | tok/s 392189 | grad_norm 0.190
step 5710/11342 | loss 3.0497 | lr_mult 0.5698 | tok/s 392201 | grad_norm 0.198
step 5720/11342 | loss 3.0643 | lr_mult 0.5683 | tok/s 392213 | grad_norm 0.210
step 5730/11342 | loss 3.0474 | lr_mult 0.5668 | tok/s 392225 | grad_norm 0.195
step 5740/11342 | loss 3.0620 | lr_mult 0.5653 | tok/s 392238 | grad_norm 0.192
step 5750/11342 | loss 3.0512 | lr_mult 0.5638 | tok/s 392250 | grad_norm 0.193
step 5760/11342 | loss 3.0438 | lr_mult 0.5623 | tok/s 392262 | grad_norm 0.190
step 5770/11342 | loss 3.0710 | lr_mult 0.5608 | tok/s 392273 | grad_norm 0.194
step 5780/11342 | loss 3.0466 | lr_mult 0.5592 | tok/s 392285 | grad_norm 0.205
step 5790/11342 | loss 3.0769 | lr_mult 0.5577 | tok/s 392297 | grad_norm 0.194
step 5800/11342 | loss 3.0823 | lr_mult 0.5562 | tok/s 392309 | grad_norm 0.190
step 5810/11342 | loss 3.0472 | lr_mult 0.5547 | tok/s 392321 | grad_norm 0.193
step 5820/11342 | loss 3.1025 | lr_mult 0.5532 | tok/s 392332 | grad_norm 0.187
step 5830/11342 | loss 3.0958 | lr_mult 0.5517 | tok/s 392344 | grad_norm 0.184
step 5840/11342 | loss 3.0578 | lr_mult 0.5502 | tok/s 392356 | grad_norm 0.199
step 5850/11342 | loss 3.0623 | lr_mult 0.5487 | tok/s 392368 | grad_norm 0.182
step 5860/11342 | loss 3.0666 | lr_mult 0.5472 | tok/s 392380 | grad_norm 0.184
step 5870/11342 | loss 3.0426 | lr_mult 0.5457 | tok/s 392392 | grad_norm 0.193
step 5880/11342 | loss 3.1039 | lr_mult 0.5441 | tok/s 392403 | grad_norm 0.179
step 5890/11342 | loss 3.0540 | lr_mult 0.5426 | tok/s 392415 | grad_norm 0.177
step 5900/11342 | loss 3.0122 | lr_mult 0.5411 | tok/s 392426 | grad_norm 0.174
step 5910/11342 | loss 3.0659 | lr_mult 0.5396 | tok/s 392437 | grad_norm 0.205
step 5920/11342 | loss 3.1016 | lr_mult 0.5381 | tok/s 392449 | grad_norm 0.185
step 5930/11342 | loss 3.0391 | lr_mult 0.5366 | tok/s 392460 | grad_norm 0.195
step 5940/11342 | loss 3.0702 | lr_mult 0.5351 | tok/s 392472 | grad_norm 0.180
step 5950/11342 | loss 3.1046 | lr_mult 0.5335 | tok/s 392483 | grad_norm 0.190
step 5960/11342 | loss 3.0584 | lr_mult 0.5320 | tok/s 392494 | grad_norm 0.181
step 5970/11342 | loss 3.0279 | lr_mult 0.5305 | tok/s 392505 | grad_norm 0.185
step 5980/11342 | loss 3.0644 | lr_mult 0.5290 | tok/s 392516 | grad_norm 0.193
step 5990/11342 | loss 3.1195 | lr_mult 0.5275 | tok/s 392526 | grad_norm 0.189
step 6000/11342 | loss 3.0791 | lr_mult 0.5260 | tok/s 392538 | grad_norm 0.177
step 6000/11342 | val_loss 3.0435
step 6010/11342 | loss 3.0666 | lr_mult 0.5244 | tok/s 392064 | grad_norm 0.196
step 6020/11342 | loss 3.0640 | lr_mult 0.5229 | tok/s 392076 | grad_norm 0.171
step 6030/11342 | loss 3.0468 | lr_mult 0.5214 | tok/s 392088 | grad_norm 0.178
step 6040/11342 | loss 3.0480 | lr_mult 0.5199 | tok/s 392100 | grad_norm 0.200
step 6050/11342 | loss 3.0260 | lr_mult 0.5184 | tok/s 392112 | grad_norm 0.170
step 6060/11342 | loss 3.0286 | lr_mult 0.5169 | tok/s 392123 | grad_norm 0.176
step 6070/11342 | loss 3.0495 | lr_mult 0.5153 | tok/s 392135 | grad_norm 0.206
step 6080/11342 | loss 3.0284 | lr_mult 0.5138 | tok/s 392146 | grad_norm 0.186
step 6090/11342 | loss 3.0837 | lr_mult 0.5123 | tok/s 392157 | grad_norm 0.169
step 6100/11342 | loss 3.0267 | lr_mult 0.5108 | tok/s 392168 | grad_norm 0.189
step 6110/11342 | loss 3.0181 | lr_mult 0.5093 | tok/s 392179 | grad_norm 0.176
step 6120/11342 | loss 3.1005 | lr_mult 0.5077 | tok/s 392190 | grad_norm 0.189
step 6130/11342 | loss 3.0367 | lr_mult 0.5062 | tok/s 392201 | grad_norm 0.180
step 6140/11342 | loss 3.0331 | lr_mult 0.5047 | tok/s 392212 | grad_norm 0.176
step 6150/11342 | loss 3.0499 | lr_mult 0.5032 | tok/s 392223 | grad_norm 0.182
step 6160/11342 | loss 3.0792 | lr_mult 0.5017 | tok/s 392234 | grad_norm 0.185
step 6170/11342 | loss 3.0564 | lr_mult 0.5002 | tok/s 392244 | grad_norm 0.195
step 6180/11342 | loss 3.0306 | lr_mult 0.4986 | tok/s 392255 | grad_norm 0.178
step 6190/11342 | loss 3.0372 | lr_mult 0.4971 | tok/s 392266 | grad_norm 0.181
step 6200/11342 | loss 3.0505 | lr_mult 0.4956 | tok/s 392277 | grad_norm 0.178
step 6210/11342 | loss 3.0322 | lr_mult 0.4941 | tok/s 392288 | grad_norm 0.170
step 6220/11342 | loss 3.0743 | lr_mult 0.4926 | tok/s 392299 | grad_norm 0.169
step 6230/11342 | loss 3.0087 | lr_mult 0.4910 | tok/s 392310 | grad_norm 0.176
step 6240/11342 | loss 3.0831 | lr_mult 0.4895 | tok/s 392320 | grad_norm 0.175
step 6250/11342 | loss 3.0330 | lr_mult 0.4880 | tok/s 392331 | grad_norm 0.177
step 6260/11342 | loss 3.0421 | lr_mult 0.4865 | tok/s 392342 | grad_norm 0.181
step 6270/11342 | loss 3.0654 | lr_mult 0.4850 | tok/s 392352 | grad_norm 0.182
step 6280/11342 | loss 3.0201 | lr_mult 0.4834 | tok/s 392362 | grad_norm 0.169
step 6290/11342 | loss 3.0605 | lr_mult 0.4819 | tok/s 392373 | grad_norm 0.179
step 6300/11342 | loss 3.0503 | lr_mult 0.4804 | tok/s 392384 | grad_norm 0.176
step 6310/11342 | loss 3.0732 | lr_mult 0.4789 | tok/s 392394 | grad_norm 0.175
step 6320/11342 | loss 3.0562 | lr_mult 0.4774 | tok/s 392404 | grad_norm 0.186
step 6330/11342 | loss 3.0494 | lr_mult 0.4759 | tok/s 392415 | grad_norm 0.183
step 6340/11342 | loss 3.0314 | lr_mult 0.4743 | tok/s 392425 | grad_norm 0.181
step 6350/11342 | loss 3.0249 | lr_mult 0.4728 | tok/s 392436 | grad_norm 0.176
step 6360/11342 | loss 3.0303 | lr_mult 0.4713 | tok/s 392446 | grad_norm 0.171
step 6370/11342 | loss 3.0591 | lr_mult 0.4698 | tok/s 392456 | grad_norm 0.180
step 6380/11342 | loss 3.0390 | lr_mult 0.4683 | tok/s 392467 | grad_norm 0.190
step 6390/11342 | loss 3.0522 | lr_mult 0.4668 | tok/s 392477 | grad_norm 0.160
step 6400/11342 | loss 3.0287 | lr_mult 0.4652 | tok/s 392487 | grad_norm 0.176
step 6410/11342 | loss 3.0904 | lr_mult 0.4637 | tok/s 392497 | grad_norm 0.173
step 6420/11342 | loss 3.0323 | lr_mult 0.4622 | tok/s 392508 | grad_norm 0.168
step 6430/11342 | loss 3.0209 | lr_mult 0.4607 | tok/s 392518 | grad_norm 0.170
step 6440/11342 | loss 3.0437 | lr_mult 0.4592 | tok/s 392528 | grad_norm 0.168
step 6450/11342 | loss 3.0086 | lr_mult 0.4577 | tok/s 392538 | grad_norm 0.180
step 6460/11342 | loss 3.0435 | lr_mult 0.4562 | tok/s 392548 | grad_norm 0.174
step 6470/11342 | loss 3.0189 | lr_mult 0.4546 | tok/s 392558 | grad_norm 0.183
step 6480/11342 | loss 3.0474 | lr_mult 0.4531 | tok/s 392568 | grad_norm 0.179
step 6490/11342 | loss 3.0063 | lr_mult 0.4516 | tok/s 392578 | grad_norm 0.170
step 6500/11342 | loss 3.0797 | lr_mult 0.4501 | tok/s 392588 | grad_norm 0.174
step 6500/11342 | val_loss 3.0228
step 6510/11342 | loss 3.0523 | lr_mult 0.4486 | tok/s 392151 | grad_norm 0.185
step 6520/11342 | loss 3.0641 | lr_mult 0.4471 | tok/s 392162 | grad_norm 0.172
step 6530/11342 | loss 3.0699 | lr_mult 0.4456 | tok/s 392172 | grad_norm 0.170
step 6540/11342 | loss 3.0632 | lr_mult 0.4441 | tok/s 392183 | grad_norm 0.182
step 6550/11342 | loss 3.0377 | lr_mult 0.4426 | tok/s 392193 | grad_norm 0.168
step 6560/11342 | loss 3.0386 | lr_mult 0.4411 | tok/s 392204 | grad_norm 0.158
step 6570/11342 | loss 3.0318 | lr_mult 0.4395 | tok/s 392214 | grad_norm 0.179
step 6580/11342 | loss 3.0373 | lr_mult 0.4380 | tok/s 392225 | grad_norm 0.165
step 6590/11342 | loss 3.0411 | lr_mult 0.4365 | tok/s 392235 | grad_norm 0.197
step 6600/11342 | loss 3.0319 | lr_mult 0.4350 | tok/s 392245 | grad_norm 0.173
step 6610/11342 | loss 3.0313 | lr_mult 0.4335 | tok/s 392256 | grad_norm 0.180
step 6620/11342 | loss 3.0571 | lr_mult 0.4320 | tok/s 392266 | grad_norm 0.163
step 6630/11342 | loss 3.0299 | lr_mult 0.4305 | tok/s 392277 | grad_norm 0.170
step 6640/11342 | loss 3.0387 | lr_mult 0.4290 | tok/s 392287 | grad_norm 0.177
step 6650/11342 | loss 3.0564 | lr_mult 0.4275 | tok/s 392298 | grad_norm 0.168
step 6660/11342 | loss 3.0184 | lr_mult 0.4260 | tok/s 392308 | grad_norm 0.168
step 6670/11342 | loss 3.0246 | lr_mult 0.4245 | tok/s 392318 | grad_norm 0.160
step 6680/11342 | loss 3.0310 | lr_mult 0.4230 | tok/s 392328 | grad_norm 0.173
step 6690/11342 | loss 3.0184 | lr_mult 0.4215 | tok/s 392338 | grad_norm 0.166
step 6700/11342 | loss 3.0023 | lr_mult 0.4200 | tok/s 392348 | grad_norm 0.173
step 6710/11342 | loss 3.0256 | lr_mult 0.4185 | tok/s 392358 | grad_norm 0.180
step 6720/11342 | loss 3.0760 | lr_mult 0.4170 | tok/s 392368 | grad_norm 0.162
step 6730/11342 | loss 3.0315 | lr_mult 0.4155 | tok/s 392378 | grad_norm 0.162
step 6740/11342 | loss 3.0747 | lr_mult 0.4140 | tok/s 392387 | grad_norm 0.158
step 6750/11342 | loss 2.9906 | lr_mult 0.4125 | tok/s 392398 | grad_norm 0.172
step 6760/11342 | loss 3.0522 | lr_mult 0.4110 | tok/s 392407 | grad_norm 0.157
step 6770/11342 | loss 3.0201 | lr_mult 0.4095 | tok/s 392417 | grad_norm 0.167
step 6780/11342 | loss 2.9965 | lr_mult 0.4080 | tok/s 392427 | grad_norm 0.167
step 6790/11342 | loss 3.0343 | lr_mult 0.4065 | tok/s 392437 | grad_norm 0.162
step 6800/11342 | loss 2.9886 | lr_mult 0.4050 | tok/s 392447 | grad_norm 0.165
step 6810/11342 | loss 2.9951 | lr_mult 0.4036 | tok/s 392457 | grad_norm 0.158
step 6820/11342 | loss 3.0815 | lr_mult 0.4021 | tok/s 392466 | grad_norm 0.161
step 6830/11342 | loss 2.9890 | lr_mult 0.4006 | tok/s 392476 | grad_norm 0.168
step 6840/11342 | loss 3.0227 | lr_mult 0.3991 | tok/s 392486 | grad_norm 0.170
step 6850/11342 | loss 2.9895 | lr_mult 0.3976 | tok/s 392495 | grad_norm 0.163
step 6860/11342 | loss 3.0257 | lr_mult 0.3961 | tok/s 392505 | grad_norm 0.160
step 6870/11342 | loss 2.9942 | lr_mult 0.3946 | tok/s 392514 | grad_norm 0.166
step 6880/11342 | loss 3.0046 | lr_mult 0.3931 | tok/s 392524 | grad_norm 0.174
step 6890/11342 | loss 2.9831 | lr_mult 0.3917 | tok/s 392533 | grad_norm 0.171
step 6900/11342 | loss 3.0071 | lr_mult 0.3902 | tok/s 392543 | grad_norm 0.171
step 6910/11342 | loss 3.0428 | lr_mult 0.3887 | tok/s 392552 | grad_norm 0.161
step 6920/11342 | loss 2.9941 | lr_mult 0.3872 | tok/s 392562 | grad_norm 0.169
step 6930/11342 | loss 3.0375 | lr_mult 0.3857 | tok/s 392571 | grad_norm 0.163
step 6940/11342 | loss 3.0208 | lr_mult 0.3843 | tok/s 392580 | grad_norm 0.167
step 6950/11342 | loss 3.0348 | lr_mult 0.3828 | tok/s 392589 | grad_norm 0.162
step 6960/11342 | loss 3.0087 | lr_mult 0.3813 | tok/s 392599 | grad_norm 0.162
step 6970/11342 | loss 3.0315 | lr_mult 0.3798 | tok/s 392608 | grad_norm 0.163
step 6980/11342 | loss 3.0176 | lr_mult 0.3784 | tok/s 392617 | grad_norm 0.170
step 6990/11342 | loss 3.0314 | lr_mult 0.3769 | tok/s 392627 | grad_norm 0.160
step 7000/11342 | loss 2.9876 | lr_mult 0.3754 | tok/s 392636 | grad_norm 0.165
step 7000/11342 | val_loss 3.0029
step 7010/11342 | loss 3.0234 | lr_mult 0.3739 | tok/s 392229 | grad_norm 0.162
step 7020/11342 | loss 3.0302 | lr_mult 0.3725 | tok/s 392239 | grad_norm 0.167
step 7030/11342 | loss 3.0198 | lr_mult 0.3710 | tok/s 392249 | grad_norm 0.167
step 7040/11342 | loss 3.0030 | lr_mult 0.3695 | tok/s 392259 | grad_norm 0.167
step 7050/11342 | loss 3.0281 | lr_mult 0.3681 | tok/s 392268 | grad_norm 0.158
step 7060/11342 | loss 2.9851 | lr_mult 0.3666 | tok/s 392277 | grad_norm 0.176
step 7070/11342 | loss 2.9859 | lr_mult 0.3651 | tok/s 392287 | grad_norm 0.160
step 7080/11342 | loss 3.0031 | lr_mult 0.3637 | tok/s 392296 | grad_norm 0.178
step 7090/11342 | loss 2.9681 | lr_mult 0.3622 | tok/s 392306 | grad_norm 0.169
step 7100/11342 | loss 2.9527 | lr_mult 0.3608 | tok/s 392315 | grad_norm 0.171
step 7110/11342 | loss 3.0192 | lr_mult 0.3593 | tok/s 392324 | grad_norm 0.170
step 7120/11342 | loss 3.0501 | lr_mult 0.3578 | tok/s 392334 | grad_norm 0.162
step 7130/11342 | loss 2.9916 | lr_mult 0.3564 | tok/s 392343 | grad_norm 0.157
step 7140/11342 | loss 3.0069 | lr_mult 0.3549 | tok/s 392352 | grad_norm 0.172
step 7150/11342 | loss 3.0042 | lr_mult 0.3535 | tok/s 392361 | grad_norm 0.168
step 7160/11342 | loss 3.0105 | lr_mult 0.3520 | tok/s 392371 | grad_norm 0.166
step 7170/11342 | loss 3.0063 | lr_mult 0.3506 | tok/s 392380 | grad_norm 0.149
step 7180/11342 | loss 3.0379 | lr_mult 0.3491 | tok/s 392389 | grad_norm 0.169
step 7190/11342 | loss 2.9746 | lr_mult 0.3477 | tok/s 392398 | grad_norm 0.157
step 7200/11342 | loss 3.0050 | lr_mult 0.3462 | tok/s 392407 | grad_norm 0.163
step 7210/11342 | loss 3.0181 | lr_mult 0.3448 | tok/s 392416 | grad_norm 0.166
step 7220/11342 | loss 3.0512 | lr_mult 0.3434 | tok/s 392425 | grad_norm 0.154
step 7230/11342 | loss 3.0032 | lr_mult 0.3419 | tok/s 392434 | grad_norm 0.164
step 7240/11342 | loss 3.0050 | lr_mult 0.3405 | tok/s 392443 | grad_norm 0.159
step 7250/11342 | loss 2.9945 | lr_mult 0.3390 | tok/s 392452 | grad_norm 0.157
step 7260/11342 | loss 3.0159 | lr_mult 0.3376 | tok/s 392460 | grad_norm 0.170
step 7270/11342 | loss 3.0293 | lr_mult 0.3362 | tok/s 392470 | grad_norm 0.161
step 7280/11342 | loss 3.0127 | lr_mult 0.3347 | tok/s 392479 | grad_norm 0.157
step 7290/11342 | loss 3.0002 | lr_mult 0.3333 | tok/s 392487 | grad_norm 0.161
step 7300/11342 | loss 3.0035 | lr_mult 0.3319 | tok/s 392496 | grad_norm 0.173
step 7310/11342 | loss 2.9816 | lr_mult 0.3304 | tok/s 392504 | grad_norm 0.151
step 7320/11342 | loss 2.9773 | lr_mult 0.3290 | tok/s 392513 | grad_norm 0.155
step 7330/11342 | loss 3.0252 | lr_mult 0.3276 | tok/s 392522 | grad_norm 0.162
step 7340/11342 | loss 2.9956 | lr_mult 0.3262 | tok/s 392530 | grad_norm 0.158
step 7350/11342 | loss 2.9658 | lr_mult 0.3247 | tok/s 392539 | grad_norm 0.163
step 7360/11342 | loss 2.9857 | lr_mult 0.3233 | tok/s 392548 | grad_norm 0.159
step 7370/11342 | loss 3.0197 | lr_mult 0.3219 | tok/s 392556 | grad_norm 0.163
step 7380/11342 | loss 3.0127 | lr_mult 0.3205 | tok/s 392565 | grad_norm 0.159
step 7390/11342 | loss 2.9766 | lr_mult 0.3191 | tok/s 392574 | grad_norm 0.161
step 7400/11342 | loss 3.0280 | lr_mult 0.3176 | tok/s 392582 | grad_norm 0.165
step 7410/11342 | loss 2.9666 | lr_mult 0.3162 | tok/s 392591 | grad_norm 0.171
step 7420/11342 | loss 2.9717 | lr_mult 0.3148 | tok/s 392599 | grad_norm 0.152
step 7430/11342 | loss 2.9930 | lr_mult 0.3134 | tok/s 392608 | grad_norm 0.166
step 7440/11342 | loss 3.0030 | lr_mult 0.3120 | tok/s 392616 | grad_norm 0.160
step 7450/11342 | loss 2.9620 | lr_mult 0.3106 | tok/s 392624 | grad_norm 0.154
step 7460/11342 | loss 2.9973 | lr_mult 0.3092 | tok/s 392632 | grad_norm 0.160
step 7470/11342 | loss 3.0151 | lr_mult 0.3078 | tok/s 392641 | grad_norm 0.154
step 7480/11342 | loss 2.9726 | lr_mult 0.3064 | tok/s 392649 | grad_norm 0.156
step 7490/11342 | loss 2.9771 | lr_mult 0.3050 | tok/s 392657 | grad_norm 0.161
step 7500/11342 | loss 2.9620 | lr_mult 0.3036 | tok/s 392665 | grad_norm 0.159
step 7500/11342 | val_loss 2.9848
step 7510/11342 | loss 2.9656 | lr_mult 0.3022 | tok/s 392287 | grad_norm 0.156
step 7520/11342 | loss 3.0164 | lr_mult 0.3008 | tok/s 392296 | grad_norm 0.154
step 7530/11342 | loss 3.0061 | lr_mult 0.2994 | tok/s 392305 | grad_norm 0.166
step 7540/11342 | loss 2.9865 | lr_mult 0.2980 | tok/s 392313 | grad_norm 0.157
step 7550/11342 | loss 2.9886 | lr_mult 0.2966 | tok/s 392322 | grad_norm 0.160
step 7560/11342 | loss 3.0026 | lr_mult 0.2952 | tok/s 392331 | grad_norm 0.153
step 7570/11342 | loss 2.9786 | lr_mult 0.2939 | tok/s 392339 | grad_norm 0.163
step 7580/11342 | loss 3.0281 | lr_mult 0.2925 | tok/s 392348 | grad_norm 0.156
step 7590/11342 | loss 2.9568 | lr_mult 0.2911 | tok/s 392356 | grad_norm 0.157
step 7600/11342 | loss 3.0450 | lr_mult 0.2897 | tok/s 392365 | grad_norm 0.152
step 7610/11342 | loss 3.0071 | lr_mult 0.2883 | tok/s 392373 | grad_norm 0.165
step 7620/11342 | loss 2.9583 | lr_mult 0.2870 | tok/s 392382 | grad_norm 0.165
step 7630/11342 | loss 2.9651 | lr_mult 0.2856 | tok/s 392391 | grad_norm 0.161
step 7640/11342 | loss 2.9746 | lr_mult 0.2842 | tok/s 392399 | grad_norm 0.156
step 7650/11342 | loss 2.9616 | lr_mult 0.2828 | tok/s 392408 | grad_norm 0.160
step 7660/11342 | loss 2.9928 | lr_mult 0.2815 | tok/s 392416 | grad_norm 0.160
step 7670/11342 | loss 2.9805 | lr_mult 0.2801 | tok/s 392425 | grad_norm 0.156
step 7680/11342 | loss 2.9772 | lr_mult 0.2787 | tok/s 392433 | grad_norm 0.160
step 7690/11342 | loss 2.9855 | lr_mult 0.2774 | tok/s 392442 | grad_norm 0.162
step 7700/11342 | loss 3.0007 | lr_mult 0.2760 | tok/s 392450 | grad_norm 0.155
step 7710/11342 | loss 2.9777 | lr_mult 0.2747 | tok/s 392458 | grad_norm 0.161
step 7720/11342 | loss 3.0045 | lr_mult 0.2733 | tok/s 392467 | grad_norm 0.169
step 7730/11342 | loss 3.0478 | lr_mult 0.2720 | tok/s 392475 | grad_norm 0.159
step 7740/11342 | loss 2.9926 | lr_mult 0.2706 | tok/s 392483 | grad_norm 0.157
step 7750/11342 | loss 2.9454 | lr_mult 0.2693 | tok/s 392491 | grad_norm 0.154
step 7760/11342 | loss 3.0035 | lr_mult 0.2679 | tok/s 392499 | grad_norm 0.158
step 7770/11342 | loss 2.9694 | lr_mult 0.2666 | tok/s 392508 | grad_norm 0.163
step 7780/11342 | loss 2.9939 | lr_mult 0.2652 | tok/s 392516 | grad_norm 0.156
step 7790/11342 | loss 3.0079 | lr_mult 0.2639 | tok/s 392524 | grad_norm 0.163
step 7800/11342 | loss 2.9881 | lr_mult 0.2626 | tok/s 392532 | grad_norm 0.154
step 7810/11342 | loss 2.9696 | lr_mult 0.2612 | tok/s 392540 | grad_norm 0.147
step 7820/11342 | loss 3.0011 | lr_mult 0.2599 | tok/s 392548 | grad_norm 0.159
step 7830/11342 | loss 3.0190 | lr_mult 0.2586 | tok/s 392556 | grad_norm 0.155
step 7840/11342 | loss 2.9965 | lr_mult 0.2572 | tok/s 392564 | grad_norm 0.146
step 7850/11342 | loss 2.9626 | lr_mult 0.2559 | tok/s 392572 | grad_norm 0.158
step 7860/11342 | loss 2.9415 | lr_mult 0.2546 | tok/s 392580 | grad_norm 0.145
step 7870/11342 | loss 3.0098 | lr_mult 0.2533 | tok/s 392588 | grad_norm 0.156
step 7880/11342 | loss 3.0052 | lr_mult 0.2519 | tok/s 392596 | grad_norm 0.152
step 7890/11342 | loss 2.9483 | lr_mult 0.2506 | tok/s 392604 | grad_norm 0.169
step 7900/11342 | loss 2.9835 | lr_mult 0.2493 | tok/s 392612 | grad_norm 0.161
step 7910/11342 | loss 2.9949 | lr_mult 0.2480 | tok/s 392619 | grad_norm 0.152
step 7920/11342 | loss 2.9758 | lr_mult 0.2467 | tok/s 392627 | grad_norm 0.147
step 7930/11342 | loss 2.9831 | lr_mult 0.2454 | tok/s 392635 | grad_norm 0.162
step 7940/11342 | loss 2.9614 | lr_mult 0.2441 | tok/s 392643 | grad_norm 0.151
step 7950/11342 | loss 2.9672 | lr_mult 0.2428 | tok/s 392651 | grad_norm 0.165
step 7960/11342 | loss 2.9596 | lr_mult 0.2415 | tok/s 392659 | grad_norm 0.153
step 7970/11342 | loss 2.9637 | lr_mult 0.2402 | tok/s 392667 | grad_norm 0.159
step 7980/11342 | loss 2.9718 | lr_mult 0.2389 | tok/s 392674 | grad_norm 0.157
step 7990/11342 | loss 2.9964 | lr_mult 0.2376 | tok/s 392682 | grad_norm 0.154
step 8000/11342 | loss 3.0299 | lr_mult 0.2363 | tok/s 392690 | grad_norm 0.144
step 8000/11342 | val_loss 2.9689
step 8010/11342 | loss 2.9593 | lr_mult 0.2350 | tok/s 392334 | grad_norm 0.145
step 8020/11342 | loss 2.9609 | lr_mult 0.2337 | tok/s 392342 | grad_norm 0.153
step 8030/11342 | loss 2.9729 | lr_mult 0.2324 | tok/s 392350 | grad_norm 0.149
step 8040/11342 | loss 2.9670 | lr_mult 0.2311 | tok/s 392358 | grad_norm 0.157
step 8050/11342 | loss 2.9795 | lr_mult 0.2299 | tok/s 392366 | grad_norm 0.153
step 8060/11342 | loss 2.9901 | lr_mult 0.2286 | tok/s 392374 | grad_norm 0.151
step 8070/11342 | loss 2.9781 | lr_mult 0.2273 | tok/s 392382 | grad_norm 0.152
step 8080/11342 | loss 2.9833 | lr_mult 0.2260 | tok/s 392391 | grad_norm 0.153
step 8090/11342 | loss 2.9670 | lr_mult 0.2248 | tok/s 392399 | grad_norm 0.150
step 8100/11342 | loss 2.9753 | lr_mult 0.2235 | tok/s 392407 | grad_norm 0.153
step 8110/11342 | loss 3.0069 | lr_mult 0.2222 | tok/s 392414 | grad_norm 0.150
step 8120/11342 | loss 2.9910 | lr_mult 0.2210 | tok/s 392422 | grad_norm 0.147
step 8130/11342 | loss 2.9656 | lr_mult 0.2197 | tok/s 392430 | grad_norm 0.157
step 8140/11342 | loss 2.9488 | lr_mult 0.2185 | tok/s 392438 | grad_norm 0.156
step 8150/11342 | loss 2.9852 | lr_mult 0.2172 | tok/s 392446 | grad_norm 0.152
step 8160/11342 | loss 2.9694 | lr_mult 0.2159 | tok/s 392454 | grad_norm 0.159
step 8170/11342 | loss 2.9689 | lr_mult 0.2147 | tok/s 392462 | grad_norm 0.151
step 8180/11342 | loss 2.9864 | lr_mult 0.2135 | tok/s 392470 | grad_norm 0.152
step 8190/11342 | loss 2.9369 | lr_mult 0.2122 | tok/s 392478 | grad_norm 0.148
step 8200/11342 | loss 2.9795 | lr_mult 0.2110 | tok/s 392486 | grad_norm 0.156
step 8210/11342 | loss 2.9616 | lr_mult 0.2097 | tok/s 392493 | grad_norm 0.149
step 8220/11342 | loss 2.9969 | lr_mult 0.2085 | tok/s 392501 | grad_norm 0.150
step 8230/11342 | loss 2.9713 | lr_mult 0.2073 | tok/s 392509 | grad_norm 0.151
step 8240/11342 | loss 2.9747 | lr_mult 0.2060 | tok/s 392516 | grad_norm 0.153
step 8250/11342 | loss 2.9738 | lr_mult 0.2048 | tok/s 392524 | grad_norm 0.152
step 8260/11342 | loss 2.9495 | lr_mult 0.2036 | tok/s 392532 | grad_norm 0.155
step 8270/11342 | loss 2.9581 | lr_mult 0.2024 | tok/s 392539 | grad_norm 0.150
step 8280/11342 | loss 2.9797 | lr_mult 0.2011 | tok/s 392546 | grad_norm 0.149
step 8290/11342 | loss 2.9419 | lr_mult 0.1999 | tok/s 392554 | grad_norm 0.158
step 8300/11342 | loss 2.9736 | lr_mult 0.1987 | tok/s 392562 | grad_norm 0.156
step 8310/11342 | loss 2.9677 | lr_mult 0.1975 | tok/s 392569 | grad_norm 0.156
step 8320/11342 | loss 2.9928 | lr_mult 0.1963 | tok/s 392577 | grad_norm 0.154
step 8330/11342 | loss 2.9959 | lr_mult 0.1951 | tok/s 392584 | grad_norm 0.145
step 8340/11342 | loss 2.9500 | lr_mult 0.1939 | tok/s 392592 | grad_norm 0.153
step 8350/11342 | loss 2.9629 | lr_mult 0.1927 | tok/s 392599 | grad_norm 0.147
step 8360/11342 | loss 2.9769 | lr_mult 0.1915 | tok/s 392607 | grad_norm 0.152
step 8370/11342 | loss 2.9647 | lr_mult 0.1903 | tok/s 392614 | grad_norm 0.154
step 8380/11342 | loss 2.9752 | lr_mult 0.1891 | tok/s 392621 | grad_norm 0.147
step 8390/11342 | loss 2.9342 | lr_mult 0.1879 | tok/s 392629 | grad_norm 0.147
step 8400/11342 | loss 2.9553 | lr_mult 0.1867 | tok/s 392636 | grad_norm 0.147
step 8410/11342 | loss 2.9792 | lr_mult 0.1855 | tok/s 392644 | grad_norm 0.153
step 8420/11342 | loss 2.9695 | lr_mult 0.1844 | tok/s 392651 | grad_norm 0.152
step 8430/11342 | loss 2.9880 | lr_mult 0.1832 | tok/s 392658 | grad_norm 0.152
step 8440/11342 | loss 2.9550 | lr_mult 0.1820 | tok/s 392665 | grad_norm 0.158
step 8450/11342 | loss 2.9746 | lr_mult 0.1808 | tok/s 392672 | grad_norm 0.148
step 8460/11342 | loss 2.9968 | lr_mult 0.1797 | tok/s 392680 | grad_norm 0.153
step 8470/11342 | loss 2.9708 | lr_mult 0.1785 | tok/s 392687 | grad_norm 0.154
step 8480/11342 | loss 2.9538 | lr_mult 0.1774 | tok/s 392694 | grad_norm 0.154
step 8490/11342 | loss 2.9373 | lr_mult 0.1762 | tok/s 392701 | grad_norm 0.154
step 8500/11342 | loss 2.9624 | lr_mult 0.1750 | tok/s 392708 | grad_norm 0.152
step 8500/11342 | val_loss 2.9545
step 8510/11342 | loss 2.9421 | lr_mult 0.1739 | tok/s 392373 | grad_norm 0.153
step 8520/11342 | loss 2.9926 | lr_mult 0.1727 | tok/s 392381 | grad_norm 0.143
step 8530/11342 | loss 2.9530 | lr_mult 0.1716 | tok/s 392388 | grad_norm 0.143
step 8540/11342 | loss 2.9744 | lr_mult 0.1704 | tok/s 392396 | grad_norm 0.152
step 8550/11342 | loss 2.9202 | lr_mult 0.1693 | tok/s 392403 | grad_norm 0.148
step 8560/11342 | loss 2.9068 | lr_mult 0.1682 | tok/s 392411 | grad_norm 0.151
step 8570/11342 | loss 2.9625 | lr_mult 0.1670 | tok/s 392419 | grad_norm 0.153
step 8580/11342 | loss 3.0356 | lr_mult 0.1659 | tok/s 392426 | grad_norm 0.153
step 8590/11342 | loss 2.9425 | lr_mult 0.1648 | tok/s 392434 | grad_norm 0.148
step 8600/11342 | loss 2.9751 | lr_mult 0.1636 | tok/s 392441 | grad_norm 0.152
step 8610/11342 | loss 2.9820 | lr_mult 0.1625 | tok/s 392449 | grad_norm 0.152
step 8620/11342 | loss 2.9815 | lr_mult 0.1614 | tok/s 392456 | grad_norm 0.150
step 8630/11342 | loss 2.9459 | lr_mult 0.1603 | tok/s 392463 | grad_norm 0.148
step 8640/11342 | loss 2.9481 | lr_mult 0.1592 | tok/s 392470 | grad_norm 0.147
step 8650/11342 | loss 2.9665 | lr_mult 0.1581 | tok/s 392477 | grad_norm 0.152
step 8660/11342 | loss 3.0066 | lr_mult 0.1570 | tok/s 392485 | grad_norm 0.149
step 8670/11342 | loss 2.9788 | lr_mult 0.1559 | tok/s 392492 | grad_norm 0.191
step 8680/11342 | loss 2.9720 | lr_mult 0.1548 | tok/s 392499 | grad_norm 0.145
step 8690/11342 | loss 2.9329 | lr_mult 0.1537 | tok/s 392506 | grad_norm 0.157
step 8700/11342 | loss 2.9161 | lr_mult 0.1526 | tok/s 392513 | grad_norm 0.149
step 8710/11342 | loss 2.9166 | lr_mult 0.1515 | tok/s 392520 | grad_norm 0.145
step 8720/11342 | loss 2.9589 | lr_mult 0.1504 | tok/s 392527 | grad_norm 0.149
step 8730/11342 | loss 3.0023 | lr_mult 0.1493 | tok/s 392534 | grad_norm 0.146
step 8740/11342 | loss 2.9660 | lr_mult 0.1482 | tok/s 392542 | grad_norm 0.152
step 8750/11342 | loss 2.9801 | lr_mult 0.1471 | tok/s 392549 | grad_norm 0.150
step 8760/11342 | loss 2.9372 | lr_mult 0.1461 | tok/s 392556 | grad_norm 0.152
step 8770/11342 | loss 2.9228 | lr_mult 0.1450 | tok/s 392563 | grad_norm 0.151
step 8780/11342 | loss 2.9377 | lr_mult 0.1439 | tok/s 392570 | grad_norm 0.146
step 8790/11342 | loss 2.9100 | lr_mult 0.1429 | tok/s 392577 | grad_norm 0.148
step 8800/11342 | loss 2.9644 | lr_mult 0.1418 | tok/s 392585 | grad_norm 0.148
step 8810/11342 | loss 3.0166 | lr_mult 0.1407 | tok/s 392591 | grad_norm 0.147
step 8820/11342 | loss 2.9689 | lr_mult 0.1397 | tok/s 392599 | grad_norm 0.165
step 8830/11342 | loss 2.9897 | lr_mult 0.1386 | tok/s 392606 | grad_norm 0.150
step 8840/11342 | loss 2.9605 | lr_mult 0.1376 | tok/s 392613 | grad_norm 0.148
step 8850/11342 | loss 2.9448 | lr_mult 0.1365 | tok/s 392620 | grad_norm 0.149
step 8860/11342 | loss 2.9212 | lr_mult 0.1355 | tok/s 392627 | grad_norm 0.152
step 8870/11342 | loss 2.9740 | lr_mult 0.1345 | tok/s 392634 | grad_norm 0.149
step 8880/11342 | loss 2.9407 | lr_mult 0.1334 | tok/s 392641 | grad_norm 0.148
step 8890/11342 | loss 2.9274 | lr_mult 0.1324 | tok/s 392648 | grad_norm 0.142
step 8900/11342 | loss 2.9527 | lr_mult 0.1314 | tok/s 392655 | grad_norm 0.146
step 8910/11342 | loss 2.9444 | lr_mult 0.1304 | tok/s 392662 | grad_norm 0.152
step 8920/11342 | loss 2.9791 | lr_mult 0.1293 | tok/s 392669 | grad_norm 0.150
step 8930/11342 | loss 2.9310 | lr_mult 0.1283 | tok/s 392675 | grad_norm 0.150
step 8940/11342 | loss 2.9248 | lr_mult 0.1273 | tok/s 392682 | grad_norm 0.151
step 8950/11342 | loss 2.9591 | lr_mult 0.1263 | tok/s 392689 | grad_norm 0.154
step 8960/11342 | loss 2.9866 | lr_mult 0.1253 | tok/s 392696 | grad_norm 0.148
step 8970/11342 | loss 2.9560 | lr_mult 0.1243 | tok/s 392702 | grad_norm 0.148
step 8980/11342 | loss 2.9630 | lr_mult 0.1233 | tok/s 392709 | grad_norm 0.145
step 8990/11342 | loss 2.9620 | lr_mult 0.1223 | tok/s 392716 | grad_norm 0.151
step 9000/11342 | loss 2.9448 | lr_mult 0.1213 | tok/s 392723 | grad_norm 0.149
step 9000/11342 | val_loss 2.9416
step 9010/11342 | loss 2.9466 | lr_mult 0.1203 | tok/s 392406 | grad_norm 0.147
step 9020/11342 | loss 2.9527 | lr_mult 0.1193 | tok/s 392414 | grad_norm 0.154
step 9030/11342 | loss 3.0052 | lr_mult 0.1183 | tok/s 392421 | grad_norm 0.146
step 9040/11342 | loss 2.9459 | lr_mult 0.1173 | tok/s 392428 | grad_norm 0.156
step 9050/11342 | loss 2.9799 | lr_mult 0.1164 | tok/s 392435 | grad_norm 0.145
step 9060/11342 | loss 2.9729 | lr_mult 0.1154 | tok/s 392441 | grad_norm 0.156
step 9070/11342 | loss 2.9012 | lr_mult 0.1144 | tok/s 392448 | grad_norm 0.163
step 9080/11342 | loss 2.9738 | lr_mult 0.1135 | tok/s 392455 | grad_norm 0.152
step 9090/11342 | loss 2.9190 | lr_mult 0.1125 | tok/s 392462 | grad_norm 0.146
step 9100/11342 | loss 2.9503 | lr_mult 0.1115 | tok/s 392469 | grad_norm 0.142
step 9110/11342 | loss 2.9629 | lr_mult 0.1106 | tok/s 392476 | grad_norm 0.145
step 9120/11342 | loss 2.9124 | lr_mult 0.1096 | tok/s 392483 | grad_norm 0.143
step 9130/11342 | loss 2.9500 | lr_mult 0.1087 | tok/s 392490 | grad_norm 0.141
step 9140/11342 | loss 2.9449 | lr_mult 0.1077 | tok/s 392497 | grad_norm 0.142
step 9150/11342 | loss 2.9568 | lr_mult 0.1068 | tok/s 392503 | grad_norm 0.143
step 9160/11342 | loss 2.9636 | lr_mult 0.1059 | tok/s 392510 | grad_norm 0.147
step 9170/11342 | loss 2.9600 | lr_mult 0.1049 | tok/s 392517 | grad_norm 0.145
step 9180/11342 | loss 2.9401 | lr_mult 0.1040 | tok/s 392524 | grad_norm 0.151
step 9190/11342 | loss 2.9439 | lr_mult 0.1031 | tok/s 392531 | grad_norm 0.149
step 9200/11342 | loss 2.9411 | lr_mult 0.1022 | tok/s 392537 | grad_norm 0.143
step 9210/11342 | loss 2.9181 | lr_mult 0.1012 | tok/s 392544 | grad_norm 0.140
step 9220/11342 | loss 2.9200 | lr_mult 0.1003 | tok/s 392551 | grad_norm 0.146
step 9230/11342 | loss 2.9746 | lr_mult 0.0994 | tok/s 392557 | grad_norm 0.144
step 9240/11342 | loss 2.9489 | lr_mult 0.0985 | tok/s 392564 | grad_norm 0.144
step 9250/11342 | loss 2.9716 | lr_mult 0.0976 | tok/s 392571 | grad_norm 0.149
step 9260/11342 | loss 2.9477 | lr_mult 0.0967 | tok/s 392577 | grad_norm 0.145
step 9270/11342 | loss 2.9334 | lr_mult 0.0958 | tok/s 392584 | grad_norm 0.143
step 9280/11342 | loss 2.9081 | lr_mult 0.0949 | tok/s 392590 | grad_norm 0.146
step 9290/11342 | loss 2.9532 | lr_mult 0.0940 | tok/s 392597 | grad_norm 0.148
step 9300/11342 | loss 2.9376 | lr_mult 0.0931 | tok/s 392604 | grad_norm 0.142
step 9310/11342 | loss 2.9617 | lr_mult 0.0923 | tok/s 392611 | grad_norm 0.148
step 9320/11342 | loss 2.9606 | lr_mult 0.0914 | tok/s 392618 | grad_norm 0.144
step 9330/11342 | loss 2.9264 | lr_mult 0.0905 | tok/s 392624 | grad_norm 0.146
step 9340/11342 | loss 2.9612 | lr_mult 0.0896 | tok/s 392631 | grad_norm 0.147
step 9350/11342 | loss 2.9648 | lr_mult 0.0888 | tok/s 392637 | grad_norm 0.144
step 9360/11342 | loss 2.9783 | lr_mult 0.0879 | tok/s 392644 | grad_norm 0.148
step 9370/11342 | loss 2.9283 | lr_mult 0.0871 | tok/s 392650 | grad_norm 0.146
step 9380/11342 | loss 2.9982 | lr_mult 0.0862 | tok/s 392657 | grad_norm 0.146
step 9390/11342 | loss 2.9280 | lr_mult 0.0854 | tok/s 392663 | grad_norm 0.149
step 9400/11342 | loss 2.9149 | lr_mult 0.0845 | tok/s 392669 | grad_norm 0.148
step 9410/11342 | loss 2.9457 | lr_mult 0.0837 | tok/s 392676 | grad_norm 0.141
step 9420/11342 | loss 2.9513 | lr_mult 0.0828 | tok/s 392682 | grad_norm 0.140
step 9430/11342 | loss 2.9455 | lr_mult 0.0820 | tok/s 392688 | grad_norm 0.147
step 9440/11342 | loss 2.9386 | lr_mult 0.0812 | tok/s 392695 | grad_norm 0.147
step 9450/11342 | loss 2.9576 | lr_mult 0.0803 | tok/s 392701 | grad_norm 0.141
step 9460/11342 | loss 2.9900 | lr_mult 0.0795 | tok/s 392708 | grad_norm 0.144
step 9470/11342 | loss 2.9178 | lr_mult 0.0787 | tok/s 392714 | grad_norm 0.145
step 9480/11342 | loss 2.9130 | lr_mult 0.0779 | tok/s 392721 | grad_norm 0.170
step 9490/11342 | loss 2.9558 | lr_mult 0.0771 | tok/s 392727 | grad_norm 0.143
step 9500/11342 | loss 2.9518 | lr_mult 0.0763 | tok/s 392733 | grad_norm 0.141
step 9500/11342 | val_loss 2.9318
step 9510/11342 | loss 2.9243 | lr_mult 0.0754 | tok/s 392433 | grad_norm 0.140
step 9520/11342 | loss 2.9789 | lr_mult 0.0746 | tok/s 392440 | grad_norm 0.150
step 9530/11342 | loss 2.9201 | lr_mult 0.0739 | tok/s 392446 | grad_norm 0.145
step 9540/11342 | loss 2.9299 | lr_mult 0.0731 | tok/s 392453 | grad_norm 0.144
step 9550/11342 | loss 2.9753 | lr_mult 0.0723 | tok/s 392460 | grad_norm 0.145
step 9560/11342 | loss 2.9268 | lr_mult 0.0715 | tok/s 392467 | grad_norm 0.141
step 9570/11342 | loss 2.9493 | lr_mult 0.0707 | tok/s 392473 | grad_norm 0.141
step 9580/11342 | loss 2.9209 | lr_mult 0.0699 | tok/s 392479 | grad_norm 0.144
step 9590/11342 | loss 2.9538 | lr_mult 0.0692 | tok/s 392486 | grad_norm 0.142
step 9600/11342 | loss 2.9434 | lr_mult 0.0684 | tok/s 392492 | grad_norm 0.150
step 9610/11342 | loss 2.9735 | lr_mult 0.0676 | tok/s 392498 | grad_norm 0.140
step 9620/11342 | loss 2.9649 | lr_mult 0.0669 | tok/s 392505 | grad_norm 0.146
step 9630/11342 | loss 2.9137 | lr_mult 0.0661 | tok/s 392511 | grad_norm 0.147
step 9640/11342 | loss 2.9390 | lr_mult 0.0654 | tok/s 392517 | grad_norm 0.143
step 9650/11342 | loss 2.9436 | lr_mult 0.0646 | tok/s 392524 | grad_norm 0.144
step 9660/11342 | loss 2.9299 | lr_mult 0.0639 | tok/s 392530 | grad_norm 0.138
step 9670/11342 | loss 2.9277 | lr_mult 0.0631 | tok/s 392536 | grad_norm 0.142
step 9680/11342 | loss 2.9310 | lr_mult 0.0624 | tok/s 392543 | grad_norm 0.143
step 9690/11342 | loss 2.9116 | lr_mult 0.0616 | tok/s 392549 | grad_norm 0.146
step 9700/11342 | loss 2.9669 | lr_mult 0.0609 | tok/s 392555 | grad_norm 0.144
step 9710/11342 | loss 2.8935 | lr_mult 0.0602 | tok/s 392561 | grad_norm 0.145
step 9720/11342 | loss 2.8973 | lr_mult 0.0595 | tok/s 392568 | grad_norm 0.140
step 9730/11342 | loss 2.9498 | lr_mult 0.0588 | tok/s 392574 | grad_norm 0.146
step 9740/11342 | loss 2.9289 | lr_mult 0.0580 | tok/s 392580 | grad_norm 0.143
step 9750/11342 | loss 2.9091 | lr_mult 0.0573 | tok/s 392586 | grad_norm 0.146
step 9760/11342 | loss 2.9125 | lr_mult 0.0566 | tok/s 392593 | grad_norm 0.138
step 9770/11342 | loss 2.9662 | lr_mult 0.0559 | tok/s 392599 | grad_norm 0.146
step 9780/11342 | loss 2.9227 | lr_mult 0.0552 | tok/s 392605 | grad_norm 0.141
step 9790/11342 | loss 2.9220 | lr_mult 0.0545 | tok/s 392611 | grad_norm 0.144
step 9800/11342 | loss 2.9389 | lr_mult 0.0539 | tok/s 392618 | grad_norm 0.143
step 9810/11342 | loss 2.9415 | lr_mult 0.0532 | tok/s 392624 | grad_norm 0.137
step 9820/11342 | loss 2.9305 | lr_mult 0.0525 | tok/s 392630 | grad_norm 0.144
step 9830/11342 | loss 2.9332 | lr_mult 0.0518 | tok/s 392636 | grad_norm 0.147
step 9840/11342 | loss 2.9904 | lr_mult 0.0511 | tok/s 392642 | grad_norm 0.146
step 9850/11342 | loss 2.9396 | lr_mult 0.0505 | tok/s 392648 | grad_norm 0.142
step 9860/11342 | loss 2.9418 | lr_mult 0.0498 | tok/s 392655 | grad_norm 0.142
step 9870/11342 | loss 2.9474 | lr_mult 0.0492 | tok/s 392661 | grad_norm 0.148
step 9880/11342 | loss 2.9521 | lr_mult 0.0485 | tok/s 392667 | grad_norm 0.149
step 9890/11342 | loss 2.9074 | lr_mult 0.0479 | tok/s 392673 | grad_norm 0.138
step 9900/11342 | loss 2.9346 | lr_mult 0.0472 | tok/s 392679 | grad_norm 0.144
step 9910/11342 | loss 2.9455 | lr_mult 0.0466 | tok/s 392685 | grad_norm 0.139
step 9920/11342 | loss 2.9139 | lr_mult 0.0459 | tok/s 392691 | grad_norm 0.144
step 9930/11342 | loss 2.9512 | lr_mult 0.0453 | tok/s 392697 | grad_norm 0.137
step 9940/11342 | loss 2.9603 | lr_mult 0.0447 | tok/s 392703 | grad_norm 0.149
step 9950/11342 | loss 2.9227 | lr_mult 0.0440 | tok/s 392709 | grad_norm 0.141
step 9960/11342 | loss 2.9302 | lr_mult 0.0434 | tok/s 392715 | grad_norm 0.140
step 9970/11342 | loss 2.9198 | lr_mult 0.0428 | tok/s 392722 | grad_norm 0.140
step 9980/11342 | loss 2.9303 | lr_mult 0.0422 | tok/s 392727 | grad_norm 0.160
step 9990/11342 | loss 2.9410 | lr_mult 0.0416 | tok/s 392733 | grad_norm 0.146
step 10000/11342 | loss 2.9276 | lr_mult 0.0410 | tok/s 392740 | grad_norm 0.150
step 10000/11342 | val_loss 2.9247
step 10010/11342 | loss 2.9318 | lr_mult 0.0404 | tok/s 392454 | grad_norm 0.139
step 10020/11342 | loss 2.9460 | lr_mult 0.0398 | tok/s 392461 | grad_norm 0.143
step 10030/11342 | loss 2.9339 | lr_mult 0.0392 | tok/s 392467 | grad_norm 0.140
step 10040/11342 | loss 2.9690 | lr_mult 0.0386 | tok/s 392474 | grad_norm 0.143
step 10050/11342 | loss 2.9212 | lr_mult 0.0380 | tok/s 392480 | grad_norm 0.139
step 10060/11342 | loss 2.9312 | lr_mult 0.0374 | tok/s 392486 | grad_norm 0.143
step 10070/11342 | loss 2.9371 | lr_mult 0.0369 | tok/s 392493 | grad_norm 0.157
step 10080/11342 | loss 2.9294 | lr_mult 0.0363 | tok/s 392499 | grad_norm 0.143
step 10090/11342 | loss 2.9476 | lr_mult 0.0357 | tok/s 392505 | grad_norm 0.147
step 10100/11342 | loss 2.9173 | lr_mult 0.0352 | tok/s 392511 | grad_norm 0.145
step 10110/11342 | loss 2.9765 | lr_mult 0.0346 | tok/s 392517 | grad_norm 0.144
step 10120/11342 | loss 2.9575 | lr_mult 0.0341 | tok/s 392523 | grad_norm 0.147
step 10130/11342 | loss 2.9604 | lr_mult 0.0335 | tok/s 392529 | grad_norm 0.140
step 10140/11342 | loss 2.9012 | lr_mult 0.0330 | tok/s 392535 | grad_norm 0.138
step 10150/11342 | loss 2.9537 | lr_mult 0.0324 | tok/s 392541 | grad_norm 0.143
step 10160/11342 | loss 2.9811 | lr_mult 0.0319 | tok/s 392547 | grad_norm 0.138
step 10170/11342 | loss 2.9540 | lr_mult 0.0314 | tok/s 392554 | grad_norm 0.134
step 10180/11342 | loss 2.9729 | lr_mult 0.0308 | tok/s 392559 | grad_norm 0.142
step 10190/11342 | loss 2.9546 | lr_mult 0.0303 | tok/s 392566 | grad_norm 0.137
step 10200/11342 | loss 2.9029 | lr_mult 0.0298 | tok/s 392572 | grad_norm 0.143
step 10210/11342 | loss 2.9263 | lr_mult 0.0293 | tok/s 392577 | grad_norm 0.141
step 10220/11342 | loss 2.9142 | lr_mult 0.0288 | tok/s 392583 | grad_norm 0.136
step 10230/11342 | loss 2.9793 | lr_mult 0.0283 | tok/s 392589 | grad_norm 0.140
step 10240/11342 | loss 2.9001 | lr_mult 0.0278 | tok/s 392595 | grad_norm 0.140
step 10250/11342 | loss 2.9250 | lr_mult 0.0273 | tok/s 392601 | grad_norm 0.140
step 10260/11342 | loss 2.9440 | lr_mult 0.0268 | tok/s 392607 | grad_norm 0.139
step 10270/11342 | loss 2.9492 | lr_mult 0.0263 | tok/s 392612 | grad_norm 0.139
step 10280/11342 | loss 2.8934 | lr_mult 0.0258 | tok/s 392618 | grad_norm 0.141
step 10290/11342 | loss 2.9017 | lr_mult 0.0253 | tok/s 392624 | grad_norm 0.132
step 10300/11342 | loss 2.9441 | lr_mult 0.0248 | tok/s 392630 | grad_norm 0.139
step 10310/11342 | loss 2.9416 | lr_mult 0.0244 | tok/s 392636 | grad_norm 0.133
step 10320/11342 | loss 2.8903 | lr_mult 0.0239 | tok/s 392642 | grad_norm 0.140
step 10330/11342 | loss 2.8883 | lr_mult 0.0234 | tok/s 392648 | grad_norm 0.143
step 10340/11342 | loss 2.9406 | lr_mult 0.0230 | tok/s 392654 | grad_norm 0.144
step 10350/11342 | loss 3.0061 | lr_mult 0.0225 | tok/s 392659 | grad_norm 0.137
step 10360/11342 | loss 2.9492 | lr_mult 0.0221 | tok/s 392665 | grad_norm 0.138
step 10370/11342 | loss 2.9499 | lr_mult 0.0216 | tok/s 392671 | grad_norm 0.139
step 10380/11342 | loss 2.9203 | lr_mult 0.0212 | tok/s 392677 | grad_norm 0.138
step 10390/11342 | loss 2.9159 | lr_mult 0.0208 | tok/s 392683 | grad_norm 0.138
step 10400/11342 | loss 2.8860 | lr_mult 0.0203 | tok/s 392689 | grad_norm 0.143
step 10410/11342 | loss 2.9430 | lr_mult 0.0199 | tok/s 392695 | grad_norm 0.138
step 10420/11342 | loss 2.9635 | lr_mult 0.0195 | tok/s 392700 | grad_norm 0.138
step 10430/11342 | loss 2.9098 | lr_mult 0.0191 | tok/s 392706 | grad_norm 0.139
step 10440/11342 | loss 2.9603 | lr_mult 0.0187 | tok/s 392712 | grad_norm 0.142
step 10450/11342 | loss 2.9008 | lr_mult 0.0182 | tok/s 392718 | grad_norm 0.140
step 10460/11342 | loss 2.8941 | lr_mult 0.0178 | tok/s 392724 | grad_norm 0.136
step 10470/11342 | loss 2.9147 | lr_mult 0.0174 | tok/s 392729 | grad_norm 0.138
step 10480/11342 | loss 2.9226 | lr_mult 0.0170 | tok/s 392735 | grad_norm 0.137
step 10490/11342 | loss 2.9082 | lr_mult 0.0167 | tok/s 392740 | grad_norm 0.144
step 10500/11342 | loss 2.9638 | lr_mult 0.0163 | tok/s 392746 | grad_norm 0.134
step 10500/11342 | val_loss 2.9203
step 10510/11342 | loss 2.9469 | lr_mult 0.0159 | tok/s 392474 | grad_norm 0.137
step 10520/11342 | loss 2.9223 | lr_mult 0.0155 | tok/s 392480 | grad_norm 0.140
step 10530/11342 | loss 2.9155 | lr_mult 0.0151 | tok/s 392486 | grad_norm 0.139
step 10540/11342 | loss 2.9562 | lr_mult 0.0148 | tok/s 392492 | grad_norm 0.137
step 10550/11342 | loss 2.9206 | lr_mult 0.0144 | tok/s 392498 | grad_norm 0.140
step 10560/11342 | loss 2.9000 | lr_mult 0.0140 | tok/s 392504 | grad_norm 0.136
step 10570/11342 | loss 2.9641 | lr_mult 0.0137 | tok/s 392510 | grad_norm 0.136
step 10580/11342 | loss 2.9139 | lr_mult 0.0133 | tok/s 392516 | grad_norm 0.139
step 10590/11342 | loss 2.9305 | lr_mult 0.0130 | tok/s 392522 | grad_norm 0.133
step 10600/11342 | loss 2.9664 | lr_mult 0.0126 | tok/s 392527 | grad_norm 0.136
step 10610/11342 | loss 2.9005 | lr_mult 0.0123 | tok/s 392533 | grad_norm 0.139
step 10620/11342 | loss 2.9634 | lr_mult 0.0120 | tok/s 392539 | grad_norm 0.135
step 10630/11342 | loss 2.9406 | lr_mult 0.0116 | tok/s 392544 | grad_norm 0.136
step 10640/11342 | loss 2.9389 | lr_mult 0.0113 | tok/s 392550 | grad_norm 0.135
step 10650/11342 | loss 2.9131 | lr_mult 0.0110 | tok/s 392556 | grad_norm 0.139
step 10660/11342 | loss 2.9725 | lr_mult 0.0107 | tok/s 392561 | grad_norm 0.134
step 10670/11342 | loss 2.9516 | lr_mult 0.0104 | tok/s 392567 | grad_norm 0.137
step 10680/11342 | loss 2.9558 | lr_mult 0.0101 | tok/s 392572 | grad_norm 0.136
step 10690/11342 | loss 2.9264 | lr_mult 0.0098 | tok/s 392578 | grad_norm 0.135
step 10700/11342 | loss 2.9232 | lr_mult 0.0095 | tok/s 392584 | grad_norm 0.135
step 10710/11342 | loss 2.9155 | lr_mult 0.0092 | tok/s 392589 | grad_norm 0.138
step 10720/11342 | loss 2.9997 | lr_mult 0.0089 | tok/s 392595 | grad_norm 0.131
step 10730/11342 | loss 2.9087 | lr_mult 0.0086 | tok/s 392600 | grad_norm 0.136
step 10740/11342 | loss 2.9232 | lr_mult 0.0083 | tok/s 392606 | grad_norm 0.134
step 10750/11342 | loss 2.9263 | lr_mult 0.0081 | tok/s 392611 | grad_norm 0.139
step 10760/11342 | loss 2.9379 | lr_mult 0.0078 | tok/s 392617 | grad_norm 0.135
step 10770/11342 | loss 2.9735 | lr_mult 0.0075 | tok/s 392622 | grad_norm 0.137
step 10780/11342 | loss 2.9308 | lr_mult 0.0073 | tok/s 392628 | grad_norm 0.140
step 10790/11342 | loss 2.9073 | lr_mult 0.0070 | tok/s 392634 | grad_norm 0.138
step 10800/11342 | loss 2.9358 | lr_mult 0.0068 | tok/s 392639 | grad_norm 0.137
step 10810/11342 | loss 2.9091 | lr_mult 0.0065 | tok/s 392644 | grad_norm 0.133
step 10820/11342 | loss 2.9204 | lr_mult 0.0063 | tok/s 392650 | grad_norm 0.138
step 10830/11342 | loss 2.9108 | lr_mult 0.0060 | tok/s 392655 | grad_norm 0.138
step 10840/11342 | loss 2.9029 | lr_mult 0.0058 | tok/s 392661 | grad_norm 0.135
step 10850/11342 | loss 2.9055 | lr_mult 0.0056 | tok/s 392666 | grad_norm 0.136
step 10860/11342 | loss 2.9279 | lr_mult 0.0053 | tok/s 392671 | grad_norm 0.134
step 10870/11342 | loss 2.9223 | lr_mult 0.0051 | tok/s 392677 | grad_norm 0.141
step 10880/11342 | loss 2.9075 | lr_mult 0.0049 | tok/s 392682 | grad_norm 0.143
step 10890/11342 | loss 2.9253 | lr_mult 0.0047 | tok/s 392687 | grad_norm 0.132
step 10900/11342 | loss 2.9452 | lr_mult 0.0045 | tok/s 392693 | grad_norm 0.135
step 10910/11342 | loss 2.9400 | lr_mult 0.0043 | tok/s 392698 | grad_norm 0.136
step 10920/11342 | loss 2.9372 | lr_mult 0.0041 | tok/s 392704 | grad_norm 0.132
step 10930/11342 | loss 2.8971 | lr_mult 0.0039 | tok/s 392709 | grad_norm 0.139
step 10940/11342 | loss 2.9330 | lr_mult 0.0037 | tok/s 392714 | grad_norm 0.133
step 10950/11342 | loss 2.9565 | lr_mult 0.0035 | tok/s 392720 | grad_norm 0.133
step 10960/11342 | loss 2.9100 | lr_mult 0.0034 | tok/s 392725 | grad_norm 0.136
step 10970/11342 | loss 2.9414 | lr_mult 0.0032 | tok/s 392730 | grad_norm 0.139
step 10980/11342 | loss 2.9558 | lr_mult 0.0030 | tok/s 392736 | grad_norm 0.133
step 10990/11342 | loss 2.9485 | lr_mult 0.0029 | tok/s 392741 | grad_norm 0.133
step 11000/11342 | loss 2.9490 | lr_mult 0.0027 | tok/s 392747 | grad_norm 0.141
step 11000/11342 | val_loss 2.9185
step 11010/11342 | loss 2.9258 | lr_mult 0.0025 | tok/s 392487 | grad_norm 0.131
step 11020/11342 | loss 2.9007 | lr_mult 0.0024 | tok/s 392493 | grad_norm 0.132
step 11030/11342 | loss 2.9216 | lr_mult 0.0022 | tok/s 392499 | grad_norm 0.131
step 11040/11342 | loss 2.9714 | lr_mult 0.0021 | tok/s 392505 | grad_norm 0.130
step 11050/11342 | loss 2.9255 | lr_mult 0.0020 | tok/s 392511 | grad_norm 0.134
step 11060/11342 | loss 2.9024 | lr_mult 0.0018 | tok/s 392516 | grad_norm 0.134
step 11070/11342 | loss 2.9302 | lr_mult 0.0017 | tok/s 392522 | grad_norm 0.135
step 11080/11342 | loss 2.9290 | lr_mult 0.0016 | tok/s 392527 | grad_norm 0.137
step 11090/11342 | loss 2.9542 | lr_mult 0.0015 | tok/s 392533 | grad_norm 0.134
step 11100/11342 | loss 2.9272 | lr_mult 0.0014 | tok/s 392539 | grad_norm 0.134
step 11110/11342 | loss 2.9125 | lr_mult 0.0012 | tok/s 392545 | grad_norm 0.130
step 11120/11342 | loss 2.9261 | lr_mult 0.0011 | tok/s 392550 | grad_norm 0.132
step 11130/11342 | loss 2.9465 | lr_mult 0.0010 | tok/s 392556 | grad_norm 0.131
step 11140/11342 | loss 2.8845 | lr_mult 0.0009 | tok/s 392561 | grad_norm 0.133
step 11150/11342 | loss 2.9228 | lr_mult 0.0009 | tok/s 392567 | grad_norm 0.134
step 11160/11342 | loss 2.9091 | lr_mult 0.0008 | tok/s 392573 | grad_norm 0.132
step 11170/11342 | loss 2.9234 | lr_mult 0.0007 | tok/s 392578 | grad_norm 0.133
step 11180/11342 | loss 2.9524 | lr_mult 0.0006 | tok/s 392584 | grad_norm 0.133
step 11190/11342 | loss 2.8663 | lr_mult 0.0005 | tok/s 392589 | grad_norm 0.129
step 11200/11342 | loss 2.9136 | lr_mult 0.0005 | tok/s 392595 | grad_norm 0.133
step 11210/11342 | loss 2.9233 | lr_mult 0.0004 | tok/s 392600 | grad_norm 0.138
step 11220/11342 | loss 2.9393 | lr_mult 0.0003 | tok/s 392606 | grad_norm 0.131
step 11230/11342 | loss 2.9347 | lr_mult 0.0003 | tok/s 392612 | grad_norm 0.153
step 11240/11342 | loss 2.9553 | lr_mult 0.0002 | tok/s 392617 | grad_norm 0.136
step 11250/11342 | loss 2.9579 | lr_mult 0.0002 | tok/s 392623 | grad_norm 0.133
step 11260/11342 | loss 2.9468 | lr_mult 0.0002 | tok/s 392628 | grad_norm 0.130
step 11270/11342 | loss 2.9193 | lr_mult 0.0001 | tok/s 392634 | grad_norm 0.136
step 11280/11342 | loss 2.9180 | lr_mult 0.0001 | tok/s 392639 | grad_norm 0.132
step 11290/11342 | loss 2.9288 | lr_mult 0.0001 | tok/s 392645 | grad_norm 0.132
step 11300/11342 | loss 2.9212 | lr_mult 0.0000 | tok/s 392650 | grad_norm 0.130
step 11310/11342 | loss 2.9034 | lr_mult 0.0000 | tok/s 392656 | grad_norm 0.133
step 11320/11342 | loss 2.9169 | lr_mult 0.0000 | tok/s 392661 | grad_norm 0.133
step 11330/11342 | loss 2.9218 | lr_mult 0.0000 | tok/s 392666 | grad_norm 0.131
step 11340/11342 | loss 2.8989 | lr_mult 0.0000 | tok/s 392672 | grad_norm 0.129
Checkpoint saved: /mnt/dllm/ruilai/checkpoints/moonlight_399m/muon_moonlight/step_011342.pt
Final val_loss: 2.9183
Training complete. 11342 steps in 23250.0s. Total tokens: 8,919,711,744
wandb: updating run metadata
wandb: uploading wandb-summary.json; uploading config.yaml; uploading output.log
wandb: uploading wandb-summary.json; uploading output.log
wandb: uploading history steps 1133-1134, summary, console lines 1179-1180
wandb: 
wandb: Run history:
wandb:                 diagnostics/_summary/M_rms_max ▆▆██▃▂▂▁▁▁▁▁▁▁▁▁▁▁▁▁▁▁▁▁▁▁▁▁▁▁▁▁▁▂▂▂▂▂▂▂
wandb:                diagnostics/_summary/M_rms_mean █▃▃▃▃▁▁▁▁▁▁▁▁▁▁▁▁▁▁▁▁▁▁▁▂▁▁▁▁▁▁▁▁▁▁▁▁▁▁▂
wandb:                 diagnostics/_summary/M_rms_min ▁▁▆█▇▆█▆▅▅▅▅▅▅▅▅▅▅▅▅▅▅▅▅▅▅▅▅▆▆▆▆▆▆▆▆▇▇▇▇
wandb:                 diagnostics/_summary/W_rms_max ▁▂▄▄▄▅▅▅▆▆▇▇▇▇▇▇▇▇▇▇████████████████████
wandb:                diagnostics/_summary/W_rms_mean ▁▁▁▁▂▃▄▄▅▅▆▆▆▆▆▇▇▇▇▇████████████████████
wandb:                 diagnostics/_summary/W_rms_min ▂▁▁▅▆▇▇▇▇▇▇▇▇████████████▇▇▇▇▇▇▇▇▇▇▇▇▇▇▇
wandb:           diagnostics/_summary/shape_scale_max ▁▁▁▁▁▁▁▁▁▁▁▁▁▁▁▁▁▁▁▁▁▁▁▁▁▁▁▁▁▁▁▁▁▁▁▁▁▁▁▁
wandb:          diagnostics/_summary/shape_scale_mean ▁▁▁▁▁▁▁▁▁▁▁▁▁▁▁▁▁▁▁▁▁▁▁▁▁▁▁▁▁▁▁▁▁▁▁▁▁▁▁▁
wandb:           diagnostics/_summary/shape_scale_min ▁▁▁▁▁▁▁▁▁▁▁▁▁▁▁▁▁▁▁▁▁▁▁▁▁▁▁▁▁▁▁▁▁▁▁▁▁▁▁▁
wandb: diagnostics/_summary/update_to_param_ratio_max ▅▅▇▇█▇█▇▇▇▆▅▅▅▅▅▅▄▄▄▄▄▄▄▄▃▃▃▃▂▂▂▂▂▁▁▁▁▁▁
wandb:                                           +636 ...
wandb: 
wandb: Run summary:
wandb:                 diagnostics/_summary/M_rms_max 0.00011
wandb:                diagnostics/_summary/M_rms_mean 2e-05
wandb:                 diagnostics/_summary/M_rms_min 1e-05
wandb:                 diagnostics/_summary/W_rms_max 0.06205
wandb:                diagnostics/_summary/W_rms_mean 0.04814
wandb:                 diagnostics/_summary/W_rms_min 0.00908
wandb:           diagnostics/_summary/shape_scale_max 15.67673
wandb:          diagnostics/_summary/shape_scale_mean 13.19207
wandb:           diagnostics/_summary/shape_scale_min 7.83837
wandb: diagnostics/_summary/update_to_param_ratio_max 0.0
wandb:                                           +636 ...
wandb: 
wandb: 🚀 View run moonlight_399m-muon_moonlight-seed42 at: https://wandb.ai/yuxuanlou/orscale-fineweb10B/runs/c6ec8t0l
wandb: ⭐️ View project at: https://wandb.ai/yuxuanlou/orscale-fineweb10B
wandb: Synced 5 W&B file(s), 0 media file(s), 0 artifact file(s) and 0 other file(s)
wandb: Find logs at: ./wandb/run-20260504_195722-c6ec8t0l/logs
