W0505 02:25:16.625000 67358 site-packages/torch/distributed/run.py:793] 
W0505 02:25:16.625000 67358 site-packages/torch/distributed/run.py:793] *****************************************
W0505 02:25:16.625000 67358 site-packages/torch/distributed/run.py:793] Setting OMP_NUM_THREADS environment variable for each process to be 1 in default, to avoid your system being overloaded, please further tune the variable for optimal performance in your application as needed. 
W0505 02:25:16.625000 67358 site-packages/torch/distributed/run.py:793] *****************************************
[W505 02:25:23.559579360 CUDAAllocatorConfig.h:28] Warning: expandable_segments not supported on this platform (function operator())
[W505 02:25:23.630010442 CUDAAllocatorConfig.h:28] Warning: expandable_segments not supported on this platform (function operator())
[rank1]:[W505 02:25:23.692181149 ProcessGroupNCCL.cpp:4115] [PG ID 0 PG GUID 0 Rank 1]  using GPU 1 to perform barrier as devices used by this process are currently unknown. This can potentially cause a hang if this rank to GPU mapping is incorrect.Specify device_ids in barrier() to force use of a particular device,or call init_process_group() with a device_id.
[W505 02:25:23.233992310 CUDAAllocatorConfig.h:28] Warning: expandable_segments not supported on this platform (function operator())
[rank4]:[W505 02:25:23.262741929 ProcessGroupNCCL.cpp:4115] [PG ID 0 PG GUID 0 Rank 4]  using GPU 4 to perform barrier as devices used by this process are currently unknown. This can potentially cause a hang if this rank to GPU mapping is incorrect.Specify device_ids in barrier() to force use of a particular device,or call init_process_group() with a device_id.
[rank0]:[W505 02:25:23.405547816 ProcessGroupNCCL.cpp:4115] [PG ID 0 PG GUID 0 Rank 0]  using GPU 0 to perform barrier as devices used by this process are currently unknown. This can potentially cause a hang if this rank to GPU mapping is incorrect.Specify device_ids in barrier() to force use of a particular device,or call init_process_group() with a device_id.
[W505 02:25:24.497019266 CUDAAllocatorConfig.h:28] Warning: expandable_segments not supported on this platform (function operator())
[rank5]:[W505 02:25:24.507765998 ProcessGroupNCCL.cpp:4115] [PG ID 0 PG GUID 0 Rank 5]  using GPU 5 to perform barrier as devices used by this process are currently unknown. This can potentially cause a hang if this rank to GPU mapping is incorrect.Specify device_ids in barrier() to force use of a particular device,or call init_process_group() with a device_id.
[W505 02:25:24.509262405 CUDAAllocatorConfig.h:28] Warning: expandable_segments not supported on this platform (function operator())
[rank6]:[W505 02:25:24.516255534 ProcessGroupNCCL.cpp:4115] [PG ID 0 PG GUID 0 Rank 6]  using GPU 6 to perform barrier as devices used by this process are currently unknown. This can potentially cause a hang if this rank to GPU mapping is incorrect.Specify device_ids in barrier() to force use of a particular device,or call init_process_group() with a device_id.
[W505 02:25:24.518618657 CUDAAllocatorConfig.h:28] Warning: expandable_segments not supported on this platform (function operator())
[rank7]:[W505 02:25:24.525937531 ProcessGroupNCCL.cpp:4115] [PG ID 0 PG GUID 0 Rank 7]  using GPU 7 to perform barrier as devices used by this process are currently unknown. This can potentially cause a hang if this rank to GPU mapping is incorrect.Specify device_ids in barrier() to force use of a particular device,or call init_process_group() with a device_id.
[W505 02:25:24.528367034 CUDAAllocatorConfig.h:28] Warning: expandable_segments not supported on this platform (function operator())
[rank3]:[W505 02:25:24.536030388 ProcessGroupNCCL.cpp:4115] [PG ID 0 PG GUID 0 Rank 3]  using GPU 3 to perform barrier as devices used by this process are currently unknown. This can potentially cause a hang if this rank to GPU mapping is incorrect.Specify device_ids in barrier() to force use of a particular device,or call init_process_group() with a device_id.
[W505 02:25:24.537057314 CUDAAllocatorConfig.h:28] Warning: expandable_segments not supported on this platform (function operator())
[rank2]:[W505 02:25:24.545444979 ProcessGroupNCCL.cpp:4115] [PG ID 0 PG GUID 0 Rank 2]  using GPU 2 to perform barrier as devices used by this process are currently unknown. This can potentially cause a hang if this rank to GPU mapping is incorrect.Specify device_ids in barrier() to force use of a particular device,or call init_process_group() with a device_id.
2026-05-05 02:25:29 | INFO | World size: 8, Device: cuda:0
wandb: [wandb.login()] Loaded credentials for https://api.wandb.ai from /root/.netrc.
wandb: Currently logged in as: yuxuanlou to https://api.wandb.ai. Use `wandb login --relogin` to force relogin
wandb: setting up run hbn0v1xg
wandb: Tracking run with wandb version 0.26.1
wandb: Run data is saved locally in /ossfs/workspace/OrScale/wandb/run-20260505_022538-hbn0v1xg
wandb: Run `wandb offline` to turn off syncing.
wandb: Syncing run moonlight_545m-muon_moonlight-seed42
wandb: ⭐️ View project at https://wandb.ai/yuxuanlou/orscale-fineweb10B
wandb: 🚀 View run at https://wandb.ai/yuxuanlou/orscale-fineweb10B/runs/hbn0v1xg
2026-05-05 02:25:43 | INFO | Building model...
2026-05-05 02:25:51 | INFO | Model: 629.7M parameters
2026-05-05 02:25:51 | INFO | Building optimizer(s): muon_moonlight
2026-05-05 02:25:51 | INFO | Building scheduler...
2026-05-05 02:25:51 | INFO | Building training data loader...
2026-05-05 02:25:51 | INFO | Building validation data loader...
2026-05-05 02:25:52 | INFO | Launching training run
2026-05-05 02:25:52 | INFO |   config: configs/small_125m.yaml
2026-05-05 02:25:52 | INFO |   overrides: ['model.preset=moonlight_545m', 'model.max_seq_len=4096', 'training.batch_size=8', 'training.grad_accum_steps=4', 'training.max_steps=13390', 'training.seed=42', 'training.checkpoint_subdir=moonlight_545m/muon_moonlight', 'training.checkpoint_subdir_mode=replace_leaf', 'optimizer.name=muon_moonlight', 'logging.wandb_name=moonlight_545m-muon_moonlight-seed42', 'optimizer.lr=0.0009143', 'optimizer.weight_decay=0.1', 'optimizer.adamw_lr=0.0009143', 'optimizer.adamw_weight_decay=0.1', 'optimizer.adamw_betas=[0.9, 0.95]', 'training.save_every=13390', 'training.compile=True']
2026-05-05 02:25:52 | INFO |   distributed: rank=0 local_rank=0 world_size=8 device=cuda:0
2026-05-05 02:25:52 | INFO |   seed: base=42 effective_rank_seed=42 precision=bfloat16
2026-05-05 02:25:52 | INFO |   model: preset=moonlight_545m seq_len=4096 norm=rmsnorm mlp=relusqr pos=rope tie_weights=True
2026-05-05 02:25:52 | INFO |   optimizer: name=muon_moonlight optimizers=2 lr=0.0009143 weight_decay=0.1 momentum=0.95
2026-05-05 02:25:52 | INFO |   optimizer extras: ns_iters=5 adamw_lr=0.0009143 alpha=0.5 r_min=0.5 r_max=1.5 c_denom=auto
2026-05-05 02:25:52 | INFO |   schedule: max_steps=13390 warmup_steps=1000 grad_accum=4 tokens/step=1,048,576
2026-05-05 02:25:52 | INFO |   training cadence: log_every=10 val_every=500 val_steps=20 save_every=13390
2026-05-05 02:25:52 | INFO |   data(train): in-memory .bin shards (103 files) from /mnt/dllm/ruilai/dataset/fineweb10B/fineweb_train_*.bin
2026-05-05 02:25:52 | INFO |   data(val): in-memory .bin shards (1 files) from /mnt/dllm/ruilai/dataset/fineweb10B/fineweb_val_*.bin
2026-05-05 02:25:52 | INFO |   loaders: train=DataLoader val=DataLoader
2026-05-05 02:25:52 | INFO |   diagnostics: log_every=50 heavy_log_every=500
2026-05-05 02:25:52 | INFO |   wandb: enabled (project=orscale-fineweb10B, group=small_125m)
2026-05-05 02:25:52 | INFO | Starting training loop...
step 10/13390 | loss 11.0718 | lr_mult 0.0100 | tok/s 221250 | grad_norm 20.794
step 20/13390 | loss 10.6539 | lr_mult 0.0200 | tok/s 262236 | grad_norm 19.139
step 30/13390 | loss 9.8636 | lr_mult 0.0300 | tok/s 279543 | grad_norm 13.444
step 40/13390 | loss 8.8904 | lr_mult 0.0400 | tok/s 289138 | grad_norm 9.098
step 50/13390 | loss 8.0708 | lr_mult 0.0500 | tok/s 295252 | grad_norm 4.896
step 60/13390 | loss 7.4529 | lr_mult 0.0600 | tok/s 299495 | grad_norm 1.875
step 70/13390 | loss 7.0173 | lr_mult 0.0700 | tok/s 302600 | grad_norm 1.462
step 80/13390 | loss 6.7961 | lr_mult 0.0800 | tok/s 304949 | grad_norm 2.599
step 90/13390 | loss 6.6067 | lr_mult 0.0900 | tok/s 306784 | grad_norm 2.545
step 100/13390 | loss 6.4837 | lr_mult 0.1000 | tok/s 308263 | grad_norm 2.459
step 110/13390 | loss 6.2942 | lr_mult 0.1100 | tok/s 309482 | grad_norm 2.501
step 120/13390 | loss 6.2059 | lr_mult 0.1200 | tok/s 310504 | grad_norm 2.417
step 130/13390 | loss 6.0967 | lr_mult 0.1300 | tok/s 311370 | grad_norm 2.509
step 140/13390 | loss 6.0303 | lr_mult 0.1400 | tok/s 312114 | grad_norm 2.366
step 150/13390 | loss 5.9874 | lr_mult 0.1500 | tok/s 312764 | grad_norm 2.799
step 160/13390 | loss 5.9331 | lr_mult 0.1600 | tok/s 313336 | grad_norm 2.487
step 170/13390 | loss 5.8762 | lr_mult 0.1700 | tok/s 313837 | grad_norm 2.515
step 180/13390 | loss 5.8044 | lr_mult 0.1800 | tok/s 314283 | grad_norm 2.099
step 190/13390 | loss 5.7481 | lr_mult 0.1900 | tok/s 314684 | grad_norm 2.310
step 200/13390 | loss 5.7092 | lr_mult 0.2000 | tok/s 315045 | grad_norm 1.806
step 210/13390 | loss 5.6769 | lr_mult 0.2100 | tok/s 315377 | grad_norm 2.267
step 220/13390 | loss 5.5923 | lr_mult 0.2200 | tok/s 315678 | grad_norm 2.681
step 230/13390 | loss 5.5500 | lr_mult 0.2300 | tok/s 315953 | grad_norm 3.304
step 240/13390 | loss 5.4900 | lr_mult 0.2400 | tok/s 316205 | grad_norm 3.366
step 250/13390 | loss 5.3736 | lr_mult 0.2500 | tok/s 316437 | grad_norm 3.355
step 260/13390 | loss 5.2974 | lr_mult 0.2600 | tok/s 316652 | grad_norm 3.532
step 270/13390 | loss 5.2570 | lr_mult 0.2700 | tok/s 316852 | grad_norm 3.211
step 280/13390 | loss 5.2165 | lr_mult 0.2800 | tok/s 317039 | grad_norm 3.597
step 290/13390 | loss 5.1368 | lr_mult 0.2900 | tok/s 317213 | grad_norm 5.663
step 300/13390 | loss 5.0558 | lr_mult 0.3000 | tok/s 317376 | grad_norm 3.855
step 310/13390 | loss 4.9702 | lr_mult 0.3100 | tok/s 317528 | grad_norm 3.987
step 320/13390 | loss 4.8946 | lr_mult 0.3200 | tok/s 317670 | grad_norm 4.728
step 330/13390 | loss 4.8639 | lr_mult 0.3300 | tok/s 317803 | grad_norm 4.119
step 340/13390 | loss 4.8147 | lr_mult 0.3400 | tok/s 317931 | grad_norm 4.738
step 350/13390 | loss 4.7831 | lr_mult 0.3500 | tok/s 318052 | grad_norm 5.159
step 360/13390 | loss 4.7026 | lr_mult 0.3600 | tok/s 318165 | grad_norm 4.265
step 370/13390 | loss 4.6468 | lr_mult 0.3700 | tok/s 318273 | grad_norm 4.640
step 380/13390 | loss 4.5911 | lr_mult 0.3800 | tok/s 318373 | grad_norm 3.472
step 390/13390 | loss 4.5377 | lr_mult 0.3900 | tok/s 318469 | grad_norm 3.650
step 400/13390 | loss 4.4922 | lr_mult 0.4000 | tok/s 318560 | grad_norm 3.673
step 410/13390 | loss 4.4338 | lr_mult 0.4100 | tok/s 318649 | grad_norm 3.849
step 420/13390 | loss 4.3833 | lr_mult 0.4200 | tok/s 318733 | grad_norm 3.983
step 430/13390 | loss 4.3474 | lr_mult 0.4300 | tok/s 318813 | grad_norm 3.437
step 440/13390 | loss 4.2591 | lr_mult 0.4400 | tok/s 318891 | grad_norm 3.543
step 450/13390 | loss 4.2279 | lr_mult 0.4500 | tok/s 318966 | grad_norm 3.149
step 460/13390 | loss 4.2125 | lr_mult 0.4600 | tok/s 319037 | grad_norm 3.213
step 470/13390 | loss 4.1668 | lr_mult 0.4700 | tok/s 319105 | grad_norm 2.649
step 480/13390 | loss 4.1410 | lr_mult 0.4800 | tok/s 319170 | grad_norm 2.678
step 490/13390 | loss 4.1092 | lr_mult 0.4900 | tok/s 319233 | grad_norm 2.105
step 500/13390 | loss 4.0453 | lr_mult 0.5000 | tok/s 319294 | grad_norm 2.332
step 500/13390 | val_loss 4.0674
step 510/13390 | loss 4.0535 | lr_mult 0.5100 | tok/s 314304 | grad_norm 2.254
step 520/13390 | loss 4.0304 | lr_mult 0.5200 | tok/s 314460 | grad_norm 2.070
step 530/13390 | loss 3.9971 | lr_mult 0.5300 | tok/s 314608 | grad_norm 1.858
step 540/13390 | loss 3.9784 | lr_mult 0.5400 | tok/s 314750 | grad_norm 1.995
step 550/13390 | loss 3.9794 | lr_mult 0.5500 | tok/s 314888 | grad_norm 1.827
step 560/13390 | loss 3.9909 | lr_mult 0.5600 | tok/s 315021 | grad_norm 1.864
step 570/13390 | loss 3.9112 | lr_mult 0.5700 | tok/s 315150 | grad_norm 1.527
step 580/13390 | loss 3.9124 | lr_mult 0.5800 | tok/s 315275 | grad_norm 1.670
step 590/13390 | loss 3.9159 | lr_mult 0.5900 | tok/s 315397 | grad_norm 1.669
step 600/13390 | loss 3.8872 | lr_mult 0.6000 | tok/s 315514 | grad_norm 1.430
step 610/13390 | loss 3.8709 | lr_mult 0.6100 | tok/s 315627 | grad_norm 1.423
step 620/13390 | loss 3.8771 | lr_mult 0.6200 | tok/s 315737 | grad_norm 1.449
step 630/13390 | loss 3.8300 | lr_mult 0.6300 | tok/s 315844 | grad_norm 1.276
step 640/13390 | loss 3.8481 | lr_mult 0.6400 | tok/s 315947 | grad_norm 1.234
step 650/13390 | loss 3.8137 | lr_mult 0.6500 | tok/s 316049 | grad_norm 1.179
step 660/13390 | loss 3.8266 | lr_mult 0.6600 | tok/s 316148 | grad_norm 1.190
step 670/13390 | loss 3.8345 | lr_mult 0.6700 | tok/s 316245 | grad_norm 1.165
step 680/13390 | loss 3.8031 | lr_mult 0.6800 | tok/s 316339 | grad_norm 1.193
step 690/13390 | loss 3.7817 | lr_mult 0.6900 | tok/s 316431 | grad_norm 1.153
step 700/13390 | loss 3.7584 | lr_mult 0.7000 | tok/s 316521 | grad_norm 1.142
step 710/13390 | loss 3.7650 | lr_mult 0.7100 | tok/s 316608 | grad_norm 1.008
step 720/13390 | loss 3.7280 | lr_mult 0.7200 | tok/s 316694 | grad_norm 0.931
step 730/13390 | loss 3.7359 | lr_mult 0.7300 | tok/s 316778 | grad_norm 1.003
step 740/13390 | loss 3.7469 | lr_mult 0.7400 | tok/s 316860 | grad_norm 1.019
step 750/13390 | loss 3.7270 | lr_mult 0.7500 | tok/s 316940 | grad_norm 1.144
step 760/13390 | loss 3.7440 | lr_mult 0.7600 | tok/s 317019 | grad_norm 1.044
step 770/13390 | loss 3.7209 | lr_mult 0.7700 | tok/s 317097 | grad_norm 0.957
step 780/13390 | loss 3.7173 | lr_mult 0.7800 | tok/s 317173 | grad_norm 0.987
step 790/13390 | loss 3.7215 | lr_mult 0.7900 | tok/s 317246 | grad_norm 0.993
step 800/13390 | loss 3.7094 | lr_mult 0.8000 | tok/s 317318 | grad_norm 0.977
step 810/13390 | loss 3.6998 | lr_mult 0.8100 | tok/s 317390 | grad_norm 0.969
step 820/13390 | loss 3.6725 | lr_mult 0.8200 | tok/s 317460 | grad_norm 0.949
step 830/13390 | loss 3.6626 | lr_mult 0.8300 | tok/s 317528 | grad_norm 0.902
step 840/13390 | loss 3.6701 | lr_mult 0.8400 | tok/s 317596 | grad_norm 1.011
step 850/13390 | loss 3.6731 | lr_mult 0.8500 | tok/s 317662 | grad_norm 0.896
step 860/13390 | loss 3.6543 | lr_mult 0.8600 | tok/s 317728 | grad_norm 0.927
step 870/13390 | loss 3.6597 | lr_mult 0.8700 | tok/s 317792 | grad_norm 0.930
step 880/13390 | loss 3.6340 | lr_mult 0.8800 | tok/s 317854 | grad_norm 0.810
step 890/13390 | loss 3.6327 | lr_mult 0.8900 | tok/s 317916 | grad_norm 0.827
step 900/13390 | loss 3.6196 | lr_mult 0.9000 | tok/s 317976 | grad_norm 0.795
step 910/13390 | loss 3.6399 | lr_mult 0.9100 | tok/s 318035 | grad_norm 0.778
step 920/13390 | loss 3.6108 | lr_mult 0.9200 | tok/s 318094 | grad_norm 0.804
step 930/13390 | loss 3.5969 | lr_mult 0.9300 | tok/s 318151 | grad_norm 0.861
step 940/13390 | loss 3.5854 | lr_mult 0.9400 | tok/s 318207 | grad_norm 0.812
step 950/13390 | loss 3.6255 | lr_mult 0.9500 | tok/s 318263 | grad_norm 0.723
step 960/13390 | loss 3.6138 | lr_mult 0.9600 | tok/s 318318 | grad_norm 0.765
step 970/13390 | loss 3.6025 | lr_mult 0.9700 | tok/s 318372 | grad_norm 0.756
step 980/13390 | loss 3.5628 | lr_mult 0.9800 | tok/s 318424 | grad_norm 0.722
step 990/13390 | loss 3.5821 | lr_mult 0.9900 | tok/s 318476 | grad_norm 0.811
step 1000/13390 | loss 3.5639 | lr_mult 1.0000 | tok/s 318528 | grad_norm 0.706
step 1000/13390 | val_loss 3.5762
step 1010/13390 | loss 3.5838 | lr_mult 1.0000 | tok/s 316671 | grad_norm 0.750
step 1020/13390 | loss 3.5483 | lr_mult 1.0000 | tok/s 316740 | grad_norm 0.659
step 1030/13390 | loss 3.5579 | lr_mult 1.0000 | tok/s 316808 | grad_norm 0.682
step 1040/13390 | loss 3.5359 | lr_mult 1.0000 | tok/s 316873 | grad_norm 0.668
step 1050/13390 | loss 3.5530 | lr_mult 1.0000 | tok/s 316938 | grad_norm 0.740
step 1060/13390 | loss 3.5124 | lr_mult 0.9999 | tok/s 317002 | grad_norm 0.649
step 1070/13390 | loss 3.5321 | lr_mult 0.9999 | tok/s 317065 | grad_norm 0.671
step 1080/13390 | loss 3.5340 | lr_mult 0.9999 | tok/s 317127 | grad_norm 0.657
step 1090/13390 | loss 3.5171 | lr_mult 0.9999 | tok/s 317188 | grad_norm 0.628
step 1100/13390 | loss 3.5261 | lr_mult 0.9998 | tok/s 317249 | grad_norm 0.572
step 1110/13390 | loss 3.5249 | lr_mult 0.9998 | tok/s 317308 | grad_norm 0.672
step 1120/13390 | loss 3.4992 | lr_mult 0.9998 | tok/s 317367 | grad_norm 0.632
step 1130/13390 | loss 3.4931 | lr_mult 0.9997 | tok/s 317424 | grad_norm 0.611
step 1140/13390 | loss 3.5181 | lr_mult 0.9997 | tok/s 317481 | grad_norm 0.556
step 1150/13390 | loss 3.5088 | lr_mult 0.9996 | tok/s 317536 | grad_norm 0.606
step 1160/13390 | loss 3.4886 | lr_mult 0.9996 | tok/s 317592 | grad_norm 0.641
step 1170/13390 | loss 3.4756 | lr_mult 0.9995 | tok/s 317646 | grad_norm 0.575
step 1180/13390 | loss 3.4535 | lr_mult 0.9995 | tok/s 317699 | grad_norm 0.580
step 1190/13390 | loss 3.4527 | lr_mult 0.9994 | tok/s 317751 | grad_norm 0.636
step 1200/13390 | loss 3.4897 | lr_mult 0.9994 | tok/s 317803 | grad_norm 0.638
step 1210/13390 | loss 3.4898 | lr_mult 0.9993 | tok/s 317854 | grad_norm 0.619
step 1220/13390 | loss 3.4549 | lr_mult 0.9992 | tok/s 317904 | grad_norm 0.557
step 1230/13390 | loss 3.4580 | lr_mult 0.9991 | tok/s 317953 | grad_norm 0.580
step 1240/13390 | loss 3.4473 | lr_mult 0.9991 | tok/s 318002 | grad_norm 0.627
step 1250/13390 | loss 3.4570 | lr_mult 0.9990 | tok/s 318050 | grad_norm 0.503
step 1260/13390 | loss 3.4323 | lr_mult 0.9989 | tok/s 318097 | grad_norm 0.541
step 1270/13390 | loss 3.4381 | lr_mult 0.9988 | tok/s 318144 | grad_norm 0.507
step 1280/13390 | loss 3.4423 | lr_mult 0.9987 | tok/s 318190 | grad_norm 0.567
step 1290/13390 | loss 3.4359 | lr_mult 0.9986 | tok/s 318236 | grad_norm 0.507
step 1300/13390 | loss 3.4010 | lr_mult 0.9986 | tok/s 318282 | grad_norm 0.488
step 1310/13390 | loss 3.4378 | lr_mult 0.9985 | tok/s 318326 | grad_norm 0.568
step 1320/13390 | loss 3.4322 | lr_mult 0.9984 | tok/s 318370 | grad_norm 0.505
step 1330/13390 | loss 3.3882 | lr_mult 0.9983 | tok/s 318414 | grad_norm 0.538
step 1340/13390 | loss 3.4164 | lr_mult 0.9981 | tok/s 318457 | grad_norm 0.500
step 1350/13390 | loss 3.3978 | lr_mult 0.9980 | tok/s 318498 | grad_norm 0.501
step 1360/13390 | loss 3.3944 | lr_mult 0.9979 | tok/s 318540 | grad_norm 0.522
step 1370/13390 | loss 3.3844 | lr_mult 0.9978 | tok/s 318581 | grad_norm 0.524
step 1380/13390 | loss 3.3973 | lr_mult 0.9977 | tok/s 318622 | grad_norm 0.465
step 1390/13390 | loss 3.4082 | lr_mult 0.9976 | tok/s 318661 | grad_norm 0.503
step 1400/13390 | loss 3.3603 | lr_mult 0.9974 | tok/s 318701 | grad_norm 0.545
step 1410/13390 | loss 3.4126 | lr_mult 0.9973 | tok/s 318740 | grad_norm 0.480
step 1420/13390 | loss 3.3674 | lr_mult 0.9972 | tok/s 318779 | grad_norm 0.474
step 1430/13390 | loss 3.3838 | lr_mult 0.9970 | tok/s 318818 | grad_norm 0.466
step 1440/13390 | loss 3.3759 | lr_mult 0.9969 | tok/s 318855 | grad_norm 0.478
step 1450/13390 | loss 3.3751 | lr_mult 0.9967 | tok/s 318893 | grad_norm 0.482
step 1460/13390 | loss 3.4076 | lr_mult 0.9966 | tok/s 318929 | grad_norm 0.437
step 1470/13390 | loss 3.4150 | lr_mult 0.9965 | tok/s 318966 | grad_norm 0.486
step 1480/13390 | loss 3.3684 | lr_mult 0.9963 | tok/s 319001 | grad_norm 0.519
step 1490/13390 | loss 3.3592 | lr_mult 0.9961 | tok/s 319037 | grad_norm 0.442
step 1500/13390 | loss 3.3766 | lr_mult 0.9960 | tok/s 319072 | grad_norm 0.477
step 1500/13390 | val_loss 3.3605
step 1510/13390 | loss 3.3693 | lr_mult 0.9958 | tok/s 317825 | grad_norm 0.466
step 1520/13390 | loss 3.3599 | lr_mult 0.9957 | tok/s 317869 | grad_norm 0.461
step 1530/13390 | loss 3.3767 | lr_mult 0.9955 | tok/s 317913 | grad_norm 0.476
step 1540/13390 | loss 3.3487 | lr_mult 0.9953 | tok/s 317955 | grad_norm 0.483
step 1550/13390 | loss 3.3872 | lr_mult 0.9951 | tok/s 317997 | grad_norm 0.468
step 1560/13390 | loss 3.3427 | lr_mult 0.9950 | tok/s 318039 | grad_norm 0.474
step 1570/13390 | loss 3.3669 | lr_mult 0.9948 | tok/s 318080 | grad_norm 0.450
step 1580/13390 | loss 3.3325 | lr_mult 0.9946 | tok/s 318120 | grad_norm 0.496
step 1590/13390 | loss 3.3356 | lr_mult 0.9944 | tok/s 318160 | grad_norm 0.459
step 1600/13390 | loss 3.3230 | lr_mult 0.9942 | tok/s 318199 | grad_norm 0.439
step 1610/13390 | loss 3.3411 | lr_mult 0.9940 | tok/s 318238 | grad_norm 0.475
step 1620/13390 | loss 3.3284 | lr_mult 0.9938 | tok/s 318277 | grad_norm 0.456
step 1630/13390 | loss 3.3418 | lr_mult 0.9936 | tok/s 318316 | grad_norm 0.410
step 1640/13390 | loss 3.3014 | lr_mult 0.9934 | tok/s 318353 | grad_norm 0.463
step 1650/13390 | loss 3.3549 | lr_mult 0.9932 | tok/s 318391 | grad_norm 0.456
step 1660/13390 | loss 3.3237 | lr_mult 0.9930 | tok/s 318428 | grad_norm 0.489
step 1670/13390 | loss 3.3193 | lr_mult 0.9928 | tok/s 318464 | grad_norm 0.479
step 1680/13390 | loss 3.3405 | lr_mult 0.9926 | tok/s 318500 | grad_norm 0.409
step 1690/13390 | loss 3.3337 | lr_mult 0.9924 | tok/s 318536 | grad_norm 0.434
step 1700/13390 | loss 3.3034 | lr_mult 0.9921 | tok/s 318571 | grad_norm 0.486
step 1710/13390 | loss 3.3233 | lr_mult 0.9919 | tok/s 318606 | grad_norm 0.393
step 1720/13390 | loss 3.3213 | lr_mult 0.9917 | tok/s 318641 | grad_norm 0.431
step 1730/13390 | loss 3.3278 | lr_mult 0.9915 | tok/s 318675 | grad_norm 0.443
step 1740/13390 | loss 3.3103 | lr_mult 0.9912 | tok/s 318708 | grad_norm 0.416
step 1750/13390 | loss 3.2923 | lr_mult 0.9910 | tok/s 318742 | grad_norm 0.373
step 1760/13390 | loss 3.3041 | lr_mult 0.9907 | tok/s 318775 | grad_norm 0.437
step 1770/13390 | loss 3.2989 | lr_mult 0.9905 | tok/s 318808 | grad_norm 0.493
step 1780/13390 | loss 3.3062 | lr_mult 0.9903 | tok/s 318841 | grad_norm 0.450
step 1790/13390 | loss 3.3257 | lr_mult 0.9900 | tok/s 318873 | grad_norm 0.405
step 1800/13390 | loss 3.3301 | lr_mult 0.9897 | tok/s 318905 | grad_norm 0.466
step 1810/13390 | loss 3.3061 | lr_mult 0.9895 | tok/s 318936 | grad_norm 0.445
step 1820/13390 | loss 3.2843 | lr_mult 0.9892 | tok/s 318967 | grad_norm 0.388
step 1830/13390 | loss 3.2969 | lr_mult 0.9890 | tok/s 318998 | grad_norm 0.414
step 1840/13390 | loss 3.2780 | lr_mult 0.9887 | tok/s 319028 | grad_norm 0.367
step 1850/13390 | loss 3.2862 | lr_mult 0.9884 | tok/s 319058 | grad_norm 0.430
step 1860/13390 | loss 3.2599 | lr_mult 0.9882 | tok/s 319088 | grad_norm 0.402
step 1870/13390 | loss 3.2827 | lr_mult 0.9879 | tok/s 319117 | grad_norm 0.466
step 1880/13390 | loss 3.2672 | lr_mult 0.9876 | tok/s 319147 | grad_norm 0.407
step 1890/13390 | loss 3.2865 | lr_mult 0.9873 | tok/s 319175 | grad_norm 0.397
step 1900/13390 | loss 3.2829 | lr_mult 0.9870 | tok/s 319204 | grad_norm 0.425
step 1910/13390 | loss 3.2558 | lr_mult 0.9867 | tok/s 319233 | grad_norm 0.435
step 1920/13390 | loss 3.2834 | lr_mult 0.9865 | tok/s 319261 | grad_norm 0.465
step 1930/13390 | loss 3.2524 | lr_mult 0.9862 | tok/s 319289 | grad_norm 0.416
step 1940/13390 | loss 3.2752 | lr_mult 0.9859 | tok/s 319317 | grad_norm 0.351
step 1950/13390 | loss 3.2874 | lr_mult 0.9856 | tok/s 319344 | grad_norm 0.394
step 1960/13390 | loss 3.2614 | lr_mult 0.9853 | tok/s 319371 | grad_norm 0.444
step 1970/13390 | loss 3.2627 | lr_mult 0.9850 | tok/s 319398 | grad_norm 0.444
step 1980/13390 | loss 3.2597 | lr_mult 0.9846 | tok/s 319424 | grad_norm 0.403
step 1990/13390 | loss 3.2715 | lr_mult 0.9843 | tok/s 319450 | grad_norm 0.403
step 2000/13390 | loss 3.2526 | lr_mult 0.9840 | tok/s 319476 | grad_norm 0.368
step 2000/13390 | val_loss 3.2511
step 2010/13390 | loss 3.2656 | lr_mult 0.9837 | tok/s 318536 | grad_norm 0.406
step 2020/13390 | loss 3.2919 | lr_mult 0.9834 | tok/s 318567 | grad_norm 0.420
step 2030/13390 | loss 3.2556 | lr_mult 0.9830 | tok/s 318597 | grad_norm 0.385
step 2040/13390 | loss 3.2248 | lr_mult 0.9827 | tok/s 318627 | grad_norm 0.356
step 2050/13390 | loss 3.2818 | lr_mult 0.9824 | tok/s 318656 | grad_norm 0.413
step 2060/13390 | loss 3.2466 | lr_mult 0.9820 | tok/s 318685 | grad_norm 0.396
step 2070/13390 | loss 3.2424 | lr_mult 0.9817 | tok/s 318714 | grad_norm 0.422
step 2080/13390 | loss 3.2293 | lr_mult 0.9814 | tok/s 318743 | grad_norm 0.387
step 2090/13390 | loss 3.2685 | lr_mult 0.9810 | tok/s 318772 | grad_norm 0.462
step 2100/13390 | loss 3.2220 | lr_mult 0.9807 | tok/s 318800 | grad_norm 0.359
step 2110/13390 | loss 3.2370 | lr_mult 0.9803 | tok/s 318828 | grad_norm 0.396
step 2120/13390 | loss 3.2382 | lr_mult 0.9800 | tok/s 318856 | grad_norm 0.444
step 2130/13390 | loss 3.2762 | lr_mult 0.9796 | tok/s 318883 | grad_norm 0.361
step 2140/13390 | loss 3.2326 | lr_mult 0.9793 | tok/s 318911 | grad_norm 0.377
step 2150/13390 | loss 3.2113 | lr_mult 0.9789 | tok/s 318938 | grad_norm 0.411
step 2160/13390 | loss 3.2305 | lr_mult 0.9785 | tok/s 318965 | grad_norm 0.399
step 2170/13390 | loss 3.2069 | lr_mult 0.9782 | tok/s 318991 | grad_norm 0.378
step 2180/13390 | loss 3.2318 | lr_mult 0.9778 | tok/s 319018 | grad_norm 0.361
step 2190/13390 | loss 3.2120 | lr_mult 0.9774 | tok/s 319044 | grad_norm 0.409
step 2200/13390 | loss 3.2403 | lr_mult 0.9770 | tok/s 319069 | grad_norm 0.408
step 2210/13390 | loss 3.2485 | lr_mult 0.9767 | tok/s 319095 | grad_norm 0.396
step 2220/13390 | loss 3.1806 | lr_mult 0.9763 | tok/s 319120 | grad_norm 0.356
step 2230/13390 | loss 3.2149 | lr_mult 0.9759 | tok/s 319145 | grad_norm 0.380
step 2240/13390 | loss 3.2216 | lr_mult 0.9755 | tok/s 319170 | grad_norm 0.389
step 2250/13390 | loss 3.2328 | lr_mult 0.9751 | tok/s 319195 | grad_norm 0.381
step 2260/13390 | loss 3.2239 | lr_mult 0.9747 | tok/s 319219 | grad_norm 0.357
step 2270/13390 | loss 3.2253 | lr_mult 0.9743 | tok/s 319243 | grad_norm 0.368
step 2280/13390 | loss 3.1943 | lr_mult 0.9739 | tok/s 319267 | grad_norm 0.392
step 2290/13390 | loss 3.1965 | lr_mult 0.9735 | tok/s 319291 | grad_norm 0.320
step 2300/13390 | loss 3.2102 | lr_mult 0.9731 | tok/s 319315 | grad_norm 0.386
step 2310/13390 | loss 3.2045 | lr_mult 0.9727 | tok/s 319338 | grad_norm 0.407
step 2320/13390 | loss 3.2205 | lr_mult 0.9723 | tok/s 319362 | grad_norm 0.400
step 2330/13390 | loss 3.2388 | lr_mult 0.9718 | tok/s 319385 | grad_norm 0.402
step 2340/13390 | loss 3.2171 | lr_mult 0.9714 | tok/s 319407 | grad_norm 0.443
step 2350/13390 | loss 3.2004 | lr_mult 0.9710 | tok/s 319430 | grad_norm 0.402
step 2360/13390 | loss 3.2230 | lr_mult 0.9706 | tok/s 319453 | grad_norm 0.399
step 2370/13390 | loss 3.2495 | lr_mult 0.9701 | tok/s 319475 | grad_norm 0.344
step 2380/13390 | loss 3.2022 | lr_mult 0.9697 | tok/s 319497 | grad_norm 0.351
step 2390/13390 | loss 3.2191 | lr_mult 0.9693 | tok/s 319519 | grad_norm 0.377
step 2400/13390 | loss 3.1976 | lr_mult 0.9688 | tok/s 319541 | grad_norm 0.388
step 2410/13390 | loss 3.1851 | lr_mult 0.9684 | tok/s 319563 | grad_norm 0.345
step 2420/13390 | loss 3.1983 | lr_mult 0.9679 | tok/s 319584 | grad_norm 0.377
step 2430/13390 | loss 3.1811 | lr_mult 0.9675 | tok/s 319606 | grad_norm 0.397
step 2440/13390 | loss 3.2016 | lr_mult 0.9670 | tok/s 319627 | grad_norm 0.365
step 2450/13390 | loss 3.1807 | lr_mult 0.9666 | tok/s 319648 | grad_norm 0.376
step 2460/13390 | loss 3.2025 | lr_mult 0.9661 | tok/s 319669 | grad_norm 0.350
step 2470/13390 | loss 3.2082 | lr_mult 0.9657 | tok/s 319689 | grad_norm 0.322
step 2480/13390 | loss 3.1726 | lr_mult 0.9652 | tok/s 319710 | grad_norm 0.351
step 2490/13390 | loss 3.2025 | lr_mult 0.9647 | tok/s 319730 | grad_norm 0.328
step 2500/13390 | loss 3.1780 | lr_mult 0.9643 | tok/s 319750 | grad_norm 0.420
step 2500/13390 | val_loss 3.1852
step 2510/13390 | loss 3.1850 | lr_mult 0.9638 | tok/s 318995 | grad_norm 0.380
step 2520/13390 | loss 3.1514 | lr_mult 0.9633 | tok/s 319018 | grad_norm 0.333
step 2530/13390 | loss 3.1949 | lr_mult 0.9628 | tok/s 319040 | grad_norm 0.349
step 2540/13390 | loss 3.1795 | lr_mult 0.9624 | tok/s 319062 | grad_norm 0.338
step 2550/13390 | loss 3.2029 | lr_mult 0.9619 | tok/s 319084 | grad_norm 0.340
step 2560/13390 | loss 3.1800 | lr_mult 0.9614 | tok/s 319105 | grad_norm 0.335
step 2570/13390 | loss 3.1899 | lr_mult 0.9609 | tok/s 319127 | grad_norm 0.374
step 2580/13390 | loss 3.2460 | lr_mult 0.9604 | tok/s 319147 | grad_norm 0.340
step 2590/13390 | loss 3.1738 | lr_mult 0.9599 | tok/s 319169 | grad_norm 0.353
step 2600/13390 | loss 3.1913 | lr_mult 0.9594 | tok/s 319190 | grad_norm 0.360
step 2610/13390 | loss 3.1798 | lr_mult 0.9589 | tok/s 319210 | grad_norm 0.344
step 2620/13390 | loss 3.1866 | lr_mult 0.9584 | tok/s 319231 | grad_norm 0.338
step 2630/13390 | loss 3.1790 | lr_mult 0.9579 | tok/s 319251 | grad_norm 0.367
step 2640/13390 | loss 3.1720 | lr_mult 0.9574 | tok/s 319272 | grad_norm 0.316
step 2650/13390 | loss 3.1893 | lr_mult 0.9569 | tok/s 319292 | grad_norm 0.333
step 2660/13390 | loss 3.1519 | lr_mult 0.9564 | tok/s 319312 | grad_norm 0.328
step 2670/13390 | loss 3.1970 | lr_mult 0.9558 | tok/s 319332 | grad_norm 0.323
step 2680/13390 | loss 3.1627 | lr_mult 0.9553 | tok/s 319352 | grad_norm 0.324
step 2690/13390 | loss 3.1679 | lr_mult 0.9548 | tok/s 319371 | grad_norm 0.321
step 2700/13390 | loss 3.1463 | lr_mult 0.9543 | tok/s 319391 | grad_norm 0.333
step 2710/13390 | loss 3.1440 | lr_mult 0.9537 | tok/s 319411 | grad_norm 0.335
step 2720/13390 | loss 3.1883 | lr_mult 0.9532 | tok/s 319430 | grad_norm 0.322
step 2730/13390 | loss 3.1596 | lr_mult 0.9527 | tok/s 319449 | grad_norm 0.307
step 2740/13390 | loss 3.1722 | lr_mult 0.9521 | tok/s 319468 | grad_norm 0.357
step 2750/13390 | loss 3.1364 | lr_mult 0.9516 | tok/s 319486 | grad_norm 0.330
step 2760/13390 | loss 3.1796 | lr_mult 0.9510 | tok/s 319505 | grad_norm 0.353
step 2770/13390 | loss 3.1556 | lr_mult 0.9505 | tok/s 319523 | grad_norm 0.343
step 2780/13390 | loss 3.1774 | lr_mult 0.9499 | tok/s 319541 | grad_norm 0.368
step 2790/13390 | loss 3.1668 | lr_mult 0.9494 | tok/s 319560 | grad_norm 0.335
step 2800/13390 | loss 3.1424 | lr_mult 0.9488 | tok/s 319578 | grad_norm 0.328
step 2810/13390 | loss 3.1557 | lr_mult 0.9483 | tok/s 319596 | grad_norm 0.334
step 2820/13390 | loss 3.1739 | lr_mult 0.9477 | tok/s 319614 | grad_norm 0.330
step 2830/13390 | loss 3.1504 | lr_mult 0.9471 | tok/s 319632 | grad_norm 0.320
step 2840/13390 | loss 3.1710 | lr_mult 0.9466 | tok/s 319649 | grad_norm 0.350
step 2850/13390 | loss 3.1191 | lr_mult 0.9460 | tok/s 319667 | grad_norm 0.324
step 2860/13390 | loss 3.1493 | lr_mult 0.9454 | tok/s 319685 | grad_norm 0.318
step 2870/13390 | loss 3.1691 | lr_mult 0.9448 | tok/s 319702 | grad_norm 0.347
step 2880/13390 | loss 3.1497 | lr_mult 0.9443 | tok/s 319719 | grad_norm 0.321
step 2890/13390 | loss 3.1584 | lr_mult 0.9437 | tok/s 319736 | grad_norm 0.316
step 2900/13390 | loss 3.1589 | lr_mult 0.9431 | tok/s 319753 | grad_norm 0.326
step 2910/13390 | loss 3.1193 | lr_mult 0.9425 | tok/s 319770 | grad_norm 0.339
step 2920/13390 | loss 3.1406 | lr_mult 0.9419 | tok/s 319787 | grad_norm 0.322
step 2930/13390 | loss 3.1228 | lr_mult 0.9413 | tok/s 319803 | grad_norm 0.304
step 2940/13390 | loss 3.1555 | lr_mult 0.9407 | tok/s 319820 | grad_norm 0.317
step 2950/13390 | loss 3.1292 | lr_mult 0.9401 | tok/s 319836 | grad_norm 0.303
step 2960/13390 | loss 3.1638 | lr_mult 0.9395 | tok/s 319853 | grad_norm 0.354
step 2970/13390 | loss 3.1760 | lr_mult 0.9389 | tok/s 319869 | grad_norm 0.316
step 2980/13390 | loss 3.1608 | lr_mult 0.9383 | tok/s 319885 | grad_norm 0.369
step 2990/13390 | loss 3.1575 | lr_mult 0.9377 | tok/s 319901 | grad_norm 0.304
step 3000/13390 | loss 3.1428 | lr_mult 0.9371 | tok/s 319917 | grad_norm 0.333
step 3000/13390 | val_loss 3.1356
step 3010/13390 | loss 3.1498 | lr_mult 0.9365 | tok/s 319287 | grad_norm 0.311
step 3020/13390 | loss 3.1397 | lr_mult 0.9358 | tok/s 319306 | grad_norm 0.291
step 3030/13390 | loss 3.1176 | lr_mult 0.9352 | tok/s 319323 | grad_norm 0.326
step 3040/13390 | loss 3.1579 | lr_mult 0.9346 | tok/s 319341 | grad_norm 0.356
step 3050/13390 | loss 3.1170 | lr_mult 0.9340 | tok/s 319358 | grad_norm 0.324
step 3060/13390 | loss 3.1175 | lr_mult 0.9333 | tok/s 319376 | grad_norm 0.300
step 3070/13390 | loss 3.0977 | lr_mult 0.9327 | tok/s 319393 | grad_norm 0.299
step 3080/13390 | loss 3.1576 | lr_mult 0.9321 | tok/s 319410 | grad_norm 0.355
step 3090/13390 | loss 3.1208 | lr_mult 0.9314 | tok/s 319428 | grad_norm 0.315
step 3100/13390 | loss 3.1251 | lr_mult 0.9308 | tok/s 319444 | grad_norm 0.310
step 3110/13390 | loss 3.1466 | lr_mult 0.9301 | tok/s 319462 | grad_norm 0.313
step 3120/13390 | loss 3.1590 | lr_mult 0.9295 | tok/s 319478 | grad_norm 0.320
step 3130/13390 | loss 3.1275 | lr_mult 0.9288 | tok/s 319495 | grad_norm 0.298
step 3140/13390 | loss 3.1264 | lr_mult 0.9282 | tok/s 319512 | grad_norm 0.341
step 3150/13390 | loss 3.1396 | lr_mult 0.9275 | tok/s 319528 | grad_norm 0.290
step 3160/13390 | loss 3.1364 | lr_mult 0.9269 | tok/s 319545 | grad_norm 0.297
step 3170/13390 | loss 3.1321 | lr_mult 0.9262 | tok/s 319561 | grad_norm 0.316
step 3180/13390 | loss 3.1216 | lr_mult 0.9255 | tok/s 319577 | grad_norm 0.327
step 3190/13390 | loss 3.1336 | lr_mult 0.9249 | tok/s 319593 | grad_norm 0.271
step 3200/13390 | loss 3.1306 | lr_mult 0.9242 | tok/s 319609 | grad_norm 0.342
step 3210/13390 | loss 3.0946 | lr_mult 0.9235 | tok/s 319625 | grad_norm 0.312
step 3220/13390 | loss 3.1365 | lr_mult 0.9229 | tok/s 319640 | grad_norm 0.322
step 3230/13390 | loss 3.0786 | lr_mult 0.9222 | tok/s 319656 | grad_norm 0.306
step 3240/13390 | loss 3.0942 | lr_mult 0.9215 | tok/s 319672 | grad_norm 0.303
step 3250/13390 | loss 3.1271 | lr_mult 0.9208 | tok/s 319687 | grad_norm 0.293
step 3260/13390 | loss 3.1467 | lr_mult 0.9201 | tok/s 319703 | grad_norm 0.292
step 3270/13390 | loss 3.1162 | lr_mult 0.9194 | tok/s 319718 | grad_norm 0.342
step 3280/13390 | loss 3.1146 | lr_mult 0.9187 | tok/s 319733 | grad_norm 0.303
step 3290/13390 | loss 3.1356 | lr_mult 0.9181 | tok/s 319749 | grad_norm 0.259
step 3300/13390 | loss 3.1391 | lr_mult 0.9174 | tok/s 319764 | grad_norm 0.283
step 3310/13390 | loss 3.0651 | lr_mult 0.9167 | tok/s 319779 | grad_norm 0.296
step 3320/13390 | loss 3.1418 | lr_mult 0.9160 | tok/s 319794 | grad_norm 0.296
step 3330/13390 | loss 3.1144 | lr_mult 0.9152 | tok/s 319809 | grad_norm 0.321
step 3340/13390 | loss 3.0821 | lr_mult 0.9145 | tok/s 319824 | grad_norm 0.295
step 3350/13390 | loss 3.1485 | lr_mult 0.9138 | tok/s 319838 | grad_norm 0.299
step 3360/13390 | loss 3.0850 | lr_mult 0.9131 | tok/s 319853 | grad_norm 0.298
step 3370/13390 | loss 3.1071 | lr_mult 0.9124 | tok/s 319867 | grad_norm 0.283
step 3380/13390 | loss 3.0815 | lr_mult 0.9117 | tok/s 319881 | grad_norm 0.300
step 3390/13390 | loss 3.1133 | lr_mult 0.9110 | tok/s 319896 | grad_norm 0.274
step 3400/13390 | loss 3.1159 | lr_mult 0.9102 | tok/s 319910 | grad_norm 0.277
step 3410/13390 | loss 3.1174 | lr_mult 0.9095 | tok/s 319924 | grad_norm 0.291
step 3420/13390 | loss 3.1455 | lr_mult 0.9088 | tok/s 319938 | grad_norm 0.279
step 3430/13390 | loss 3.1145 | lr_mult 0.9081 | tok/s 319952 | grad_norm 0.283
step 3440/13390 | loss 3.1122 | lr_mult 0.9073 | tok/s 319966 | grad_norm 0.284
step 3450/13390 | loss 3.1105 | lr_mult 0.9066 | tok/s 319979 | grad_norm 0.285
step 3460/13390 | loss 3.1116 | lr_mult 0.9058 | tok/s 319993 | grad_norm 0.269
step 3470/13390 | loss 3.1157 | lr_mult 0.9051 | tok/s 320007 | grad_norm 0.276
step 3480/13390 | loss 3.1131 | lr_mult 0.9044 | tok/s 320021 | grad_norm 0.259
step 3490/13390 | loss 3.1075 | lr_mult 0.9036 | tok/s 320034 | grad_norm 0.278
step 3500/13390 | loss 3.0774 | lr_mult 0.9029 | tok/s 320048 | grad_norm 0.271
step 3500/13390 | val_loss 3.0958
step 3510/13390 | loss 3.1039 | lr_mult 0.9021 | tok/s 319508 | grad_norm 0.288
step 3520/13390 | loss 3.0965 | lr_mult 0.9014 | tok/s 319523 | grad_norm 0.246
step 3530/13390 | loss 3.0706 | lr_mult 0.9006 | tok/s 319538 | grad_norm 0.266
step 3540/13390 | loss 3.0936 | lr_mult 0.8998 | tok/s 319553 | grad_norm 0.289
step 3550/13390 | loss 3.1325 | lr_mult 0.8991 | tok/s 319568 | grad_norm 0.298
step 3560/13390 | loss 3.1274 | lr_mult 0.8983 | tok/s 319582 | grad_norm 0.280
step 3570/13390 | loss 3.0847 | lr_mult 0.8975 | tok/s 319596 | grad_norm 0.304
step 3580/13390 | loss 3.0830 | lr_mult 0.8968 | tok/s 319611 | grad_norm 0.270
step 3590/13390 | loss 3.1048 | lr_mult 0.8960 | tok/s 319625 | grad_norm 0.263
step 3600/13390 | loss 3.0963 | lr_mult 0.8952 | tok/s 319639 | grad_norm 0.315
step 3610/13390 | loss 3.1117 | lr_mult 0.8944 | tok/s 319653 | grad_norm 0.274
step 3620/13390 | loss 3.0682 | lr_mult 0.8937 | tok/s 319667 | grad_norm 0.283
step 3630/13390 | loss 3.0871 | lr_mult 0.8929 | tok/s 319681 | grad_norm 0.310
step 3640/13390 | loss 3.0975 | lr_mult 0.8921 | tok/s 319695 | grad_norm 0.261
step 3650/13390 | loss 3.0606 | lr_mult 0.8913 | tok/s 319709 | grad_norm 0.269
step 3660/13390 | loss 3.0726 | lr_mult 0.8905 | tok/s 319723 | grad_norm 0.255
step 3670/13390 | loss 3.0965 | lr_mult 0.8897 | tok/s 319737 | grad_norm 0.281
step 3680/13390 | loss 3.0906 | lr_mult 0.8889 | tok/s 319750 | grad_norm 0.258
step 3690/13390 | loss 3.0821 | lr_mult 0.8881 | tok/s 319764 | grad_norm 0.258
step 3700/13390 | loss 3.0837 | lr_mult 0.8873 | tok/s 319777 | grad_norm 0.276
step 3710/13390 | loss 3.0839 | lr_mult 0.8865 | tok/s 319791 | grad_norm 0.255
step 3720/13390 | loss 3.1072 | lr_mult 0.8857 | tok/s 319804 | grad_norm 0.280
step 3730/13390 | loss 3.0383 | lr_mult 0.8849 | tok/s 319817 | grad_norm 0.294
step 3740/13390 | loss 3.0781 | lr_mult 0.8841 | tok/s 319831 | grad_norm 0.259
step 3750/13390 | loss 3.0934 | lr_mult 0.8833 | tok/s 319844 | grad_norm 0.275
step 3760/13390 | loss 3.1099 | lr_mult 0.8825 | tok/s 319857 | grad_norm 0.293
step 3770/13390 | loss 3.0807 | lr_mult 0.8817 | tok/s 319870 | grad_norm 0.279
step 3780/13390 | loss 3.0937 | lr_mult 0.8808 | tok/s 319883 | grad_norm 0.257
step 3790/13390 | loss 3.0925 | lr_mult 0.8800 | tok/s 319896 | grad_norm 0.278
step 3800/13390 | loss 3.0832 | lr_mult 0.8792 | tok/s 319908 | grad_norm 0.278
step 3810/13390 | loss 3.0972 | lr_mult 0.8784 | tok/s 319921 | grad_norm 0.258
step 3820/13390 | loss 3.0792 | lr_mult 0.8775 | tok/s 319934 | grad_norm 0.242
step 3830/13390 | loss 3.0614 | lr_mult 0.8767 | tok/s 319946 | grad_norm 0.292
step 3840/13390 | loss 3.0821 | lr_mult 0.8759 | tok/s 319959 | grad_norm 0.243
step 3850/13390 | loss 3.0721 | lr_mult 0.8750 | tok/s 319971 | grad_norm 0.370
step 3860/13390 | loss 3.0616 | lr_mult 0.8742 | tok/s 319984 | grad_norm 0.247
step 3870/13390 | loss 3.0627 | lr_mult 0.8733 | tok/s 319996 | grad_norm 0.268
step 3880/13390 | loss 3.0852 | lr_mult 0.8725 | tok/s 320008 | grad_norm 0.263
step 3890/13390 | loss 3.0963 | lr_mult 0.8717 | tok/s 320020 | grad_norm 0.247
step 3900/13390 | loss 3.0753 | lr_mult 0.8708 | tok/s 320033 | grad_norm 0.264
step 3910/13390 | loss 3.0671 | lr_mult 0.8700 | tok/s 320045 | grad_norm 0.286
step 3920/13390 | loss 3.0644 | lr_mult 0.8691 | tok/s 320057 | grad_norm 0.268
step 3930/13390 | loss 3.0816 | lr_mult 0.8682 | tok/s 320069 | grad_norm 0.261
step 3940/13390 | loss 3.1102 | lr_mult 0.8674 | tok/s 320080 | grad_norm 0.242
step 3950/13390 | loss 3.0434 | lr_mult 0.8665 | tok/s 320092 | grad_norm 0.282
step 3960/13390 | loss 3.0734 | lr_mult 0.8657 | tok/s 320104 | grad_norm 0.257
step 3970/13390 | loss 3.0582 | lr_mult 0.8648 | tok/s 320115 | grad_norm 0.242
step 3980/13390 | loss 3.0293 | lr_mult 0.8639 | tok/s 320127 | grad_norm 0.255
step 3990/13390 | loss 3.0865 | lr_mult 0.8631 | tok/s 320139 | grad_norm 0.251
step 4000/13390 | loss 3.0752 | lr_mult 0.8622 | tok/s 320150 | grad_norm 0.259
step 4000/13390 | val_loss 3.0634
step 4010/13390 | loss 3.0991 | lr_mult 0.8613 | tok/s 319678 | grad_norm 0.247
step 4020/13390 | loss 3.0447 | lr_mult 0.8604 | tok/s 319692 | grad_norm 0.269
step 4030/13390 | loss 3.0802 | lr_mult 0.8596 | tok/s 319705 | grad_norm 0.271
step 4040/13390 | loss 3.0594 | lr_mult 0.8587 | tok/s 319717 | grad_norm 0.244
step 4050/13390 | loss 3.0752 | lr_mult 0.8578 | tok/s 319730 | grad_norm 0.234
step 4060/13390 | loss 3.0729 | lr_mult 0.8569 | tok/s 319743 | grad_norm 0.228
step 4070/13390 | loss 3.0582 | lr_mult 0.8560 | tok/s 319755 | grad_norm 0.241
step 4080/13390 | loss 3.0593 | lr_mult 0.8551 | tok/s 319768 | grad_norm 0.249
step 4090/13390 | loss 3.1045 | lr_mult 0.8542 | tok/s 319780 | grad_norm 0.258
step 4100/13390 | loss 3.0481 | lr_mult 0.8533 | tok/s 319792 | grad_norm 0.246
step 4110/13390 | loss 3.0630 | lr_mult 0.8524 | tok/s 319805 | grad_norm 0.242
step 4120/13390 | loss 3.0533 | lr_mult 0.8515 | tok/s 319817 | grad_norm 0.241
step 4130/13390 | loss 3.0505 | lr_mult 0.8506 | tok/s 319829 | grad_norm 0.235
step 4140/13390 | loss 3.0646 | lr_mult 0.8497 | tok/s 319841 | grad_norm 0.238
step 4150/13390 | loss 3.0700 | lr_mult 0.8488 | tok/s 319853 | grad_norm 0.250
step 4160/13390 | loss 3.0363 | lr_mult 0.8479 | tok/s 319865 | grad_norm 0.252
step 4170/13390 | loss 3.0425 | lr_mult 0.8470 | tok/s 319877 | grad_norm 0.228
step 4180/13390 | loss 3.0649 | lr_mult 0.8461 | tok/s 319889 | grad_norm 0.255
step 4190/13390 | loss 3.0301 | lr_mult 0.8452 | tok/s 319901 | grad_norm 0.250
step 4200/13390 | loss 3.0834 | lr_mult 0.8442 | tok/s 319913 | grad_norm 0.238
step 4210/13390 | loss 3.0699 | lr_mult 0.8433 | tok/s 319925 | grad_norm 0.252
step 4220/13390 | loss 3.0598 | lr_mult 0.8424 | tok/s 319936 | grad_norm 0.222
step 4230/13390 | loss 3.0659 | lr_mult 0.8415 | tok/s 319948 | grad_norm 0.261
step 4240/13390 | loss 3.0801 | lr_mult 0.8406 | tok/s 319960 | grad_norm 0.226
step 4250/13390 | loss 3.0360 | lr_mult 0.8396 | tok/s 319971 | grad_norm 0.233
step 4260/13390 | loss 3.0696 | lr_mult 0.8387 | tok/s 319983 | grad_norm 0.248
step 4270/13390 | loss 3.0751 | lr_mult 0.8378 | tok/s 319994 | grad_norm 0.257
step 4280/13390 | loss 3.0330 | lr_mult 0.8368 | tok/s 320006 | grad_norm 0.254
step 4290/13390 | loss 3.0569 | lr_mult 0.8359 | tok/s 320017 | grad_norm 0.245
step 4300/13390 | loss 3.0633 | lr_mult 0.8349 | tok/s 320028 | grad_norm 0.240
step 4310/13390 | loss 3.0106 | lr_mult 0.8340 | tok/s 320040 | grad_norm 0.227
step 4320/13390 | loss 3.0447 | lr_mult 0.8331 | tok/s 320051 | grad_norm 0.255
step 4330/13390 | loss 3.0167 | lr_mult 0.8321 | tok/s 320062 | grad_norm 0.230
step 4340/13390 | loss 3.0549 | lr_mult 0.8312 | tok/s 320073 | grad_norm 0.228
step 4350/13390 | loss 3.0626 | lr_mult 0.8302 | tok/s 320085 | grad_norm 0.223
step 4360/13390 | loss 3.0586 | lr_mult 0.8293 | tok/s 320096 | grad_norm 0.228
step 4370/13390 | loss 3.0362 | lr_mult 0.8283 | tok/s 320107 | grad_norm 0.244
step 4380/13390 | loss 3.0629 | lr_mult 0.8273 | tok/s 320118 | grad_norm 0.247
step 4390/13390 | loss 3.0379 | lr_mult 0.8264 | tok/s 320129 | grad_norm 0.245
step 4400/13390 | loss 3.0201 | lr_mult 0.8254 | tok/s 320139 | grad_norm 0.227
step 4410/13390 | loss 3.0362 | lr_mult 0.8245 | tok/s 320150 | grad_norm 0.238
step 4420/13390 | loss 3.0655 | lr_mult 0.8235 | tok/s 320161 | grad_norm 0.268
step 4430/13390 | loss 3.0130 | lr_mult 0.8225 | tok/s 320172 | grad_norm 0.231
step 4440/13390 | loss 3.0604 | lr_mult 0.8216 | tok/s 320182 | grad_norm 0.227
step 4450/13390 | loss 3.0567 | lr_mult 0.8206 | tok/s 320193 | grad_norm 0.237
step 4460/13390 | loss 3.0428 | lr_mult 0.8196 | tok/s 320204 | grad_norm 0.221
step 4470/13390 | loss 3.0273 | lr_mult 0.8186 | tok/s 320214 | grad_norm 0.217
step 4480/13390 | loss 3.0535 | lr_mult 0.8177 | tok/s 320225 | grad_norm 0.208
step 4490/13390 | loss 3.0339 | lr_mult 0.8167 | tok/s 320235 | grad_norm 0.236
step 4500/13390 | loss 3.0345 | lr_mult 0.8157 | tok/s 320246 | grad_norm 0.242
step 4500/13390 | val_loss 3.0366
step 4510/13390 | loss 3.0158 | lr_mult 0.8147 | tok/s 319826 | grad_norm 0.224
step 4520/13390 | loss 3.0421 | lr_mult 0.8137 | tok/s 319837 | grad_norm 0.232
step 4530/13390 | loss 3.0561 | lr_mult 0.8127 | tok/s 319848 | grad_norm 0.218
step 4540/13390 | loss 3.0430 | lr_mult 0.8117 | tok/s 319859 | grad_norm 0.229
step 4550/13390 | loss 3.0021 | lr_mult 0.8108 | tok/s 319869 | grad_norm 0.223
step 4560/13390 | loss 3.0172 | lr_mult 0.8098 | tok/s 319880 | grad_norm 0.208
step 4570/13390 | loss 3.0200 | lr_mult 0.8088 | tok/s 319890 | grad_norm 0.209
step 4580/13390 | loss 3.0415 | lr_mult 0.8078 | tok/s 319901 | grad_norm 0.236
step 4590/13390 | loss 3.0137 | lr_mult 0.8068 | tok/s 319912 | grad_norm 0.216
step 4600/13390 | loss 3.0514 | lr_mult 0.8058 | tok/s 319922 | grad_norm 0.214
step 4610/13390 | loss 3.0360 | lr_mult 0.8048 | tok/s 319933 | grad_norm 0.220
step 4620/13390 | loss 3.0359 | lr_mult 0.8038 | tok/s 319943 | grad_norm 0.211
step 4630/13390 | loss 3.0247 | lr_mult 0.8027 | tok/s 319953 | grad_norm 0.214
step 4640/13390 | loss 3.0267 | lr_mult 0.8017 | tok/s 319964 | grad_norm 0.217
step 4650/13390 | loss 3.0434 | lr_mult 0.8007 | tok/s 319974 | grad_norm 0.209
step 4660/13390 | loss 3.0033 | lr_mult 0.7997 | tok/s 319984 | grad_norm 0.232
step 4670/13390 | loss 3.0374 | lr_mult 0.7987 | tok/s 319995 | grad_norm 0.226
step 4680/13390 | loss 3.0363 | lr_mult 0.7977 | tok/s 320005 | grad_norm 0.221
step 4690/13390 | loss 2.9929 | lr_mult 0.7967 | tok/s 320015 | grad_norm 0.216
step 4700/13390 | loss 3.0149 | lr_mult 0.7956 | tok/s 320025 | grad_norm 0.219
step 4710/13390 | loss 3.0109 | lr_mult 0.7946 | tok/s 320035 | grad_norm 0.209
step 4720/13390 | loss 3.0453 | lr_mult 0.7936 | tok/s 320045 | grad_norm 0.212
step 4730/13390 | loss 3.0235 | lr_mult 0.7926 | tok/s 320055 | grad_norm 0.207
step 4740/13390 | loss 3.0266 | lr_mult 0.7915 | tok/s 320065 | grad_norm 0.226
step 4750/13390 | loss 3.0198 | lr_mult 0.7905 | tok/s 320075 | grad_norm 0.229
step 4760/13390 | loss 3.0263 | lr_mult 0.7895 | tok/s 320085 | grad_norm 0.228
step 4770/13390 | loss 3.0232 | lr_mult 0.7884 | tok/s 320095 | grad_norm 0.215
step 4780/13390 | loss 3.0203 | lr_mult 0.7874 | tok/s 320105 | grad_norm 0.227
step 4790/13390 | loss 3.0303 | lr_mult 0.7864 | tok/s 320115 | grad_norm 0.209
step 4800/13390 | loss 3.0287 | lr_mult 0.7853 | tok/s 320124 | grad_norm 0.215
step 4810/13390 | loss 2.9961 | lr_mult 0.7843 | tok/s 320134 | grad_norm 0.191
step 4820/13390 | loss 2.9972 | lr_mult 0.7832 | tok/s 320144 | grad_norm 0.195
step 4830/13390 | loss 3.0174 | lr_mult 0.7822 | tok/s 320153 | grad_norm 0.224
step 4840/13390 | loss 3.0303 | lr_mult 0.7811 | tok/s 320163 | grad_norm 0.220
step 4850/13390 | loss 3.0446 | lr_mult 0.7801 | tok/s 320172 | grad_norm 0.205
step 4860/13390 | loss 3.0514 | lr_mult 0.7790 | tok/s 320182 | grad_norm 0.202
step 4870/13390 | loss 3.0116 | lr_mult 0.7780 | tok/s 320191 | grad_norm 0.226
step 4880/13390 | loss 3.0134 | lr_mult 0.7769 | tok/s 320200 | grad_norm 0.208
step 4890/13390 | loss 3.0382 | lr_mult 0.7759 | tok/s 320210 | grad_norm 0.233
step 4900/13390 | loss 3.0002 | lr_mult 0.7748 | tok/s 320219 | grad_norm 0.209
step 4910/13390 | loss 3.0107 | lr_mult 0.7738 | tok/s 320228 | grad_norm 0.217
step 4920/13390 | loss 3.0098 | lr_mult 0.7727 | tok/s 320238 | grad_norm 0.231
step 4930/13390 | loss 2.9959 | lr_mult 0.7716 | tok/s 320247 | grad_norm 0.209
step 4940/13390 | loss 3.0117 | lr_mult 0.7706 | tok/s 320256 | grad_norm 0.214
step 4950/13390 | loss 3.0262 | lr_mult 0.7695 | tok/s 320265 | grad_norm 0.211
step 4960/13390 | loss 3.0184 | lr_mult 0.7684 | tok/s 320274 | grad_norm 0.208
step 4970/13390 | loss 3.0054 | lr_mult 0.7674 | tok/s 320283 | grad_norm 0.213
step 4980/13390 | loss 3.0163 | lr_mult 0.7663 | tok/s 320292 | grad_norm 0.229
step 4990/13390 | loss 3.0001 | lr_mult 0.7652 | tok/s 320301 | grad_norm 0.199
step 5000/13390 | loss 3.0219 | lr_mult 0.7641 | tok/s 320310 | grad_norm 0.225
step 5000/13390 | val_loss 3.0119
step 5010/13390 | loss 2.9868 | lr_mult 0.7631 | tok/s 319931 | grad_norm 0.235
step 5020/13390 | loss 2.9973 | lr_mult 0.7620 | tok/s 319942 | grad_norm 0.192
step 5030/13390 | loss 3.0247 | lr_mult 0.7609 | tok/s 319952 | grad_norm 0.197
step 5040/13390 | loss 2.9910 | lr_mult 0.7598 | tok/s 319961 | grad_norm 0.218
step 5050/13390 | loss 3.0245 | lr_mult 0.7587 | tok/s 319971 | grad_norm 0.207
step 5060/13390 | loss 2.9918 | lr_mult 0.7576 | tok/s 319980 | grad_norm 0.212
step 5070/13390 | loss 3.0091 | lr_mult 0.7566 | tok/s 319990 | grad_norm 0.191
step 5080/13390 | loss 3.0269 | lr_mult 0.7555 | tok/s 320000 | grad_norm 0.206
step 5090/13390 | loss 2.9967 | lr_mult 0.7544 | tok/s 320009 | grad_norm 0.199
step 5100/13390 | loss 3.0113 | lr_mult 0.7533 | tok/s 320019 | grad_norm 0.206
step 5110/13390 | loss 2.9891 | lr_mult 0.7522 | tok/s 320028 | grad_norm 0.212
step 5120/13390 | loss 2.9887 | lr_mult 0.7511 | tok/s 320037 | grad_norm 0.204
step 5130/13390 | loss 3.0174 | lr_mult 0.7500 | tok/s 320047 | grad_norm 0.221
step 5140/13390 | loss 3.0062 | lr_mult 0.7489 | tok/s 320056 | grad_norm 0.191
step 5150/13390 | loss 2.9901 | lr_mult 0.7478 | tok/s 320065 | grad_norm 0.214
step 5160/13390 | loss 2.9994 | lr_mult 0.7467 | tok/s 320074 | grad_norm 0.204
step 5170/13390 | loss 3.0117 | lr_mult 0.7456 | tok/s 320083 | grad_norm 0.230
step 5180/13390 | loss 3.0275 | lr_mult 0.7445 | tok/s 320093 | grad_norm 0.209
step 5190/13390 | loss 3.0243 | lr_mult 0.7434 | tok/s 320102 | grad_norm 0.205
step 5200/13390 | loss 3.0107 | lr_mult 0.7423 | tok/s 320111 | grad_norm 0.214
step 5210/13390 | loss 3.0259 | lr_mult 0.7412 | tok/s 320120 | grad_norm 0.219
step 5220/13390 | loss 2.9766 | lr_mult 0.7401 | tok/s 320128 | grad_norm 0.207
step 5230/13390 | loss 3.0226 | lr_mult 0.7389 | tok/s 320137 | grad_norm 0.199
step 5240/13390 | loss 3.0189 | lr_mult 0.7378 | tok/s 320146 | grad_norm 0.201
step 5250/13390 | loss 3.0296 | lr_mult 0.7367 | tok/s 320155 | grad_norm 0.209
step 5260/13390 | loss 3.0194 | lr_mult 0.7356 | tok/s 320164 | grad_norm 0.205
step 5270/13390 | loss 3.0074 | lr_mult 0.7345 | tok/s 320173 | grad_norm 0.197
step 5280/13390 | loss 2.9927 | lr_mult 0.7334 | tok/s 320181 | grad_norm 0.200
step 5290/13390 | loss 2.9976 | lr_mult 0.7322 | tok/s 320190 | grad_norm 0.205
step 5300/13390 | loss 3.0167 | lr_mult 0.7311 | tok/s 320199 | grad_norm 0.207
step 5310/13390 | loss 2.9971 | lr_mult 0.7300 | tok/s 320207 | grad_norm 0.207
step 5320/13390 | loss 2.9986 | lr_mult 0.7289 | tok/s 320215 | grad_norm 0.186
step 5330/13390 | loss 2.9899 | lr_mult 0.7277 | tok/s 320224 | grad_norm 0.205
step 5340/13390 | loss 3.0143 | lr_mult 0.7266 | tok/s 320233 | grad_norm 0.197
step 5350/13390 | loss 3.0255 | lr_mult 0.7255 | tok/s 320241 | grad_norm 0.209
step 5360/13390 | loss 2.9804 | lr_mult 0.7243 | tok/s 320250 | grad_norm 0.200
step 5370/13390 | loss 2.9748 | lr_mult 0.7232 | tok/s 320258 | grad_norm 0.194
step 5380/13390 | loss 2.9578 | lr_mult 0.7221 | tok/s 320267 | grad_norm 0.192
step 5390/13390 | loss 3.0144 | lr_mult 0.7209 | tok/s 320275 | grad_norm 0.199
step 5400/13390 | loss 2.9901 | lr_mult 0.7198 | tok/s 320283 | grad_norm 0.190
step 5410/13390 | loss 2.9970 | lr_mult 0.7187 | tok/s 320292 | grad_norm 0.195
step 5420/13390 | loss 3.0152 | lr_mult 0.7175 | tok/s 320300 | grad_norm 0.183
step 5430/13390 | loss 2.9945 | lr_mult 0.7164 | tok/s 320308 | grad_norm 0.188
step 5440/13390 | loss 3.0449 | lr_mult 0.7152 | tok/s 320316 | grad_norm 0.194
step 5450/13390 | loss 2.9998 | lr_mult 0.7141 | tok/s 320325 | grad_norm 0.187
step 5460/13390 | loss 3.0170 | lr_mult 0.7129 | tok/s 320333 | grad_norm 0.196
step 5470/13390 | loss 2.9703 | lr_mult 0.7118 | tok/s 320341 | grad_norm 0.179
step 5480/13390 | loss 3.0249 | lr_mult 0.7106 | tok/s 320349 | grad_norm 0.188
step 5490/13390 | loss 2.9738 | lr_mult 0.7095 | tok/s 320357 | grad_norm 0.196
step 5500/13390 | loss 3.0048 | lr_mult 0.7083 | tok/s 320366 | grad_norm 0.196
step 5500/13390 | val_loss 2.9903
step 5510/13390 | loss 2.9829 | lr_mult 0.7072 | tok/s 320022 | grad_norm 0.196
step 5520/13390 | loss 3.0080 | lr_mult 0.7060 | tok/s 320030 | grad_norm 0.194
step 5530/13390 | loss 3.0253 | lr_mult 0.7049 | tok/s 320039 | grad_norm 0.185
step 5540/13390 | loss 2.9772 | lr_mult 0.7037 | tok/s 320048 | grad_norm 0.177
step 5550/13390 | loss 2.9742 | lr_mult 0.7026 | tok/s 320056 | grad_norm 0.188
step 5560/13390 | loss 2.9740 | lr_mult 0.7014 | tok/s 320065 | grad_norm 0.180
step 5570/13390 | loss 2.9912 | lr_mult 0.7002 | tok/s 320073 | grad_norm 0.174
step 5580/13390 | loss 2.9903 | lr_mult 0.6991 | tok/s 320081 | grad_norm 0.195
step 5590/13390 | loss 2.9808 | lr_mult 0.6979 | tok/s 320090 | grad_norm 0.195
step 5600/13390 | loss 3.0041 | lr_mult 0.6967 | tok/s 320098 | grad_norm 0.196
step 5610/13390 | loss 2.9662 | lr_mult 0.6956 | tok/s 320106 | grad_norm 0.186
step 5620/13390 | loss 2.9843 | lr_mult 0.6944 | tok/s 320114 | grad_norm 0.183
step 5630/13390 | loss 2.9813 | lr_mult 0.6932 | tok/s 320123 | grad_norm 0.198
step 5640/13390 | loss 2.9963 | lr_mult 0.6921 | tok/s 320131 | grad_norm 0.193
step 5650/13390 | loss 2.9873 | lr_mult 0.6909 | tok/s 320139 | grad_norm 0.197
step 5660/13390 | loss 3.0016 | lr_mult 0.6897 | tok/s 320147 | grad_norm 0.194
step 5670/13390 | loss 2.9537 | lr_mult 0.6886 | tok/s 320155 | grad_norm 0.184
step 5680/13390 | loss 2.9578 | lr_mult 0.6874 | tok/s 320163 | grad_norm 0.188
step 5690/13390 | loss 3.0108 | lr_mult 0.6862 | tok/s 320171 | grad_norm 0.191
step 5700/13390 | loss 2.9774 | lr_mult 0.6850 | tok/s 320179 | grad_norm 0.185
step 5710/13390 | loss 2.9675 | lr_mult 0.6839 | tok/s 320188 | grad_norm 0.191
step 5720/13390 | loss 2.9852 | lr_mult 0.6827 | tok/s 320196 | grad_norm 0.195
step 5730/13390 | loss 2.9747 | lr_mult 0.6815 | tok/s 320203 | grad_norm 0.188
step 5740/13390 | loss 2.9847 | lr_mult 0.6803 | tok/s 320211 | grad_norm 0.195
step 5750/13390 | loss 2.9882 | lr_mult 0.6791 | tok/s 320219 | grad_norm 0.181
step 5760/13390 | loss 3.0032 | lr_mult 0.6779 | tok/s 320227 | grad_norm 0.191
step 5770/13390 | loss 2.9810 | lr_mult 0.6768 | tok/s 320235 | grad_norm 0.173
step 5780/13390 | loss 2.9640 | lr_mult 0.6756 | tok/s 320243 | grad_norm 0.204
step 5790/13390 | loss 2.9797 | lr_mult 0.6744 | tok/s 320251 | grad_norm 0.199
step 5800/13390 | loss 3.0002 | lr_mult 0.6732 | tok/s 320258 | grad_norm 0.180
step 5810/13390 | loss 2.9482 | lr_mult 0.6720 | tok/s 320266 | grad_norm 0.175
step 5820/13390 | loss 2.9876 | lr_mult 0.6708 | tok/s 320274 | grad_norm 0.182
step 5830/13390 | loss 2.9800 | lr_mult 0.6696 | tok/s 320282 | grad_norm 0.192
step 5840/13390 | loss 2.9428 | lr_mult 0.6684 | tok/s 320289 | grad_norm 0.167
step 5850/13390 | loss 2.9849 | lr_mult 0.6672 | tok/s 320297 | grad_norm 0.181
step 5860/13390 | loss 2.9795 | lr_mult 0.6660 | tok/s 320305 | grad_norm 0.186
step 5870/13390 | loss 2.9960 | lr_mult 0.6648 | tok/s 320312 | grad_norm 0.175
step 5880/13390 | loss 2.9421 | lr_mult 0.6636 | tok/s 320320 | grad_norm 0.190
step 5890/13390 | loss 2.9817 | lr_mult 0.6624 | tok/s 320327 | grad_norm 0.170
step 5900/13390 | loss 2.9831 | lr_mult 0.6612 | tok/s 320334 | grad_norm 0.178
step 5910/13390 | loss 2.9607 | lr_mult 0.6600 | tok/s 320342 | grad_norm 0.180
step 5920/13390 | loss 3.0189 | lr_mult 0.6588 | tok/s 320349 | grad_norm 0.174
step 5930/13390 | loss 2.9893 | lr_mult 0.6576 | tok/s 320357 | grad_norm 0.191
step 5940/13390 | loss 2.9741 | lr_mult 0.6564 | tok/s 320364 | grad_norm 0.181
step 5950/13390 | loss 2.9699 | lr_mult 0.6552 | tok/s 320372 | grad_norm 0.181
step 5960/13390 | loss 2.9450 | lr_mult 0.6540 | tok/s 320379 | grad_norm 0.174
step 5970/13390 | loss 2.9843 | lr_mult 0.6528 | tok/s 320386 | grad_norm 0.186
step 5980/13390 | loss 2.9728 | lr_mult 0.6516 | tok/s 320394 | grad_norm 0.176
step 5990/13390 | loss 2.9831 | lr_mult 0.6504 | tok/s 320401 | grad_norm 0.172
step 6000/13390 | loss 2.9838 | lr_mult 0.6492 | tok/s 320408 | grad_norm 0.172
step 6000/13390 | val_loss 2.9694
step 6010/13390 | loss 2.9795 | lr_mult 0.6480 | tok/s 320092 | grad_norm 0.184
step 6020/13390 | loss 2.9674 | lr_mult 0.6468 | tok/s 320100 | grad_norm 0.182
step 6030/13390 | loss 2.9611 | lr_mult 0.6456 | tok/s 320109 | grad_norm 0.178
step 6040/13390 | loss 2.9782 | lr_mult 0.6443 | tok/s 320117 | grad_norm 0.179
step 6050/13390 | loss 2.9905 | lr_mult 0.6431 | tok/s 320125 | grad_norm 0.178
step 6060/13390 | loss 2.9290 | lr_mult 0.6419 | tok/s 320133 | grad_norm 0.180
step 6070/13390 | loss 2.9706 | lr_mult 0.6407 | tok/s 320141 | grad_norm 0.163
step 6080/13390 | loss 2.9767 | lr_mult 0.6395 | tok/s 320149 | grad_norm 0.183
step 6090/13390 | loss 2.9689 | lr_mult 0.6383 | tok/s 320157 | grad_norm 0.165
step 6100/13390 | loss 2.9658 | lr_mult 0.6370 | tok/s 320165 | grad_norm 0.173
step 6110/13390 | loss 2.9681 | lr_mult 0.6358 | tok/s 320173 | grad_norm 0.175
step 6120/13390 | loss 2.9630 | lr_mult 0.6346 | tok/s 320180 | grad_norm 0.169
step 6130/13390 | loss 2.9771 | lr_mult 0.6334 | tok/s 320188 | grad_norm 0.175
step 6140/13390 | loss 2.9685 | lr_mult 0.6322 | tok/s 320196 | grad_norm 0.182
step 6150/13390 | loss 2.9581 | lr_mult 0.6309 | tok/s 320204 | grad_norm 0.176
step 6160/13390 | loss 2.9552 | lr_mult 0.6297 | tok/s 320212 | grad_norm 0.172
step 6170/13390 | loss 2.9426 | lr_mult 0.6285 | tok/s 320220 | grad_norm 0.185
step 6180/13390 | loss 2.9668 | lr_mult 0.6273 | tok/s 320228 | grad_norm 0.173
step 6190/13390 | loss 2.9621 | lr_mult 0.6260 | tok/s 320235 | grad_norm 0.177
step 6200/13390 | loss 2.9628 | lr_mult 0.6248 | tok/s 320243 | grad_norm 0.173
step 6210/13390 | loss 2.9401 | lr_mult 0.6236 | tok/s 320251 | grad_norm 0.166
step 6220/13390 | loss 2.9731 | lr_mult 0.6224 | tok/s 320258 | grad_norm 0.176
step 6230/13390 | loss 2.9677 | lr_mult 0.6211 | tok/s 320266 | grad_norm 0.185
step 6240/13390 | loss 2.9490 | lr_mult 0.6199 | tok/s 320274 | grad_norm 0.186
step 6250/13390 | loss 2.9432 | lr_mult 0.6187 | tok/s 320281 | grad_norm 0.165
step 6260/13390 | loss 2.9912 | lr_mult 0.6174 | tok/s 320289 | grad_norm 0.167
step 6270/13390 | loss 2.9384 | lr_mult 0.6162 | tok/s 320296 | grad_norm 0.159
step 6280/13390 | loss 2.9760 | lr_mult 0.6150 | tok/s 320304 | grad_norm 0.165
step 6290/13390 | loss 2.9950 | lr_mult 0.6137 | tok/s 320311 | grad_norm 0.176
step 6300/13390 | loss 2.9666 | lr_mult 0.6125 | tok/s 320319 | grad_norm 0.172
step 6310/13390 | loss 2.9482 | lr_mult 0.6113 | tok/s 320326 | grad_norm 0.163
step 6320/13390 | loss 2.9547 | lr_mult 0.6100 | tok/s 320333 | grad_norm 0.169
step 6330/13390 | loss 2.9510 | lr_mult 0.6088 | tok/s 320341 | grad_norm 0.173
step 6340/13390 | loss 2.9810 | lr_mult 0.6075 | tok/s 320348 | grad_norm 0.171
step 6350/13390 | loss 2.9757 | lr_mult 0.6063 | tok/s 320356 | grad_norm 0.190
step 6360/13390 | loss 2.9741 | lr_mult 0.6051 | tok/s 320363 | grad_norm 0.171
step 6370/13390 | loss 2.9386 | lr_mult 0.6038 | tok/s 320370 | grad_norm 0.169
step 6380/13390 | loss 2.9453 | lr_mult 0.6026 | tok/s 320377 | grad_norm 0.170
step 6390/13390 | loss 2.9503 | lr_mult 0.6014 | tok/s 320384 | grad_norm 0.175
step 6400/13390 | loss 2.9528 | lr_mult 0.6001 | tok/s 320392 | grad_norm 0.167
step 6410/13390 | loss 2.9693 | lr_mult 0.5989 | tok/s 320399 | grad_norm 0.163
step 6420/13390 | loss 2.9707 | lr_mult 0.5976 | tok/s 320406 | grad_norm 0.178
step 6430/13390 | loss 2.9269 | lr_mult 0.5964 | tok/s 320413 | grad_norm 0.175
step 6440/13390 | loss 2.9694 | lr_mult 0.5951 | tok/s 320420 | grad_norm 0.165
step 6450/13390 | loss 2.9575 | lr_mult 0.5939 | tok/s 320427 | grad_norm 0.189
step 6460/13390 | loss 2.9376 | lr_mult 0.5926 | tok/s 320434 | grad_norm 0.157
step 6470/13390 | loss 2.9536 | lr_mult 0.5914 | tok/s 320442 | grad_norm 0.171
step 6480/13390 | loss 2.9510 | lr_mult 0.5902 | tok/s 320449 | grad_norm 0.175
step 6490/13390 | loss 2.9585 | lr_mult 0.5889 | tok/s 320456 | grad_norm 0.158
step 6500/13390 | loss 2.9804 | lr_mult 0.5877 | tok/s 320463 | grad_norm 0.167
step 6500/13390 | val_loss 2.9509
step 6510/13390 | loss 2.9575 | lr_mult 0.5864 | tok/s 320171 | grad_norm 0.164
step 6520/13390 | loss 2.9457 | lr_mult 0.5852 | tok/s 320179 | grad_norm 0.168
step 6530/13390 | loss 2.9721 | lr_mult 0.5839 | tok/s 320186 | grad_norm 0.161
step 6540/13390 | loss 2.9494 | lr_mult 0.5827 | tok/s 320194 | grad_norm 0.161
step 6550/13390 | loss 2.9700 | lr_mult 0.5814 | tok/s 320200 | grad_norm 0.179
step 6560/13390 | loss 2.9497 | lr_mult 0.5802 | tok/s 320207 | grad_norm 0.159
step 6570/13390 | loss 2.9599 | lr_mult 0.5789 | tok/s 320214 | grad_norm 0.160
step 6580/13390 | loss 2.9409 | lr_mult 0.5777 | tok/s 320221 | grad_norm 0.160
step 6590/13390 | loss 2.9543 | lr_mult 0.5764 | tok/s 320228 | grad_norm 0.162
step 6600/13390 | loss 2.9666 | lr_mult 0.5751 | tok/s 320235 | grad_norm 0.164
step 6610/13390 | loss 2.9774 | lr_mult 0.5739 | tok/s 320242 | grad_norm 0.170
step 6620/13390 | loss 2.9318 | lr_mult 0.5726 | tok/s 320249 | grad_norm 0.161
step 6630/13390 | loss 2.9336 | lr_mult 0.5714 | tok/s 320256 | grad_norm 0.161
step 6640/13390 | loss 2.9459 | lr_mult 0.5701 | tok/s 320262 | grad_norm 0.158
step 6650/13390 | loss 2.9464 | lr_mult 0.5689 | tok/s 320269 | grad_norm 0.156
step 6660/13390 | loss 2.9582 | lr_mult 0.5676 | tok/s 320276 | grad_norm 0.155
step 6670/13390 | loss 2.9363 | lr_mult 0.5664 | tok/s 320283 | grad_norm 0.158
step 6680/13390 | loss 2.9331 | lr_mult 0.5651 | tok/s 320289 | grad_norm 0.168
step 6690/13390 | loss 2.9374 | lr_mult 0.5638 | tok/s 320296 | grad_norm 0.162
step 6700/13390 | loss 2.9232 | lr_mult 0.5626 | tok/s 320303 | grad_norm 0.161
step 6710/13390 | loss 2.9433 | lr_mult 0.5613 | tok/s 320309 | grad_norm 0.176
step 6720/13390 | loss 2.9801 | lr_mult 0.5601 | tok/s 320316 | grad_norm 0.155
step 6730/13390 | loss 2.9438 | lr_mult 0.5588 | tok/s 320323 | grad_norm 0.156
step 6740/13390 | loss 2.9430 | lr_mult 0.5576 | tok/s 320329 | grad_norm 0.179
step 6750/13390 | loss 2.9533 | lr_mult 0.5563 | tok/s 320336 | grad_norm 0.153
step 6760/13390 | loss 2.9848 | lr_mult 0.5550 | tok/s 320342 | grad_norm 0.167
step 6770/13390 | loss 2.9542 | lr_mult 0.5538 | tok/s 320349 | grad_norm 0.170
step 6780/13390 | loss 2.9452 | lr_mult 0.5525 | tok/s 320355 | grad_norm 0.163
step 6790/13390 | loss 2.9540 | lr_mult 0.5513 | tok/s 320362 | grad_norm 0.153
step 6800/13390 | loss 2.9295 | lr_mult 0.5500 | tok/s 320368 | grad_norm 0.158
step 6810/13390 | loss 2.9649 | lr_mult 0.5487 | tok/s 320375 | grad_norm 0.170
step 6820/13390 | loss 2.9512 | lr_mult 0.5475 | tok/s 320381 | grad_norm 0.159
step 6830/13390 | loss 2.9246 | lr_mult 0.5462 | tok/s 320388 | grad_norm 0.158
step 6840/13390 | loss 2.9475 | lr_mult 0.5449 | tok/s 320394 | grad_norm 0.167
step 6850/13390 | loss 2.9501 | lr_mult 0.5437 | tok/s 320400 | grad_norm 0.162
step 6860/13390 | loss 2.9253 | lr_mult 0.5424 | tok/s 320407 | grad_norm 0.159
step 6870/13390 | loss 2.9339 | lr_mult 0.5412 | tok/s 320413 | grad_norm 0.155
step 6880/13390 | loss 2.9542 | lr_mult 0.5399 | tok/s 320419 | grad_norm 0.159
step 6890/13390 | loss 2.9458 | lr_mult 0.5386 | tok/s 320426 | grad_norm 0.155
step 6900/13390 | loss 2.9170 | lr_mult 0.5374 | tok/s 320432 | grad_norm 0.144
step 6910/13390 | loss 2.9331 | lr_mult 0.5361 | tok/s 320438 | grad_norm 0.159
step 6920/13390 | loss 2.9550 | lr_mult 0.5348 | tok/s 320445 | grad_norm 0.161
step 6930/13390 | loss 2.9487 | lr_mult 0.5336 | tok/s 320451 | grad_norm 0.147
step 6940/13390 | loss 2.9208 | lr_mult 0.5323 | tok/s 320457 | grad_norm 0.149
step 6950/13390 | loss 2.9614 | lr_mult 0.5310 | tok/s 320463 | grad_norm 0.160
step 6960/13390 | loss 2.9409 | lr_mult 0.5298 | tok/s 320470 | grad_norm 0.171
step 6970/13390 | loss 2.9502 | lr_mult 0.5285 | tok/s 320476 | grad_norm 0.153
step 6980/13390 | loss 2.9453 | lr_mult 0.5272 | tok/s 320482 | grad_norm 0.154
step 6990/13390 | loss 2.9344 | lr_mult 0.5260 | tok/s 320488 | grad_norm 0.162
step 7000/13390 | loss 2.9204 | lr_mult 0.5247 | tok/s 320494 | grad_norm 0.149
step 7000/13390 | val_loss 2.9335
step 7010/13390 | loss 2.9715 | lr_mult 0.5234 | tok/s 320223 | grad_norm 0.152
step 7020/13390 | loss 2.9573 | lr_mult 0.5222 | tok/s 320230 | grad_norm 0.173
step 7030/13390 | loss 2.9438 | lr_mult 0.5209 | tok/s 320237 | grad_norm 0.142
step 7040/13390 | loss 2.9282 | lr_mult 0.5196 | tok/s 320243 | grad_norm 0.160
step 7050/13390 | loss 2.9284 | lr_mult 0.5184 | tok/s 320250 | grad_norm 0.146
step 7060/13390 | loss 2.9342 | lr_mult 0.5171 | tok/s 320256 | grad_norm 0.144
step 7070/13390 | loss 2.9596 | lr_mult 0.5158 | tok/s 320262 | grad_norm 0.158
step 7080/13390 | loss 2.9733 | lr_mult 0.5146 | tok/s 320269 | grad_norm 0.156
step 7090/13390 | loss 2.9490 | lr_mult 0.5133 | tok/s 320275 | grad_norm 0.165
step 7100/13390 | loss 2.9372 | lr_mult 0.5120 | tok/s 320281 | grad_norm 0.149
step 7110/13390 | loss 2.9516 | lr_mult 0.5108 | tok/s 320288 | grad_norm 0.148
step 7120/13390 | loss 2.9400 | lr_mult 0.5095 | tok/s 320294 | grad_norm 0.154
step 7130/13390 | loss 2.9290 | lr_mult 0.5082 | tok/s 320300 | grad_norm 0.153
step 7140/13390 | loss 2.9418 | lr_mult 0.5070 | tok/s 320307 | grad_norm 0.143
step 7150/13390 | loss 2.9482 | lr_mult 0.5057 | tok/s 320313 | grad_norm 0.163
step 7160/13390 | loss 2.9691 | lr_mult 0.5044 | tok/s 320319 | grad_norm 0.144
step 7170/13390 | loss 2.9020 | lr_mult 0.5032 | tok/s 320325 | grad_norm 0.145
step 7180/13390 | loss 2.9477 | lr_mult 0.5019 | tok/s 320332 | grad_norm 0.152
step 7190/13390 | loss 2.9604 | lr_mult 0.5006 | tok/s 320338 | grad_norm 0.142
step 7200/13390 | loss 2.9259 | lr_mult 0.4994 | tok/s 320344 | grad_norm 0.162
step 7210/13390 | loss 2.9097 | lr_mult 0.4981 | tok/s 320350 | grad_norm 0.146
step 7220/13390 | loss 2.9378 | lr_mult 0.4968 | tok/s 320356 | grad_norm 0.156
step 7230/13390 | loss 2.9225 | lr_mult 0.4956 | tok/s 320362 | grad_norm 0.152
step 7240/13390 | loss 2.9246 | lr_mult 0.4943 | tok/s 320368 | grad_norm 0.148
step 7250/13390 | loss 2.9142 | lr_mult 0.4930 | tok/s 320374 | grad_norm 0.140
step 7260/13390 | loss 2.9192 | lr_mult 0.4918 | tok/s 320380 | grad_norm 0.148
step 7270/13390 | loss 2.9487 | lr_mult 0.4905 | tok/s 320386 | grad_norm 0.154
step 7280/13390 | loss 2.9345 | lr_mult 0.4892 | tok/s 320392 | grad_norm 0.152
step 7290/13390 | loss 2.9575 | lr_mult 0.4880 | tok/s 320398 | grad_norm 0.147
step 7300/13390 | loss 2.9115 | lr_mult 0.4867 | tok/s 320404 | grad_norm 0.147
step 7310/13390 | loss 2.9392 | lr_mult 0.4854 | tok/s 320410 | grad_norm 0.140
step 7320/13390 | loss 2.9480 | lr_mult 0.4842 | tok/s 320416 | grad_norm 0.144
step 7330/13390 | loss 2.9321 | lr_mult 0.4829 | tok/s 320422 | grad_norm 0.149
step 7340/13390 | loss 2.9530 | lr_mult 0.4816 | tok/s 320428 | grad_norm 0.156
step 7350/13390 | loss 2.9260 | lr_mult 0.4804 | tok/s 320434 | grad_norm 0.148
step 7360/13390 | loss 2.9359 | lr_mult 0.4791 | tok/s 320440 | grad_norm 0.154
step 7370/13390 | loss 2.9479 | lr_mult 0.4778 | tok/s 320446 | grad_norm 0.143
step 7380/13390 | loss 2.9547 | lr_mult 0.4766 | tok/s 320451 | grad_norm 0.140
step 7390/13390 | loss 2.9427 | lr_mult 0.4753 | tok/s 320457 | grad_norm 0.150
step 7400/13390 | loss 2.9329 | lr_mult 0.4740 | tok/s 320463 | grad_norm 0.138
step 7410/13390 | loss 2.9064 | lr_mult 0.4728 | tok/s 320469 | grad_norm 0.144
step 7420/13390 | loss 2.9215 | lr_mult 0.4715 | tok/s 320475 | grad_norm 0.140
step 7430/13390 | loss 2.9215 | lr_mult 0.4702 | tok/s 320481 | grad_norm 0.149
step 7440/13390 | loss 2.9408 | lr_mult 0.4690 | tok/s 320486 | grad_norm 0.151
step 7450/13390 | loss 2.9050 | lr_mult 0.4677 | tok/s 320492 | grad_norm 0.144
step 7460/13390 | loss 2.9473 | lr_mult 0.4664 | tok/s 320498 | grad_norm 0.139
step 7470/13390 | loss 2.9221 | lr_mult 0.4652 | tok/s 320504 | grad_norm 0.142
step 7480/13390 | loss 2.9174 | lr_mult 0.4639 | tok/s 320509 | grad_norm 0.139
step 7490/13390 | loss 2.9218 | lr_mult 0.4626 | tok/s 320515 | grad_norm 0.134
step 7500/13390 | loss 2.9470 | lr_mult 0.4614 | tok/s 320521 | grad_norm 0.146
step 7500/13390 | val_loss 2.9166
step 7510/13390 | loss 2.9029 | lr_mult 0.4601 | tok/s 320268 | grad_norm 0.148
step 7520/13390 | loss 2.9486 | lr_mult 0.4588 | tok/s 320274 | grad_norm 0.153
step 7530/13390 | loss 2.9073 | lr_mult 0.4576 | tok/s 320280 | grad_norm 0.143
step 7540/13390 | loss 2.9324 | lr_mult 0.4563 | tok/s 320286 | grad_norm 0.147
step 7550/13390 | loss 2.9052 | lr_mult 0.4551 | tok/s 320292 | grad_norm 0.148
step 7560/13390 | loss 2.9070 | lr_mult 0.4538 | tok/s 320298 | grad_norm 0.145
step 7570/13390 | loss 2.9202 | lr_mult 0.4525 | tok/s 320304 | grad_norm 0.136
step 7580/13390 | loss 2.8997 | lr_mult 0.4513 | tok/s 320309 | grad_norm 0.145
step 7590/13390 | loss 2.8855 | lr_mult 0.4500 | tok/s 320315 | grad_norm 0.149
step 7600/13390 | loss 2.9132 | lr_mult 0.4487 | tok/s 320321 | grad_norm 0.140
step 7610/13390 | loss 2.9212 | lr_mult 0.4475 | tok/s 320327 | grad_norm 0.149
step 7620/13390 | loss 2.8880 | lr_mult 0.4462 | tok/s 320333 | grad_norm 0.145
step 7630/13390 | loss 2.9130 | lr_mult 0.4450 | tok/s 320338 | grad_norm 0.141
step 7640/13390 | loss 2.9215 | lr_mult 0.4437 | tok/s 320344 | grad_norm 0.141
step 7650/13390 | loss 2.8830 | lr_mult 0.4424 | tok/s 320350 | grad_norm 0.143
step 7660/13390 | loss 2.9287 | lr_mult 0.4412 | tok/s 320355 | grad_norm 0.148
step 7670/13390 | loss 2.8955 | lr_mult 0.4399 | tok/s 320361 | grad_norm 0.146
step 7680/13390 | loss 2.9198 | lr_mult 0.4387 | tok/s 320367 | grad_norm 0.147
step 7690/13390 | loss 2.9236 | lr_mult 0.4374 | tok/s 320373 | grad_norm 0.135
step 7700/13390 | loss 2.9122 | lr_mult 0.4362 | tok/s 320378 | grad_norm 0.138
step 7710/13390 | loss 2.9256 | lr_mult 0.4349 | tok/s 320384 | grad_norm 0.148
step 7720/13390 | loss 2.8930 | lr_mult 0.4336 | tok/s 320389 | grad_norm 0.138
step 7730/13390 | loss 2.9047 | lr_mult 0.4324 | tok/s 320395 | grad_norm 0.142
step 7740/13390 | loss 2.9009 | lr_mult 0.4311 | tok/s 320401 | grad_norm 0.145
step 7750/13390 | loss 2.8965 | lr_mult 0.4299 | tok/s 320406 | grad_norm 0.141
step 7760/13390 | loss 2.8936 | lr_mult 0.4286 | tok/s 320412 | grad_norm 0.142
step 7770/13390 | loss 2.9404 | lr_mult 0.4274 | tok/s 320418 | grad_norm 0.143
step 7780/13390 | loss 2.9039 | lr_mult 0.4261 | tok/s 320423 | grad_norm 0.137
step 7790/13390 | loss 2.9115 | lr_mult 0.4249 | tok/s 320429 | grad_norm 0.152
step 7800/13390 | loss 2.9268 | lr_mult 0.4236 | tok/s 320434 | grad_norm 0.146
step 7810/13390 | loss 2.9067 | lr_mult 0.4223 | tok/s 320440 | grad_norm 0.138
step 7820/13390 | loss 2.9010 | lr_mult 0.4211 | tok/s 320445 | grad_norm 0.137
step 7830/13390 | loss 2.9000 | lr_mult 0.4198 | tok/s 320451 | grad_norm 0.135
step 7840/13390 | loss 2.8966 | lr_mult 0.4186 | tok/s 320456 | grad_norm 0.150
step 7850/13390 | loss 2.9188 | lr_mult 0.4173 | tok/s 320462 | grad_norm 0.146
step 7860/13390 | loss 2.9019 | lr_mult 0.4161 | tok/s 320467 | grad_norm 0.137
step 7870/13390 | loss 2.9227 | lr_mult 0.4148 | tok/s 320473 | grad_norm 0.138
step 7880/13390 | loss 2.9049 | lr_mult 0.4136 | tok/s 320478 | grad_norm 0.147
step 7890/13390 | loss 2.8958 | lr_mult 0.4123 | tok/s 320483 | grad_norm 0.151
step 7900/13390 | loss 2.8938 | lr_mult 0.4111 | tok/s 320489 | grad_norm 0.135
step 7910/13390 | loss 2.9156 | lr_mult 0.4098 | tok/s 320494 | grad_norm 0.146
step 7920/13390 | loss 2.9282 | lr_mult 0.4086 | tok/s 320500 | grad_norm 0.142
step 7930/13390 | loss 2.9079 | lr_mult 0.4074 | tok/s 320505 | grad_norm 0.140
step 7940/13390 | loss 2.9222 | lr_mult 0.4061 | tok/s 320510 | grad_norm 0.134
step 7950/13390 | loss 2.9228 | lr_mult 0.4049 | tok/s 320516 | grad_norm 0.140
step 7960/13390 | loss 2.8996 | lr_mult 0.4036 | tok/s 320521 | grad_norm 0.140
step 7970/13390 | loss 2.8840 | lr_mult 0.4024 | tok/s 320526 | grad_norm 0.147
step 7980/13390 | loss 2.9208 | lr_mult 0.4011 | tok/s 320532 | grad_norm 0.136
step 7990/13390 | loss 2.9191 | lr_mult 0.3999 | tok/s 320537 | grad_norm 0.138
step 8000/13390 | loss 2.8812 | lr_mult 0.3986 | tok/s 320542 | grad_norm 0.143
step 8000/13390 | val_loss 2.9011
step 8010/13390 | loss 2.9094 | lr_mult 0.3974 | tok/s 320305 | grad_norm 0.132
step 8020/13390 | loss 2.8972 | lr_mult 0.3962 | tok/s 320311 | grad_norm 0.138
step 8030/13390 | loss 2.9098 | lr_mult 0.3949 | tok/s 320316 | grad_norm 0.137
step 8040/13390 | loss 2.9068 | lr_mult 0.3937 | tok/s 320322 | grad_norm 0.135
step 8050/13390 | loss 2.9080 | lr_mult 0.3925 | tok/s 320328 | grad_norm 0.136
step 8060/13390 | loss 2.9023 | lr_mult 0.3912 | tok/s 320333 | grad_norm 0.150
step 8070/13390 | loss 2.9606 | lr_mult 0.3900 | tok/s 320339 | grad_norm 0.137
step 8080/13390 | loss 2.9379 | lr_mult 0.3887 | tok/s 320344 | grad_norm 0.132
step 8090/13390 | loss 2.9016 | lr_mult 0.3875 | tok/s 320350 | grad_norm 0.138
step 8100/13390 | loss 2.8921 | lr_mult 0.3863 | tok/s 320355 | grad_norm 0.136
step 8110/13390 | loss 2.9060 | lr_mult 0.3850 | tok/s 320361 | grad_norm 0.136
step 8120/13390 | loss 2.9202 | lr_mult 0.3838 | tok/s 320366 | grad_norm 0.133
step 8130/13390 | loss 2.8986 | lr_mult 0.3826 | tok/s 320372 | grad_norm 0.149
step 8140/13390 | loss 2.8864 | lr_mult 0.3813 | tok/s 320377 | grad_norm 0.135
step 8150/13390 | loss 2.9018 | lr_mult 0.3801 | tok/s 320383 | grad_norm 0.137
step 8160/13390 | loss 2.8884 | lr_mult 0.3789 | tok/s 320388 | grad_norm 0.137
step 8170/13390 | loss 2.8734 | lr_mult 0.3776 | tok/s 320394 | grad_norm 0.131
step 8180/13390 | loss 2.8867 | lr_mult 0.3764 | tok/s 320399 | grad_norm 0.136
step 8190/13390 | loss 2.9065 | lr_mult 0.3752 | tok/s 320405 | grad_norm 0.145
step 8200/13390 | loss 2.9069 | lr_mult 0.3740 | tok/s 320410 | grad_norm 0.143
step 8210/13390 | loss 2.9047 | lr_mult 0.3727 | tok/s 320416 | grad_norm 0.141
step 8220/13390 | loss 2.9003 | lr_mult 0.3715 | tok/s 320421 | grad_norm 0.130
step 8230/13390 | loss 2.8803 | lr_mult 0.3703 | tok/s 320426 | grad_norm 0.133
step 8240/13390 | loss 2.9222 | lr_mult 0.3691 | tok/s 320432 | grad_norm 0.135
step 8250/13390 | loss 2.9250 | lr_mult 0.3678 | tok/s 320437 | grad_norm 0.139
step 8260/13390 | loss 2.9134 | lr_mult 0.3666 | tok/s 320443 | grad_norm 0.130
step 8270/13390 | loss 2.8757 | lr_mult 0.3654 | tok/s 320448 | grad_norm 0.131
step 8280/13390 | loss 2.8842 | lr_mult 0.3642 | tok/s 320453 | grad_norm 0.134
step 8290/13390 | loss 2.9126 | lr_mult 0.3630 | tok/s 320458 | grad_norm 0.141
step 8300/13390 | loss 2.8773 | lr_mult 0.3617 | tok/s 320463 | grad_norm 0.131
step 8310/13390 | loss 2.8986 | lr_mult 0.3605 | tok/s 320469 | grad_norm 0.138
step 8320/13390 | loss 2.8669 | lr_mult 0.3593 | tok/s 320474 | grad_norm 0.130
step 8330/13390 | loss 2.8699 | lr_mult 0.3581 | tok/s 320479 | grad_norm 0.130
step 8340/13390 | loss 2.8843 | lr_mult 0.3569 | tok/s 320484 | grad_norm 0.131
step 8350/13390 | loss 2.8680 | lr_mult 0.3557 | tok/s 320489 | grad_norm 0.131
step 8360/13390 | loss 2.9046 | lr_mult 0.3544 | tok/s 320495 | grad_norm 0.134
step 8370/13390 | loss 2.9174 | lr_mult 0.3532 | tok/s 320500 | grad_norm 0.131
step 8380/13390 | loss 2.8449 | lr_mult 0.3520 | tok/s 320505 | grad_norm 0.142
step 8390/13390 | loss 2.8692 | lr_mult 0.3508 | tok/s 320510 | grad_norm 0.129
step 8400/13390 | loss 2.8751 | lr_mult 0.3496 | tok/s 320515 | grad_norm 0.133
step 8410/13390 | loss 2.8836 | lr_mult 0.3484 | tok/s 320520 | grad_norm 0.131
step 8420/13390 | loss 2.8737 | lr_mult 0.3472 | tok/s 320525 | grad_norm 0.136
step 8430/13390 | loss 2.9202 | lr_mult 0.3460 | tok/s 320530 | grad_norm 0.132
step 8440/13390 | loss 2.8824 | lr_mult 0.3448 | tok/s 320535 | grad_norm 0.134
step 8450/13390 | loss 2.9007 | lr_mult 0.3436 | tok/s 320540 | grad_norm 0.123
step 8460/13390 | loss 2.9166 | lr_mult 0.3424 | tok/s 320546 | grad_norm 0.135
step 8470/13390 | loss 2.8964 | lr_mult 0.3412 | tok/s 320551 | grad_norm 0.138
step 8480/13390 | loss 2.8840 | lr_mult 0.3400 | tok/s 320556 | grad_norm 0.130
step 8490/13390 | loss 2.8965 | lr_mult 0.3388 | tok/s 320561 | grad_norm 0.138
step 8500/13390 | loss 2.8621 | lr_mult 0.3376 | tok/s 320566 | grad_norm 0.134
step 8500/13390 | val_loss 2.8857
step 8510/13390 | loss 2.8780 | lr_mult 0.3364 | tok/s 320342 | grad_norm 0.132
step 8520/13390 | loss 2.8907 | lr_mult 0.3352 | tok/s 320348 | grad_norm 0.127
step 8530/13390 | loss 2.8684 | lr_mult 0.3340 | tok/s 320353 | grad_norm 0.130
step 8540/13390 | loss 2.8989 | lr_mult 0.3328 | tok/s 320358 | grad_norm 0.136
step 8550/13390 | loss 2.8750 | lr_mult 0.3316 | tok/s 320363 | grad_norm 0.129
step 8560/13390 | loss 2.8979 | lr_mult 0.3304 | tok/s 320368 | grad_norm 0.135
step 8570/13390 | loss 2.8847 | lr_mult 0.3292 | tok/s 320373 | grad_norm 0.126
step 8580/13390 | loss 2.8909 | lr_mult 0.3280 | tok/s 320378 | grad_norm 0.134
step 8590/13390 | loss 2.8780 | lr_mult 0.3268 | tok/s 320383 | grad_norm 0.132
step 8600/13390 | loss 2.8862 | lr_mult 0.3256 | tok/s 320388 | grad_norm 0.127
step 8610/13390 | loss 2.8981 | lr_mult 0.3244 | tok/s 320393 | grad_norm 0.129
step 8620/13390 | loss 2.8973 | lr_mult 0.3232 | tok/s 320397 | grad_norm 0.138
step 8630/13390 | loss 2.8912 | lr_mult 0.3221 | tok/s 320402 | grad_norm 0.137
step 8640/13390 | loss 2.8502 | lr_mult 0.3209 | tok/s 320407 | grad_norm 0.133
step 8650/13390 | loss 2.9084 | lr_mult 0.3197 | tok/s 320412 | grad_norm 0.127
step 8660/13390 | loss 2.8965 | lr_mult 0.3185 | tok/s 320417 | grad_norm 0.126
step 8670/13390 | loss 2.9042 | lr_mult 0.3173 | tok/s 320422 | grad_norm 0.132
step 8680/13390 | loss 2.8929 | lr_mult 0.3161 | tok/s 320427 | grad_norm 0.129
step 8690/13390 | loss 2.8591 | lr_mult 0.3150 | tok/s 320432 | grad_norm 0.129
step 8700/13390 | loss 2.8986 | lr_mult 0.3138 | tok/s 320437 | grad_norm 0.136
step 8710/13390 | loss 2.9083 | lr_mult 0.3126 | tok/s 320441 | grad_norm 0.130
step 8720/13390 | loss 2.8845 | lr_mult 0.3114 | tok/s 320446 | grad_norm 0.131
step 8730/13390 | loss 2.8740 | lr_mult 0.3103 | tok/s 320451 | grad_norm 0.141
step 8740/13390 | loss 2.8851 | lr_mult 0.3091 | tok/s 320456 | grad_norm 0.126
step 8750/13390 | loss 2.8940 | lr_mult 0.3079 | tok/s 320461 | grad_norm 0.124
step 8760/13390 | loss 2.8934 | lr_mult 0.3068 | tok/s 320465 | grad_norm 0.127
step 8770/13390 | loss 2.8554 | lr_mult 0.3056 | tok/s 320470 | grad_norm 0.132
step 8780/13390 | loss 2.8797 | lr_mult 0.3044 | tok/s 320475 | grad_norm 0.131
step 8790/13390 | loss 2.8767 | lr_mult 0.3033 | tok/s 320480 | grad_norm 0.131
step 8800/13390 | loss 2.8725 | lr_mult 0.3021 | tok/s 320485 | grad_norm 0.135
step 8810/13390 | loss 2.8672 | lr_mult 0.3009 | tok/s 320489 | grad_norm 0.135
step 8820/13390 | loss 2.8704 | lr_mult 0.2998 | tok/s 320494 | grad_norm 0.124
step 8830/13390 | loss 2.9330 | lr_mult 0.2986 | tok/s 320499 | grad_norm 0.132
step 8840/13390 | loss 2.8745 | lr_mult 0.2974 | tok/s 320503 | grad_norm 0.130
step 8850/13390 | loss 2.9205 | lr_mult 0.2963 | tok/s 320508 | grad_norm 0.127
step 8860/13390 | loss 2.8597 | lr_mult 0.2951 | tok/s 320513 | grad_norm 0.129
step 8870/13390 | loss 2.8617 | lr_mult 0.2940 | tok/s 320517 | grad_norm 0.129
step 8880/13390 | loss 2.8663 | lr_mult 0.2928 | tok/s 320522 | grad_norm 0.130
step 8890/13390 | loss 2.8713 | lr_mult 0.2917 | tok/s 320526 | grad_norm 0.133
step 8900/13390 | loss 2.8709 | lr_mult 0.2905 | tok/s 320531 | grad_norm 0.127
step 8910/13390 | loss 2.8804 | lr_mult 0.2894 | tok/s 320536 | grad_norm 0.131
step 8920/13390 | loss 2.8803 | lr_mult 0.2882 | tok/s 320540 | grad_norm 0.130
step 8930/13390 | loss 2.9101 | lr_mult 0.2871 | tok/s 320545 | grad_norm 0.135
step 8940/13390 | loss 2.8579 | lr_mult 0.2859 | tok/s 320549 | grad_norm 0.126
step 8950/13390 | loss 2.8879 | lr_mult 0.2848 | tok/s 320554 | grad_norm 0.127
step 8960/13390 | loss 2.8692 | lr_mult 0.2836 | tok/s 320558 | grad_norm 0.136
step 8970/13390 | loss 2.8826 | lr_mult 0.2825 | tok/s 320563 | grad_norm 0.132
step 8980/13390 | loss 2.8867 | lr_mult 0.2813 | tok/s 320567 | grad_norm 0.123
step 8990/13390 | loss 2.8855 | lr_mult 0.2802 | tok/s 320572 | grad_norm 0.124
step 9000/13390 | loss 2.8846 | lr_mult 0.2791 | tok/s 320576 | grad_norm 0.127
step 9000/13390 | val_loss 2.8719
step 9010/13390 | loss 2.9040 | lr_mult 0.2779 | tok/s 320366 | grad_norm 0.133
step 9020/13390 | loss 2.8724 | lr_mult 0.2768 | tok/s 320371 | grad_norm 0.131
step 9030/13390 | loss 2.9242 | lr_mult 0.2757 | tok/s 320375 | grad_norm 0.128
step 9040/13390 | loss 2.8523 | lr_mult 0.2745 | tok/s 320380 | grad_norm 0.125
step 9050/13390 | loss 2.9020 | lr_mult 0.2734 | tok/s 320385 | grad_norm 0.127
step 9060/13390 | loss 2.8402 | lr_mult 0.2723 | tok/s 320390 | grad_norm 0.120
step 9070/13390 | loss 2.8656 | lr_mult 0.2711 | tok/s 320395 | grad_norm 0.131
step 9080/13390 | loss 2.8760 | lr_mult 0.2700 | tok/s 320399 | grad_norm 0.139
step 9090/13390 | loss 2.8619 | lr_mult 0.2689 | tok/s 320404 | grad_norm 0.128
step 9100/13390 | loss 2.8803 | lr_mult 0.2678 | tok/s 320409 | grad_norm 0.130
step 9110/13390 | loss 2.8789 | lr_mult 0.2666 | tok/s 320414 | grad_norm 0.127
step 9120/13390 | loss 2.8793 | lr_mult 0.2655 | tok/s 320418 | grad_norm 0.117
step 9130/13390 | loss 2.8583 | lr_mult 0.2644 | tok/s 320423 | grad_norm 0.125
step 9140/13390 | loss 2.8428 | lr_mult 0.2633 | tok/s 320428 | grad_norm 0.125
step 9150/13390 | loss 2.8861 | lr_mult 0.2622 | tok/s 320433 | grad_norm 0.127
step 9160/13390 | loss 2.8418 | lr_mult 0.2611 | tok/s 320437 | grad_norm 0.122
step 9170/13390 | loss 2.8682 | lr_mult 0.2599 | tok/s 320442 | grad_norm 0.129
step 9180/13390 | loss 2.8537 | lr_mult 0.2588 | tok/s 320447 | grad_norm 0.128
step 9190/13390 | loss 2.8766 | lr_mult 0.2577 | tok/s 320451 | grad_norm 0.125
step 9200/13390 | loss 2.8687 | lr_mult 0.2566 | tok/s 320456 | grad_norm 0.127
step 9210/13390 | loss 2.8588 | lr_mult 0.2555 | tok/s 320461 | grad_norm 0.125
step 9220/13390 | loss 2.9214 | lr_mult 0.2544 | tok/s 320465 | grad_norm 0.123
step 9230/13390 | loss 2.8741 | lr_mult 0.2533 | tok/s 320470 | grad_norm 0.125
step 9240/13390 | loss 2.8534 | lr_mult 0.2522 | tok/s 320475 | grad_norm 0.125
step 9250/13390 | loss 2.8617 | lr_mult 0.2511 | tok/s 320479 | grad_norm 0.125
step 9260/13390 | loss 2.8785 | lr_mult 0.2500 | tok/s 320484 | grad_norm 0.123
step 9270/13390 | loss 2.8690 | lr_mult 0.2489 | tok/s 320488 | grad_norm 0.130
step 9280/13390 | loss 2.8816 | lr_mult 0.2478 | tok/s 320493 | grad_norm 0.120
step 9290/13390 | loss 2.8506 | lr_mult 0.2467 | tok/s 320498 | grad_norm 0.124
step 9300/13390 | loss 2.8546 | lr_mult 0.2456 | tok/s 320502 | grad_norm 0.127
step 9310/13390 | loss 2.8601 | lr_mult 0.2445 | tok/s 320507 | grad_norm 0.123
step 9320/13390 | loss 2.8695 | lr_mult 0.2434 | tok/s 320511 | grad_norm 0.126
step 9330/13390 | loss 2.8706 | lr_mult 0.2424 | tok/s 320516 | grad_norm 0.128
step 9340/13390 | loss 2.8514 | lr_mult 0.2413 | tok/s 320520 | grad_norm 0.127
step 9350/13390 | loss 2.8813 | lr_mult 0.2402 | tok/s 320525 | grad_norm 0.123
step 9360/13390 | loss 2.8290 | lr_mult 0.2391 | tok/s 320529 | grad_norm 0.124
step 9370/13390 | loss 2.8946 | lr_mult 0.2380 | tok/s 320534 | grad_norm 0.130
step 9380/13390 | loss 2.8537 | lr_mult 0.2369 | tok/s 320538 | grad_norm 0.129
step 9390/13390 | loss 2.8694 | lr_mult 0.2359 | tok/s 320543 | grad_norm 0.127
step 9400/13390 | loss 2.8664 | lr_mult 0.2348 | tok/s 320547 | grad_norm 0.123
step 9410/13390 | loss 2.8628 | lr_mult 0.2337 | tok/s 320552 | grad_norm 0.127
step 9420/13390 | loss 2.8633 | lr_mult 0.2326 | tok/s 320556 | grad_norm 0.129
step 9430/13390 | loss 2.8723 | lr_mult 0.2316 | tok/s 320560 | grad_norm 0.129
step 9440/13390 | loss 2.8705 | lr_mult 0.2305 | tok/s 320565 | grad_norm 0.121
step 9450/13390 | loss 2.8553 | lr_mult 0.2294 | tok/s 320569 | grad_norm 0.131
step 9460/13390 | loss 2.8549 | lr_mult 0.2284 | tok/s 320574 | grad_norm 0.124
step 9470/13390 | loss 2.8579 | lr_mult 0.2273 | tok/s 320578 | grad_norm 0.120
step 9480/13390 | loss 2.8600 | lr_mult 0.2262 | tok/s 320583 | grad_norm 0.133
step 9490/13390 | loss 2.8772 | lr_mult 0.2252 | tok/s 320587 | grad_norm 0.128
step 9500/13390 | loss 2.9003 | lr_mult 0.2241 | tok/s 320591 | grad_norm 0.120
step 9500/13390 | val_loss 2.8590
step 9510/13390 | loss 2.8627 | lr_mult 0.2231 | tok/s 320391 | grad_norm 0.128
step 9520/13390 | loss 2.8690 | lr_mult 0.2220 | tok/s 320396 | grad_norm 0.128
step 9530/13390 | loss 2.8724 | lr_mult 0.2210 | tok/s 320400 | grad_norm 0.125
step 9540/13390 | loss 2.8541 | lr_mult 0.2199 | tok/s 320405 | grad_norm 0.125
step 9550/13390 | loss 2.8577 | lr_mult 0.2189 | tok/s 320409 | grad_norm 0.121
step 9560/13390 | loss 2.8354 | lr_mult 0.2178 | tok/s 320414 | grad_norm 0.130
step 9570/13390 | loss 2.8408 | lr_mult 0.2168 | tok/s 320418 | grad_norm 0.126
step 9580/13390 | loss 2.8683 | lr_mult 0.2157 | tok/s 320422 | grad_norm 0.120
step 9590/13390 | loss 2.8507 | lr_mult 0.2147 | tok/s 320427 | grad_norm 0.123
step 9600/13390 | loss 2.8527 | lr_mult 0.2136 | tok/s 320431 | grad_norm 0.130
step 9610/13390 | loss 2.8411 | lr_mult 0.2126 | tok/s 320435 | grad_norm 0.122
step 9620/13390 | loss 2.8581 | lr_mult 0.2116 | tok/s 320440 | grad_norm 0.125
step 9630/13390 | loss 2.8711 | lr_mult 0.2105 | tok/s 320444 | grad_norm 0.121
step 9640/13390 | loss 2.8637 | lr_mult 0.2095 | tok/s 320448 | grad_norm 0.118
step 9650/13390 | loss 2.8434 | lr_mult 0.2085 | tok/s 320452 | grad_norm 0.124
step 9660/13390 | loss 2.8352 | lr_mult 0.2074 | tok/s 320457 | grad_norm 0.123
step 9670/13390 | loss 2.8598 | lr_mult 0.2064 | tok/s 320461 | grad_norm 0.126
step 9680/13390 | loss 2.8674 | lr_mult 0.2054 | tok/s 320465 | grad_norm 0.130
step 9690/13390 | loss 2.8696 | lr_mult 0.2044 | tok/s 320469 | grad_norm 0.115
step 9700/13390 | loss 2.8641 | lr_mult 0.2033 | tok/s 320474 | grad_norm 0.124
step 9710/13390 | loss 2.8305 | lr_mult 0.2023 | tok/s 320478 | grad_norm 0.124
step 9720/13390 | loss 2.8764 | lr_mult 0.2013 | tok/s 320482 | grad_norm 0.127
step 9730/13390 | loss 2.8513 | lr_mult 0.2003 | tok/s 320486 | grad_norm 0.127
step 9740/13390 | loss 2.8414 | lr_mult 0.1993 | tok/s 320490 | grad_norm 0.120
step 9750/13390 | loss 2.8654 | lr_mult 0.1983 | tok/s 320495 | grad_norm 0.130
step 9760/13390 | loss 2.8536 | lr_mult 0.1973 | tok/s 320499 | grad_norm 0.120
step 9770/13390 | loss 2.8633 | lr_mult 0.1962 | tok/s 320503 | grad_norm 0.121
step 9780/13390 | loss 2.8705 | lr_mult 0.1952 | tok/s 320507 | grad_norm 0.121
step 9790/13390 | loss 2.8461 | lr_mult 0.1942 | tok/s 320510 | grad_norm 0.120
step 9800/13390 | loss 2.8580 | lr_mult 0.1932 | tok/s 320514 | grad_norm 0.126
step 9810/13390 | loss 2.8538 | lr_mult 0.1922 | tok/s 320518 | grad_norm 0.126
step 9820/13390 | loss 2.8635 | lr_mult 0.1912 | tok/s 320522 | grad_norm 0.127
step 9830/13390 | loss 2.8801 | lr_mult 0.1902 | tok/s 320526 | grad_norm 0.122
step 9840/13390 | loss 2.8310 | lr_mult 0.1892 | tok/s 320530 | grad_norm 0.129
step 9850/13390 | loss 2.8088 | lr_mult 0.1883 | tok/s 320534 | grad_norm 0.118
step 9860/13390 | loss 2.8586 | lr_mult 0.1873 | tok/s 320538 | grad_norm 0.121
step 9870/13390 | loss 2.8706 | lr_mult 0.1863 | tok/s 320542 | grad_norm 0.118
step 9880/13390 | loss 2.8264 | lr_mult 0.1853 | tok/s 320547 | grad_norm 0.119
step 9890/13390 | loss 2.8676 | lr_mult 0.1843 | tok/s 320551 | grad_norm 0.121
step 9900/13390 | loss 2.8427 | lr_mult 0.1833 | tok/s 320555 | grad_norm 0.122
step 9910/13390 | loss 2.8354 | lr_mult 0.1823 | tok/s 320559 | grad_norm 0.121
step 9920/13390 | loss 2.8519 | lr_mult 0.1814 | tok/s 320563 | grad_norm 0.120
step 9930/13390 | loss 2.8330 | lr_mult 0.1804 | tok/s 320567 | grad_norm 0.127
step 9940/13390 | loss 2.8520 | lr_mult 0.1794 | tok/s 320571 | grad_norm 0.124
step 9950/13390 | loss 2.8500 | lr_mult 0.1784 | tok/s 320575 | grad_norm 0.119
step 9960/13390 | loss 2.8524 | lr_mult 0.1775 | tok/s 320579 | grad_norm 0.127
step 9970/13390 | loss 2.8219 | lr_mult 0.1765 | tok/s 320583 | grad_norm 0.124
step 9980/13390 | loss 2.8602 | lr_mult 0.1755 | tok/s 320587 | grad_norm 0.127
step 9990/13390 | loss 2.8466 | lr_mult 0.1746 | tok/s 320591 | grad_norm 0.121
step 10000/13390 | loss 2.8475 | lr_mult 0.1736 | tok/s 320595 | grad_norm 0.123
step 10000/13390 | val_loss 2.8474
step 10010/13390 | loss 2.8238 | lr_mult 0.1727 | tok/s 320405 | grad_norm 0.121
step 10020/13390 | loss 2.8293 | lr_mult 0.1717 | tok/s 320410 | grad_norm 0.121
step 10030/13390 | loss 2.8176 | lr_mult 0.1707 | tok/s 320414 | grad_norm 0.123
step 10040/13390 | loss 2.8320 | lr_mult 0.1698 | tok/s 320419 | grad_norm 0.124
step 10050/13390 | loss 2.8456 | lr_mult 0.1688 | tok/s 320423 | grad_norm 0.120
step 10060/13390 | loss 2.8753 | lr_mult 0.1679 | tok/s 320427 | grad_norm 0.128
step 10070/13390 | loss 2.8664 | lr_mult 0.1669 | tok/s 320431 | grad_norm 0.119
step 10080/13390 | loss 2.8433 | lr_mult 0.1660 | tok/s 320436 | grad_norm 0.126
step 10090/13390 | loss 2.8544 | lr_mult 0.1651 | tok/s 320440 | grad_norm 0.126
step 10100/13390 | loss 2.8383 | lr_mult 0.1641 | tok/s 320444 | grad_norm 0.119
step 10110/13390 | loss 2.8746 | lr_mult 0.1632 | tok/s 320449 | grad_norm 0.128
step 10120/13390 | loss 2.8264 | lr_mult 0.1622 | tok/s 320453 | grad_norm 0.122
step 10130/13390 | loss 2.8527 | lr_mult 0.1613 | tok/s 320457 | grad_norm 0.124
step 10140/13390 | loss 2.8460 | lr_mult 0.1604 | tok/s 320461 | grad_norm 0.122
step 10150/13390 | loss 2.8520 | lr_mult 0.1594 | tok/s 320465 | grad_norm 0.123
step 10160/13390 | loss 2.8350 | lr_mult 0.1585 | tok/s 320470 | grad_norm 0.123
step 10170/13390 | loss 2.8486 | lr_mult 0.1576 | tok/s 320474 | grad_norm 0.118
step 10180/13390 | loss 2.8447 | lr_mult 0.1567 | tok/s 320478 | grad_norm 0.121
step 10190/13390 | loss 2.8458 | lr_mult 0.1558 | tok/s 320482 | grad_norm 0.121
step 10200/13390 | loss 2.8639 | lr_mult 0.1548 | tok/s 320486 | grad_norm 0.128
step 10210/13390 | loss 2.8538 | lr_mult 0.1539 | tok/s 320490 | grad_norm 0.117
step 10220/13390 | loss 2.8286 | lr_mult 0.1530 | tok/s 320494 | grad_norm 0.121
step 10230/13390 | loss 2.8460 | lr_mult 0.1521 | tok/s 320498 | grad_norm 0.119
step 10240/13390 | loss 2.8618 | lr_mult 0.1512 | tok/s 320502 | grad_norm 0.120
step 10250/13390 | loss 2.8386 | lr_mult 0.1503 | tok/s 320506 | grad_norm 0.121
step 10260/13390 | loss 2.8529 | lr_mult 0.1494 | tok/s 320510 | grad_norm 0.124
step 10270/13390 | loss 2.8485 | lr_mult 0.1485 | tok/s 320514 | grad_norm 0.121
step 10280/13390 | loss 2.7972 | lr_mult 0.1476 | tok/s 320518 | grad_norm 0.122
step 10290/13390 | loss 2.8313 | lr_mult 0.1467 | tok/s 320522 | grad_norm 0.120
step 10300/13390 | loss 2.8344 | lr_mult 0.1458 | tok/s 320526 | grad_norm 0.125
step 10310/13390 | loss 2.8336 | lr_mult 0.1449 | tok/s 320529 | grad_norm 0.122
step 10320/13390 | loss 2.8184 | lr_mult 0.1440 | tok/s 320533 | grad_norm 0.118
step 10330/13390 | loss 2.8520 | lr_mult 0.1431 | tok/s 320537 | grad_norm 0.118
step 10340/13390 | loss 2.8705 | lr_mult 0.1422 | tok/s 320541 | grad_norm 0.119
step 10350/13390 | loss 2.8324 | lr_mult 0.1413 | tok/s 320545 | grad_norm 0.120
step 10360/13390 | loss 2.8157 | lr_mult 0.1404 | tok/s 320549 | grad_norm 0.124
step 10370/13390 | loss 2.8502 | lr_mult 0.1396 | tok/s 320553 | grad_norm 0.121
step 10380/13390 | loss 2.8312 | lr_mult 0.1387 | tok/s 320557 | grad_norm 0.118
step 10390/13390 | loss 2.8231 | lr_mult 0.1378 | tok/s 320561 | grad_norm 0.120
step 10400/13390 | loss 2.8537 | lr_mult 0.1369 | tok/s 320565 | grad_norm 0.116
step 10410/13390 | loss 2.8169 | lr_mult 0.1361 | tok/s 320568 | grad_norm 0.118
step 10420/13390 | loss 2.8366 | lr_mult 0.1352 | tok/s 320572 | grad_norm 0.120
step 10430/13390 | loss 2.8328 | lr_mult 0.1343 | tok/s 320576 | grad_norm 0.122
step 10440/13390 | loss 2.8419 | lr_mult 0.1335 | tok/s 320580 | grad_norm 0.124
step 10450/13390 | loss 2.8737 | lr_mult 0.1326 | tok/s 320584 | grad_norm 0.119
step 10460/13390 | loss 2.8408 | lr_mult 0.1318 | tok/s 320588 | grad_norm 0.120
step 10470/13390 | loss 2.8444 | lr_mult 0.1309 | tok/s 320591 | grad_norm 0.125
step 10480/13390 | loss 2.8126 | lr_mult 0.1300 | tok/s 320595 | grad_norm 0.126
step 10490/13390 | loss 2.8271 | lr_mult 0.1292 | tok/s 320599 | grad_norm 0.120
step 10500/13390 | loss 2.8131 | lr_mult 0.1283 | tok/s 320603 | grad_norm 0.124
step 10500/13390 | val_loss 2.8370
step 10510/13390 | loss 2.8170 | lr_mult 0.1275 | tok/s 320421 | grad_norm 0.125
step 10520/13390 | loss 2.8391 | lr_mult 0.1267 | tok/s 320425 | grad_norm 0.126
step 10530/13390 | loss 2.8426 | lr_mult 0.1258 | tok/s 320430 | grad_norm 0.124
step 10540/13390 | loss 2.8563 | lr_mult 0.1250 | tok/s 320434 | grad_norm 0.122
step 10550/13390 | loss 2.8423 | lr_mult 0.1241 | tok/s 320438 | grad_norm 0.116
step 10560/13390 | loss 2.8379 | lr_mult 0.1233 | tok/s 320442 | grad_norm 0.118
step 10570/13390 | loss 2.8648 | lr_mult 0.1225 | tok/s 320446 | grad_norm 0.123
step 10580/13390 | loss 2.8554 | lr_mult 0.1216 | tok/s 320450 | grad_norm 0.118
step 10590/13390 | loss 2.8484 | lr_mult 0.1208 | tok/s 320454 | grad_norm 0.119
step 10600/13390 | loss 2.8387 | lr_mult 0.1200 | tok/s 320458 | grad_norm 0.121
step 10610/13390 | loss 2.8240 | lr_mult 0.1192 | tok/s 320462 | grad_norm 0.114
step 10620/13390 | loss 2.8479 | lr_mult 0.1183 | tok/s 320466 | grad_norm 0.125
step 10630/13390 | loss 2.8413 | lr_mult 0.1175 | tok/s 320470 | grad_norm 0.123
step 10640/13390 | loss 2.8377 | lr_mult 0.1167 | tok/s 320474 | grad_norm 0.118
step 10650/13390 | loss 2.8479 | lr_mult 0.1159 | tok/s 320478 | grad_norm 0.117
step 10660/13390 | loss 2.8178 | lr_mult 0.1151 | tok/s 320482 | grad_norm 0.120
step 10670/13390 | loss 2.8389 | lr_mult 0.1143 | tok/s 320486 | grad_norm 0.116
step 10680/13390 | loss 2.8041 | lr_mult 0.1135 | tok/s 320489 | grad_norm 0.118
step 10690/13390 | loss 2.8519 | lr_mult 0.1127 | tok/s 320493 | grad_norm 0.122
step 10700/13390 | loss 2.8301 | lr_mult 0.1119 | tok/s 320497 | grad_norm 0.125
step 10710/13390 | loss 2.8273 | lr_mult 0.1111 | tok/s 320501 | grad_norm 0.116
step 10720/13390 | loss 2.8127 | lr_mult 0.1103 | tok/s 320505 | grad_norm 0.125
step 10730/13390 | loss 2.8569 | lr_mult 0.1095 | tok/s 320509 | grad_norm 0.121
step 10740/13390 | loss 2.8542 | lr_mult 0.1087 | tok/s 320513 | grad_norm 0.119
step 10750/13390 | loss 2.8383 | lr_mult 0.1079 | tok/s 320517 | grad_norm 0.124
step 10760/13390 | loss 2.8069 | lr_mult 0.1071 | tok/s 320521 | grad_norm 0.117
step 10770/13390 | loss 2.8302 | lr_mult 0.1063 | tok/s 320525 | grad_norm 0.119
step 10780/13390 | loss 2.8182 | lr_mult 0.1056 | tok/s 320529 | grad_norm 0.117
step 10790/13390 | loss 2.8397 | lr_mult 0.1048 | tok/s 320532 | grad_norm 0.121
step 10800/13390 | loss 2.8024 | lr_mult 0.1040 | tok/s 320536 | grad_norm 0.118
step 10810/13390 | loss 2.8388 | lr_mult 0.1032 | tok/s 320540 | grad_norm 0.123
step 10820/13390 | loss 2.8172 | lr_mult 0.1025 | tok/s 320544 | grad_norm 0.116
step 10830/13390 | loss 2.8342 | lr_mult 0.1017 | tok/s 320547 | grad_norm 0.120
step 10840/13390 | loss 2.7961 | lr_mult 0.1009 | tok/s 320551 | grad_norm 0.120
step 10850/13390 | loss 2.8213 | lr_mult 0.1002 | tok/s 320555 | grad_norm 0.122
step 10860/13390 | loss 2.8331 | lr_mult 0.0994 | tok/s 320558 | grad_norm 0.117
step 10870/13390 | loss 2.8231 | lr_mult 0.0986 | tok/s 320562 | grad_norm 0.125
step 10880/13390 | loss 2.8285 | lr_mult 0.0979 | tok/s 320566 | grad_norm 0.115
step 10890/13390 | loss 2.8419 | lr_mult 0.0971 | tok/s 320570 | grad_norm 0.118
step 10900/13390 | loss 2.8178 | lr_mult 0.0964 | tok/s 320573 | grad_norm 0.119
step 10910/13390 | loss 2.8175 | lr_mult 0.0956 | tok/s 320577 | grad_norm 0.121
step 10920/13390 | loss 2.8337 | lr_mult 0.0949 | tok/s 320581 | grad_norm 0.119
step 10930/13390 | loss 2.8524 | lr_mult 0.0942 | tok/s 320584 | grad_norm 0.122
step 10940/13390 | loss 2.8369 | lr_mult 0.0934 | tok/s 320588 | grad_norm 0.122
step 10950/13390 | loss 2.8115 | lr_mult 0.0927 | tok/s 320592 | grad_norm 0.115
step 10960/13390 | loss 2.8093 | lr_mult 0.0919 | tok/s 320595 | grad_norm 0.118
step 10970/13390 | loss 2.8128 | lr_mult 0.0912 | tok/s 320599 | grad_norm 0.121
step 10980/13390 | loss 2.8427 | lr_mult 0.0905 | tok/s 320603 | grad_norm 0.120
step 10990/13390 | loss 2.8459 | lr_mult 0.0898 | tok/s 320606 | grad_norm 0.117
step 11000/13390 | loss 2.8299 | lr_mult 0.0890 | tok/s 320610 | grad_norm 0.118
step 11000/13390 | val_loss 2.8285
step 11010/13390 | loss 2.8310 | lr_mult 0.0883 | tok/s 320437 | grad_norm 0.120
step 11020/13390 | loss 2.8246 | lr_mult 0.0876 | tok/s 320441 | grad_norm 0.117
step 11030/13390 | loss 2.8290 | lr_mult 0.0869 | tok/s 320445 | grad_norm 0.119
step 11040/13390 | loss 2.8243 | lr_mult 0.0862 | tok/s 320449 | grad_norm 0.117
step 11050/13390 | loss 2.8287 | lr_mult 0.0855 | tok/s 320453 | grad_norm 0.117
step 11060/13390 | loss 2.8308 | lr_mult 0.0848 | tok/s 320457 | grad_norm 0.120
step 11070/13390 | loss 2.8329 | lr_mult 0.0840 | tok/s 320461 | grad_norm 0.121
step 11080/13390 | loss 2.7916 | lr_mult 0.0833 | tok/s 320465 | grad_norm 0.118
step 11090/13390 | loss 2.8350 | lr_mult 0.0826 | tok/s 320469 | grad_norm 0.122
step 11100/13390 | loss 2.8392 | lr_mult 0.0819 | tok/s 320473 | grad_norm 0.120
step 11110/13390 | loss 2.8033 | lr_mult 0.0813 | tok/s 320477 | grad_norm 0.117
step 11120/13390 | loss 2.8356 | lr_mult 0.0806 | tok/s 320481 | grad_norm 0.117
step 11130/13390 | loss 2.8202 | lr_mult 0.0799 | tok/s 320485 | grad_norm 0.115
step 11140/13390 | loss 2.8178 | lr_mult 0.0792 | tok/s 320489 | grad_norm 0.116
step 11150/13390 | loss 2.8099 | lr_mult 0.0785 | tok/s 320493 | grad_norm 0.119
step 11160/13390 | loss 2.8257 | lr_mult 0.0778 | tok/s 320497 | grad_norm 0.115
step 11170/13390 | loss 2.8440 | lr_mult 0.0771 | tok/s 320500 | grad_norm 0.118
step 11180/13390 | loss 2.7938 | lr_mult 0.0765 | tok/s 320504 | grad_norm 0.119
step 11190/13390 | loss 2.8485 | lr_mult 0.0758 | tok/s 320508 | grad_norm 0.118
step 11200/13390 | loss 2.7998 | lr_mult 0.0751 | tok/s 320512 | grad_norm 0.116
step 11210/13390 | loss 2.8253 | lr_mult 0.0745 | tok/s 320516 | grad_norm 0.119
step 11220/13390 | loss 2.8233 | lr_mult 0.0738 | tok/s 320520 | grad_norm 0.117
step 11230/13390 | loss 2.8275 | lr_mult 0.0731 | tok/s 320524 | grad_norm 0.118
step 11240/13390 | loss 2.8557 | lr_mult 0.0725 | tok/s 320528 | grad_norm 0.115
step 11250/13390 | loss 2.8583 | lr_mult 0.0718 | tok/s 320532 | grad_norm 0.124
step 11260/13390 | loss 2.8248 | lr_mult 0.0712 | tok/s 320535 | grad_norm 0.121
step 11270/13390 | loss 2.8208 | lr_mult 0.0705 | tok/s 320539 | grad_norm 0.118
step 11280/13390 | loss 2.8359 | lr_mult 0.0699 | tok/s 320543 | grad_norm 0.119
step 11290/13390 | loss 2.8354 | lr_mult 0.0692 | tok/s 320547 | grad_norm 0.119
step 11300/13390 | loss 2.8235 | lr_mult 0.0686 | tok/s 320551 | grad_norm 0.119
step 11310/13390 | loss 2.8477 | lr_mult 0.0679 | tok/s 320555 | grad_norm 0.117
step 11320/13390 | loss 2.8205 | lr_mult 0.0673 | tok/s 320558 | grad_norm 0.114
step 11330/13390 | loss 2.8547 | lr_mult 0.0667 | tok/s 320562 | grad_norm 0.118
step 11340/13390 | loss 2.8189 | lr_mult 0.0660 | tok/s 320566 | grad_norm 0.116
step 11350/13390 | loss 2.8456 | lr_mult 0.0654 | tok/s 320570 | grad_norm 0.118
step 11360/13390 | loss 2.8107 | lr_mult 0.0648 | tok/s 320574 | grad_norm 0.120
step 11370/13390 | loss 2.8170 | lr_mult 0.0642 | tok/s 320577 | grad_norm 0.117
step 11380/13390 | loss 2.8059 | lr_mult 0.0635 | tok/s 320581 | grad_norm 0.115
step 11390/13390 | loss 2.8302 | lr_mult 0.0629 | tok/s 320585 | grad_norm 0.118
step 11400/13390 | loss 2.8219 | lr_mult 0.0623 | tok/s 320589 | grad_norm 0.118
step 11410/13390 | loss 2.8364 | lr_mult 0.0617 | tok/s 320592 | grad_norm 0.120
step 11420/13390 | loss 2.7931 | lr_mult 0.0611 | tok/s 320596 | grad_norm 0.116
step 11430/13390 | loss 2.8580 | lr_mult 0.0605 | tok/s 320600 | grad_norm 0.116
step 11440/13390 | loss 2.8258 | lr_mult 0.0599 | tok/s 320603 | grad_norm 0.123
step 11450/13390 | loss 2.8229 | lr_mult 0.0593 | tok/s 320607 | grad_norm 0.115
step 11460/13390 | loss 2.8402 | lr_mult 0.0587 | tok/s 320611 | grad_norm 0.117
step 11470/13390 | loss 2.8430 | lr_mult 0.0581 | tok/s 320614 | grad_norm 0.114
step 11480/13390 | loss 2.8099 | lr_mult 0.0575 | tok/s 320618 | grad_norm 0.122
step 11490/13390 | loss 2.8311 | lr_mult 0.0569 | tok/s 320622 | grad_norm 0.118
step 11500/13390 | loss 2.8363 | lr_mult 0.0563 | tok/s 320626 | grad_norm 0.116
step 11500/13390 | val_loss 2.8220
step 11510/13390 | loss 2.8397 | lr_mult 0.0557 | tok/s 320460 | grad_norm 0.116
step 11520/13390 | loss 2.8275 | lr_mult 0.0552 | tok/s 320464 | grad_norm 0.114
step 11530/13390 | loss 2.8116 | lr_mult 0.0546 | tok/s 320468 | grad_norm 0.117
step 11540/13390 | loss 2.8186 | lr_mult 0.0540 | tok/s 320472 | grad_norm 0.117
step 11550/13390 | loss 2.8154 | lr_mult 0.0534 | tok/s 320475 | grad_norm 0.115
step 11560/13390 | loss 2.8346 | lr_mult 0.0529 | tok/s 320479 | grad_norm 0.117
step 11570/13390 | loss 2.8469 | lr_mult 0.0523 | tok/s 320483 | grad_norm 0.120
step 11580/13390 | loss 2.8542 | lr_mult 0.0517 | tok/s 320486 | grad_norm 0.114
step 11590/13390 | loss 2.8286 | lr_mult 0.0512 | tok/s 320490 | grad_norm 0.115
step 11600/13390 | loss 2.8125 | lr_mult 0.0506 | tok/s 320493 | grad_norm 0.112
step 11610/13390 | loss 2.8273 | lr_mult 0.0501 | tok/s 320497 | grad_norm 0.117
step 11620/13390 | loss 2.8117 | lr_mult 0.0495 | tok/s 320501 | grad_norm 0.115
step 11630/13390 | loss 2.8274 | lr_mult 0.0490 | tok/s 320504 | grad_norm 0.116
step 11640/13390 | loss 2.7996 | lr_mult 0.0484 | tok/s 320508 | grad_norm 0.117
step 11650/13390 | loss 2.8220 | lr_mult 0.0479 | tok/s 320511 | grad_norm 0.116
step 11660/13390 | loss 2.8133 | lr_mult 0.0473 | tok/s 320515 | grad_norm 0.116
step 11670/13390 | loss 2.8249 | lr_mult 0.0468 | tok/s 320519 | grad_norm 0.118
step 11680/13390 | loss 2.8246 | lr_mult 0.0463 | tok/s 320522 | grad_norm 0.114
step 11690/13390 | loss 2.7973 | lr_mult 0.0457 | tok/s 320526 | grad_norm 0.115
step 11700/13390 | loss 2.8253 | lr_mult 0.0452 | tok/s 320529 | grad_norm 0.115
step 11710/13390 | loss 2.8042 | lr_mult 0.0447 | tok/s 320533 | grad_norm 0.115
step 11720/13390 | loss 2.8179 | lr_mult 0.0442 | tok/s 320537 | grad_norm 0.111
step 11730/13390 | loss 2.8350 | lr_mult 0.0436 | tok/s 320540 | grad_norm 0.116
step 11740/13390 | loss 2.8167 | lr_mult 0.0431 | tok/s 320544 | grad_norm 0.116
step 11750/13390 | loss 2.8121 | lr_mult 0.0426 | tok/s 320547 | grad_norm 0.115
step 11760/13390 | loss 2.8224 | lr_mult 0.0421 | tok/s 320551 | grad_norm 0.117
step 11770/13390 | loss 2.8250 | lr_mult 0.0416 | tok/s 320554 | grad_norm 0.115
step 11780/13390 | loss 2.8122 | lr_mult 0.0411 | tok/s 320558 | grad_norm 0.115
step 11790/13390 | loss 2.8248 | lr_mult 0.0406 | tok/s 320561 | grad_norm 0.114
step 11800/13390 | loss 2.8543 | lr_mult 0.0401 | tok/s 320565 | grad_norm 0.116
step 11810/13390 | loss 2.8279 | lr_mult 0.0396 | tok/s 320568 | grad_norm 0.112
step 11820/13390 | loss 2.7890 | lr_mult 0.0391 | tok/s 320572 | grad_norm 0.122
step 11830/13390 | loss 2.8476 | lr_mult 0.0386 | tok/s 320575 | grad_norm 0.117
step 11840/13390 | loss 2.8128 | lr_mult 0.0381 | tok/s 320579 | grad_norm 0.117
step 11850/13390 | loss 2.8177 | lr_mult 0.0376 | tok/s 320582 | grad_norm 0.115
step 11860/13390 | loss 2.7976 | lr_mult 0.0372 | tok/s 320586 | grad_norm 0.117
step 11870/13390 | loss 2.8429 | lr_mult 0.0367 | tok/s 320589 | grad_norm 0.114
step 11880/13390 | loss 2.7958 | lr_mult 0.0362 | tok/s 320593 | grad_norm 0.117
step 11890/13390 | loss 2.7989 | lr_mult 0.0357 | tok/s 320596 | grad_norm 0.116
step 11900/13390 | loss 2.8125 | lr_mult 0.0353 | tok/s 320600 | grad_norm 0.117
step 11910/13390 | loss 2.8544 | lr_mult 0.0348 | tok/s 320603 | grad_norm 0.118
step 11920/13390 | loss 2.8159 | lr_mult 0.0343 | tok/s 320607 | grad_norm 0.118
step 11930/13390 | loss 2.7955 | lr_mult 0.0339 | tok/s 320610 | grad_norm 0.116
step 11940/13390 | loss 2.8168 | lr_mult 0.0334 | tok/s 320613 | grad_norm 0.117
step 11950/13390 | loss 2.7857 | lr_mult 0.0330 | tok/s 320617 | grad_norm 0.116
step 11960/13390 | loss 2.8151 | lr_mult 0.0325 | tok/s 320620 | grad_norm 0.116
step 11970/13390 | loss 2.7944 | lr_mult 0.0321 | tok/s 320624 | grad_norm 0.112
step 11980/13390 | loss 2.8155 | lr_mult 0.0316 | tok/s 320627 | grad_norm 0.114
step 11990/13390 | loss 2.8413 | lr_mult 0.0312 | tok/s 320630 | grad_norm 0.115
step 12000/13390 | loss 2.7730 | lr_mult 0.0307 | tok/s 320634 | grad_norm 0.116
step 12000/13390 | val_loss 2.8173
step 12010/13390 | loss 2.8085 | lr_mult 0.0303 | tok/s 320475 | grad_norm 0.115
step 12020/13390 | loss 2.8194 | lr_mult 0.0299 | tok/s 320479 | grad_norm 0.114
step 12030/13390 | loss 2.8174 | lr_mult 0.0294 | tok/s 320483 | grad_norm 0.115
step 12040/13390 | loss 2.8137 | lr_mult 0.0290 | tok/s 320486 | grad_norm 0.115
step 12050/13390 | loss 2.8224 | lr_mult 0.0286 | tok/s 320490 | grad_norm 0.114
step 12060/13390 | loss 2.7812 | lr_mult 0.0282 | tok/s 320493 | grad_norm 0.116
step 12070/13390 | loss 2.7989 | lr_mult 0.0277 | tok/s 320497 | grad_norm 0.115
step 12080/13390 | loss 2.8170 | lr_mult 0.0273 | tok/s 320501 | grad_norm 0.116
step 12090/13390 | loss 2.8057 | lr_mult 0.0269 | tok/s 320504 | grad_norm 0.116
step 12100/13390 | loss 2.8189 | lr_mult 0.0265 | tok/s 320508 | grad_norm 0.112
step 12110/13390 | loss 2.8391 | lr_mult 0.0261 | tok/s 320511 | grad_norm 0.114
step 12120/13390 | loss 2.8228 | lr_mult 0.0257 | tok/s 320515 | grad_norm 0.114
step 12130/13390 | loss 2.8067 | lr_mult 0.0253 | tok/s 320518 | grad_norm 0.114
step 12140/13390 | loss 2.8343 | lr_mult 0.0249 | tok/s 320522 | grad_norm 0.114
step 12150/13390 | loss 2.8589 | lr_mult 0.0245 | tok/s 320526 | grad_norm 0.114
step 12160/13390 | loss 2.8185 | lr_mult 0.0241 | tok/s 320529 | grad_norm 0.111
step 12170/13390 | loss 2.8292 | lr_mult 0.0237 | tok/s 320533 | grad_norm 0.115
step 12180/13390 | loss 2.8056 | lr_mult 0.0233 | tok/s 320536 | grad_norm 0.113
step 12190/13390 | loss 2.7927 | lr_mult 0.0230 | tok/s 320540 | grad_norm 0.114
step 12200/13390 | loss 2.8113 | lr_mult 0.0226 | tok/s 320543 | grad_norm 0.121
step 12210/13390 | loss 2.7983 | lr_mult 0.0222 | tok/s 320547 | grad_norm 0.112
step 12220/13390 | loss 2.8130 | lr_mult 0.0218 | tok/s 320550 | grad_norm 0.117
step 12230/13390 | loss 2.8000 | lr_mult 0.0215 | tok/s 320554 | grad_norm 0.111
step 12240/13390 | loss 2.8204 | lr_mult 0.0211 | tok/s 320557 | grad_norm 0.113
step 12250/13390 | loss 2.8295 | lr_mult 0.0207 | tok/s 320561 | grad_norm 0.112
step 12260/13390 | loss 2.7911 | lr_mult 0.0204 | tok/s 320564 | grad_norm 0.112
step 12270/13390 | loss 2.8287 | lr_mult 0.0200 | tok/s 320568 | grad_norm 0.112
step 12280/13390 | loss 2.8023 | lr_mult 0.0197 | tok/s 320571 | grad_norm 0.114
step 12290/13390 | loss 2.8141 | lr_mult 0.0193 | tok/s 320575 | grad_norm 0.114
step 12300/13390 | loss 2.7737 | lr_mult 0.0190 | tok/s 320578 | grad_norm 0.110
step 12310/13390 | loss 2.8193 | lr_mult 0.0186 | tok/s 320582 | grad_norm 0.111
step 12320/13390 | loss 2.8096 | lr_mult 0.0183 | tok/s 320585 | grad_norm 0.115
step 12330/13390 | loss 2.8329 | lr_mult 0.0180 | tok/s 320589 | grad_norm 0.115
step 12340/13390 | loss 2.8094 | lr_mult 0.0176 | tok/s 320592 | grad_norm 0.111
step 12350/13390 | loss 2.8187 | lr_mult 0.0173 | tok/s 320595 | grad_norm 0.113
step 12360/13390 | loss 2.8705 | lr_mult 0.0170 | tok/s 320599 | grad_norm 0.113
step 12370/13390 | loss 2.8097 | lr_mult 0.0166 | tok/s 320602 | grad_norm 0.109
step 12380/13390 | loss 2.8204 | lr_mult 0.0163 | tok/s 320606 | grad_norm 0.112
step 12390/13390 | loss 2.8105 | lr_mult 0.0160 | tok/s 320609 | grad_norm 0.110
step 12400/13390 | loss 2.8198 | lr_mult 0.0157 | tok/s 320613 | grad_norm 0.111
step 12410/13390 | loss 2.8077 | lr_mult 0.0154 | tok/s 320616 | grad_norm 0.109
step 12420/13390 | loss 2.8087 | lr_mult 0.0150 | tok/s 320620 | grad_norm 0.114
step 12430/13390 | loss 2.8309 | lr_mult 0.0147 | tok/s 320623 | grad_norm 0.114
step 12440/13390 | loss 2.7912 | lr_mult 0.0144 | tok/s 320626 | grad_norm 0.112
step 12450/13390 | loss 2.8321 | lr_mult 0.0141 | tok/s 320630 | grad_norm 0.113
step 12460/13390 | loss 2.8000 | lr_mult 0.0138 | tok/s 320633 | grad_norm 0.108
step 12470/13390 | loss 2.8095 | lr_mult 0.0135 | tok/s 320637 | grad_norm 0.115
step 12480/13390 | loss 2.7878 | lr_mult 0.0133 | tok/s 320640 | grad_norm 0.113
step 12490/13390 | loss 2.7844 | lr_mult 0.0130 | tok/s 320643 | grad_norm 0.110
step 12500/13390 | loss 2.8294 | lr_mult 0.0127 | tok/s 320647 | grad_norm 0.113
step 12500/13390 | val_loss 2.8144
step 12510/13390 | loss 2.8075 | lr_mult 0.0124 | tok/s 320495 | grad_norm 0.115
step 12520/13390 | loss 2.8189 | lr_mult 0.0121 | tok/s 320498 | grad_norm 0.109
step 12530/13390 | loss 2.7803 | lr_mult 0.0118 | tok/s 320502 | grad_norm 0.119
step 12540/13390 | loss 2.8253 | lr_mult 0.0116 | tok/s 320505 | grad_norm 0.112
step 12550/13390 | loss 2.8046 | lr_mult 0.0113 | tok/s 320509 | grad_norm 0.112
step 12560/13390 | loss 2.8265 | lr_mult 0.0110 | tok/s 320512 | grad_norm 0.111
step 12570/13390 | loss 2.8184 | lr_mult 0.0108 | tok/s 320516 | grad_norm 0.111
step 12580/13390 | loss 2.7954 | lr_mult 0.0105 | tok/s 320519 | grad_norm 0.112
step 12590/13390 | loss 2.8057 | lr_mult 0.0103 | tok/s 320522 | grad_norm 0.115
step 12600/13390 | loss 2.8234 | lr_mult 0.0100 | tok/s 320526 | grad_norm 0.109
step 12610/13390 | loss 2.8081 | lr_mult 0.0097 | tok/s 320529 | grad_norm 0.116
step 12620/13390 | loss 2.8253 | lr_mult 0.0095 | tok/s 320533 | grad_norm 0.112
step 12630/13390 | loss 2.7756 | lr_mult 0.0093 | tok/s 320536 | grad_norm 0.110
step 12640/13390 | loss 2.7962 | lr_mult 0.0090 | tok/s 320540 | grad_norm 0.109
step 12650/13390 | loss 2.8252 | lr_mult 0.0088 | tok/s 320543 | grad_norm 0.111
step 12660/13390 | loss 2.8021 | lr_mult 0.0085 | tok/s 320546 | grad_norm 0.115
step 12670/13390 | loss 2.8134 | lr_mult 0.0083 | tok/s 320550 | grad_norm 0.111
step 12680/13390 | loss 2.8157 | lr_mult 0.0081 | tok/s 320553 | grad_norm 0.112
step 12690/13390 | loss 2.7788 | lr_mult 0.0079 | tok/s 320557 | grad_norm 0.111
step 12700/13390 | loss 2.8018 | lr_mult 0.0076 | tok/s 320560 | grad_norm 0.111
step 12710/13390 | loss 2.7818 | lr_mult 0.0074 | tok/s 320563 | grad_norm 0.112
step 12720/13390 | loss 2.8160 | lr_mult 0.0072 | tok/s 320567 | grad_norm 0.110
step 12730/13390 | loss 2.7889 | lr_mult 0.0070 | tok/s 320570 | grad_norm 0.110
step 12740/13390 | loss 2.8289 | lr_mult 0.0068 | tok/s 320573 | grad_norm 0.116
step 12750/13390 | loss 2.8390 | lr_mult 0.0066 | tok/s 320577 | grad_norm 0.110
step 12760/13390 | loss 2.8231 | lr_mult 0.0064 | tok/s 320580 | grad_norm 0.112
step 12770/13390 | loss 2.8251 | lr_mult 0.0062 | tok/s 320584 | grad_norm 0.112
step 12780/13390 | loss 2.8098 | lr_mult 0.0060 | tok/s 320587 | grad_norm 0.112
step 12790/13390 | loss 2.8181 | lr_mult 0.0058 | tok/s 320590 | grad_norm 0.112
step 12800/13390 | loss 2.8078 | lr_mult 0.0056 | tok/s 320594 | grad_norm 0.109
step 12810/13390 | loss 2.7869 | lr_mult 0.0054 | tok/s 320597 | grad_norm 0.110
step 12820/13390 | loss 2.8257 | lr_mult 0.0052 | tok/s 320600 | grad_norm 0.111
step 12830/13390 | loss 2.7810 | lr_mult 0.0050 | tok/s 320603 | grad_norm 0.109
step 12840/13390 | loss 2.7897 | lr_mult 0.0049 | tok/s 320607 | grad_norm 0.108
step 12850/13390 | loss 2.7683 | lr_mult 0.0047 | tok/s 320610 | grad_norm 0.110
step 12860/13390 | loss 2.8305 | lr_mult 0.0045 | tok/s 320613 | grad_norm 0.108
step 12870/13390 | loss 2.7996 | lr_mult 0.0043 | tok/s 320617 | grad_norm 0.111
step 12880/13390 | loss 2.8002 | lr_mult 0.0042 | tok/s 320620 | grad_norm 0.108
step 12890/13390 | loss 2.8216 | lr_mult 0.0040 | tok/s 320623 | grad_norm 0.110
step 12900/13390 | loss 2.8361 | lr_mult 0.0039 | tok/s 320626 | grad_norm 0.111
step 12910/13390 | loss 2.8045 | lr_mult 0.0037 | tok/s 320630 | grad_norm 0.115
step 12920/13390 | loss 2.8041 | lr_mult 0.0035 | tok/s 320633 | grad_norm 0.112
step 12930/13390 | loss 2.8192 | lr_mult 0.0034 | tok/s 320636 | grad_norm 0.109
step 12940/13390 | loss 2.8156 | lr_mult 0.0033 | tok/s 320639 | grad_norm 0.111
step 12950/13390 | loss 2.8101 | lr_mult 0.0031 | tok/s 320643 | grad_norm 0.108
step 12960/13390 | loss 2.7991 | lr_mult 0.0030 | tok/s 320646 | grad_norm 0.110
step 12970/13390 | loss 2.8139 | lr_mult 0.0028 | tok/s 320649 | grad_norm 0.112
step 12980/13390 | loss 2.8159 | lr_mult 0.0027 | tok/s 320652 | grad_norm 0.110
step 12990/13390 | loss 2.7817 | lr_mult 0.0026 | tok/s 320656 | grad_norm 0.112
step 13000/13390 | loss 2.8162 | lr_mult 0.0024 | tok/s 320659 | grad_norm 0.114
step 13000/13390 | val_loss 2.8131
step 13010/13390 | loss 2.7635 | lr_mult 0.0023 | tok/s 320513 | grad_norm 0.110
step 13020/13390 | loss 2.7850 | lr_mult 0.0022 | tok/s 320516 | grad_norm 0.111
step 13030/13390 | loss 2.8130 | lr_mult 0.0021 | tok/s 320519 | grad_norm 0.110
step 13040/13390 | loss 2.8321 | lr_mult 0.0020 | tok/s 320522 | grad_norm 0.112
step 13050/13390 | loss 2.7980 | lr_mult 0.0019 | tok/s 320525 | grad_norm 0.110
step 13060/13390 | loss 2.8015 | lr_mult 0.0017 | tok/s 320528 | grad_norm 0.112
step 13070/13390 | loss 2.8235 | lr_mult 0.0016 | tok/s 320532 | grad_norm 0.107
step 13080/13390 | loss 2.8270 | lr_mult 0.0015 | tok/s 320535 | grad_norm 0.109
step 13090/13390 | loss 2.7586 | lr_mult 0.0014 | tok/s 320538 | grad_norm 0.111
step 13100/13390 | loss 2.8251 | lr_mult 0.0014 | tok/s 320541 | grad_norm 0.108
step 13110/13390 | loss 2.8069 | lr_mult 0.0013 | tok/s 320544 | grad_norm 0.109
step 13120/13390 | loss 2.7703 | lr_mult 0.0012 | tok/s 320547 | grad_norm 0.111
step 13130/13390 | loss 2.8415 | lr_mult 0.0011 | tok/s 320550 | grad_norm 0.109
step 13140/13390 | loss 2.7805 | lr_mult 0.0010 | tok/s 320553 | grad_norm 0.108
step 13150/13390 | loss 2.8013 | lr_mult 0.0009 | tok/s 320557 | grad_norm 0.114
step 13160/13390 | loss 2.7797 | lr_mult 0.0009 | tok/s 320560 | grad_norm 0.108
step 13170/13390 | loss 2.8049 | lr_mult 0.0008 | tok/s 320563 | grad_norm 0.107
step 13180/13390 | loss 2.8052 | lr_mult 0.0007 | tok/s 320566 | grad_norm 0.108
step 13190/13390 | loss 2.8159 | lr_mult 0.0006 | tok/s 320569 | grad_norm 0.112
step 13200/13390 | loss 2.8473 | lr_mult 0.0006 | tok/s 320572 | grad_norm 0.107
step 13210/13390 | loss 2.8171 | lr_mult 0.0005 | tok/s 320575 | grad_norm 0.109
step 13220/13390 | loss 2.8127 | lr_mult 0.0005 | tok/s 320578 | grad_norm 0.109
step 13230/13390 | loss 2.8061 | lr_mult 0.0004 | tok/s 320581 | grad_norm 0.107
step 13240/13390 | loss 2.8106 | lr_mult 0.0004 | tok/s 320584 | grad_norm 0.108
step 13250/13390 | loss 2.8215 | lr_mult 0.0003 | tok/s 320588 | grad_norm 0.111
step 13260/13390 | loss 2.8247 | lr_mult 0.0003 | tok/s 320591 | grad_norm 0.109
step 13270/13390 | loss 2.8129 | lr_mult 0.0002 | tok/s 320594 | grad_norm 0.106
step 13280/13390 | loss 2.7792 | lr_mult 0.0002 | tok/s 320597 | grad_norm 0.108
step 13290/13390 | loss 2.8050 | lr_mult 0.0002 | tok/s 320600 | grad_norm 0.110
step 13300/13390 | loss 2.8020 | lr_mult 0.0001 | tok/s 320603 | grad_norm 0.108
step 13310/13390 | loss 2.7787 | lr_mult 0.0001 | tok/s 320606 | grad_norm 0.107
step 13320/13390 | loss 2.8065 | lr_mult 0.0001 | tok/s 320609 | grad_norm 0.109
step 13330/13390 | loss 2.8365 | lr_mult 0.0001 | tok/s 320612 | grad_norm 0.112
step 13340/13390 | loss 2.8250 | lr_mult 0.0000 | tok/s 320615 | grad_norm 0.109
step 13350/13390 | loss 2.7894 | lr_mult 0.0000 | tok/s 320618 | grad_norm 0.106
step 13360/13390 | loss 2.7876 | lr_mult 0.0000 | tok/s 320621 | grad_norm 0.110
step 13370/13390 | loss 2.8117 | lr_mult 0.0000 | tok/s 320624 | grad_norm 0.108
step 13380/13390 | loss 2.8047 | lr_mult 0.0000 | tok/s 320627 | grad_norm 0.110
step 13390/13390 | loss 2.8210 | lr_mult 0.0000 | tok/s 320630 | grad_norm 0.107
Checkpoint saved: /mnt/dllm/ruilai/checkpoints/moonlight_545m/muon_moonlight/step_013390.pt
Final val_loss: 2.8130
Training complete. 13390 steps in 44634.8s. Total tokens: 14,040,432,640
wandb: updating run metadata
wandb: uploading output.log; uploading wandb-summary.json
wandb: uploading output.log; uploading wandb-summary.json; uploading config.yaml
wandb: uploading config.yaml
wandb: uploading history steps 1338-1338, summary, console lines 1388-1389
wandb: 
wandb: Run history:
wandb:                 diagnostics/_summary/M_rms_max █▇▅▃▂▂▂▂▂▂▂▂▁▁▁▁▁▁▁▁▁▁▁▁▁▁▁▁▁▁▁▁▂▁▁▂▂▂▂▂
wandb:                diagnostics/_summary/M_rms_mean █▁▁▁▁▁▁▁▁▁▁▁▁▁▁▁▁▁▁▁▁▁▁▁▁▁▁▁▁▁▁▁▁▁▁▁▁▁▁▁
wandb:                 diagnostics/_summary/M_rms_min █▁▄▅▆▆▅▅▅▄▅▄▄▄▄▄▃▃▃▃▃▃▃▃▃▃▃▃▃▄▄▄▄▄▄▄▅▄▅▅
wandb:                 diagnostics/_summary/W_rms_max ▁▁▂▂▂▄▄▅▅▆▇▇▇▇▇█████████████████████████
wandb:                diagnostics/_summary/W_rms_mean ▁▁▁▁▁▅▅▅▅▆▆▇▇▇▇▇████████████████████████
wandb:                 diagnostics/_summary/W_rms_min ▁▂▄▅▅▆▇▇▇▇███████████████████▇▇▇▇▇▇▇▇▇▇▇
wandb:           diagnostics/_summary/shape_scale_max ▁▁▁▁▁▁▁▁▁▁▁▁▁▁▁▁▁▁▁▁▁▁▁▁▁▁▁▁▁▁▁▁▁▁▁▁▁▁▁▁
wandb:          diagnostics/_summary/shape_scale_mean ▁▁▁▁▁▁▁▁▁▁▁▁▁▁▁▁▁▁▁▁▁▁▁▁▁▁▁▁▁▁▁▁▁▁▁▁▁▁▁▁
wandb:           diagnostics/_summary/shape_scale_min ▁▁▁▁▁▁▁▁▁▁▁▁▁▁▁▁▁▁▁▁▁▁▁▁▁▁▁▁▁▁▁▁▁▁▁▁▁▁▁▁
wandb: diagnostics/_summary/update_to_param_ratio_max ██▇▆▆▅▅▅▅▄▄▄▄▄▄▄▃▃▃▃▃▃▃▃▃▂▂▂▂▂▁▁▁▁▁▁▁▁▁▁
wandb:                                           +740 ...
wandb: 
wandb: Run summary:
wandb:                 diagnostics/_summary/M_rms_max 7e-05
wandb:                diagnostics/_summary/M_rms_mean 1e-05
wandb:                 diagnostics/_summary/M_rms_min 0.0
wandb:                 diagnostics/_summary/W_rms_max 0.0634
wandb:                diagnostics/_summary/W_rms_mean 0.0492
wandb:                 diagnostics/_summary/W_rms_min 0.01014
wandb:           diagnostics/_summary/shape_scale_max 16.93281
wandb:          diagnostics/_summary/shape_scale_mean 14.24907
wandb:           diagnostics/_summary/shape_scale_min 8.4664
wandb: diagnostics/_summary/update_to_param_ratio_max 0.0
wandb:                                           +740 ...
wandb: 
wandb: 🚀 View run moonlight_545m-muon_moonlight-seed42 at: https://wandb.ai/yuxuanlou/orscale-fineweb10B/runs/hbn0v1xg
wandb: ⭐️ View project at: https://wandb.ai/yuxuanlou/orscale-fineweb10B
wandb: Synced 5 W&B file(s), 0 media file(s), 0 artifact file(s) and 0 other file(s)
wandb: Find logs at: ./wandb/run-20260505_022538-hbn0v1xg/logs
