2026-05-02 21:09:55 | INFO | Building model...
2026-05-02 21:09:56 | INFO | Model: 123.6M parameters
2026-05-02 21:09:56 | INFO | Building optimizer(s): orscale_muon_moonlight_calibrated
2026-05-02 21:09:56 | INFO | Building scheduler...
2026-05-02 21:09:56 | INFO | Building training data loader...
2026-05-02 21:09:56 | INFO | Building validation data loader...
2026-05-02 21:09:56 | INFO | Launching training run
2026-05-02 21:09:56 | INFO |   config: configs/small_125m.yaml
2026-05-02 21:09:56 | INFO |   overrides: ['model.preset=small', 'model.max_seq_len=1024', 'training.batch_size=32', 'training.grad_accum_steps=1', 'training.max_steps=20000', 'training.seed=42', 'training.checkpoint_subdir=fineweb_small_125m/orscale_muon_moonlight_calibrated', 'training.checkpoint_subdir_mode=replace_leaf', 'optimizer.name=orscale_muon_moonlight_calibrated', 'logging.wandb_name=fineweb_small_125m-orscale_muon_moonlight_calibrated-seed42', 'optimizer.lr=0.001', 'optimizer.weight_decay=0.1', 'optimizer.adamw_lr=0.001', 'optimizer.adamw_weight_decay=0.1', 'optimizer.adamw_betas=[0.9, 0.95]', 'optimizer.r_min=0.1', 'optimizer.r_max=5.0', 'training.save_every=20000']
2026-05-02 21:09:56 | INFO |   distributed: rank=0 local_rank=0 world_size=8 device=cuda:0
2026-05-02 21:09:56 | INFO |   seed: base=42 effective_rank_seed=42 precision=bfloat16
2026-05-02 21:09:56 | INFO |   model: preset=small seq_len=1024 norm=rmsnorm mlp=relusqr pos=rope tie_weights=True
2026-05-02 21:09:56 | INFO |   optimizer: name=orscale_muon_moonlight_calibrated optimizers=2 lr=0.001 weight_decay=0.1 momentum=0.95
2026-05-02 21:09:56 | INFO |   optimizer extras: ns_iters=5 adamw_lr=0.001 alpha=0.5 r_min=0.1 r_max=5.0 c_denom=auto
2026-05-02 21:09:56 | INFO |   schedule: max_steps=20000 warmup_steps=1000 grad_accum=1 tokens/step=262,144
2026-05-02 21:09:56 | INFO |   training cadence: log_every=10 val_every=500 val_steps=20 save_every=20000
2026-05-02 21:09:56 | INFO |   data(train): in-memory .bin shards (103 files) from /mnt/dllm/ruilai/dataset/fineweb10B/fineweb_train_*.bin
2026-05-02 21:09:57 | INFO |   data(val): in-memory .bin shards (1 files) from /mnt/dllm/ruilai/dataset/fineweb10B/fineweb_val_*.bin
2026-05-02 21:09:57 | INFO |   loaders: train=DataLoader val=DataLoader
2026-05-02 21:09:57 | INFO |   diagnostics: log_every=50 heavy_log_every=500
2026-05-02 21:09:57 | INFO |   wandb: enabled (project=orscale-fineweb10B, group=small_125m)
2026-05-02 21:09:57 | INFO | Starting training loop...
step 10/20000 | loss 10.9776 | lr_mult 0.0100 | tok/s 318833 | grad_norm 12.561
step 20/20000 | loss 10.7887 | lr_mult 0.0200 | tok/s 445197 | grad_norm 11.562
step 30/20000 | loss 10.4149 | lr_mult 0.0300 | tok/s 512577 | grad_norm 8.571
step 40/20000 | loss 9.9305 | lr_mult 0.0400 | tok/s 553981 | grad_norm 5.748
step 50/20000 | loss 9.3530 | lr_mult 0.0500 | tok/s 582768 | grad_norm 3.967
step 60/20000 | loss 8.8188 | lr_mult 0.0600 | tok/s 603532 | grad_norm 2.690
step 70/20000 | loss 8.2442 | lr_mult 0.0700 | tok/s 619044 | grad_norm 1.808
step 80/20000 | loss 7.7266 | lr_mult 0.0800 | tok/s 630898 | grad_norm 1.404
step 90/20000 | loss 7.3751 | lr_mult 0.0900 | tok/s 641004 | grad_norm 1.244
step 100/20000 | loss 7.1043 | lr_mult 0.1000 | tok/s 649303 | grad_norm 1.216
step 110/20000 | loss 6.9582 | lr_mult 0.1100 | tok/s 656154 | grad_norm 1.571
step 120/20000 | loss 6.7962 | lr_mult 0.1200 | tok/s 661827 | grad_norm 2.467
step 130/20000 | loss 6.6958 | lr_mult 0.1300 | tok/s 667143 | grad_norm 2.073
step 140/20000 | loss 6.6340 | lr_mult 0.1400 | tok/s 671466 | grad_norm 2.601
step 150/20000 | loss 6.4863 | lr_mult 0.1500 | tok/s 675211 | grad_norm 2.393
step 160/20000 | loss 6.4385 | lr_mult 0.1600 | tok/s 678712 | grad_norm 2.111
step 170/20000 | loss 6.3983 | lr_mult 0.1700 | tok/s 681907 | grad_norm 2.240
step 180/20000 | loss 6.2801 | lr_mult 0.1800 | tok/s 684751 | grad_norm 2.278
step 190/20000 | loss 6.2578 | lr_mult 0.1900 | tok/s 686882 | grad_norm 2.482
step 200/20000 | loss 6.1826 | lr_mult 0.2000 | tok/s 689013 | grad_norm 2.283
step 210/20000 | loss 6.1504 | lr_mult 0.2100 | tok/s 691112 | grad_norm 2.216
step 220/20000 | loss 6.1072 | lr_mult 0.2200 | tok/s 693105 | grad_norm 2.175
step 230/20000 | loss 6.0999 | lr_mult 0.2300 | tok/s 694901 | grad_norm 2.319
step 240/20000 | loss 6.0376 | lr_mult 0.2400 | tok/s 696548 | grad_norm 2.294
step 250/20000 | loss 5.9861 | lr_mult 0.2500 | tok/s 698120 | grad_norm 2.221
step 260/20000 | loss 5.9754 | lr_mult 0.2600 | tok/s 699472 | grad_norm 1.999
step 270/20000 | loss 5.9747 | lr_mult 0.2700 | tok/s 700831 | grad_norm 2.326
step 280/20000 | loss 5.8982 | lr_mult 0.2800 | tok/s 702061 | grad_norm 2.153
step 290/20000 | loss 5.8816 | lr_mult 0.2900 | tok/s 703224 | grad_norm 2.256
step 300/20000 | loss 5.8593 | lr_mult 0.3000 | tok/s 704344 | grad_norm 2.316
step 310/20000 | loss 5.7993 | lr_mult 0.3100 | tok/s 705189 | grad_norm 2.165
step 320/20000 | loss 5.7396 | lr_mult 0.3200 | tok/s 705995 | grad_norm 2.204
step 330/20000 | loss 5.7067 | lr_mult 0.3300 | tok/s 706727 | grad_norm 2.483
step 340/20000 | loss 5.7221 | lr_mult 0.3400 | tok/s 707603 | grad_norm 2.898
step 350/20000 | loss 5.6509 | lr_mult 0.3500 | tok/s 708412 | grad_norm 2.605
step 360/20000 | loss 5.6383 | lr_mult 0.3600 | tok/s 709198 | grad_norm 2.876
step 370/20000 | loss 5.5595 | lr_mult 0.3700 | tok/s 709925 | grad_norm 3.287
step 380/20000 | loss 5.5410 | lr_mult 0.3800 | tok/s 710636 | grad_norm 3.197
step 390/20000 | loss 5.4817 | lr_mult 0.3900 | tok/s 711319 | grad_norm 3.204
step 400/20000 | loss 5.4224 | lr_mult 0.4000 | tok/s 711951 | grad_norm 3.408
step 410/20000 | loss 5.3855 | lr_mult 0.4100 | tok/s 712524 | grad_norm 3.335
step 420/20000 | loss 5.3674 | lr_mult 0.4200 | tok/s 713108 | grad_norm 2.857
step 430/20000 | loss 5.2988 | lr_mult 0.4300 | tok/s 713667 | grad_norm 2.221
step 440/20000 | loss 5.2394 | lr_mult 0.4400 | tok/s 714187 | grad_norm 2.122
step 450/20000 | loss 5.2328 | lr_mult 0.4500 | tok/s 714704 | grad_norm 2.584
step 460/20000 | loss 5.1947 | lr_mult 0.4600 | tok/s 715170 | grad_norm 2.974
step 470/20000 | loss 5.1243 | lr_mult 0.4700 | tok/s 715631 | grad_norm 2.585
step 480/20000 | loss 5.1247 | lr_mult 0.4800 | tok/s 716055 | grad_norm 2.234
step 490/20000 | loss 5.0970 | lr_mult 0.4900 | tok/s 716492 | grad_norm 2.409
step 500/20000 | loss 5.0737 | lr_mult 0.5000 | tok/s 716896 | grad_norm 2.456
step 500/20000 | val_loss 5.0544
step 510/20000 | loss 5.0334 | lr_mult 0.5100 | tok/s 697116 | grad_norm 2.267
step 520/20000 | loss 5.0252 | lr_mult 0.5200 | tok/s 697874 | grad_norm 2.320
step 530/20000 | loss 5.0212 | lr_mult 0.5300 | tok/s 698534 | grad_norm 1.962
step 540/20000 | loss 4.9108 | lr_mult 0.5400 | tok/s 699237 | grad_norm 1.956
step 550/20000 | loss 4.9319 | lr_mult 0.5500 | tok/s 699918 | grad_norm 2.325
step 560/20000 | loss 4.9297 | lr_mult 0.5600 | tok/s 700534 | grad_norm 2.220
step 570/20000 | loss 4.8988 | lr_mult 0.5700 | tok/s 701146 | grad_norm 1.739
step 580/20000 | loss 4.8554 | lr_mult 0.5800 | tok/s 701755 | grad_norm 1.891
step 590/20000 | loss 4.8242 | lr_mult 0.5900 | tok/s 702337 | grad_norm 1.591
step 600/20000 | loss 4.8234 | lr_mult 0.6000 | tok/s 702911 | grad_norm 1.766
step 610/20000 | loss 4.8158 | lr_mult 0.6100 | tok/s 703425 | grad_norm 1.655
step 620/20000 | loss 4.8216 | lr_mult 0.6200 | tok/s 703932 | grad_norm 1.738
step 630/20000 | loss 4.7768 | lr_mult 0.6300 | tok/s 704459 | grad_norm 1.853
step 640/20000 | loss 4.8064 | lr_mult 0.6400 | tok/s 704970 | grad_norm 1.752
step 650/20000 | loss 4.7220 | lr_mult 0.6500 | tok/s 705463 | grad_norm 1.725
step 660/20000 | loss 4.6488 | lr_mult 0.6600 | tok/s 705933 | grad_norm 1.603
step 670/20000 | loss 4.6978 | lr_mult 0.6700 | tok/s 706393 | grad_norm 1.558
step 680/20000 | loss 4.6338 | lr_mult 0.6800 | tok/s 706839 | grad_norm 1.364
step 690/20000 | loss 4.6311 | lr_mult 0.6900 | tok/s 707288 | grad_norm 1.932
step 700/20000 | loss 4.6419 | lr_mult 0.7000 | tok/s 707714 | grad_norm 1.803
step 710/20000 | loss 4.5805 | lr_mult 0.7100 | tok/s 708121 | grad_norm 1.616
step 720/20000 | loss 4.5657 | lr_mult 0.7200 | tok/s 708515 | grad_norm 1.557
step 730/20000 | loss 4.5533 | lr_mult 0.7300 | tok/s 708881 | grad_norm 1.567
step 740/20000 | loss 4.4721 | lr_mult 0.7400 | tok/s 709239 | grad_norm 1.512
step 750/20000 | loss 4.4818 | lr_mult 0.7500 | tok/s 709621 | grad_norm 1.444
step 760/20000 | loss 4.4581 | lr_mult 0.7600 | tok/s 709977 | grad_norm 1.340
step 770/20000 | loss 4.4528 | lr_mult 0.7700 | tok/s 710337 | grad_norm 1.261
step 780/20000 | loss 4.4136 | lr_mult 0.7800 | tok/s 710687 | grad_norm 1.350
step 790/20000 | loss 4.4019 | lr_mult 0.7900 | tok/s 711011 | grad_norm 1.295
step 800/20000 | loss 4.3893 | lr_mult 0.8000 | tok/s 711322 | grad_norm 1.258
step 810/20000 | loss 4.3592 | lr_mult 0.8100 | tok/s 711631 | grad_norm 1.227
step 820/20000 | loss 4.3528 | lr_mult 0.8200 | tok/s 711953 | grad_norm 1.233
step 830/20000 | loss 4.3409 | lr_mult 0.8300 | tok/s 712265 | grad_norm 0.994
step 840/20000 | loss 4.2993 | lr_mult 0.8400 | tok/s 712563 | grad_norm 1.294
step 850/20000 | loss 4.3439 | lr_mult 0.8500 | tok/s 712866 | grad_norm 1.256
step 860/20000 | loss 4.3485 | lr_mult 0.8600 | tok/s 713153 | grad_norm 1.114
step 870/20000 | loss 4.3027 | lr_mult 0.8700 | tok/s 713406 | grad_norm 1.227
step 880/20000 | loss 4.2832 | lr_mult 0.8800 | tok/s 713680 | grad_norm 1.104
step 890/20000 | loss 4.3185 | lr_mult 0.8900 | tok/s 713953 | grad_norm 1.199
step 900/20000 | loss 4.3227 | lr_mult 0.9000 | tok/s 714216 | grad_norm 1.018
step 910/20000 | loss 4.2883 | lr_mult 0.9100 | tok/s 714472 | grad_norm 1.110
step 920/20000 | loss 4.2848 | lr_mult 0.9200 | tok/s 714735 | grad_norm 0.959
step 930/20000 | loss 4.2435 | lr_mult 0.9300 | tok/s 714953 | grad_norm 1.052
step 940/20000 | loss 4.2587 | lr_mult 0.9400 | tok/s 715081 | grad_norm 1.142
step 950/20000 | loss 4.2631 | lr_mult 0.9500 | tok/s 715333 | grad_norm 1.100
step 960/20000 | loss 4.2725 | lr_mult 0.9600 | tok/s 715558 | grad_norm 1.209
step 970/20000 | loss 4.2472 | lr_mult 0.9700 | tok/s 715748 | grad_norm 1.096
step 980/20000 | loss 4.2225 | lr_mult 0.9800 | tok/s 715974 | grad_norm 0.881
step 990/20000 | loss 4.1942 | lr_mult 0.9900 | tok/s 716195 | grad_norm 1.080
step 1000/20000 | loss 4.2069 | lr_mult 1.0000 | tok/s 716414 | grad_norm 1.040
step 1000/20000 | val_loss 4.2141
step 1010/20000 | loss 4.1880 | lr_mult 1.0000 | tok/s 707053 | grad_norm 1.022
step 1020/20000 | loss 4.2399 | lr_mult 1.0000 | tok/s 707343 | grad_norm 0.971
step 1030/20000 | loss 4.2407 | lr_mult 1.0000 | tok/s 707635 | grad_norm 1.061
step 1040/20000 | loss 4.1465 | lr_mult 1.0000 | tok/s 707913 | grad_norm 1.169
step 1050/20000 | loss 4.1797 | lr_mult 1.0000 | tok/s 708189 | grad_norm 0.862
step 1060/20000 | loss 4.1597 | lr_mult 1.0000 | tok/s 708466 | grad_norm 0.855
step 1070/20000 | loss 4.1700 | lr_mult 1.0000 | tok/s 708745 | grad_norm 0.921
step 1080/20000 | loss 4.1296 | lr_mult 1.0000 | tok/s 709012 | grad_norm 0.975
step 1090/20000 | loss 4.1297 | lr_mult 0.9999 | tok/s 709278 | grad_norm 1.028
step 1100/20000 | loss 4.1207 | lr_mult 0.9999 | tok/s 709539 | grad_norm 1.037
step 1110/20000 | loss 4.1396 | lr_mult 0.9999 | tok/s 709790 | grad_norm 0.939
step 1120/20000 | loss 4.1242 | lr_mult 0.9999 | tok/s 710033 | grad_norm 0.808
step 1130/20000 | loss 4.0979 | lr_mult 0.9999 | tok/s 710284 | grad_norm 0.754
step 1140/20000 | loss 4.0899 | lr_mult 0.9999 | tok/s 710522 | grad_norm 0.900
step 1150/20000 | loss 4.1315 | lr_mult 0.9998 | tok/s 710745 | grad_norm 0.867
step 1160/20000 | loss 4.0703 | lr_mult 0.9998 | tok/s 710970 | grad_norm 0.794
step 1170/20000 | loss 4.0785 | lr_mult 0.9998 | tok/s 711169 | grad_norm 0.809
step 1180/20000 | loss 4.0858 | lr_mult 0.9998 | tok/s 711373 | grad_norm 0.761
step 1190/20000 | loss 4.0625 | lr_mult 0.9998 | tok/s 711590 | grad_norm 0.859
step 1200/20000 | loss 4.0908 | lr_mult 0.9997 | tok/s 711786 | grad_norm 0.738
step 1210/20000 | loss 4.1214 | lr_mult 0.9997 | tok/s 711987 | grad_norm 0.665
step 1220/20000 | loss 4.0687 | lr_mult 0.9997 | tok/s 712199 | grad_norm 0.793
step 1230/20000 | loss 4.0742 | lr_mult 0.9996 | tok/s 712409 | grad_norm 0.692
step 1240/20000 | loss 4.0393 | lr_mult 0.9996 | tok/s 712605 | grad_norm 0.743
step 1250/20000 | loss 4.0610 | lr_mult 0.9996 | tok/s 712788 | grad_norm 0.698
step 1260/20000 | loss 4.0012 | lr_mult 0.9995 | tok/s 712960 | grad_norm 0.695
step 1270/20000 | loss 4.0593 | lr_mult 0.9995 | tok/s 713130 | grad_norm 0.818
step 1280/20000 | loss 4.0167 | lr_mult 0.9995 | tok/s 713309 | grad_norm 0.636
step 1290/20000 | loss 4.0479 | lr_mult 0.9994 | tok/s 713500 | grad_norm 0.722
step 1300/20000 | loss 3.9950 | lr_mult 0.9994 | tok/s 713691 | grad_norm 0.683
step 1310/20000 | loss 3.9640 | lr_mult 0.9993 | tok/s 713870 | grad_norm 0.725
step 1320/20000 | loss 4.0163 | lr_mult 0.9993 | tok/s 714049 | grad_norm 0.704
step 1330/20000 | loss 4.0170 | lr_mult 0.9993 | tok/s 714226 | grad_norm 0.649
step 1340/20000 | loss 4.0197 | lr_mult 0.9992 | tok/s 714391 | grad_norm 0.633
step 1350/20000 | loss 4.0075 | lr_mult 0.9992 | tok/s 714570 | grad_norm 0.679
step 1360/20000 | loss 3.9794 | lr_mult 0.9991 | tok/s 714740 | grad_norm 0.631
step 1370/20000 | loss 4.0183 | lr_mult 0.9991 | tok/s 714902 | grad_norm 0.645
step 1380/20000 | loss 3.9874 | lr_mult 0.9990 | tok/s 715062 | grad_norm 0.608
step 1390/20000 | loss 3.9689 | lr_mult 0.9990 | tok/s 715234 | grad_norm 0.597
step 1400/20000 | loss 3.9761 | lr_mult 0.9989 | tok/s 715401 | grad_norm 0.657
step 1410/20000 | loss 4.0070 | lr_mult 0.9989 | tok/s 715531 | grad_norm 0.639
step 1420/20000 | loss 3.9516 | lr_mult 0.9988 | tok/s 715688 | grad_norm 0.649
step 1430/20000 | loss 3.9892 | lr_mult 0.9987 | tok/s 715846 | grad_norm 0.610
step 1440/20000 | loss 3.9385 | lr_mult 0.9987 | tok/s 716000 | grad_norm 0.632
step 1450/20000 | loss 3.9564 | lr_mult 0.9986 | tok/s 716139 | grad_norm 0.601
step 1460/20000 | loss 3.9797 | lr_mult 0.9986 | tok/s 716274 | grad_norm 0.543
step 1470/20000 | loss 3.9566 | lr_mult 0.9985 | tok/s 716420 | grad_norm 0.581
step 1480/20000 | loss 3.9702 | lr_mult 0.9984 | tok/s 716560 | grad_norm 0.643
step 1490/20000 | loss 3.9479 | lr_mult 0.9984 | tok/s 716691 | grad_norm 0.520
step 1500/20000 | loss 3.9560 | lr_mult 0.9983 | tok/s 716838 | grad_norm 0.548
step 1500/20000 | val_loss 3.9418
step 1510/20000 | loss 3.9768 | lr_mult 0.9982 | tok/s 710575 | grad_norm 0.605
step 1520/20000 | loss 3.9405 | lr_mult 0.9982 | tok/s 710750 | grad_norm 0.600
step 1530/20000 | loss 3.9097 | lr_mult 0.9981 | tok/s 710919 | grad_norm 0.585
step 1540/20000 | loss 3.9201 | lr_mult 0.9980 | tok/s 711071 | grad_norm 0.581
step 1550/20000 | loss 3.9279 | lr_mult 0.9979 | tok/s 711245 | grad_norm 0.472
step 1560/20000 | loss 3.9513 | lr_mult 0.9979 | tok/s 711363 | grad_norm 0.498
step 1570/20000 | loss 3.8877 | lr_mult 0.9978 | tok/s 711517 | grad_norm 0.538
step 1580/20000 | loss 3.9229 | lr_mult 0.9977 | tok/s 711670 | grad_norm 0.548
step 1590/20000 | loss 3.9070 | lr_mult 0.9976 | tok/s 711824 | grad_norm 0.598
step 1600/20000 | loss 3.8880 | lr_mult 0.9975 | tok/s 711988 | grad_norm 0.561
step 1610/20000 | loss 3.9192 | lr_mult 0.9975 | tok/s 712148 | grad_norm 0.638
step 1620/20000 | loss 3.9174 | lr_mult 0.9974 | tok/s 712291 | grad_norm 0.541
step 1630/20000 | loss 3.9000 | lr_mult 0.9973 | tok/s 712452 | grad_norm 0.478
step 1640/20000 | loss 3.8928 | lr_mult 0.9972 | tok/s 712609 | grad_norm 0.509
step 1650/20000 | loss 3.9049 | lr_mult 0.9971 | tok/s 712764 | grad_norm 0.555
step 1660/20000 | loss 3.8902 | lr_mult 0.9970 | tok/s 712893 | grad_norm 0.535
step 1670/20000 | loss 3.9221 | lr_mult 0.9969 | tok/s 713044 | grad_norm 0.535
step 1680/20000 | loss 3.9147 | lr_mult 0.9968 | tok/s 713183 | grad_norm 0.465
step 1690/20000 | loss 3.9427 | lr_mult 0.9967 | tok/s 713331 | grad_norm 0.499
step 1700/20000 | loss 3.9068 | lr_mult 0.9967 | tok/s 713473 | grad_norm 0.470
step 1710/20000 | loss 3.8679 | lr_mult 0.9966 | tok/s 713607 | grad_norm 0.450
step 1720/20000 | loss 3.8612 | lr_mult 0.9965 | tok/s 713746 | grad_norm 0.454
step 1730/20000 | loss 3.8589 | lr_mult 0.9964 | tok/s 713886 | grad_norm 0.502
step 1740/20000 | loss 3.9026 | lr_mult 0.9963 | tok/s 714016 | grad_norm 0.461
step 1750/20000 | loss 3.8903 | lr_mult 0.9962 | tok/s 714156 | grad_norm 0.467
step 1760/20000 | loss 3.8779 | lr_mult 0.9961 | tok/s 714287 | grad_norm 0.479
step 1770/20000 | loss 3.8774 | lr_mult 0.9960 | tok/s 714424 | grad_norm 0.429
step 1780/20000 | loss 3.8353 | lr_mult 0.9958 | tok/s 714560 | grad_norm 0.497
step 1790/20000 | loss 3.8971 | lr_mult 0.9957 | tok/s 714691 | grad_norm 0.485
step 1800/20000 | loss 3.8625 | lr_mult 0.9956 | tok/s 714818 | grad_norm 0.500
step 1810/20000 | loss 3.8909 | lr_mult 0.9955 | tok/s 714942 | grad_norm 0.500
step 1820/20000 | loss 3.8628 | lr_mult 0.9954 | tok/s 715074 | grad_norm 0.496
step 1830/20000 | loss 3.8313 | lr_mult 0.9953 | tok/s 715203 | grad_norm 0.464
step 1840/20000 | loss 3.8329 | lr_mult 0.9952 | tok/s 715331 | grad_norm 0.461
step 1850/20000 | loss 3.9248 | lr_mult 0.9951 | tok/s 715445 | grad_norm 0.498
step 1860/20000 | loss 3.8507 | lr_mult 0.9950 | tok/s 715562 | grad_norm 0.466
step 1870/20000 | loss 3.8390 | lr_mult 0.9948 | tok/s 715687 | grad_norm 0.504
step 1880/20000 | loss 3.8782 | lr_mult 0.9947 | tok/s 715800 | grad_norm 0.442
step 1890/20000 | loss 3.8344 | lr_mult 0.9946 | tok/s 715922 | grad_norm 0.463
step 1900/20000 | loss 3.8306 | lr_mult 0.9945 | tok/s 716042 | grad_norm 0.439
step 1910/20000 | loss 3.8653 | lr_mult 0.9944 | tok/s 716155 | grad_norm 0.422
step 1920/20000 | loss 3.8416 | lr_mult 0.9942 | tok/s 716270 | grad_norm 0.409
step 1930/20000 | loss 3.8661 | lr_mult 0.9941 | tok/s 716383 | grad_norm 0.428
step 1940/20000 | loss 3.8617 | lr_mult 0.9940 | tok/s 716493 | grad_norm 0.470
step 1950/20000 | loss 3.8253 | lr_mult 0.9938 | tok/s 716603 | grad_norm 0.461
step 1960/20000 | loss 3.8475 | lr_mult 0.9937 | tok/s 716695 | grad_norm 0.487
step 1970/20000 | loss 3.8425 | lr_mult 0.9936 | tok/s 716807 | grad_norm 0.487
step 1980/20000 | loss 3.7873 | lr_mult 0.9935 | tok/s 716918 | grad_norm 0.441
step 1990/20000 | loss 3.8054 | lr_mult 0.9933 | tok/s 717030 | grad_norm 0.437
step 2000/20000 | loss 3.8521 | lr_mult 0.9932 | tok/s 717135 | grad_norm 0.440
step 2000/20000 | val_loss 3.8277
step 2010/20000 | loss 3.8593 | lr_mult 0.9930 | tok/s 712415 | grad_norm 0.426
step 2020/20000 | loss 3.8272 | lr_mult 0.9929 | tok/s 712545 | grad_norm 0.417
step 2030/20000 | loss 3.8223 | lr_mult 0.9928 | tok/s 712673 | grad_norm 0.499
step 2040/20000 | loss 3.8026 | lr_mult 0.9926 | tok/s 712784 | grad_norm 0.443
step 2050/20000 | loss 3.8160 | lr_mult 0.9925 | tok/s 712907 | grad_norm 0.452
step 2060/20000 | loss 3.8610 | lr_mult 0.9923 | tok/s 713028 | grad_norm 0.416
step 2070/20000 | loss 3.8469 | lr_mult 0.9922 | tok/s 713152 | grad_norm 0.424
step 2080/20000 | loss 3.8735 | lr_mult 0.9920 | tok/s 713265 | grad_norm 0.415
step 2090/20000 | loss 3.8521 | lr_mult 0.9919 | tok/s 713374 | grad_norm 0.416
step 2100/20000 | loss 3.8140 | lr_mult 0.9918 | tok/s 713491 | grad_norm 0.374
step 2110/20000 | loss 3.7937 | lr_mult 0.9916 | tok/s 713605 | grad_norm 0.452
step 2120/20000 | loss 3.7971 | lr_mult 0.9915 | tok/s 713721 | grad_norm 0.469
step 2130/20000 | loss 3.8646 | lr_mult 0.9913 | tok/s 713836 | grad_norm 0.466
step 2140/20000 | loss 3.8052 | lr_mult 0.9911 | tok/s 713951 | grad_norm 0.420
step 2150/20000 | loss 3.8087 | lr_mult 0.9910 | tok/s 714067 | grad_norm 0.443
step 2160/20000 | loss 3.8297 | lr_mult 0.9908 | tok/s 714162 | grad_norm 0.452
step 2170/20000 | loss 3.8392 | lr_mult 0.9907 | tok/s 714267 | grad_norm 0.412
step 2180/20000 | loss 3.7660 | lr_mult 0.9905 | tok/s 714378 | grad_norm 0.444
step 2190/20000 | loss 3.8022 | lr_mult 0.9904 | tok/s 714480 | grad_norm 0.409
step 2200/20000 | loss 3.7847 | lr_mult 0.9902 | tok/s 714583 | grad_norm 0.393
step 2210/20000 | loss 3.8212 | lr_mult 0.9900 | tok/s 714680 | grad_norm 0.420
step 2220/20000 | loss 3.7843 | lr_mult 0.9899 | tok/s 714780 | grad_norm 0.386
step 2230/20000 | loss 3.8004 | lr_mult 0.9897 | tok/s 714878 | grad_norm 0.445
step 2240/20000 | loss 3.7713 | lr_mult 0.9895 | tok/s 714987 | grad_norm 0.485
step 2250/20000 | loss 3.8147 | lr_mult 0.9894 | tok/s 715094 | grad_norm 0.409
step 2260/20000 | loss 3.8007 | lr_mult 0.9892 | tok/s 715196 | grad_norm 0.432
step 2270/20000 | loss 3.7863 | lr_mult 0.9890 | tok/s 715297 | grad_norm 0.493
step 2280/20000 | loss 3.7910 | lr_mult 0.9888 | tok/s 715400 | grad_norm 0.400
step 2290/20000 | loss 3.8137 | lr_mult 0.9887 | tok/s 715497 | grad_norm 0.471
step 2300/20000 | loss 3.7731 | lr_mult 0.9885 | tok/s 715597 | grad_norm 0.422
step 2310/20000 | loss 3.7535 | lr_mult 0.9883 | tok/s 715690 | grad_norm 0.412
step 2320/20000 | loss 3.7370 | lr_mult 0.9881 | tok/s 715789 | grad_norm 0.372
step 2330/20000 | loss 3.8168 | lr_mult 0.9880 | tok/s 715885 | grad_norm 0.406
step 2340/20000 | loss 3.8430 | lr_mult 0.9878 | tok/s 715981 | grad_norm 0.440
step 2350/20000 | loss 3.7828 | lr_mult 0.9876 | tok/s 716055 | grad_norm 0.386
step 2360/20000 | loss 3.7826 | lr_mult 0.9874 | tok/s 716144 | grad_norm 0.379
step 2370/20000 | loss 3.8097 | lr_mult 0.9872 | tok/s 716239 | grad_norm 0.389
step 2380/20000 | loss 3.7602 | lr_mult 0.9870 | tok/s 716325 | grad_norm 0.421
step 2390/20000 | loss 3.7996 | lr_mult 0.9869 | tok/s 716419 | grad_norm 0.396
step 2400/20000 | loss 3.7904 | lr_mult 0.9867 | tok/s 716502 | grad_norm 0.498
step 2410/20000 | loss 3.7758 | lr_mult 0.9865 | tok/s 716585 | grad_norm 0.395
step 2420/20000 | loss 3.7503 | lr_mult 0.9863 | tok/s 716674 | grad_norm 0.451
step 2430/20000 | loss 3.7847 | lr_mult 0.9861 | tok/s 716759 | grad_norm 0.398
step 2440/20000 | loss 3.7561 | lr_mult 0.9859 | tok/s 716846 | grad_norm 0.454
step 2450/20000 | loss 3.7609 | lr_mult 0.9857 | tok/s 716934 | grad_norm 0.400
step 2460/20000 | loss 3.7919 | lr_mult 0.9855 | tok/s 717013 | grad_norm 0.363
step 2470/20000 | loss 3.7551 | lr_mult 0.9853 | tok/s 717087 | grad_norm 0.382
step 2480/20000 | loss 3.7888 | lr_mult 0.9851 | tok/s 717173 | grad_norm 0.444
step 2490/20000 | loss 3.7498 | lr_mult 0.9849 | tok/s 717256 | grad_norm 0.402
step 2500/20000 | loss 3.8049 | lr_mult 0.9847 | tok/s 717338 | grad_norm 0.386
step 2500/20000 | val_loss 3.7639
step 2510/20000 | loss 3.7567 | lr_mult 0.9845 | tok/s 713560 | grad_norm 0.401
step 2520/20000 | loss 3.7274 | lr_mult 0.9843 | tok/s 713661 | grad_norm 0.414
step 2530/20000 | loss 3.7514 | lr_mult 0.9841 | tok/s 713756 | grad_norm 0.421
step 2540/20000 | loss 3.7351 | lr_mult 0.9839 | tok/s 713854 | grad_norm 0.414
step 2550/20000 | loss 3.7544 | lr_mult 0.9837 | tok/s 713948 | grad_norm 0.395
step 2560/20000 | loss 3.7261 | lr_mult 0.9835 | tok/s 714033 | grad_norm 0.380
step 2570/20000 | loss 3.7547 | lr_mult 0.9832 | tok/s 714130 | grad_norm 0.387
step 2580/20000 | loss 3.7578 | lr_mult 0.9830 | tok/s 714225 | grad_norm 0.447
step 2590/20000 | loss 3.7735 | lr_mult 0.9828 | tok/s 714312 | grad_norm 0.456
step 2600/20000 | loss 3.7700 | lr_mult 0.9826 | tok/s 714406 | grad_norm 0.436
step 2610/20000 | loss 3.7654 | lr_mult 0.9824 | tok/s 714484 | grad_norm 0.402
step 2620/20000 | loss 3.7422 | lr_mult 0.9822 | tok/s 714577 | grad_norm 0.433
step 2630/20000 | loss 3.7722 | lr_mult 0.9819 | tok/s 714667 | grad_norm 0.372
step 2640/20000 | loss 3.7593 | lr_mult 0.9817 | tok/s 714755 | grad_norm 0.403
step 2650/20000 | loss 3.7868 | lr_mult 0.9815 | tok/s 714841 | grad_norm 0.412
step 2660/20000 | loss 3.7050 | lr_mult 0.9813 | tok/s 714929 | grad_norm 0.453
step 2670/20000 | loss 3.7729 | lr_mult 0.9811 | tok/s 715016 | grad_norm 0.452
step 2680/20000 | loss 3.7420 | lr_mult 0.9808 | tok/s 715104 | grad_norm 0.473
step 2690/20000 | loss 3.7443 | lr_mult 0.9806 | tok/s 715192 | grad_norm 0.434
step 2700/20000 | loss 3.7559 | lr_mult 0.9804 | tok/s 715279 | grad_norm 0.376
step 2710/20000 | loss 3.7753 | lr_mult 0.9801 | tok/s 715366 | grad_norm 0.430
step 2720/20000 | loss 3.7275 | lr_mult 0.9799 | tok/s 715446 | grad_norm 0.451
step 2730/20000 | loss 3.7362 | lr_mult 0.9797 | tok/s 715532 | grad_norm 0.372
step 2740/20000 | loss 3.7061 | lr_mult 0.9794 | tok/s 715617 | grad_norm 0.356
step 2750/20000 | loss 3.7434 | lr_mult 0.9792 | tok/s 715701 | grad_norm 0.385
step 2760/20000 | loss 3.7570 | lr_mult 0.9790 | tok/s 715782 | grad_norm 0.347
step 2770/20000 | loss 3.7553 | lr_mult 0.9787 | tok/s 715865 | grad_norm 0.378
step 2780/20000 | loss 3.7024 | lr_mult 0.9785 | tok/s 715948 | grad_norm 0.422
step 2790/20000 | loss 3.7511 | lr_mult 0.9783 | tok/s 716020 | grad_norm 0.369
step 2800/20000 | loss 3.6991 | lr_mult 0.9780 | tok/s 716101 | grad_norm 0.398
step 2810/20000 | loss 3.7708 | lr_mult 0.9778 | tok/s 716178 | grad_norm 0.346
step 2820/20000 | loss 3.7329 | lr_mult 0.9775 | tok/s 716254 | grad_norm 0.405
step 2830/20000 | loss 3.7178 | lr_mult 0.9773 | tok/s 716331 | grad_norm 0.387
step 2840/20000 | loss 3.6987 | lr_mult 0.9770 | tok/s 716409 | grad_norm 0.387
step 2850/20000 | loss 3.7543 | lr_mult 0.9768 | tok/s 716438 | grad_norm 0.378
step 2860/20000 | loss 3.7426 | lr_mult 0.9765 | tok/s 716516 | grad_norm 0.379
step 2870/20000 | loss 3.7583 | lr_mult 0.9763 | tok/s 716591 | grad_norm 0.346
step 2880/20000 | loss 3.7232 | lr_mult 0.9760 | tok/s 716667 | grad_norm 0.403
step 2890/20000 | loss 3.7156 | lr_mult 0.9758 | tok/s 716735 | grad_norm 0.347
step 2900/20000 | loss 3.6974 | lr_mult 0.9755 | tok/s 716812 | grad_norm 0.424
step 2910/20000 | loss 3.7248 | lr_mult 0.9753 | tok/s 716882 | grad_norm 0.374
step 2920/20000 | loss 3.7844 | lr_mult 0.9750 | tok/s 716956 | grad_norm 0.434
step 2930/20000 | loss 3.7263 | lr_mult 0.9748 | tok/s 717030 | grad_norm 0.404
step 2940/20000 | loss 3.7233 | lr_mult 0.9745 | tok/s 717101 | grad_norm 0.363
step 2950/20000 | loss 3.7129 | lr_mult 0.9742 | tok/s 717175 | grad_norm 0.393
step 2960/20000 | loss 3.7184 | lr_mult 0.9740 | tok/s 717239 | grad_norm 0.374
step 2970/20000 | loss 3.7102 | lr_mult 0.9737 | tok/s 717314 | grad_norm 0.381
step 2980/20000 | loss 3.7222 | lr_mult 0.9734 | tok/s 717383 | grad_norm 0.373
step 2990/20000 | loss 3.6904 | lr_mult 0.9732 | tok/s 717453 | grad_norm 0.410
step 3000/20000 | loss 3.7469 | lr_mult 0.9729 | tok/s 717524 | grad_norm 0.411
step 3000/20000 | val_loss 3.7191
step 3010/20000 | loss 3.7693 | lr_mult 0.9726 | tok/s 714364 | grad_norm 0.359
step 3020/20000 | loss 3.7116 | lr_mult 0.9724 | tok/s 714444 | grad_norm 0.397
step 3030/20000 | loss 3.7217 | lr_mult 0.9721 | tok/s 714517 | grad_norm 0.442
step 3040/20000 | loss 3.7148 | lr_mult 0.9718 | tok/s 714595 | grad_norm 0.406
step 3050/20000 | loss 3.7188 | lr_mult 0.9716 | tok/s 714671 | grad_norm 0.393
step 3060/20000 | loss 3.6920 | lr_mult 0.9713 | tok/s 714744 | grad_norm 0.349
step 3070/20000 | loss 3.7505 | lr_mult 0.9710 | tok/s 714823 | grad_norm 0.367
step 3080/20000 | loss 3.7347 | lr_mult 0.9707 | tok/s 714901 | grad_norm 0.392
step 3090/20000 | loss 3.6740 | lr_mult 0.9704 | tok/s 714977 | grad_norm 0.358
step 3100/20000 | loss 3.7200 | lr_mult 0.9702 | tok/s 715054 | grad_norm 0.389
step 3110/20000 | loss 3.7288 | lr_mult 0.9699 | tok/s 715127 | grad_norm 0.440
step 3120/20000 | loss 3.7233 | lr_mult 0.9696 | tok/s 715203 | grad_norm 0.345
step 3130/20000 | loss 3.7283 | lr_mult 0.9693 | tok/s 715275 | grad_norm 0.381
step 3140/20000 | loss 3.7087 | lr_mult 0.9690 | tok/s 715351 | grad_norm 0.348
step 3150/20000 | loss 3.7048 | lr_mult 0.9687 | tok/s 715426 | grad_norm 0.425
step 3160/20000 | loss 3.6963 | lr_mult 0.9684 | tok/s 715497 | grad_norm 0.367
step 3170/20000 | loss 3.7050 | lr_mult 0.9682 | tok/s 715560 | grad_norm 0.379
step 3180/20000 | loss 3.6923 | lr_mult 0.9679 | tok/s 715631 | grad_norm 0.392
step 3190/20000 | loss 3.7275 | lr_mult 0.9676 | tok/s 715703 | grad_norm 0.385
step 3200/20000 | loss 3.6976 | lr_mult 0.9673 | tok/s 715776 | grad_norm 0.416
step 3210/20000 | loss 3.6876 | lr_mult 0.9670 | tok/s 715847 | grad_norm 0.377
step 3220/20000 | loss 3.7000 | lr_mult 0.9667 | tok/s 715915 | grad_norm 0.374
step 3230/20000 | loss 3.6744 | lr_mult 0.9664 | tok/s 715980 | grad_norm 0.356
step 3240/20000 | loss 3.6843 | lr_mult 0.9661 | tok/s 716049 | grad_norm 0.410
step 3250/20000 | loss 3.7063 | lr_mult 0.9658 | tok/s 716108 | grad_norm 0.375
step 3260/20000 | loss 3.6886 | lr_mult 0.9655 | tok/s 716176 | grad_norm 0.397
step 3270/20000 | loss 3.6572 | lr_mult 0.9652 | tok/s 716245 | grad_norm 0.357
step 3280/20000 | loss 3.7086 | lr_mult 0.9649 | tok/s 716309 | grad_norm 0.366
step 3290/20000 | loss 3.6906 | lr_mult 0.9646 | tok/s 716367 | grad_norm 0.392
step 3300/20000 | loss 3.7168 | lr_mult 0.9643 | tok/s 716426 | grad_norm 0.339
step 3310/20000 | loss 3.6351 | lr_mult 0.9640 | tok/s 716490 | grad_norm 0.370
step 3320/20000 | loss 3.7007 | lr_mult 0.9637 | tok/s 716556 | grad_norm 0.343
step 3330/20000 | loss 3.7237 | lr_mult 0.9634 | tok/s 716619 | grad_norm 0.371
step 3340/20000 | loss 3.7269 | lr_mult 0.9630 | tok/s 716674 | grad_norm 0.376
step 3350/20000 | loss 3.7129 | lr_mult 0.9627 | tok/s 716740 | grad_norm 0.383
step 3360/20000 | loss 3.6616 | lr_mult 0.9624 | tok/s 716799 | grad_norm 0.369
step 3370/20000 | loss 3.7285 | lr_mult 0.9621 | tok/s 716865 | grad_norm 0.428
step 3380/20000 | loss 3.6847 | lr_mult 0.9618 | tok/s 716927 | grad_norm 0.365
step 3390/20000 | loss 3.7047 | lr_mult 0.9615 | tok/s 716991 | grad_norm 0.385
step 3400/20000 | loss 3.6807 | lr_mult 0.9611 | tok/s 717056 | grad_norm 0.387
step 3410/20000 | loss 3.6689 | lr_mult 0.9608 | tok/s 717110 | grad_norm 0.338
step 3420/20000 | loss 3.7159 | lr_mult 0.9605 | tok/s 717173 | grad_norm 0.394
step 3430/20000 | loss 3.6879 | lr_mult 0.9602 | tok/s 717238 | grad_norm 0.357
step 3440/20000 | loss 3.7293 | lr_mult 0.9599 | tok/s 717292 | grad_norm 0.364
step 3450/20000 | loss 3.7113 | lr_mult 0.9595 | tok/s 717350 | grad_norm 0.396
step 3460/20000 | loss 3.6517 | lr_mult 0.9592 | tok/s 717406 | grad_norm 0.344
step 3470/20000 | loss 3.6702 | lr_mult 0.9589 | tok/s 717468 | grad_norm 0.381
step 3480/20000 | loss 3.6694 | lr_mult 0.9585 | tok/s 717529 | grad_norm 0.417
step 3490/20000 | loss 3.6838 | lr_mult 0.9582 | tok/s 717590 | grad_norm 0.378
step 3500/20000 | loss 3.7175 | lr_mult 0.9579 | tok/s 717647 | grad_norm 0.351
step 3500/20000 | val_loss 3.6800
step 3510/20000 | loss 3.6719 | lr_mult 0.9576 | tok/s 714937 | grad_norm 0.345
step 3520/20000 | loss 3.7002 | lr_mult 0.9572 | tok/s 715004 | grad_norm 0.340
step 3530/20000 | loss 3.6627 | lr_mult 0.9569 | tok/s 715072 | grad_norm 0.423
step 3540/20000 | loss 3.6829 | lr_mult 0.9565 | tok/s 715137 | grad_norm 0.384
step 3550/20000 | loss 3.6494 | lr_mult 0.9562 | tok/s 715188 | grad_norm 0.385
step 3560/20000 | loss 3.7025 | lr_mult 0.9559 | tok/s 715253 | grad_norm 0.368
step 3570/20000 | loss 3.6400 | lr_mult 0.9555 | tok/s 715318 | grad_norm 0.367
step 3580/20000 | loss 3.6733 | lr_mult 0.9552 | tok/s 715382 | grad_norm 0.337
step 3590/20000 | loss 3.6826 | lr_mult 0.9548 | tok/s 715445 | grad_norm 0.336
step 3600/20000 | loss 3.6430 | lr_mult 0.9545 | tok/s 715509 | grad_norm 0.355
step 3610/20000 | loss 3.7146 | lr_mult 0.9542 | tok/s 715572 | grad_norm 0.385
step 3620/20000 | loss 3.6617 | lr_mult 0.9538 | tok/s 715626 | grad_norm 0.344
step 3630/20000 | loss 3.6554 | lr_mult 0.9535 | tok/s 715686 | grad_norm 0.379
step 3640/20000 | loss 3.6674 | lr_mult 0.9531 | tok/s 715751 | grad_norm 0.292
step 3650/20000 | loss 3.6942 | lr_mult 0.9528 | tok/s 715814 | grad_norm 0.371
step 3660/20000 | loss 3.7029 | lr_mult 0.9524 | tok/s 715876 | grad_norm 0.323
step 3670/20000 | loss 3.6833 | lr_mult 0.9521 | tok/s 715935 | grad_norm 0.358
step 3680/20000 | loss 3.6966 | lr_mult 0.9517 | tok/s 715993 | grad_norm 0.325
step 3690/20000 | loss 3.6778 | lr_mult 0.9514 | tok/s 716047 | grad_norm 0.367
step 3700/20000 | loss 3.6615 | lr_mult 0.9510 | tok/s 716106 | grad_norm 0.364
step 3710/20000 | loss 3.6383 | lr_mult 0.9506 | tok/s 716165 | grad_norm 0.427
step 3720/20000 | loss 3.6622 | lr_mult 0.9503 | tok/s 716223 | grad_norm 0.361
step 3730/20000 | loss 3.6547 | lr_mult 0.9499 | tok/s 716283 | grad_norm 0.334
step 3740/20000 | loss 3.6611 | lr_mult 0.9496 | tok/s 716343 | grad_norm 0.364
step 3750/20000 | loss 3.6590 | lr_mult 0.9492 | tok/s 716402 | grad_norm 0.358
step 3760/20000 | loss 3.6889 | lr_mult 0.9488 | tok/s 716458 | grad_norm 0.327
step 3770/20000 | loss 3.7092 | lr_mult 0.9485 | tok/s 716513 | grad_norm 0.306
step 3780/20000 | loss 3.6823 | lr_mult 0.9481 | tok/s 716570 | grad_norm 0.350
step 3790/20000 | loss 3.6640 | lr_mult 0.9477 | tok/s 716627 | grad_norm 0.342
step 3800/20000 | loss 3.6419 | lr_mult 0.9474 | tok/s 716685 | grad_norm 0.377
step 3810/20000 | loss 3.6649 | lr_mult 0.9470 | tok/s 716742 | grad_norm 0.342
step 3820/20000 | loss 3.6796 | lr_mult 0.9466 | tok/s 716759 | grad_norm 0.327
step 3830/20000 | loss 3.6812 | lr_mult 0.9463 | tok/s 716795 | grad_norm 0.329
step 3840/20000 | loss 3.6511 | lr_mult 0.9459 | tok/s 716853 | grad_norm 0.340
step 3850/20000 | loss 3.6907 | lr_mult 0.9455 | tok/s 716908 | grad_norm 0.304
step 3860/20000 | loss 3.6434 | lr_mult 0.9451 | tok/s 716953 | grad_norm 0.339
step 3870/20000 | loss 3.7036 | lr_mult 0.9448 | tok/s 717006 | grad_norm 0.337
step 3880/20000 | loss 3.6670 | lr_mult 0.9444 | tok/s 717062 | grad_norm 0.343
step 3890/20000 | loss 3.6388 | lr_mult 0.9440 | tok/s 717112 | grad_norm 0.359
step 3900/20000 | loss 3.6613 | lr_mult 0.9436 | tok/s 717162 | grad_norm 0.347
step 3910/20000 | loss 3.6759 | lr_mult 0.9432 | tok/s 717216 | grad_norm 0.310
step 3920/20000 | loss 3.6278 | lr_mult 0.9428 | tok/s 717271 | grad_norm 0.301
step 3930/20000 | loss 3.6193 | lr_mult 0.9425 | tok/s 717327 | grad_norm 0.333
step 3940/20000 | loss 3.6553 | lr_mult 0.9421 | tok/s 717383 | grad_norm 0.344
step 3950/20000 | loss 3.6527 | lr_mult 0.9417 | tok/s 717438 | grad_norm 0.358
step 3960/20000 | loss 3.6512 | lr_mult 0.9413 | tok/s 717487 | grad_norm 0.317
step 3970/20000 | loss 3.6873 | lr_mult 0.9409 | tok/s 717539 | grad_norm 0.332
step 3980/20000 | loss 3.6351 | lr_mult 0.9405 | tok/s 717586 | grad_norm 0.357
step 3990/20000 | loss 3.6465 | lr_mult 0.9401 | tok/s 717639 | grad_norm 0.295
step 4000/20000 | loss 3.6048 | lr_mult 0.9397 | tok/s 717691 | grad_norm 0.367
step 4000/20000 | val_loss 3.6455
step 4010/20000 | loss 3.6277 | lr_mult 0.9393 | tok/s 715319 | grad_norm 0.330
step 4020/20000 | loss 3.6282 | lr_mult 0.9389 | tok/s 715372 | grad_norm 0.367
step 4030/20000 | loss 3.6153 | lr_mult 0.9386 | tok/s 715428 | grad_norm 0.315
step 4040/20000 | loss 3.6673 | lr_mult 0.9382 | tok/s 715484 | grad_norm 0.338
step 4050/20000 | loss 3.6950 | lr_mult 0.9378 | tok/s 715543 | grad_norm 0.302
step 4060/20000 | loss 3.6652 | lr_mult 0.9374 | tok/s 715598 | grad_norm 0.323
step 4070/20000 | loss 3.6489 | lr_mult 0.9370 | tok/s 715655 | grad_norm 0.305
step 4080/20000 | loss 3.6388 | lr_mult 0.9366 | tok/s 715710 | grad_norm 0.308
step 4090/20000 | loss 3.6521 | lr_mult 0.9361 | tok/s 715764 | grad_norm 0.310
step 4100/20000 | loss 3.6502 | lr_mult 0.9357 | tok/s 715817 | grad_norm 0.334
step 4110/20000 | loss 3.6114 | lr_mult 0.9353 | tok/s 715871 | grad_norm 0.346
step 4120/20000 | loss 3.6345 | lr_mult 0.9349 | tok/s 715925 | grad_norm 0.344
step 4130/20000 | loss 3.5977 | lr_mult 0.9345 | tok/s 715980 | grad_norm 0.340
step 4140/20000 | loss 3.6191 | lr_mult 0.9341 | tok/s 716035 | grad_norm 0.326
step 4150/20000 | loss 3.6390 | lr_mult 0.9337 | tok/s 716089 | grad_norm 0.319
step 4160/20000 | loss 3.6249 | lr_mult 0.9333 | tok/s 716142 | grad_norm 0.284
step 4170/20000 | loss 3.6230 | lr_mult 0.9329 | tok/s 716195 | grad_norm 0.327
step 4180/20000 | loss 3.6476 | lr_mult 0.9325 | tok/s 716244 | grad_norm 0.308
step 4190/20000 | loss 3.6002 | lr_mult 0.9320 | tok/s 716292 | grad_norm 0.298
step 4200/20000 | loss 3.5976 | lr_mult 0.9316 | tok/s 716344 | grad_norm 0.342
step 4210/20000 | loss 3.6485 | lr_mult 0.9312 | tok/s 716398 | grad_norm 0.294
step 4220/20000 | loss 3.6377 | lr_mult 0.9308 | tok/s 716451 | grad_norm 0.313
step 4230/20000 | loss 3.6440 | lr_mult 0.9304 | tok/s 716496 | grad_norm 0.328
step 4240/20000 | loss 3.6673 | lr_mult 0.9299 | tok/s 716548 | grad_norm 0.293
step 4250/20000 | loss 3.6294 | lr_mult 0.9295 | tok/s 716602 | grad_norm 0.318
step 4260/20000 | loss 3.6421 | lr_mult 0.9291 | tok/s 716638 | grad_norm 0.313
step 4270/20000 | loss 3.6693 | lr_mult 0.9287 | tok/s 716686 | grad_norm 0.298
step 4280/20000 | loss 3.6279 | lr_mult 0.9283 | tok/s 716735 | grad_norm 0.346
step 4290/20000 | loss 3.6150 | lr_mult 0.9278 | tok/s 716787 | grad_norm 0.302
step 4300/20000 | loss 3.5954 | lr_mult 0.9274 | tok/s 716832 | grad_norm 0.323
step 4310/20000 | loss 3.6392 | lr_mult 0.9270 | tok/s 716879 | grad_norm 0.294
step 4320/20000 | loss 3.6321 | lr_mult 0.9265 | tok/s 716923 | grad_norm 0.296
step 4330/20000 | loss 3.6407 | lr_mult 0.9261 | tok/s 716969 | grad_norm 0.306
step 4340/20000 | loss 3.6192 | lr_mult 0.9257 | tok/s 717018 | grad_norm 0.294
step 4350/20000 | loss 3.6247 | lr_mult 0.9252 | tok/s 717064 | grad_norm 0.323
step 4360/20000 | loss 3.5955 | lr_mult 0.9248 | tok/s 717109 | grad_norm 0.298
step 4370/20000 | loss 3.6181 | lr_mult 0.9244 | tok/s 717151 | grad_norm 0.344
step 4380/20000 | loss 3.6299 | lr_mult 0.9239 | tok/s 717192 | grad_norm 0.302
step 4390/20000 | loss 3.6326 | lr_mult 0.9235 | tok/s 717215 | grad_norm 0.348
step 4400/20000 | loss 3.6073 | lr_mult 0.9230 | tok/s 717259 | grad_norm 0.313
step 4410/20000 | loss 3.6086 | lr_mult 0.9226 | tok/s 717305 | grad_norm 0.332
step 4420/20000 | loss 3.6228 | lr_mult 0.9222 | tok/s 717348 | grad_norm 0.296
step 4430/20000 | loss 3.6200 | lr_mult 0.9217 | tok/s 717397 | grad_norm 0.291
step 4440/20000 | loss 3.6254 | lr_mult 0.9213 | tok/s 717442 | grad_norm 0.334
step 4450/20000 | loss 3.6118 | lr_mult 0.9208 | tok/s 717487 | grad_norm 0.309
step 4460/20000 | loss 3.5588 | lr_mult 0.9204 | tok/s 717535 | grad_norm 0.307
step 4470/20000 | loss 3.6135 | lr_mult 0.9199 | tok/s 717580 | grad_norm 0.314
step 4480/20000 | loss 3.5700 | lr_mult 0.9195 | tok/s 717627 | grad_norm 0.301
step 4490/20000 | loss 3.6206 | lr_mult 0.9190 | tok/s 717674 | grad_norm 0.316
step 4500/20000 | loss 3.5903 | lr_mult 0.9186 | tok/s 717722 | grad_norm 0.324
step 4500/20000 | val_loss 3.6150
step 4510/20000 | loss 3.6275 | lr_mult 0.9181 | tok/s 715611 | grad_norm 0.300
step 4520/20000 | loss 3.5889 | lr_mult 0.9177 | tok/s 715658 | grad_norm 0.301
step 4530/20000 | loss 3.5946 | lr_mult 0.9172 | tok/s 715709 | grad_norm 0.348
step 4540/20000 | loss 3.5923 | lr_mult 0.9168 | tok/s 715759 | grad_norm 0.289
step 4550/20000 | loss 3.6261 | lr_mult 0.9163 | tok/s 715804 | grad_norm 0.312
step 4560/20000 | loss 3.6626 | lr_mult 0.9158 | tok/s 715855 | grad_norm 0.322
step 4570/20000 | loss 3.6205 | lr_mult 0.9154 | tok/s 715902 | grad_norm 0.292
step 4580/20000 | loss 3.5723 | lr_mult 0.9149 | tok/s 715953 | grad_norm 0.301
step 4590/20000 | loss 3.6248 | lr_mult 0.9145 | tok/s 716005 | grad_norm 0.269
step 4600/20000 | loss 3.5866 | lr_mult 0.9140 | tok/s 716045 | grad_norm 0.288
step 4610/20000 | loss 3.6087 | lr_mult 0.9135 | tok/s 716087 | grad_norm 0.273
step 4620/20000 | loss 3.6069 | lr_mult 0.9131 | tok/s 716134 | grad_norm 0.290
step 4630/20000 | loss 3.5707 | lr_mult 0.9126 | tok/s 716180 | grad_norm 0.287
step 4640/20000 | loss 3.6903 | lr_mult 0.9121 | tok/s 716229 | grad_norm 0.330
step 4650/20000 | loss 3.6134 | lr_mult 0.9117 | tok/s 716279 | grad_norm 0.283
step 4660/20000 | loss 3.6364 | lr_mult 0.9112 | tok/s 716322 | grad_norm 0.311
step 4670/20000 | loss 3.5903 | lr_mult 0.9107 | tok/s 716370 | grad_norm 0.287
step 4680/20000 | loss 3.6053 | lr_mult 0.9103 | tok/s 716420 | grad_norm 0.299
step 4690/20000 | loss 3.5891 | lr_mult 0.9098 | tok/s 716459 | grad_norm 0.276
step 4700/20000 | loss 3.6436 | lr_mult 0.9093 | tok/s 716504 | grad_norm 0.307
step 4710/20000 | loss 3.5793 | lr_mult 0.9088 | tok/s 716548 | grad_norm 0.274
step 4720/20000 | loss 3.6268 | lr_mult 0.9084 | tok/s 716595 | grad_norm 0.299
step 4730/20000 | loss 3.6274 | lr_mult 0.9079 | tok/s 716643 | grad_norm 0.283
step 4740/20000 | loss 3.6113 | lr_mult 0.9074 | tok/s 716691 | grad_norm 0.290
step 4750/20000 | loss 3.6031 | lr_mult 0.9069 | tok/s 716737 | grad_norm 0.274
step 4760/20000 | loss 3.6141 | lr_mult 0.9064 | tok/s 716783 | grad_norm 0.258
step 4770/20000 | loss 3.5975 | lr_mult 0.9060 | tok/s 716828 | grad_norm 0.303
step 4780/20000 | loss 3.5735 | lr_mult 0.9055 | tok/s 716872 | grad_norm 0.296
step 4790/20000 | loss 3.5702 | lr_mult 0.9050 | tok/s 716918 | grad_norm 0.295
step 4800/20000 | loss 3.6032 | lr_mult 0.9045 | tok/s 716961 | grad_norm 0.265
step 4810/20000 | loss 3.6281 | lr_mult 0.9040 | tok/s 717002 | grad_norm 0.302
step 4820/20000 | loss 3.5825 | lr_mult 0.9035 | tok/s 717048 | grad_norm 0.240
step 4830/20000 | loss 3.6372 | lr_mult 0.9030 | tok/s 717094 | grad_norm 0.277
step 4840/20000 | loss 3.5585 | lr_mult 0.9026 | tok/s 717137 | grad_norm 0.291
step 4850/20000 | loss 3.6041 | lr_mult 0.9021 | tok/s 717180 | grad_norm 0.282
step 4860/20000 | loss 3.6031 | lr_mult 0.9016 | tok/s 717221 | grad_norm 0.282
step 4870/20000 | loss 3.6017 | lr_mult 0.9011 | tok/s 717265 | grad_norm 0.308
step 4880/20000 | loss 3.6188 | lr_mult 0.9006 | tok/s 717310 | grad_norm 0.272
step 4890/20000 | loss 3.5705 | lr_mult 0.9001 | tok/s 717355 | grad_norm 0.277
step 4900/20000 | loss 3.6444 | lr_mult 0.8996 | tok/s 717396 | grad_norm 0.273
step 4910/20000 | loss 3.5960 | lr_mult 0.8991 | tok/s 717439 | grad_norm 0.314
step 4920/20000 | loss 3.6433 | lr_mult 0.8986 | tok/s 717482 | grad_norm 0.290
step 4930/20000 | loss 3.6171 | lr_mult 0.8981 | tok/s 717526 | grad_norm 0.265
step 4940/20000 | loss 3.6146 | lr_mult 0.8976 | tok/s 717568 | grad_norm 0.259
step 4950/20000 | loss 3.6345 | lr_mult 0.8971 | tok/s 717610 | grad_norm 0.270
step 4960/20000 | loss 3.5586 | lr_mult 0.8966 | tok/s 717647 | grad_norm 0.280
step 4970/20000 | loss 3.6210 | lr_mult 0.8961 | tok/s 717689 | grad_norm 0.266
step 4980/20000 | loss 3.5697 | lr_mult 0.8956 | tok/s 717730 | grad_norm 0.288
step 4990/20000 | loss 3.6098 | lr_mult 0.8951 | tok/s 717767 | grad_norm 0.255
step 5000/20000 | loss 3.5499 | lr_mult 0.8946 | tok/s 717808 | grad_norm 0.248
step 5000/20000 | val_loss 3.5890
step 5010/20000 | loss 3.5927 | lr_mult 0.8941 | tok/s 715902 | grad_norm 0.273
step 5020/20000 | loss 3.6208 | lr_mult 0.8936 | tok/s 715944 | grad_norm 0.279
step 5030/20000 | loss 3.5713 | lr_mult 0.8930 | tok/s 715982 | grad_norm 0.286
step 5040/20000 | loss 3.5507 | lr_mult 0.8925 | tok/s 716015 | grad_norm 0.282
step 5050/20000 | loss 3.6339 | lr_mult 0.8920 | tok/s 716055 | grad_norm 0.268
step 5060/20000 | loss 3.5515 | lr_mult 0.8915 | tok/s 716096 | grad_norm 0.275
step 5070/20000 | loss 3.6317 | lr_mult 0.8910 | tok/s 716139 | grad_norm 0.297
step 5080/20000 | loss 3.5577 | lr_mult 0.8905 | tok/s 716176 | grad_norm 0.251
step 5090/20000 | loss 3.5782 | lr_mult 0.8900 | tok/s 716221 | grad_norm 0.253
step 5100/20000 | loss 3.5735 | lr_mult 0.8894 | tok/s 716266 | grad_norm 0.279
step 5110/20000 | loss 3.5825 | lr_mult 0.8889 | tok/s 716310 | grad_norm 0.278
step 5120/20000 | loss 3.5544 | lr_mult 0.8884 | tok/s 716354 | grad_norm 0.237
step 5130/20000 | loss 3.6055 | lr_mult 0.8879 | tok/s 716398 | grad_norm 0.243
step 5140/20000 | loss 3.5449 | lr_mult 0.8874 | tok/s 716441 | grad_norm 0.283
step 5150/20000 | loss 3.6082 | lr_mult 0.8868 | tok/s 716485 | grad_norm 0.270
step 5160/20000 | loss 3.5844 | lr_mult 0.8863 | tok/s 716526 | grad_norm 0.282
step 5170/20000 | loss 3.5629 | lr_mult 0.8858 | tok/s 716563 | grad_norm 0.281
step 5180/20000 | loss 3.6057 | lr_mult 0.8853 | tok/s 716603 | grad_norm 0.252
step 5190/20000 | loss 3.5363 | lr_mult 0.8847 | tok/s 716643 | grad_norm 0.254
step 5200/20000 | loss 3.5895 | lr_mult 0.8842 | tok/s 716681 | grad_norm 0.274
step 5210/20000 | loss 3.5766 | lr_mult 0.8837 | tok/s 716720 | grad_norm 0.265
step 5220/20000 | loss 3.5770 | lr_mult 0.8831 | tok/s 716762 | grad_norm 0.284
step 5230/20000 | loss 3.5724 | lr_mult 0.8826 | tok/s 716805 | grad_norm 0.258
step 5240/20000 | loss 3.5593 | lr_mult 0.8821 | tok/s 716848 | grad_norm 0.268
step 5250/20000 | loss 3.5592 | lr_mult 0.8815 | tok/s 716888 | grad_norm 0.266
step 5260/20000 | loss 3.5514 | lr_mult 0.8810 | tok/s 716918 | grad_norm 0.274
step 5270/20000 | loss 3.5571 | lr_mult 0.8805 | tok/s 716952 | grad_norm 0.288
step 5280/20000 | loss 3.5495 | lr_mult 0.8799 | tok/s 716991 | grad_norm 0.266
step 5290/20000 | loss 3.5512 | lr_mult 0.8794 | tok/s 717033 | grad_norm 0.261
step 5300/20000 | loss 3.5844 | lr_mult 0.8789 | tok/s 717074 | grad_norm 0.264
step 5310/20000 | loss 3.6143 | lr_mult 0.8783 | tok/s 717115 | grad_norm 0.245
step 5320/20000 | loss 3.5822 | lr_mult 0.8778 | tok/s 717156 | grad_norm 0.279
step 5330/20000 | loss 3.5411 | lr_mult 0.8772 | tok/s 717188 | grad_norm 0.280
step 5340/20000 | loss 3.5958 | lr_mult 0.8767 | tok/s 717230 | grad_norm 0.267
step 5350/20000 | loss 3.6022 | lr_mult 0.8761 | tok/s 717270 | grad_norm 0.282
step 5360/20000 | loss 3.5666 | lr_mult 0.8756 | tok/s 717309 | grad_norm 0.280
step 5370/20000 | loss 3.5839 | lr_mult 0.8751 | tok/s 717350 | grad_norm 0.244
step 5380/20000 | loss 3.5880 | lr_mult 0.8745 | tok/s 717387 | grad_norm 0.277
step 5390/20000 | loss 3.5430 | lr_mult 0.8740 | tok/s 717428 | grad_norm 0.287
step 5400/20000 | loss 3.5722 | lr_mult 0.8734 | tok/s 717466 | grad_norm 0.287
step 5410/20000 | loss 3.5686 | lr_mult 0.8729 | tok/s 717504 | grad_norm 0.245
step 5420/20000 | loss 3.6154 | lr_mult 0.8723 | tok/s 717544 | grad_norm 0.282
step 5430/20000 | loss 3.5392 | lr_mult 0.8718 | tok/s 717584 | grad_norm 0.277
step 5440/20000 | loss 3.5461 | lr_mult 0.8712 | tok/s 717624 | grad_norm 0.223
step 5450/20000 | loss 3.5794 | lr_mult 0.8706 | tok/s 717663 | grad_norm 0.242
step 5460/20000 | loss 3.5638 | lr_mult 0.8701 | tok/s 717699 | grad_norm 0.264
step 5470/20000 | loss 3.5468 | lr_mult 0.8695 | tok/s 717729 | grad_norm 0.259
step 5480/20000 | loss 3.5667 | lr_mult 0.8690 | tok/s 717768 | grad_norm 0.268
step 5490/20000 | loss 3.5819 | lr_mult 0.8684 | tok/s 717805 | grad_norm 0.258
step 5500/20000 | loss 3.5997 | lr_mult 0.8679 | tok/s 717842 | grad_norm 0.264
step 5500/20000 | val_loss 3.5662
step 5510/20000 | loss 3.5573 | lr_mult 0.8673 | tok/s 716109 | grad_norm 0.269
step 5520/20000 | loss 3.5816 | lr_mult 0.8667 | tok/s 716150 | grad_norm 0.265
step 5530/20000 | loss 3.5498 | lr_mult 0.8662 | tok/s 716191 | grad_norm 0.258
step 5540/20000 | loss 3.5844 | lr_mult 0.8656 | tok/s 716223 | grad_norm 0.253
step 5550/20000 | loss 3.5597 | lr_mult 0.8650 | tok/s 716261 | grad_norm 0.220
step 5560/20000 | loss 3.5593 | lr_mult 0.8645 | tok/s 716300 | grad_norm 0.267
step 5570/20000 | loss 3.5400 | lr_mult 0.8639 | tok/s 716337 | grad_norm 0.253
step 5580/20000 | loss 3.5881 | lr_mult 0.8634 | tok/s 716375 | grad_norm 0.243
step 5590/20000 | loss 3.5614 | lr_mult 0.8628 | tok/s 716415 | grad_norm 0.234
step 5600/20000 | loss 3.5331 | lr_mult 0.8622 | tok/s 716452 | grad_norm 0.231
step 5610/20000 | loss 3.5588 | lr_mult 0.8616 | tok/s 716491 | grad_norm 0.241
step 5620/20000 | loss 3.5894 | lr_mult 0.8611 | tok/s 716531 | grad_norm 0.263
step 5630/20000 | loss 3.5436 | lr_mult 0.8605 | tok/s 716569 | grad_norm 0.279
step 5640/20000 | loss 3.5278 | lr_mult 0.8599 | tok/s 716607 | grad_norm 0.270
step 5650/20000 | loss 3.5849 | lr_mult 0.8594 | tok/s 716641 | grad_norm 0.260
step 5660/20000 | loss 3.5346 | lr_mult 0.8588 | tok/s 716680 | grad_norm 0.230
step 5670/20000 | loss 3.5702 | lr_mult 0.8582 | tok/s 716719 | grad_norm 0.227
step 5680/20000 | loss 3.5603 | lr_mult 0.8576 | tok/s 716758 | grad_norm 0.235
step 5690/20000 | loss 3.5732 | lr_mult 0.8570 | tok/s 716794 | grad_norm 0.254
step 5700/20000 | loss 3.5838 | lr_mult 0.8565 | tok/s 716833 | grad_norm 0.228
step 5710/20000 | loss 3.5364 | lr_mult 0.8559 | tok/s 716870 | grad_norm 0.247
step 5720/20000 | loss 3.5563 | lr_mult 0.8553 | tok/s 716907 | grad_norm 0.260
step 5730/20000 | loss 3.5340 | lr_mult 0.8547 | tok/s 716944 | grad_norm 0.236
step 5740/20000 | loss 3.6356 | lr_mult 0.8541 | tok/s 716981 | grad_norm 0.233
step 5750/20000 | loss 3.5413 | lr_mult 0.8536 | tok/s 717015 | grad_norm 0.221
step 5760/20000 | loss 3.5827 | lr_mult 0.8530 | tok/s 717051 | grad_norm 0.239
step 5770/20000 | loss 3.5572 | lr_mult 0.8524 | tok/s 717086 | grad_norm 0.250
step 5780/20000 | loss 3.5434 | lr_mult 0.8518 | tok/s 717124 | grad_norm 0.230
step 5790/20000 | loss 3.5892 | lr_mult 0.8512 | tok/s 717159 | grad_norm 0.211
step 5800/20000 | loss 3.5685 | lr_mult 0.8506 | tok/s 717193 | grad_norm 0.240
step 5810/20000 | loss 3.5301 | lr_mult 0.8500 | tok/s 717227 | grad_norm 0.259
step 5820/20000 | loss 3.5493 | lr_mult 0.8494 | tok/s 717260 | grad_norm 0.248
step 5830/20000 | loss 3.5569 | lr_mult 0.8488 | tok/s 717286 | grad_norm 0.255
step 5840/20000 | loss 3.5510 | lr_mult 0.8483 | tok/s 717320 | grad_norm 0.259
step 5850/20000 | loss 3.4824 | lr_mult 0.8477 | tok/s 717355 | grad_norm 0.255
step 5860/20000 | loss 3.5702 | lr_mult 0.8471 | tok/s 717388 | grad_norm 0.255
step 5870/20000 | loss 3.5609 | lr_mult 0.8465 | tok/s 717426 | grad_norm 0.238
step 5880/20000 | loss 3.5002 | lr_mult 0.8459 | tok/s 717462 | grad_norm 0.253
step 5890/20000 | loss 3.5710 | lr_mult 0.8453 | tok/s 717499 | grad_norm 0.246
step 5900/20000 | loss 3.5931 | lr_mult 0.8447 | tok/s 717536 | grad_norm 0.239
step 5910/20000 | loss 3.5570 | lr_mult 0.8441 | tok/s 717571 | grad_norm 0.294
step 5920/20000 | loss 3.5581 | lr_mult 0.8435 | tok/s 717600 | grad_norm 0.232
step 5930/20000 | loss 3.5792 | lr_mult 0.8429 | tok/s 717632 | grad_norm 0.243
step 5940/20000 | loss 3.5550 | lr_mult 0.8423 | tok/s 717666 | grad_norm 0.208
step 5950/20000 | loss 3.5255 | lr_mult 0.8417 | tok/s 717701 | grad_norm 0.241
step 5960/20000 | loss 3.5679 | lr_mult 0.8411 | tok/s 717736 | grad_norm 0.222
step 5970/20000 | loss 3.5763 | lr_mult 0.8405 | tok/s 717771 | grad_norm 0.219
step 5980/20000 | loss 3.5393 | lr_mult 0.8399 | tok/s 717804 | grad_norm 0.245
step 5990/20000 | loss 3.5433 | lr_mult 0.8392 | tok/s 717834 | grad_norm 0.238
step 6000/20000 | loss 3.5639 | lr_mult 0.8386 | tok/s 717864 | grad_norm 0.250
step 6000/20000 | val_loss 3.5460
step 6010/20000 | loss 3.5815 | lr_mult 0.8380 | tok/s 716282 | grad_norm 0.272
step 6020/20000 | loss 3.5747 | lr_mult 0.8374 | tok/s 716319 | grad_norm 0.230
step 6030/20000 | loss 3.5420 | lr_mult 0.8368 | tok/s 716355 | grad_norm 0.232
step 6040/20000 | loss 3.5935 | lr_mult 0.8362 | tok/s 716393 | grad_norm 0.211
step 6050/20000 | loss 3.5170 | lr_mult 0.8356 | tok/s 716430 | grad_norm 0.237
step 6060/20000 | loss 3.5409 | lr_mult 0.8350 | tok/s 716467 | grad_norm 0.223
step 6070/20000 | loss 3.5073 | lr_mult 0.8344 | tok/s 716504 | grad_norm 0.232
step 6080/20000 | loss 3.5784 | lr_mult 0.8337 | tok/s 716539 | grad_norm 0.240
step 6090/20000 | loss 3.5163 | lr_mult 0.8331 | tok/s 716576 | grad_norm 0.218
step 6100/20000 | loss 3.4929 | lr_mult 0.8325 | tok/s 716607 | grad_norm 0.219
step 6110/20000 | loss 3.5500 | lr_mult 0.8319 | tok/s 716642 | grad_norm 0.241
step 6120/20000 | loss 3.5742 | lr_mult 0.8313 | tok/s 716677 | grad_norm 0.243
step 6130/20000 | loss 3.5364 | lr_mult 0.8307 | tok/s 716712 | grad_norm 0.250
step 6140/20000 | loss 3.5481 | lr_mult 0.8300 | tok/s 716748 | grad_norm 0.233
step 6150/20000 | loss 3.5212 | lr_mult 0.8294 | tok/s 716784 | grad_norm 0.238
step 6160/20000 | loss 3.5367 | lr_mult 0.8288 | tok/s 716819 | grad_norm 0.245
step 6170/20000 | loss 3.5277 | lr_mult 0.8282 | tok/s 716855 | grad_norm 0.243
step 6180/20000 | loss 3.5673 | lr_mult 0.8275 | tok/s 716891 | grad_norm 0.209
step 6190/20000 | loss 3.5112 | lr_mult 0.8269 | tok/s 716925 | grad_norm 0.222
step 6200/20000 | loss 3.4982 | lr_mult 0.8263 | tok/s 716959 | grad_norm 0.226
step 6210/20000 | loss 3.5519 | lr_mult 0.8257 | tok/s 716992 | grad_norm 0.218
step 6220/20000 | loss 3.5373 | lr_mult 0.8250 | tok/s 717027 | grad_norm 0.247
step 6230/20000 | loss 3.5568 | lr_mult 0.8244 | tok/s 717061 | grad_norm 0.242
step 6240/20000 | loss 3.5205 | lr_mult 0.8238 | tok/s 717096 | grad_norm 0.218
step 6250/20000 | loss 3.5760 | lr_mult 0.8231 | tok/s 717131 | grad_norm 0.240
step 6260/20000 | loss 3.5257 | lr_mult 0.8225 | tok/s 717165 | grad_norm 0.244
step 6270/20000 | loss 3.5369 | lr_mult 0.8219 | tok/s 717198 | grad_norm 0.212
step 6280/20000 | loss 3.5927 | lr_mult 0.8213 | tok/s 717229 | grad_norm 0.212
step 6290/20000 | loss 3.5611 | lr_mult 0.8206 | tok/s 717255 | grad_norm 0.211
step 6300/20000 | loss 3.5747 | lr_mult 0.8200 | tok/s 717279 | grad_norm 0.227
step 6310/20000 | loss 3.5653 | lr_mult 0.8193 | tok/s 717311 | grad_norm 0.238
step 6320/20000 | loss 3.5746 | lr_mult 0.8187 | tok/s 717343 | grad_norm 0.234
step 6330/20000 | loss 3.5107 | lr_mult 0.8181 | tok/s 717374 | grad_norm 0.231
step 6340/20000 | loss 3.5810 | lr_mult 0.8174 | tok/s 717408 | grad_norm 0.225
step 6350/20000 | loss 3.5413 | lr_mult 0.8168 | tok/s 717442 | grad_norm 0.237
step 6360/20000 | loss 3.5537 | lr_mult 0.8162 | tok/s 717476 | grad_norm 0.238
step 6370/20000 | loss 3.5263 | lr_mult 0.8155 | tok/s 717507 | grad_norm 0.241
step 6380/20000 | loss 3.5407 | lr_mult 0.8149 | tok/s 717541 | grad_norm 0.207
step 6390/20000 | loss 3.5372 | lr_mult 0.8142 | tok/s 717573 | grad_norm 0.224
step 6400/20000 | loss 3.5351 | lr_mult 0.8136 | tok/s 717605 | grad_norm 0.231
step 6410/20000 | loss 3.5807 | lr_mult 0.8129 | tok/s 717638 | grad_norm 0.209
step 6420/20000 | loss 3.5361 | lr_mult 0.8123 | tok/s 717671 | grad_norm 0.228
step 6430/20000 | loss 3.5389 | lr_mult 0.8117 | tok/s 717703 | grad_norm 0.212
step 6440/20000 | loss 3.5053 | lr_mult 0.8110 | tok/s 717736 | grad_norm 0.234
step 6450/20000 | loss 3.5072 | lr_mult 0.8104 | tok/s 717769 | grad_norm 0.211
step 6460/20000 | loss 3.5489 | lr_mult 0.8097 | tok/s 717799 | grad_norm 0.222
step 6470/20000 | loss 3.5440 | lr_mult 0.8091 | tok/s 717831 | grad_norm 0.218
step 6480/20000 | loss 3.5576 | lr_mult 0.8084 | tok/s 717863 | grad_norm 0.225
step 6490/20000 | loss 3.4842 | lr_mult 0.8078 | tok/s 717887 | grad_norm 0.221
step 6500/20000 | loss 3.5358 | lr_mult 0.8071 | tok/s 717918 | grad_norm 0.228
step 6500/20000 | val_loss 3.5278
step 6510/20000 | loss 3.5331 | lr_mult 0.8065 | tok/s 716456 | grad_norm 0.227
step 6520/20000 | loss 3.5209 | lr_mult 0.8058 | tok/s 716487 | grad_norm 0.213
step 6530/20000 | loss 3.5248 | lr_mult 0.8051 | tok/s 716518 | grad_norm 0.228
step 6540/20000 | loss 3.5283 | lr_mult 0.8045 | tok/s 716552 | grad_norm 0.219
step 6550/20000 | loss 3.5162 | lr_mult 0.8038 | tok/s 716587 | grad_norm 0.230
step 6560/20000 | loss 3.5234 | lr_mult 0.8032 | tok/s 716621 | grad_norm 0.221
step 6570/20000 | loss 3.4949 | lr_mult 0.8025 | tok/s 716650 | grad_norm 0.233
step 6580/20000 | loss 3.5351 | lr_mult 0.8019 | tok/s 716684 | grad_norm 0.233
step 6590/20000 | loss 3.5088 | lr_mult 0.8012 | tok/s 716717 | grad_norm 0.216
step 6600/20000 | loss 3.5616 | lr_mult 0.8005 | tok/s 716751 | grad_norm 0.231
step 6610/20000 | loss 3.5126 | lr_mult 0.7999 | tok/s 716780 | grad_norm 0.219
step 6620/20000 | loss 3.5606 | lr_mult 0.7992 | tok/s 716814 | grad_norm 0.225
step 6630/20000 | loss 3.5410 | lr_mult 0.7986 | tok/s 716845 | grad_norm 0.213
step 6640/20000 | loss 3.4915 | lr_mult 0.7979 | tok/s 716876 | grad_norm 0.222
step 6650/20000 | loss 3.5240 | lr_mult 0.7972 | tok/s 716908 | grad_norm 0.209
step 6660/20000 | loss 3.4828 | lr_mult 0.7966 | tok/s 716940 | grad_norm 0.217
step 6670/20000 | loss 3.5388 | lr_mult 0.7959 | tok/s 716969 | grad_norm 0.212
step 6680/20000 | loss 3.4953 | lr_mult 0.7952 | tok/s 716999 | grad_norm 0.204
step 6690/20000 | loss 3.5581 | lr_mult 0.7946 | tok/s 717029 | grad_norm 0.207
step 6700/20000 | loss 3.5093 | lr_mult 0.7939 | tok/s 717059 | grad_norm 0.179
step 6710/20000 | loss 3.5401 | lr_mult 0.7932 | tok/s 717090 | grad_norm 0.220
step 6720/20000 | loss 3.5328 | lr_mult 0.7926 | tok/s 717120 | grad_norm 0.214
step 6730/20000 | loss 3.5534 | lr_mult 0.7919 | tok/s 717152 | grad_norm 0.231
step 6740/20000 | loss 3.5151 | lr_mult 0.7912 | tok/s 717185 | grad_norm 0.208
step 6750/20000 | loss 3.5393 | lr_mult 0.7905 | tok/s 717213 | grad_norm 0.225
step 6760/20000 | loss 3.5132 | lr_mult 0.7899 | tok/s 717241 | grad_norm 0.262
step 6770/20000 | loss 3.5309 | lr_mult 0.7892 | tok/s 717272 | grad_norm 0.205
step 6780/20000 | loss 3.5108 | lr_mult 0.7885 | tok/s 717304 | grad_norm 0.205
step 6790/20000 | loss 3.5335 | lr_mult 0.7878 | tok/s 717336 | grad_norm 0.208
step 6800/20000 | loss 3.5094 | lr_mult 0.7872 | tok/s 717366 | grad_norm 0.219
step 6810/20000 | loss 3.5302 | lr_mult 0.7865 | tok/s 717396 | grad_norm 0.252
step 6820/20000 | loss 3.5009 | lr_mult 0.7858 | tok/s 717423 | grad_norm 0.229
step 6830/20000 | loss 3.5101 | lr_mult 0.7851 | tok/s 717454 | grad_norm 0.227
step 6840/20000 | loss 3.5203 | lr_mult 0.7845 | tok/s 717485 | grad_norm 0.214
step 6850/20000 | loss 3.5487 | lr_mult 0.7838 | tok/s 717516 | grad_norm 0.210
step 6860/20000 | loss 3.5350 | lr_mult 0.7831 | tok/s 717546 | grad_norm 0.226
step 6870/20000 | loss 3.5428 | lr_mult 0.7824 | tok/s 717577 | grad_norm 0.205
step 6880/20000 | loss 3.4752 | lr_mult 0.7817 | tok/s 717608 | grad_norm 0.216
step 6890/20000 | loss 3.4959 | lr_mult 0.7810 | tok/s 717639 | grad_norm 0.204
step 6900/20000 | loss 3.5361 | lr_mult 0.7804 | tok/s 717667 | grad_norm 0.234
step 6910/20000 | loss 3.5256 | lr_mult 0.7797 | tok/s 717698 | grad_norm 0.210
step 6920/20000 | loss 3.5141 | lr_mult 0.7790 | tok/s 717727 | grad_norm 0.200
step 6930/20000 | loss 3.4946 | lr_mult 0.7783 | tok/s 717758 | grad_norm 0.211
step 6940/20000 | loss 3.5096 | lr_mult 0.7776 | tok/s 717789 | grad_norm 0.192
step 6950/20000 | loss 3.5165 | lr_mult 0.7769 | tok/s 717815 | grad_norm 0.204
step 6960/20000 | loss 3.5020 | lr_mult 0.7762 | tok/s 717845 | grad_norm 0.190
step 6970/20000 | loss 3.5035 | lr_mult 0.7755 | tok/s 717875 | grad_norm 0.219
step 6980/20000 | loss 3.5157 | lr_mult 0.7749 | tok/s 717896 | grad_norm 0.218
step 6990/20000 | loss 3.5041 | lr_mult 0.7742 | tok/s 717922 | grad_norm 0.220
step 7000/20000 | loss 3.4774 | lr_mult 0.7735 | tok/s 717952 | grad_norm 0.206
step 7000/20000 | val_loss 3.5105
step 7010/20000 | loss 3.4968 | lr_mult 0.7728 | tok/s 716597 | grad_norm 0.234
step 7020/20000 | loss 3.5376 | lr_mult 0.7721 | tok/s 716628 | grad_norm 0.210
step 7030/20000 | loss 3.5537 | lr_mult 0.7714 | tok/s 716659 | grad_norm 0.207
step 7040/20000 | loss 3.5349 | lr_mult 0.7707 | tok/s 716691 | grad_norm 0.203
step 7050/20000 | loss 3.5228 | lr_mult 0.7700 | tok/s 716720 | grad_norm 0.220
step 7060/20000 | loss 3.5207 | lr_mult 0.7693 | tok/s 716750 | grad_norm 0.198
step 7070/20000 | loss 3.4939 | lr_mult 0.7686 | tok/s 716779 | grad_norm 0.195
step 7080/20000 | loss 3.5482 | lr_mult 0.7679 | tok/s 716810 | grad_norm 0.211
step 7090/20000 | loss 3.5596 | lr_mult 0.7672 | tok/s 716839 | grad_norm 0.191
step 7100/20000 | loss 3.4982 | lr_mult 0.7665 | tok/s 716864 | grad_norm 0.191
step 7110/20000 | loss 3.5169 | lr_mult 0.7658 | tok/s 716893 | grad_norm 0.217
step 7120/20000 | loss 3.5637 | lr_mult 0.7651 | tok/s 716924 | grad_norm 0.195
step 7130/20000 | loss 3.5091 | lr_mult 0.7644 | tok/s 716954 | grad_norm 0.198
step 7140/20000 | loss 3.5192 | lr_mult 0.7637 | tok/s 716984 | grad_norm 0.203
step 7150/20000 | loss 3.5304 | lr_mult 0.7630 | tok/s 717015 | grad_norm 0.201
step 7160/20000 | loss 3.5474 | lr_mult 0.7623 | tok/s 717044 | grad_norm 0.200
step 7170/20000 | loss 3.5202 | lr_mult 0.7616 | tok/s 717075 | grad_norm 0.193
step 7180/20000 | loss 3.5336 | lr_mult 0.7609 | tok/s 717105 | grad_norm 0.192
step 7190/20000 | loss 3.5179 | lr_mult 0.7602 | tok/s 717131 | grad_norm 0.200
step 7200/20000 | loss 3.5481 | lr_mult 0.7595 | tok/s 717160 | grad_norm 0.192
step 7210/20000 | loss 3.5160 | lr_mult 0.7588 | tok/s 717191 | grad_norm 0.223
step 7220/20000 | loss 3.5254 | lr_mult 0.7581 | tok/s 717214 | grad_norm 0.199
step 7230/20000 | loss 3.5453 | lr_mult 0.7574 | tok/s 717239 | grad_norm 0.245
step 7240/20000 | loss 3.4867 | lr_mult 0.7567 | tok/s 717268 | grad_norm 0.214
step 7250/20000 | loss 3.5066 | lr_mult 0.7559 | tok/s 717295 | grad_norm 0.216
step 7260/20000 | loss 3.5184 | lr_mult 0.7552 | tok/s 717321 | grad_norm 0.198
step 7270/20000 | loss 3.5026 | lr_mult 0.7545 | tok/s 717344 | grad_norm 0.209
step 7280/20000 | loss 3.5309 | lr_mult 0.7538 | tok/s 717366 | grad_norm 0.223
step 7290/20000 | loss 3.5675 | lr_mult 0.7531 | tok/s 717395 | grad_norm 0.203
step 7300/20000 | loss 3.5180 | lr_mult 0.7524 | tok/s 717421 | grad_norm 0.191
step 7310/20000 | loss 3.5512 | lr_mult 0.7517 | tok/s 717449 | grad_norm 0.219
step 7320/20000 | loss 3.5149 | lr_mult 0.7510 | tok/s 717478 | grad_norm 0.210
step 7330/20000 | loss 3.4930 | lr_mult 0.7502 | tok/s 717505 | grad_norm 0.217
step 7340/20000 | loss 3.5289 | lr_mult 0.7495 | tok/s 717533 | grad_norm 0.203
step 7350/20000 | loss 3.4621 | lr_mult 0.7488 | tok/s 717562 | grad_norm 0.194
step 7360/20000 | loss 3.4631 | lr_mult 0.7481 | tok/s 717589 | grad_norm 0.199
step 7370/20000 | loss 3.5211 | lr_mult 0.7474 | tok/s 717613 | grad_norm 0.208
step 7380/20000 | loss 3.5095 | lr_mult 0.7467 | tok/s 717641 | grad_norm 0.209
step 7390/20000 | loss 3.5095 | lr_mult 0.7459 | tok/s 717668 | grad_norm 0.206
step 7400/20000 | loss 3.5235 | lr_mult 0.7452 | tok/s 717696 | grad_norm 0.188
step 7410/20000 | loss 3.5017 | lr_mult 0.7445 | tok/s 717723 | grad_norm 0.205
step 7420/20000 | loss 3.4792 | lr_mult 0.7438 | tok/s 717750 | grad_norm 0.180
step 7430/20000 | loss 3.5202 | lr_mult 0.7430 | tok/s 717776 | grad_norm 0.190
step 7440/20000 | loss 3.4887 | lr_mult 0.7423 | tok/s 717804 | grad_norm 0.200
step 7450/20000 | loss 3.5125 | lr_mult 0.7416 | tok/s 717832 | grad_norm 0.200
step 7460/20000 | loss 3.5430 | lr_mult 0.7409 | tok/s 717857 | grad_norm 0.191
step 7470/20000 | loss 3.5289 | lr_mult 0.7402 | tok/s 717882 | grad_norm 0.195
step 7480/20000 | loss 3.5093 | lr_mult 0.7394 | tok/s 717907 | grad_norm 0.196
step 7490/20000 | loss 3.4940 | lr_mult 0.7387 | tok/s 717934 | grad_norm 0.193
step 7500/20000 | loss 3.4894 | lr_mult 0.7380 | tok/s 717958 | grad_norm 0.208
step 7500/20000 | val_loss 3.4941
step 7510/20000 | loss 3.5061 | lr_mult 0.7372 | tok/s 716692 | grad_norm 0.200
step 7520/20000 | loss 3.4668 | lr_mult 0.7365 | tok/s 716718 | grad_norm 0.178
step 7530/20000 | loss 3.5077 | lr_mult 0.7358 | tok/s 716747 | grad_norm 0.198
step 7540/20000 | loss 3.5359 | lr_mult 0.7351 | tok/s 716776 | grad_norm 0.214
step 7550/20000 | loss 3.4790 | lr_mult 0.7343 | tok/s 716804 | grad_norm 0.191
step 7560/20000 | loss 3.4958 | lr_mult 0.7336 | tok/s 716831 | grad_norm 0.193
step 7570/20000 | loss 3.4845 | lr_mult 0.7329 | tok/s 716860 | grad_norm 0.189
step 7580/20000 | loss 3.4950 | lr_mult 0.7321 | tok/s 716887 | grad_norm 0.210
step 7590/20000 | loss 3.4961 | lr_mult 0.7314 | tok/s 716913 | grad_norm 0.190
step 7600/20000 | loss 3.5033 | lr_mult 0.7307 | tok/s 716941 | grad_norm 0.193
step 7610/20000 | loss 3.5005 | lr_mult 0.7299 | tok/s 716969 | grad_norm 0.198
step 7620/20000 | loss 3.4565 | lr_mult 0.7292 | tok/s 716998 | grad_norm 0.199
step 7630/20000 | loss 3.4851 | lr_mult 0.7285 | tok/s 717023 | grad_norm 0.195
step 7640/20000 | loss 3.5018 | lr_mult 0.7277 | tok/s 717051 | grad_norm 0.187
step 7650/20000 | loss 3.4607 | lr_mult 0.7270 | tok/s 717079 | grad_norm 0.192
step 7660/20000 | loss 3.5521 | lr_mult 0.7263 | tok/s 717104 | grad_norm 0.190
step 7670/20000 | loss 3.4778 | lr_mult 0.7255 | tok/s 717132 | grad_norm 0.199
step 7680/20000 | loss 3.4800 | lr_mult 0.7248 | tok/s 717157 | grad_norm 0.205
step 7690/20000 | loss 3.4893 | lr_mult 0.7240 | tok/s 717182 | grad_norm 0.184
step 7700/20000 | loss 3.4606 | lr_mult 0.7233 | tok/s 717207 | grad_norm 0.200
step 7710/20000 | loss 3.5355 | lr_mult 0.7226 | tok/s 717229 | grad_norm 0.209
step 7720/20000 | loss 3.4771 | lr_mult 0.7218 | tok/s 717257 | grad_norm 0.196
step 7730/20000 | loss 3.4711 | lr_mult 0.7211 | tok/s 717285 | grad_norm 0.191
step 7740/20000 | loss 3.4963 | lr_mult 0.7203 | tok/s 717313 | grad_norm 0.197
step 7750/20000 | loss 3.4966 | lr_mult 0.7196 | tok/s 717340 | grad_norm 0.193
step 7760/20000 | loss 3.4292 | lr_mult 0.7189 | tok/s 717368 | grad_norm 0.206
step 7770/20000 | loss 3.4920 | lr_mult 0.7181 | tok/s 717395 | grad_norm 0.202
step 7780/20000 | loss 3.4986 | lr_mult 0.7174 | tok/s 717423 | grad_norm 0.183
step 7790/20000 | loss 3.4971 | lr_mult 0.7166 | tok/s 717448 | grad_norm 0.188
step 7800/20000 | loss 3.4753 | lr_mult 0.7159 | tok/s 717473 | grad_norm 0.220
step 7810/20000 | loss 3.5092 | lr_mult 0.7151 | tok/s 717498 | grad_norm 0.186
step 7820/20000 | loss 3.4716 | lr_mult 0.7144 | tok/s 717525 | grad_norm 0.183
step 7830/20000 | loss 3.4849 | lr_mult 0.7136 | tok/s 717550 | grad_norm 0.187
step 7840/20000 | loss 3.5535 | lr_mult 0.7129 | tok/s 717577 | grad_norm 0.206
step 7850/20000 | loss 3.5018 | lr_mult 0.7121 | tok/s 717604 | grad_norm 0.199
step 7860/20000 | loss 3.4685 | lr_mult 0.7114 | tok/s 717628 | grad_norm 0.183
step 7870/20000 | loss 3.5027 | lr_mult 0.7106 | tok/s 717656 | grad_norm 0.187
step 7880/20000 | loss 3.5121 | lr_mult 0.7099 | tok/s 717681 | grad_norm 0.188
step 7890/20000 | loss 3.4899 | lr_mult 0.7091 | tok/s 717707 | grad_norm 0.194
step 7900/20000 | loss 3.4921 | lr_mult 0.7084 | tok/s 717734 | grad_norm 0.190
step 7910/20000 | loss 3.5015 | lr_mult 0.7076 | tok/s 717759 | grad_norm 0.178
step 7920/20000 | loss 3.4797 | lr_mult 0.7069 | tok/s 717783 | grad_norm 0.174
step 7930/20000 | loss 3.4571 | lr_mult 0.7061 | tok/s 717808 | grad_norm 0.194
step 7940/20000 | loss 3.5020 | lr_mult 0.7054 | tok/s 717834 | grad_norm 0.203
step 7950/20000 | loss 3.4745 | lr_mult 0.7046 | tok/s 717861 | grad_norm 0.194
step 7960/20000 | loss 3.5146 | lr_mult 0.7039 | tok/s 717886 | grad_norm 0.186
step 7970/20000 | loss 3.4448 | lr_mult 0.7031 | tok/s 717908 | grad_norm 0.196
step 7980/20000 | loss 3.4641 | lr_mult 0.7024 | tok/s 717926 | grad_norm 0.187
step 7990/20000 | loss 3.4830 | lr_mult 0.7016 | tok/s 717953 | grad_norm 0.200
step 8000/20000 | loss 3.4817 | lr_mult 0.7008 | tok/s 717979 | grad_norm 0.198
step 8000/20000 | val_loss 3.4803
step 8010/20000 | loss 3.4798 | lr_mult 0.7001 | tok/s 716795 | grad_norm 0.192
step 8020/20000 | loss 3.4501 | lr_mult 0.6993 | tok/s 716822 | grad_norm 0.188
step 8030/20000 | loss 3.4749 | lr_mult 0.6986 | tok/s 716846 | grad_norm 0.200
step 8040/20000 | loss 3.4892 | lr_mult 0.6978 | tok/s 716872 | grad_norm 0.193
step 8050/20000 | loss 3.5098 | lr_mult 0.6971 | tok/s 716899 | grad_norm 0.188
step 8060/20000 | loss 3.4906 | lr_mult 0.6963 | tok/s 716925 | grad_norm 0.205
step 8070/20000 | loss 3.4440 | lr_mult 0.6955 | tok/s 716952 | grad_norm 0.190
step 8080/20000 | loss 3.4762 | lr_mult 0.6948 | tok/s 716974 | grad_norm 0.203
step 8090/20000 | loss 3.4901 | lr_mult 0.6940 | tok/s 717001 | grad_norm 0.184
step 8100/20000 | loss 3.4545 | lr_mult 0.6932 | tok/s 717026 | grad_norm 0.207
step 8110/20000 | loss 3.4900 | lr_mult 0.6925 | tok/s 717049 | grad_norm 0.180
step 8120/20000 | loss 3.4709 | lr_mult 0.6917 | tok/s 717072 | grad_norm 0.175
step 8130/20000 | loss 3.5229 | lr_mult 0.6910 | tok/s 717100 | grad_norm 0.182
step 8140/20000 | loss 3.4542 | lr_mult 0.6902 | tok/s 717127 | grad_norm 0.214
step 8150/20000 | loss 3.4973 | lr_mult 0.6894 | tok/s 717145 | grad_norm 0.211
step 8160/20000 | loss 3.4884 | lr_mult 0.6887 | tok/s 717170 | grad_norm 0.195
step 8170/20000 | loss 3.4894 | lr_mult 0.6879 | tok/s 717197 | grad_norm 0.191
step 8180/20000 | loss 3.4475 | lr_mult 0.6871 | tok/s 717224 | grad_norm 0.174
step 8190/20000 | loss 3.5088 | lr_mult 0.6864 | tok/s 717248 | grad_norm 0.200
step 8200/20000 | loss 3.4494 | lr_mult 0.6856 | tok/s 717274 | grad_norm 0.169
step 8210/20000 | loss 3.4737 | lr_mult 0.6848 | tok/s 717297 | grad_norm 0.185
step 8220/20000 | loss 3.4430 | lr_mult 0.6841 | tok/s 717323 | grad_norm 0.174
step 8230/20000 | loss 3.4471 | lr_mult 0.6833 | tok/s 717348 | grad_norm 0.194
step 8240/20000 | loss 3.4882 | lr_mult 0.6825 | tok/s 717374 | grad_norm 0.183
step 8250/20000 | loss 3.4640 | lr_mult 0.6818 | tok/s 717400 | grad_norm 0.181
step 8260/20000 | loss 3.4816 | lr_mult 0.6810 | tok/s 717421 | grad_norm 0.190
step 8270/20000 | loss 3.4767 | lr_mult 0.6802 | tok/s 717447 | grad_norm 0.185
step 8280/20000 | loss 3.4669 | lr_mult 0.6794 | tok/s 717470 | grad_norm 0.216
step 8290/20000 | loss 3.4747 | lr_mult 0.6787 | tok/s 717493 | grad_norm 0.206
step 8300/20000 | loss 3.4530 | lr_mult 0.6779 | tok/s 717517 | grad_norm 0.184
step 8310/20000 | loss 3.4631 | lr_mult 0.6771 | tok/s 717543 | grad_norm 0.190
step 8320/20000 | loss 3.4126 | lr_mult 0.6764 | tok/s 717569 | grad_norm 0.186
step 8330/20000 | loss 3.5049 | lr_mult 0.6756 | tok/s 717595 | grad_norm 0.168
step 8340/20000 | loss 3.4714 | lr_mult 0.6748 | tok/s 717622 | grad_norm 0.192
step 8350/20000 | loss 3.4769 | lr_mult 0.6740 | tok/s 717646 | grad_norm 0.191
step 8360/20000 | loss 3.4362 | lr_mult 0.6733 | tok/s 717671 | grad_norm 0.186
step 8370/20000 | loss 3.5013 | lr_mult 0.6725 | tok/s 717696 | grad_norm 0.198
step 8380/20000 | loss 3.4352 | lr_mult 0.6717 | tok/s 717719 | grad_norm 0.185
step 8390/20000 | loss 3.4748 | lr_mult 0.6709 | tok/s 717743 | grad_norm 0.203
step 8400/20000 | loss 3.5054 | lr_mult 0.6701 | tok/s 717768 | grad_norm 0.190
step 8410/20000 | loss 3.4717 | lr_mult 0.6694 | tok/s 717794 | grad_norm 0.204
step 8420/20000 | loss 3.5007 | lr_mult 0.6686 | tok/s 717819 | grad_norm 0.206
step 8430/20000 | loss 3.4652 | lr_mult 0.6678 | tok/s 717840 | grad_norm 0.190
step 8440/20000 | loss 3.5024 | lr_mult 0.6670 | tok/s 717865 | grad_norm 0.178
step 8450/20000 | loss 3.4861 | lr_mult 0.6663 | tok/s 717889 | grad_norm 0.183
step 8460/20000 | loss 3.4748 | lr_mult 0.6655 | tok/s 717913 | grad_norm 0.180
step 8470/20000 | loss 3.4629 | lr_mult 0.6647 | tok/s 717938 | grad_norm 0.181
step 8480/20000 | loss 3.4735 | lr_mult 0.6639 | tok/s 717962 | grad_norm 0.200
step 8490/20000 | loss 3.4263 | lr_mult 0.6631 | tok/s 717986 | grad_norm 0.179
step 8500/20000 | loss 3.4721 | lr_mult 0.6623 | tok/s 718011 | grad_norm 0.193
step 8500/20000 | val_loss 3.4655
step 8510/20000 | loss 3.4628 | lr_mult 0.6616 | tok/s 716895 | grad_norm 0.197
step 8520/20000 | loss 3.4401 | lr_mult 0.6608 | tok/s 716921 | grad_norm 0.193
step 8530/20000 | loss 3.4453 | lr_mult 0.6600 | tok/s 716943 | grad_norm 0.176
step 8540/20000 | loss 3.4572 | lr_mult 0.6592 | tok/s 716969 | grad_norm 0.185
step 8550/20000 | loss 3.4949 | lr_mult 0.6584 | tok/s 716994 | grad_norm 0.184
step 8560/20000 | loss 3.4511 | lr_mult 0.6577 | tok/s 717019 | grad_norm 0.181
step 8570/20000 | loss 3.4854 | lr_mult 0.6569 | tok/s 717045 | grad_norm 0.176
step 8580/20000 | loss 3.4180 | lr_mult 0.6561 | tok/s 717068 | grad_norm 0.180
step 8590/20000 | loss 3.4764 | lr_mult 0.6553 | tok/s 717093 | grad_norm 0.190
step 8600/20000 | loss 3.4900 | lr_mult 0.6545 | tok/s 717119 | grad_norm 0.205
step 8610/20000 | loss 3.4935 | lr_mult 0.6537 | tok/s 717143 | grad_norm 0.175
step 8620/20000 | loss 3.4629 | lr_mult 0.6529 | tok/s 717167 | grad_norm 0.171
step 8630/20000 | loss 3.4735 | lr_mult 0.6521 | tok/s 717192 | grad_norm 0.178
step 8640/20000 | loss 3.4906 | lr_mult 0.6514 | tok/s 717217 | grad_norm 0.175
step 8650/20000 | loss 3.5045 | lr_mult 0.6506 | tok/s 717242 | grad_norm 0.192
step 8660/20000 | loss 3.4582 | lr_mult 0.6498 | tok/s 717262 | grad_norm 0.175
step 8670/20000 | loss 3.4672 | lr_mult 0.6490 | tok/s 717286 | grad_norm 0.181
step 8680/20000 | loss 3.4732 | lr_mult 0.6482 | tok/s 717310 | grad_norm 0.168
step 8690/20000 | loss 3.4436 | lr_mult 0.6474 | tok/s 717332 | grad_norm 0.179
step 8700/20000 | loss 3.4889 | lr_mult 0.6466 | tok/s 717355 | grad_norm 0.188
step 8710/20000 | loss 3.4803 | lr_mult 0.6458 | tok/s 717379 | grad_norm 0.158
step 8720/20000 | loss 3.4965 | lr_mult 0.6450 | tok/s 717403 | grad_norm 0.189
step 8730/20000 | loss 3.4569 | lr_mult 0.6443 | tok/s 717427 | grad_norm 0.181
step 8740/20000 | loss 3.4758 | lr_mult 0.6435 | tok/s 717452 | grad_norm 0.186
step 8750/20000 | loss 3.4604 | lr_mult 0.6427 | tok/s 717476 | grad_norm 0.174
step 8760/20000 | loss 3.5354 | lr_mult 0.6419 | tok/s 717499 | grad_norm 0.178
step 8770/20000 | loss 3.4307 | lr_mult 0.6411 | tok/s 717524 | grad_norm 0.180
step 8780/20000 | loss 3.4448 | lr_mult 0.6403 | tok/s 717548 | grad_norm 0.184
step 8790/20000 | loss 3.4523 | lr_mult 0.6395 | tok/s 717570 | grad_norm 0.193
step 8800/20000 | loss 3.4209 | lr_mult 0.6387 | tok/s 717595 | grad_norm 0.187
step 8810/20000 | loss 3.4365 | lr_mult 0.6379 | tok/s 717619 | grad_norm 0.186
step 8820/20000 | loss 3.4352 | lr_mult 0.6371 | tok/s 717642 | grad_norm 0.170
step 8830/20000 | loss 3.4536 | lr_mult 0.6363 | tok/s 717666 | grad_norm 0.173
step 8840/20000 | loss 3.4280 | lr_mult 0.6355 | tok/s 717690 | grad_norm 0.174
step 8850/20000 | loss 3.4815 | lr_mult 0.6347 | tok/s 717715 | grad_norm 0.174
step 8860/20000 | loss 3.4531 | lr_mult 0.6339 | tok/s 717738 | grad_norm 0.182
step 8870/20000 | loss 3.4399 | lr_mult 0.6331 | tok/s 717757 | grad_norm 0.190
step 8880/20000 | loss 3.4154 | lr_mult 0.6323 | tok/s 717779 | grad_norm 0.180
step 8890/20000 | loss 3.4793 | lr_mult 0.6315 | tok/s 717803 | grad_norm 0.173
step 8900/20000 | loss 3.4842 | lr_mult 0.6307 | tok/s 717827 | grad_norm 0.185
step 8910/20000 | loss 3.4136 | lr_mult 0.6299 | tok/s 717849 | grad_norm 0.186
step 8920/20000 | loss 3.4361 | lr_mult 0.6291 | tok/s 717871 | grad_norm 0.181
step 8930/20000 | loss 3.4581 | lr_mult 0.6283 | tok/s 717893 | grad_norm 0.185
step 8940/20000 | loss 3.4584 | lr_mult 0.6275 | tok/s 717917 | grad_norm 0.198
step 8950/20000 | loss 3.4487 | lr_mult 0.6267 | tok/s 717940 | grad_norm 0.169
step 8960/20000 | loss 3.4351 | lr_mult 0.6259 | tok/s 717961 | grad_norm 0.202
step 8970/20000 | loss 3.4316 | lr_mult 0.6251 | tok/s 717984 | grad_norm 0.164
step 8980/20000 | loss 3.4704 | lr_mult 0.6243 | tok/s 718006 | grad_norm 0.186
step 8990/20000 | loss 3.4578 | lr_mult 0.6235 | tok/s 718026 | grad_norm 0.171
step 9000/20000 | loss 3.4443 | lr_mult 0.6227 | tok/s 718049 | grad_norm 0.196
step 9000/20000 | val_loss 3.4509
step 9010/20000 | loss 3.4427 | lr_mult 0.6219 | tok/s 716994 | grad_norm 0.171
step 9020/20000 | loss 3.4671 | lr_mult 0.6211 | tok/s 717016 | grad_norm 0.180
step 9030/20000 | loss 3.4598 | lr_mult 0.6203 | tok/s 717040 | grad_norm 0.172
step 9040/20000 | loss 3.4460 | lr_mult 0.6195 | tok/s 717064 | grad_norm 0.178
step 9050/20000 | loss 3.4832 | lr_mult 0.6187 | tok/s 717088 | grad_norm 0.181
step 9060/20000 | loss 3.4752 | lr_mult 0.6179 | tok/s 717111 | grad_norm 0.179
step 9070/20000 | loss 3.5049 | lr_mult 0.6171 | tok/s 717136 | grad_norm 0.179
step 9080/20000 | loss 3.4487 | lr_mult 0.6163 | tok/s 717160 | grad_norm 0.182
step 9090/20000 | loss 3.4627 | lr_mult 0.6155 | tok/s 717184 | grad_norm 0.172
step 9100/20000 | loss 3.4268 | lr_mult 0.6147 | tok/s 717207 | grad_norm 0.182
step 9110/20000 | loss 3.4193 | lr_mult 0.6139 | tok/s 717229 | grad_norm 0.173
step 9120/20000 | loss 3.4034 | lr_mult 0.6131 | tok/s 717249 | grad_norm 0.172
step 9130/20000 | loss 3.4182 | lr_mult 0.6123 | tok/s 717272 | grad_norm 0.170
step 9140/20000 | loss 3.4351 | lr_mult 0.6115 | tok/s 717295 | grad_norm 0.175
step 9150/20000 | loss 3.4370 | lr_mult 0.6107 | tok/s 717317 | grad_norm 0.159
step 9160/20000 | loss 3.4748 | lr_mult 0.6099 | tok/s 717339 | grad_norm 0.174
step 9170/20000 | loss 3.4791 | lr_mult 0.6091 | tok/s 717362 | grad_norm 0.167
step 9180/20000 | loss 3.4309 | lr_mult 0.6083 | tok/s 717385 | grad_norm 0.171
step 9190/20000 | loss 3.4783 | lr_mult 0.6075 | tok/s 717408 | grad_norm 0.175
step 9200/20000 | loss 3.4243 | lr_mult 0.6066 | tok/s 717431 | grad_norm 0.168
step 9210/20000 | loss 3.3961 | lr_mult 0.6058 | tok/s 717452 | grad_norm 0.166
step 9220/20000 | loss 3.4727 | lr_mult 0.6050 | tok/s 717475 | grad_norm 0.170
step 9230/20000 | loss 3.4573 | lr_mult 0.6042 | tok/s 717498 | grad_norm 0.172
step 9240/20000 | loss 3.4694 | lr_mult 0.6034 | tok/s 717521 | grad_norm 0.183
step 9250/20000 | loss 3.4361 | lr_mult 0.6026 | tok/s 717541 | grad_norm 0.178
step 9260/20000 | loss 3.4077 | lr_mult 0.6018 | tok/s 717563 | grad_norm 0.171
step 9270/20000 | loss 3.4161 | lr_mult 0.6010 | tok/s 717584 | grad_norm 0.155
step 9280/20000 | loss 3.4786 | lr_mult 0.6002 | tok/s 717605 | grad_norm 0.183
step 9290/20000 | loss 3.4493 | lr_mult 0.5994 | tok/s 717626 | grad_norm 0.164
step 9300/20000 | loss 3.4070 | lr_mult 0.5986 | tok/s 717649 | grad_norm 0.193
step 9310/20000 | loss 3.4236 | lr_mult 0.5977 | tok/s 717669 | grad_norm 0.189
step 9320/20000 | loss 3.4215 | lr_mult 0.5969 | tok/s 717691 | grad_norm 0.174
step 9330/20000 | loss 3.4266 | lr_mult 0.5961 | tok/s 717710 | grad_norm 0.170
step 9340/20000 | loss 3.4862 | lr_mult 0.5953 | tok/s 717732 | grad_norm 0.173
step 9350/20000 | loss 3.4074 | lr_mult 0.5945 | tok/s 717754 | grad_norm 0.180
step 9360/20000 | loss 3.4457 | lr_mult 0.5937 | tok/s 717775 | grad_norm 0.179
step 9370/20000 | loss 3.4520 | lr_mult 0.5929 | tok/s 717796 | grad_norm 0.166
step 9380/20000 | loss 3.4808 | lr_mult 0.5921 | tok/s 717813 | grad_norm 0.174
step 9390/20000 | loss 3.4157 | lr_mult 0.5913 | tok/s 717831 | grad_norm 0.161
step 9400/20000 | loss 3.4342 | lr_mult 0.5904 | tok/s 717851 | grad_norm 0.168
step 9410/20000 | loss 3.4526 | lr_mult 0.5896 | tok/s 717873 | grad_norm 0.170
step 9420/20000 | loss 3.4181 | lr_mult 0.5888 | tok/s 717896 | grad_norm 0.161
step 9430/20000 | loss 3.4447 | lr_mult 0.5880 | tok/s 717918 | grad_norm 0.175
step 9440/20000 | loss 3.4833 | lr_mult 0.5872 | tok/s 717940 | grad_norm 0.179
step 9450/20000 | loss 3.4524 | lr_mult 0.5864 | tok/s 717961 | grad_norm 0.179
step 9460/20000 | loss 3.4488 | lr_mult 0.5856 | tok/s 717983 | grad_norm 0.172
step 9470/20000 | loss 3.4737 | lr_mult 0.5847 | tok/s 718005 | grad_norm 0.164
step 9480/20000 | loss 3.4510 | lr_mult 0.5839 | tok/s 718027 | grad_norm 0.185
step 9490/20000 | loss 3.4288 | lr_mult 0.5831 | tok/s 718046 | grad_norm 0.196
step 9500/20000 | loss 3.4454 | lr_mult 0.5823 | tok/s 718068 | grad_norm 0.175
step 9500/20000 | val_loss 3.4363
step 9510/20000 | loss 3.4274 | lr_mult 0.5815 | tok/s 717070 | grad_norm 0.179
step 9520/20000 | loss 3.3949 | lr_mult 0.5807 | tok/s 717092 | grad_norm 0.160
step 9530/20000 | loss 3.4102 | lr_mult 0.5798 | tok/s 717113 | grad_norm 0.168
step 9540/20000 | loss 3.4333 | lr_mult 0.5790 | tok/s 717132 | grad_norm 0.179
step 9550/20000 | loss 3.4353 | lr_mult 0.5782 | tok/s 717152 | grad_norm 0.174
step 9560/20000 | loss 3.4056 | lr_mult 0.5774 | tok/s 717173 | grad_norm 0.162
step 9570/20000 | loss 3.4523 | lr_mult 0.5766 | tok/s 717194 | grad_norm 0.177
step 9580/20000 | loss 3.4649 | lr_mult 0.5758 | tok/s 717216 | grad_norm 0.182
step 9590/20000 | loss 3.4694 | lr_mult 0.5749 | tok/s 717239 | grad_norm 0.163
step 9600/20000 | loss 3.4102 | lr_mult 0.5741 | tok/s 717258 | grad_norm 0.172
step 9610/20000 | loss 3.4770 | lr_mult 0.5733 | tok/s 717280 | grad_norm 0.185
step 9620/20000 | loss 3.4343 | lr_mult 0.5725 | tok/s 717303 | grad_norm 0.170
step 9630/20000 | loss 3.4441 | lr_mult 0.5717 | tok/s 717326 | grad_norm 0.173
step 9640/20000 | loss 3.4114 | lr_mult 0.5709 | tok/s 717349 | grad_norm 0.183
step 9650/20000 | loss 3.4441 | lr_mult 0.5700 | tok/s 717369 | grad_norm 0.190
step 9660/20000 | loss 3.4428 | lr_mult 0.5692 | tok/s 717390 | grad_norm 0.178
step 9670/20000 | loss 3.4796 | lr_mult 0.5684 | tok/s 717411 | grad_norm 0.169
step 9680/20000 | loss 3.4922 | lr_mult 0.5676 | tok/s 717432 | grad_norm 0.169
step 9690/20000 | loss 3.5004 | lr_mult 0.5668 | tok/s 717454 | grad_norm 0.168
step 9700/20000 | loss 3.3976 | lr_mult 0.5659 | tok/s 717476 | grad_norm 0.168
step 9710/20000 | loss 3.4069 | lr_mult 0.5651 | tok/s 717498 | grad_norm 0.159
step 9720/20000 | loss 3.4161 | lr_mult 0.5643 | tok/s 717519 | grad_norm 0.161
step 9730/20000 | loss 3.4213 | lr_mult 0.5635 | tok/s 717540 | grad_norm 0.173
step 9740/20000 | loss 3.4133 | lr_mult 0.5627 | tok/s 717561 | grad_norm 0.157
step 9750/20000 | loss 3.4489 | lr_mult 0.5618 | tok/s 717582 | grad_norm 0.163
step 9760/20000 | loss 3.4599 | lr_mult 0.5610 | tok/s 717604 | grad_norm 0.170
step 9770/20000 | loss 3.4371 | lr_mult 0.5602 | tok/s 717626 | grad_norm 0.164
step 9780/20000 | loss 3.4551 | lr_mult 0.5594 | tok/s 717645 | grad_norm 0.180
step 9790/20000 | loss 3.4467 | lr_mult 0.5586 | tok/s 717666 | grad_norm 0.171
step 9800/20000 | loss 3.4157 | lr_mult 0.5577 | tok/s 717688 | grad_norm 0.162
step 9810/20000 | loss 3.4080 | lr_mult 0.5569 | tok/s 717706 | grad_norm 0.176
step 9820/20000 | loss 3.4125 | lr_mult 0.5561 | tok/s 717727 | grad_norm 0.161
step 9830/20000 | loss 3.4207 | lr_mult 0.5553 | tok/s 717749 | grad_norm 0.177
step 9840/20000 | loss 3.4505 | lr_mult 0.5545 | tok/s 717770 | grad_norm 0.159
step 9850/20000 | loss 3.4163 | lr_mult 0.5536 | tok/s 717791 | grad_norm 0.162
step 9860/20000 | loss 3.4067 | lr_mult 0.5528 | tok/s 717812 | grad_norm 0.178
step 9870/20000 | loss 3.4048 | lr_mult 0.5520 | tok/s 717831 | grad_norm 0.177
step 9880/20000 | loss 3.4213 | lr_mult 0.5512 | tok/s 717852 | grad_norm 0.162
step 9890/20000 | loss 3.4007 | lr_mult 0.5503 | tok/s 717873 | grad_norm 0.170
step 9900/20000 | loss 3.3916 | lr_mult 0.5495 | tok/s 717893 | grad_norm 0.166
step 9910/20000 | loss 3.4421 | lr_mult 0.5487 | tok/s 717914 | grad_norm 0.176
step 9920/20000 | loss 3.4004 | lr_mult 0.5479 | tok/s 717935 | grad_norm 0.163
step 9930/20000 | loss 3.4244 | lr_mult 0.5471 | tok/s 717955 | grad_norm 0.169
step 9940/20000 | loss 3.4282 | lr_mult 0.5462 | tok/s 717975 | grad_norm 0.166
step 9950/20000 | loss 3.4087 | lr_mult 0.5454 | tok/s 717994 | grad_norm 0.167
step 9960/20000 | loss 3.3951 | lr_mult 0.5446 | tok/s 718015 | grad_norm 0.181
step 9970/20000 | loss 3.4188 | lr_mult 0.5438 | tok/s 718035 | grad_norm 0.160
step 9980/20000 | loss 3.4332 | lr_mult 0.5429 | tok/s 718055 | grad_norm 0.167
step 9990/20000 | loss 3.4191 | lr_mult 0.5421 | tok/s 718076 | grad_norm 0.156
step 10000/20000 | loss 3.3998 | lr_mult 0.5413 | tok/s 718096 | grad_norm 0.169
step 10000/20000 | val_loss 3.4231
step 10010/20000 | loss 3.4159 | lr_mult 0.5405 | tok/s 717137 | grad_norm 0.171
step 10020/20000 | loss 3.4251 | lr_mult 0.5396 | tok/s 717156 | grad_norm 0.157
step 10030/20000 | loss 3.3697 | lr_mult 0.5388 | tok/s 717177 | grad_norm 0.175
step 10040/20000 | loss 3.4160 | lr_mult 0.5380 | tok/s 717197 | grad_norm 0.170
step 10050/20000 | loss 3.3934 | lr_mult 0.5372 | tok/s 717219 | grad_norm 0.169
step 10060/20000 | loss 3.4253 | lr_mult 0.5363 | tok/s 717239 | grad_norm 0.148
step 10070/20000 | loss 3.4146 | lr_mult 0.5355 | tok/s 717259 | grad_norm 0.185
step 10080/20000 | loss 3.4321 | lr_mult 0.5347 | tok/s 717278 | grad_norm 0.163
step 10090/20000 | loss 3.3549 | lr_mult 0.5339 | tok/s 717299 | grad_norm 0.160
step 10100/20000 | loss 3.4111 | lr_mult 0.5330 | tok/s 717320 | grad_norm 0.159
step 10110/20000 | loss 3.4604 | lr_mult 0.5322 | tok/s 717335 | grad_norm 0.155
step 10120/20000 | loss 3.3938 | lr_mult 0.5314 | tok/s 717355 | grad_norm 0.175
step 10130/20000 | loss 3.4296 | lr_mult 0.5306 | tok/s 717375 | grad_norm 0.175
step 10140/20000 | loss 3.4312 | lr_mult 0.5297 | tok/s 717396 | grad_norm 0.153
step 10150/20000 | loss 3.3921 | lr_mult 0.5289 | tok/s 717416 | grad_norm 0.165
step 10160/20000 | loss 3.4636 | lr_mult 0.5281 | tok/s 717436 | grad_norm 0.173
step 10170/20000 | loss 3.4615 | lr_mult 0.5273 | tok/s 717457 | grad_norm 0.169
step 10180/20000 | loss 3.4477 | lr_mult 0.5264 | tok/s 717476 | grad_norm 0.163
step 10190/20000 | loss 3.4214 | lr_mult 0.5256 | tok/s 717497 | grad_norm 0.187
step 10200/20000 | loss 3.4430 | lr_mult 0.5248 | tok/s 717518 | grad_norm 0.151
step 10210/20000 | loss 3.4457 | lr_mult 0.5240 | tok/s 717538 | grad_norm 0.173
step 10220/20000 | loss 3.4213 | lr_mult 0.5231 | tok/s 717558 | grad_norm 0.168
step 10230/20000 | loss 3.4301 | lr_mult 0.5223 | tok/s 717577 | grad_norm 0.160
step 10240/20000 | loss 3.4141 | lr_mult 0.5215 | tok/s 717596 | grad_norm 0.169
step 10250/20000 | loss 3.4268 | lr_mult 0.5207 | tok/s 717616 | grad_norm 0.162
step 10260/20000 | loss 3.4739 | lr_mult 0.5198 | tok/s 717635 | grad_norm 0.164
step 10270/20000 | loss 3.4332 | lr_mult 0.5190 | tok/s 717655 | grad_norm 0.162
step 10280/20000 | loss 3.4049 | lr_mult 0.5182 | tok/s 717675 | grad_norm 0.170
step 10290/20000 | loss 3.4204 | lr_mult 0.5174 | tok/s 717696 | grad_norm 0.158
step 10300/20000 | loss 3.4212 | lr_mult 0.5165 | tok/s 717715 | grad_norm 0.162
step 10310/20000 | loss 3.3985 | lr_mult 0.5157 | tok/s 717735 | grad_norm 0.170
step 10320/20000 | loss 3.4129 | lr_mult 0.5149 | tok/s 717753 | grad_norm 0.169
step 10330/20000 | loss 3.4374 | lr_mult 0.5141 | tok/s 717771 | grad_norm 0.179
step 10340/20000 | loss 3.3634 | lr_mult 0.5132 | tok/s 717789 | grad_norm 0.157
step 10350/20000 | loss 3.4146 | lr_mult 0.5124 | tok/s 717808 | grad_norm 0.170
step 10360/20000 | loss 3.4462 | lr_mult 0.5116 | tok/s 717826 | grad_norm 0.163
step 10370/20000 | loss 3.4132 | lr_mult 0.5107 | tok/s 717847 | grad_norm 0.166
step 10380/20000 | loss 3.4709 | lr_mult 0.5099 | tok/s 717867 | grad_norm 0.179
step 10390/20000 | loss 3.4036 | lr_mult 0.5091 | tok/s 717887 | grad_norm 0.167
step 10400/20000 | loss 3.4222 | lr_mult 0.5083 | tok/s 717907 | grad_norm 0.180
step 10410/20000 | loss 3.4265 | lr_mult 0.5074 | tok/s 717926 | grad_norm 0.180
step 10420/20000 | loss 3.4193 | lr_mult 0.5066 | tok/s 717946 | grad_norm 0.165
step 10430/20000 | loss 3.3743 | lr_mult 0.5058 | tok/s 717963 | grad_norm 0.163
step 10440/20000 | loss 3.4251 | lr_mult 0.5050 | tok/s 717980 | grad_norm 0.151
step 10450/20000 | loss 3.4297 | lr_mult 0.5041 | tok/s 717996 | grad_norm 0.161
step 10460/20000 | loss 3.3895 | lr_mult 0.5033 | tok/s 718014 | grad_norm 0.166
step 10470/20000 | loss 3.4113 | lr_mult 0.5025 | tok/s 718032 | grad_norm 0.156
step 10480/20000 | loss 3.4217 | lr_mult 0.5017 | tok/s 718051 | grad_norm 0.169
step 10490/20000 | loss 3.3357 | lr_mult 0.5008 | tok/s 718070 | grad_norm 0.171
step 10500/20000 | loss 3.3890 | lr_mult 0.5000 | tok/s 718089 | grad_norm 0.173
step 10500/20000 | val_loss 3.4083
step 10510/20000 | loss 3.4049 | lr_mult 0.4992 | tok/s 717184 | grad_norm 0.145
step 10520/20000 | loss 3.3482 | lr_mult 0.4983 | tok/s 717203 | grad_norm 0.156
step 10530/20000 | loss 3.4149 | lr_mult 0.4975 | tok/s 717223 | grad_norm 0.166
step 10540/20000 | loss 3.4141 | lr_mult 0.4967 | tok/s 717243 | grad_norm 0.162
step 10550/20000 | loss 3.4104 | lr_mult 0.4959 | tok/s 717264 | grad_norm 0.163
step 10560/20000 | loss 3.3903 | lr_mult 0.4950 | tok/s 717283 | grad_norm 0.171
step 10570/20000 | loss 3.4250 | lr_mult 0.4942 | tok/s 717302 | grad_norm 0.165
step 10580/20000 | loss 3.3991 | lr_mult 0.4934 | tok/s 717322 | grad_norm 0.149
step 10590/20000 | loss 3.4248 | lr_mult 0.4926 | tok/s 717342 | grad_norm 0.160
step 10600/20000 | loss 3.4518 | lr_mult 0.4917 | tok/s 717360 | grad_norm 0.165
step 10610/20000 | loss 3.3988 | lr_mult 0.4909 | tok/s 717377 | grad_norm 0.167
step 10620/20000 | loss 3.4305 | lr_mult 0.4901 | tok/s 717394 | grad_norm 0.174
step 10630/20000 | loss 3.3965 | lr_mult 0.4893 | tok/s 717407 | grad_norm 0.156
step 10640/20000 | loss 3.4139 | lr_mult 0.4884 | tok/s 717423 | grad_norm 0.176
step 10650/20000 | loss 3.3968 | lr_mult 0.4876 | tok/s 717442 | grad_norm 0.167
step 10660/20000 | loss 3.3604 | lr_mult 0.4868 | tok/s 717461 | grad_norm 0.167
step 10670/20000 | loss 3.3975 | lr_mult 0.4859 | tok/s 717479 | grad_norm 0.163
step 10680/20000 | loss 3.4422 | lr_mult 0.4851 | tok/s 717498 | grad_norm 0.166
step 10690/20000 | loss 3.3835 | lr_mult 0.4843 | tok/s 717511 | grad_norm 0.159
step 10700/20000 | loss 3.3757 | lr_mult 0.4835 | tok/s 717528 | grad_norm 0.167
step 10710/20000 | loss 3.4230 | lr_mult 0.4826 | tok/s 717545 | grad_norm 0.158
step 10720/20000 | loss 3.4411 | lr_mult 0.4818 | tok/s 717563 | grad_norm 0.167
step 10730/20000 | loss 3.3772 | lr_mult 0.4810 | tok/s 717582 | grad_norm 0.153
step 10740/20000 | loss 3.4095 | lr_mult 0.4802 | tok/s 717601 | grad_norm 0.167
step 10750/20000 | loss 3.4102 | lr_mult 0.4793 | tok/s 717619 | grad_norm 0.166
step 10760/20000 | loss 3.4452 | lr_mult 0.4785 | tok/s 717636 | grad_norm 0.167
step 10770/20000 | loss 3.3772 | lr_mult 0.4777 | tok/s 717655 | grad_norm 0.193
step 10780/20000 | loss 3.3830 | lr_mult 0.4769 | tok/s 717673 | grad_norm 0.160
step 10790/20000 | loss 3.4502 | lr_mult 0.4760 | tok/s 717692 | grad_norm 0.170
step 10800/20000 | loss 3.4278 | lr_mult 0.4752 | tok/s 717710 | grad_norm 0.170
step 10810/20000 | loss 3.3946 | lr_mult 0.4744 | tok/s 717729 | grad_norm 0.162
step 10820/20000 | loss 3.4086 | lr_mult 0.4736 | tok/s 717746 | grad_norm 0.164
step 10830/20000 | loss 3.4030 | lr_mult 0.4727 | tok/s 717764 | grad_norm 0.167
step 10840/20000 | loss 3.4016 | lr_mult 0.4719 | tok/s 717783 | grad_norm 0.175
step 10850/20000 | loss 3.3870 | lr_mult 0.4711 | tok/s 717802 | grad_norm 0.151
step 10860/20000 | loss 3.3674 | lr_mult 0.4703 | tok/s 717820 | grad_norm 0.170
step 10870/20000 | loss 3.4024 | lr_mult 0.4694 | tok/s 717838 | grad_norm 0.157
step 10880/20000 | loss 3.4439 | lr_mult 0.4686 | tok/s 717857 | grad_norm 0.155
step 10890/20000 | loss 3.3818 | lr_mult 0.4678 | tok/s 717875 | grad_norm 0.158
step 10900/20000 | loss 3.4061 | lr_mult 0.4670 | tok/s 717893 | grad_norm 0.161
step 10910/20000 | loss 3.3766 | lr_mult 0.4661 | tok/s 717912 | grad_norm 0.165
step 10920/20000 | loss 3.3720 | lr_mult 0.4653 | tok/s 717930 | grad_norm 0.154
step 10930/20000 | loss 3.3650 | lr_mult 0.4645 | tok/s 717949 | grad_norm 0.171
step 10940/20000 | loss 3.3877 | lr_mult 0.4637 | tok/s 717968 | grad_norm 0.149
step 10950/20000 | loss 3.4218 | lr_mult 0.4628 | tok/s 717987 | grad_norm 0.180
step 10960/20000 | loss 3.3982 | lr_mult 0.4620 | tok/s 718005 | grad_norm 0.156
step 10970/20000 | loss 3.4007 | lr_mult 0.4612 | tok/s 718021 | grad_norm 0.157
step 10980/20000 | loss 3.4108 | lr_mult 0.4604 | tok/s 718040 | grad_norm 0.159
step 10990/20000 | loss 3.3918 | lr_mult 0.4595 | tok/s 718058 | grad_norm 0.165
step 11000/20000 | loss 3.3850 | lr_mult 0.4587 | tok/s 718075 | grad_norm 0.160
step 11000/20000 | val_loss 3.3939
step 11010/20000 | loss 3.3695 | lr_mult 0.4579 | tok/s 717213 | grad_norm 0.167
step 11020/20000 | loss 3.3998 | lr_mult 0.4571 | tok/s 717232 | grad_norm 0.166
step 11030/20000 | loss 3.3503 | lr_mult 0.4562 | tok/s 717246 | grad_norm 0.162
step 11040/20000 | loss 3.4151 | lr_mult 0.4554 | tok/s 717265 | grad_norm 0.152
step 11050/20000 | loss 3.4226 | lr_mult 0.4546 | tok/s 717283 | grad_norm 0.171
step 11060/20000 | loss 3.3481 | lr_mult 0.4538 | tok/s 717301 | grad_norm 0.156
step 11070/20000 | loss 3.3945 | lr_mult 0.4529 | tok/s 717318 | grad_norm 0.151
step 11080/20000 | loss 3.3933 | lr_mult 0.4521 | tok/s 717333 | grad_norm 0.151
step 11090/20000 | loss 3.3699 | lr_mult 0.4513 | tok/s 717345 | grad_norm 0.167
step 11100/20000 | loss 3.4020 | lr_mult 0.4505 | tok/s 717351 | grad_norm 0.171
step 11110/20000 | loss 3.3920 | lr_mult 0.4497 | tok/s 717368 | grad_norm 0.163
step 11120/20000 | loss 3.3637 | lr_mult 0.4488 | tok/s 717382 | grad_norm 0.157
step 11130/20000 | loss 3.4139 | lr_mult 0.4480 | tok/s 717401 | grad_norm 0.156
step 11140/20000 | loss 3.3632 | lr_mult 0.4472 | tok/s 717420 | grad_norm 0.171
step 11150/20000 | loss 3.3686 | lr_mult 0.4464 | tok/s 717438 | grad_norm 0.180
step 11160/20000 | loss 3.4212 | lr_mult 0.4455 | tok/s 717456 | grad_norm 0.159
step 11170/20000 | loss 3.3830 | lr_mult 0.4447 | tok/s 717475 | grad_norm 0.176
step 11180/20000 | loss 3.3820 | lr_mult 0.4439 | tok/s 717495 | grad_norm 0.143
step 11190/20000 | loss 3.3927 | lr_mult 0.4431 | tok/s 717510 | grad_norm 0.159
step 11200/20000 | loss 3.3917 | lr_mult 0.4423 | tok/s 717528 | grad_norm 0.172
step 11210/20000 | loss 3.3707 | lr_mult 0.4414 | tok/s 717547 | grad_norm 0.169
step 11220/20000 | loss 3.4194 | lr_mult 0.4406 | tok/s 717563 | grad_norm 0.147
step 11230/20000 | loss 3.4048 | lr_mult 0.4398 | tok/s 717581 | grad_norm 0.167
step 11240/20000 | loss 3.3529 | lr_mult 0.4390 | tok/s 717599 | grad_norm 0.153
step 11250/20000 | loss 3.3806 | lr_mult 0.4382 | tok/s 717616 | grad_norm 0.154
step 11260/20000 | loss 3.3961 | lr_mult 0.4373 | tok/s 717634 | grad_norm 0.165
step 11270/20000 | loss 3.3990 | lr_mult 0.4365 | tok/s 717653 | grad_norm 0.161
step 11280/20000 | loss 3.3430 | lr_mult 0.4357 | tok/s 717672 | grad_norm 0.170
step 11290/20000 | loss 3.3620 | lr_mult 0.4349 | tok/s 717690 | grad_norm 0.153
step 11300/20000 | loss 3.3645 | lr_mult 0.4341 | tok/s 717709 | grad_norm 0.149
step 11310/20000 | loss 3.3915 | lr_mult 0.4332 | tok/s 717726 | grad_norm 0.153
step 11320/20000 | loss 3.4096 | lr_mult 0.4324 | tok/s 717743 | grad_norm 0.163
step 11330/20000 | loss 3.3695 | lr_mult 0.4316 | tok/s 717761 | grad_norm 0.151
step 11340/20000 | loss 3.3823 | lr_mult 0.4308 | tok/s 717779 | grad_norm 0.158
step 11350/20000 | loss 3.4047 | lr_mult 0.4300 | tok/s 717797 | grad_norm 0.152
step 11360/20000 | loss 3.3858 | lr_mult 0.4291 | tok/s 717813 | grad_norm 0.155
step 11370/20000 | loss 3.4162 | lr_mult 0.4283 | tok/s 717831 | grad_norm 0.169
step 11380/20000 | loss 3.3679 | lr_mult 0.4275 | tok/s 717849 | grad_norm 0.157
step 11390/20000 | loss 3.4042 | lr_mult 0.4267 | tok/s 717866 | grad_norm 0.158
step 11400/20000 | loss 3.3979 | lr_mult 0.4259 | tok/s 717884 | grad_norm 0.171
step 11410/20000 | loss 3.3715 | lr_mult 0.4251 | tok/s 717901 | grad_norm 0.169
step 11420/20000 | loss 3.3938 | lr_mult 0.4242 | tok/s 717919 | grad_norm 0.162
step 11430/20000 | loss 3.4004 | lr_mult 0.4234 | tok/s 717937 | grad_norm 0.152
step 11440/20000 | loss 3.3748 | lr_mult 0.4226 | tok/s 717955 | grad_norm 0.155
step 11450/20000 | loss 3.4228 | lr_mult 0.4218 | tok/s 717973 | grad_norm 0.162
step 11460/20000 | loss 3.3861 | lr_mult 0.4210 | tok/s 717990 | grad_norm 0.168
step 11470/20000 | loss 3.3614 | lr_mult 0.4202 | tok/s 718006 | grad_norm 0.159
step 11480/20000 | loss 3.4253 | lr_mult 0.4193 | tok/s 718024 | grad_norm 0.154
step 11490/20000 | loss 3.3848 | lr_mult 0.4185 | tok/s 718043 | grad_norm 0.156
step 11500/20000 | loss 3.3496 | lr_mult 0.4177 | tok/s 718061 | grad_norm 0.150
step 11500/20000 | val_loss 3.3794
step 11510/20000 | loss 3.3762 | lr_mult 0.4169 | tok/s 717234 | grad_norm 0.143
step 11520/20000 | loss 3.4021 | lr_mult 0.4161 | tok/s 717253 | grad_norm 0.163
step 11530/20000 | loss 3.3988 | lr_mult 0.4153 | tok/s 717271 | grad_norm 0.155
step 11540/20000 | loss 3.4183 | lr_mult 0.4144 | tok/s 717289 | grad_norm 0.151
step 11550/20000 | loss 3.4254 | lr_mult 0.4136 | tok/s 717307 | grad_norm 0.168
step 11560/20000 | loss 3.3647 | lr_mult 0.4128 | tok/s 717324 | grad_norm 0.161
step 11570/20000 | loss 3.3507 | lr_mult 0.4120 | tok/s 717341 | grad_norm 0.146
step 11580/20000 | loss 3.3582 | lr_mult 0.4112 | tok/s 717360 | grad_norm 0.169
step 11590/20000 | loss 3.3673 | lr_mult 0.4104 | tok/s 717378 | grad_norm 0.167
step 11600/20000 | loss 3.3727 | lr_mult 0.4096 | tok/s 717394 | grad_norm 0.154
step 11610/20000 | loss 3.4033 | lr_mult 0.4087 | tok/s 717412 | grad_norm 0.167
step 11620/20000 | loss 3.3862 | lr_mult 0.4079 | tok/s 717430 | grad_norm 0.149
step 11630/20000 | loss 3.3999 | lr_mult 0.4071 | tok/s 717449 | grad_norm 0.170
step 11640/20000 | loss 3.3872 | lr_mult 0.4063 | tok/s 717465 | grad_norm 0.163
step 11650/20000 | loss 3.3916 | lr_mult 0.4055 | tok/s 717484 | grad_norm 0.157
step 11660/20000 | loss 3.4280 | lr_mult 0.4047 | tok/s 717501 | grad_norm 0.165
step 11670/20000 | loss 3.3529 | lr_mult 0.4039 | tok/s 717519 | grad_norm 0.159
step 11680/20000 | loss 3.3596 | lr_mult 0.4031 | tok/s 717536 | grad_norm 0.155
step 11690/20000 | loss 3.3711 | lr_mult 0.4023 | tok/s 717554 | grad_norm 0.153
step 11700/20000 | loss 3.3538 | lr_mult 0.4014 | tok/s 717569 | grad_norm 0.155
step 11710/20000 | loss 3.4234 | lr_mult 0.4006 | tok/s 717586 | grad_norm 0.159
step 11720/20000 | loss 3.3909 | lr_mult 0.3998 | tok/s 717601 | grad_norm 0.151
step 11730/20000 | loss 3.3704 | lr_mult 0.3990 | tok/s 717620 | grad_norm 0.151
step 11740/20000 | loss 3.3650 | lr_mult 0.3982 | tok/s 717638 | grad_norm 0.164
step 11750/20000 | loss 3.3713 | lr_mult 0.3974 | tok/s 717656 | grad_norm 0.167
step 11760/20000 | loss 3.3924 | lr_mult 0.3966 | tok/s 717674 | grad_norm 0.151
step 11770/20000 | loss 3.3653 | lr_mult 0.3958 | tok/s 717692 | grad_norm 0.152
step 11780/20000 | loss 3.3816 | lr_mult 0.3950 | tok/s 717710 | grad_norm 0.159
step 11790/20000 | loss 3.3533 | lr_mult 0.3942 | tok/s 717727 | grad_norm 0.157
step 11800/20000 | loss 3.3268 | lr_mult 0.3934 | tok/s 717745 | grad_norm 0.169
step 11810/20000 | loss 3.4313 | lr_mult 0.3925 | tok/s 717762 | grad_norm 0.163
step 11820/20000 | loss 3.3472 | lr_mult 0.3917 | tok/s 717780 | grad_norm 0.150
step 11830/20000 | loss 3.3990 | lr_mult 0.3909 | tok/s 717798 | grad_norm 0.157
step 11840/20000 | loss 3.3661 | lr_mult 0.3901 | tok/s 717816 | grad_norm 0.150
step 11850/20000 | loss 3.3918 | lr_mult 0.3893 | tok/s 717833 | grad_norm 0.151
step 11860/20000 | loss 3.3406 | lr_mult 0.3885 | tok/s 717850 | grad_norm 0.163
step 11870/20000 | loss 3.3347 | lr_mult 0.3877 | tok/s 717867 | grad_norm 0.163
step 11880/20000 | loss 3.3896 | lr_mult 0.3869 | tok/s 717884 | grad_norm 0.154
step 11890/20000 | loss 3.3502 | lr_mult 0.3861 | tok/s 717901 | grad_norm 0.156
step 11900/20000 | loss 3.3839 | lr_mult 0.3853 | tok/s 717918 | grad_norm 0.166
step 11910/20000 | loss 3.3766 | lr_mult 0.3845 | tok/s 717935 | grad_norm 0.152
step 11920/20000 | loss 3.4025 | lr_mult 0.3837 | tok/s 717953 | grad_norm 0.146
step 11930/20000 | loss 3.3314 | lr_mult 0.3829 | tok/s 717970 | grad_norm 0.160
step 11940/20000 | loss 3.3998 | lr_mult 0.3821 | tok/s 717987 | grad_norm 0.153
step 11950/20000 | loss 3.3825 | lr_mult 0.3813 | tok/s 718005 | grad_norm 0.149
step 11960/20000 | loss 3.3738 | lr_mult 0.3805 | tok/s 718022 | grad_norm 0.162
step 11970/20000 | loss 3.3690 | lr_mult 0.3797 | tok/s 718039 | grad_norm 0.162
step 11980/20000 | loss 3.3599 | lr_mult 0.3789 | tok/s 718056 | grad_norm 0.148
step 11990/20000 | loss 3.3816 | lr_mult 0.3781 | tok/s 718073 | grad_norm 0.172
step 12000/20000 | loss 3.3520 | lr_mult 0.3773 | tok/s 718090 | grad_norm 0.154
step 12000/20000 | val_loss 3.3660
step 12010/20000 | loss 3.3628 | lr_mult 0.3765 | tok/s 717297 | grad_norm 0.153
step 12020/20000 | loss 3.3645 | lr_mult 0.3757 | tok/s 717315 | grad_norm 0.150
step 12030/20000 | loss 3.3523 | lr_mult 0.3749 | tok/s 717333 | grad_norm 0.156
step 12040/20000 | loss 3.3679 | lr_mult 0.3741 | tok/s 717350 | grad_norm 0.157
step 12050/20000 | loss 3.4036 | lr_mult 0.3733 | tok/s 717368 | grad_norm 0.162
step 12060/20000 | loss 3.3842 | lr_mult 0.3725 | tok/s 717383 | grad_norm 0.157
step 12070/20000 | loss 3.3776 | lr_mult 0.3717 | tok/s 717401 | grad_norm 0.156
step 12080/20000 | loss 3.3587 | lr_mult 0.3709 | tok/s 717418 | grad_norm 0.151
step 12090/20000 | loss 3.3960 | lr_mult 0.3701 | tok/s 717436 | grad_norm 0.155
step 12100/20000 | loss 3.3890 | lr_mult 0.3693 | tok/s 717453 | grad_norm 0.148
step 12110/20000 | loss 3.3752 | lr_mult 0.3685 | tok/s 717471 | grad_norm 0.162
step 12120/20000 | loss 3.3593 | lr_mult 0.3677 | tok/s 717489 | grad_norm 0.157
step 12130/20000 | loss 3.3567 | lr_mult 0.3669 | tok/s 717506 | grad_norm 0.149
step 12140/20000 | loss 3.3709 | lr_mult 0.3661 | tok/s 717525 | grad_norm 0.155
step 12150/20000 | loss 3.3879 | lr_mult 0.3653 | tok/s 717542 | grad_norm 0.155
step 12160/20000 | loss 3.4086 | lr_mult 0.3645 | tok/s 717559 | grad_norm 0.149
step 12170/20000 | loss 3.4046 | lr_mult 0.3637 | tok/s 717577 | grad_norm 0.169
step 12180/20000 | loss 3.3627 | lr_mult 0.3629 | tok/s 717594 | grad_norm 0.162
step 12190/20000 | loss 3.3816 | lr_mult 0.3621 | tok/s 717612 | grad_norm 0.166
step 12200/20000 | loss 3.3753 | lr_mult 0.3613 | tok/s 717629 | grad_norm 0.158
step 12210/20000 | loss 3.3611 | lr_mult 0.3605 | tok/s 717645 | grad_norm 0.143
step 12220/20000 | loss 3.3864 | lr_mult 0.3597 | tok/s 717663 | grad_norm 0.152
step 12230/20000 | loss 3.3784 | lr_mult 0.3589 | tok/s 717680 | grad_norm 0.150
step 12240/20000 | loss 3.3267 | lr_mult 0.3581 | tok/s 717697 | grad_norm 0.154
step 12250/20000 | loss 3.3600 | lr_mult 0.3573 | tok/s 717714 | grad_norm 0.150
step 12260/20000 | loss 3.3435 | lr_mult 0.3565 | tok/s 717731 | grad_norm 0.150
step 12270/20000 | loss 3.3415 | lr_mult 0.3557 | tok/s 717747 | grad_norm 0.155
step 12280/20000 | loss 3.3277 | lr_mult 0.3550 | tok/s 717765 | grad_norm 0.156
step 12290/20000 | loss 3.3340 | lr_mult 0.3542 | tok/s 717781 | grad_norm 0.147
step 12300/20000 | loss 3.3292 | lr_mult 0.3534 | tok/s 717797 | grad_norm 0.166
step 12310/20000 | loss 3.3646 | lr_mult 0.3526 | tok/s 717814 | grad_norm 0.166
step 12320/20000 | loss 3.3829 | lr_mult 0.3518 | tok/s 717831 | grad_norm 0.156
step 12330/20000 | loss 3.3209 | lr_mult 0.3510 | tok/s 717847 | grad_norm 0.145
step 12340/20000 | loss 3.3697 | lr_mult 0.3502 | tok/s 717863 | grad_norm 0.176
step 12350/20000 | loss 3.3621 | lr_mult 0.3494 | tok/s 717879 | grad_norm 0.147
step 12360/20000 | loss 3.3864 | lr_mult 0.3486 | tok/s 717895 | grad_norm 0.163
step 12370/20000 | loss 3.3881 | lr_mult 0.3479 | tok/s 717912 | grad_norm 0.148
step 12380/20000 | loss 3.3307 | lr_mult 0.3471 | tok/s 717928 | grad_norm 0.147
step 12390/20000 | loss 3.3707 | lr_mult 0.3463 | tok/s 717944 | grad_norm 0.141
step 12400/20000 | loss 3.3609 | lr_mult 0.3455 | tok/s 717960 | grad_norm 0.151
step 12410/20000 | loss 3.3244 | lr_mult 0.3447 | tok/s 717973 | grad_norm 0.144
step 12420/20000 | loss 3.3326 | lr_mult 0.3439 | tok/s 717989 | grad_norm 0.163
step 12430/20000 | loss 3.3338 | lr_mult 0.3431 | tok/s 718005 | grad_norm 0.148
step 12440/20000 | loss 3.3431 | lr_mult 0.3423 | tok/s 718021 | grad_norm 0.155
step 12450/20000 | loss 3.3403 | lr_mult 0.3416 | tok/s 718038 | grad_norm 0.156
step 12460/20000 | loss 3.3679 | lr_mult 0.3408 | tok/s 718054 | grad_norm 0.146
step 12470/20000 | loss 3.3999 | lr_mult 0.3400 | tok/s 718071 | grad_norm 0.143
step 12480/20000 | loss 3.3107 | lr_mult 0.3392 | tok/s 718088 | grad_norm 0.162
step 12490/20000 | loss 3.3696 | lr_mult 0.3384 | tok/s 718104 | grad_norm 0.146
step 12500/20000 | loss 3.3050 | lr_mult 0.3377 | tok/s 718115 | grad_norm 0.148
step 12500/20000 | val_loss 3.3516
step 12510/20000 | loss 3.3492 | lr_mult 0.3369 | tok/s 717342 | grad_norm 0.158
step 12520/20000 | loss 3.3772 | lr_mult 0.3361 | tok/s 717356 | grad_norm 0.160
step 12530/20000 | loss 3.3388 | lr_mult 0.3353 | tok/s 717373 | grad_norm 0.154
step 12540/20000 | loss 3.3762 | lr_mult 0.3345 | tok/s 717390 | grad_norm 0.146
step 12550/20000 | loss 3.3788 | lr_mult 0.3337 | tok/s 717406 | grad_norm 0.157
step 12560/20000 | loss 3.3719 | lr_mult 0.3330 | tok/s 717419 | grad_norm 0.152
step 12570/20000 | loss 3.3345 | lr_mult 0.3322 | tok/s 717436 | grad_norm 0.156
step 12580/20000 | loss 3.3247 | lr_mult 0.3314 | tok/s 717452 | grad_norm 0.142
step 12590/20000 | loss 3.3380 | lr_mult 0.3306 | tok/s 717469 | grad_norm 0.147
step 12600/20000 | loss 3.3589 | lr_mult 0.3299 | tok/s 717484 | grad_norm 0.149
step 12610/20000 | loss 3.3828 | lr_mult 0.3291 | tok/s 717500 | grad_norm 0.145
step 12620/20000 | loss 3.3503 | lr_mult 0.3283 | tok/s 717517 | grad_norm 0.143
step 12630/20000 | loss 3.3221 | lr_mult 0.3275 | tok/s 717533 | grad_norm 0.147
step 12640/20000 | loss 3.3547 | lr_mult 0.3267 | tok/s 717549 | grad_norm 0.162
step 12650/20000 | loss 3.3393 | lr_mult 0.3260 | tok/s 717565 | grad_norm 0.147
step 12660/20000 | loss 3.3946 | lr_mult 0.3252 | tok/s 717581 | grad_norm 0.155
step 12670/20000 | loss 3.3595 | lr_mult 0.3244 | tok/s 717596 | grad_norm 0.149
step 12680/20000 | loss 3.3529 | lr_mult 0.3236 | tok/s 717613 | grad_norm 0.155
step 12690/20000 | loss 3.3251 | lr_mult 0.3229 | tok/s 717629 | grad_norm 0.143
step 12700/20000 | loss 3.3502 | lr_mult 0.3221 | tok/s 717646 | grad_norm 0.146
step 12710/20000 | loss 3.3707 | lr_mult 0.3213 | tok/s 717662 | grad_norm 0.153
step 12720/20000 | loss 3.3393 | lr_mult 0.3206 | tok/s 717679 | grad_norm 0.172
step 12730/20000 | loss 3.3606 | lr_mult 0.3198 | tok/s 717693 | grad_norm 0.145
step 12740/20000 | loss 3.3199 | lr_mult 0.3190 | tok/s 717710 | grad_norm 0.152
step 12750/20000 | loss 3.3160 | lr_mult 0.3182 | tok/s 717726 | grad_norm 0.147
step 12760/20000 | loss 3.3392 | lr_mult 0.3175 | tok/s 717742 | grad_norm 0.149
step 12770/20000 | loss 3.3716 | lr_mult 0.3167 | tok/s 717759 | grad_norm 0.151
step 12780/20000 | loss 3.3685 | lr_mult 0.3159 | tok/s 717775 | grad_norm 0.154
step 12790/20000 | loss 3.3419 | lr_mult 0.3152 | tok/s 717791 | grad_norm 0.148
step 12800/20000 | loss 3.3604 | lr_mult 0.3144 | tok/s 717807 | grad_norm 0.167
step 12810/20000 | loss 3.3628 | lr_mult 0.3136 | tok/s 717821 | grad_norm 0.148
step 12820/20000 | loss 3.3602 | lr_mult 0.3129 | tok/s 717837 | grad_norm 0.163
step 12830/20000 | loss 3.3313 | lr_mult 0.3121 | tok/s 717854 | grad_norm 0.156
step 12840/20000 | loss 3.3572 | lr_mult 0.3113 | tok/s 717868 | grad_norm 0.153
step 12850/20000 | loss 3.3534 | lr_mult 0.3106 | tok/s 717884 | grad_norm 0.146
step 12860/20000 | loss 3.3666 | lr_mult 0.3098 | tok/s 717897 | grad_norm 0.163
step 12870/20000 | loss 3.3437 | lr_mult 0.3090 | tok/s 717914 | grad_norm 0.140
step 12880/20000 | loss 3.3409 | lr_mult 0.3083 | tok/s 717929 | grad_norm 0.147
step 12890/20000 | loss 3.3199 | lr_mult 0.3075 | tok/s 717945 | grad_norm 0.151
step 12900/20000 | loss 3.3376 | lr_mult 0.3068 | tok/s 717962 | grad_norm 0.151
step 12910/20000 | loss 3.3284 | lr_mult 0.3060 | tok/s 717977 | grad_norm 0.149
step 12920/20000 | loss 3.3434 | lr_mult 0.3052 | tok/s 717993 | grad_norm 0.144
step 12930/20000 | loss 3.3465 | lr_mult 0.3045 | tok/s 718009 | grad_norm 0.146
step 12940/20000 | loss 3.3426 | lr_mult 0.3037 | tok/s 718025 | grad_norm 0.145
step 12950/20000 | loss 3.3129 | lr_mult 0.3029 | tok/s 718041 | grad_norm 0.150
step 12960/20000 | loss 3.3311 | lr_mult 0.3022 | tok/s 718057 | grad_norm 0.155
step 12970/20000 | loss 3.2693 | lr_mult 0.3014 | tok/s 718071 | grad_norm 0.148
step 12980/20000 | loss 3.3780 | lr_mult 0.3007 | tok/s 718087 | grad_norm 0.149
step 12990/20000 | loss 3.3449 | lr_mult 0.2999 | tok/s 718103 | grad_norm 0.157
step 13000/20000 | loss 3.3389 | lr_mult 0.2992 | tok/s 718120 | grad_norm 0.157
step 13000/20000 | val_loss 3.3370
step 13010/20000 | loss 3.3820 | lr_mult 0.2984 | tok/s 717391 | grad_norm 0.148
step 13020/20000 | loss 3.3127 | lr_mult 0.2976 | tok/s 717407 | grad_norm 0.149
step 13030/20000 | loss 3.3130 | lr_mult 0.2969 | tok/s 717424 | grad_norm 0.157
step 13040/20000 | loss 3.3415 | lr_mult 0.2961 | tok/s 717440 | grad_norm 0.146
step 13050/20000 | loss 3.3545 | lr_mult 0.2954 | tok/s 717456 | grad_norm 0.150
step 13060/20000 | loss 3.3147 | lr_mult 0.2946 | tok/s 717471 | grad_norm 0.148
step 13070/20000 | loss 3.3560 | lr_mult 0.2939 | tok/s 717486 | grad_norm 0.150
step 13080/20000 | loss 3.3673 | lr_mult 0.2931 | tok/s 717502 | grad_norm 0.143
step 13090/20000 | loss 3.3569 | lr_mult 0.2924 | tok/s 717518 | grad_norm 0.156
step 13100/20000 | loss 3.3291 | lr_mult 0.2916 | tok/s 717534 | grad_norm 0.157
step 13110/20000 | loss 3.3626 | lr_mult 0.2909 | tok/s 717548 | grad_norm 0.154
step 13120/20000 | loss 3.3446 | lr_mult 0.2901 | tok/s 717564 | grad_norm 0.144
step 13130/20000 | loss 3.3444 | lr_mult 0.2894 | tok/s 717580 | grad_norm 0.146
step 13140/20000 | loss 3.3667 | lr_mult 0.2886 | tok/s 717595 | grad_norm 0.152
step 13150/20000 | loss 3.3523 | lr_mult 0.2879 | tok/s 717611 | grad_norm 0.149
step 13160/20000 | loss 3.3253 | lr_mult 0.2871 | tok/s 717626 | grad_norm 0.154
step 13170/20000 | loss 3.3214 | lr_mult 0.2864 | tok/s 717642 | grad_norm 0.153
step 13180/20000 | loss 3.3713 | lr_mult 0.2856 | tok/s 717658 | grad_norm 0.158
step 13190/20000 | loss 3.3567 | lr_mult 0.2849 | tok/s 717674 | grad_norm 0.163
step 13200/20000 | loss 3.3369 | lr_mult 0.2841 | tok/s 717690 | grad_norm 0.143
step 13210/20000 | loss 3.3358 | lr_mult 0.2834 | tok/s 717706 | grad_norm 0.156
step 13220/20000 | loss 3.3325 | lr_mult 0.2826 | tok/s 717719 | grad_norm 0.149
step 13230/20000 | loss 3.3518 | lr_mult 0.2819 | tok/s 717735 | grad_norm 0.148
step 13240/20000 | loss 3.3667 | lr_mult 0.2811 | tok/s 717749 | grad_norm 0.150
step 13250/20000 | loss 3.3203 | lr_mult 0.2804 | tok/s 717764 | grad_norm 0.142
step 13260/20000 | loss 3.3273 | lr_mult 0.2797 | tok/s 717777 | grad_norm 0.166
step 13270/20000 | loss 3.3181 | lr_mult 0.2789 | tok/s 717792 | grad_norm 0.139
step 13280/20000 | loss 3.3642 | lr_mult 0.2782 | tok/s 717808 | grad_norm 0.151
step 13290/20000 | loss 3.3527 | lr_mult 0.2774 | tok/s 717824 | grad_norm 0.140
step 13300/20000 | loss 3.3187 | lr_mult 0.2767 | tok/s 717838 | grad_norm 0.148
step 13310/20000 | loss 3.3417 | lr_mult 0.2760 | tok/s 717852 | grad_norm 0.159
step 13320/20000 | loss 3.3367 | lr_mult 0.2752 | tok/s 717867 | grad_norm 0.145
step 13330/20000 | loss 3.3459 | lr_mult 0.2745 | tok/s 717883 | grad_norm 0.150
step 13340/20000 | loss 3.3307 | lr_mult 0.2737 | tok/s 717898 | grad_norm 0.148
step 13350/20000 | loss 3.3656 | lr_mult 0.2730 | tok/s 717913 | grad_norm 0.156
step 13360/20000 | loss 3.3492 | lr_mult 0.2723 | tok/s 717926 | grad_norm 0.146
step 13370/20000 | loss 3.3246 | lr_mult 0.2715 | tok/s 717942 | grad_norm 0.159
step 13380/20000 | loss 3.3343 | lr_mult 0.2708 | tok/s 717956 | grad_norm 0.142
step 13390/20000 | loss 3.3500 | lr_mult 0.2701 | tok/s 717972 | grad_norm 0.148
step 13400/20000 | loss 3.3416 | lr_mult 0.2693 | tok/s 717988 | grad_norm 0.152
step 13410/20000 | loss 3.3645 | lr_mult 0.2686 | tok/s 718002 | grad_norm 0.151
step 13420/20000 | loss 3.3404 | lr_mult 0.2679 | tok/s 718017 | grad_norm 0.146
step 13430/20000 | loss 3.3079 | lr_mult 0.2671 | tok/s 718032 | grad_norm 0.152
step 13440/20000 | loss 3.3286 | lr_mult 0.2664 | tok/s 718044 | grad_norm 0.152
step 13450/20000 | loss 3.3075 | lr_mult 0.2657 | tok/s 718059 | grad_norm 0.150
step 13460/20000 | loss 3.3358 | lr_mult 0.2649 | tok/s 718071 | grad_norm 0.148
step 13470/20000 | loss 3.2999 | lr_mult 0.2642 | tok/s 718086 | grad_norm 0.154
step 13480/20000 | loss 3.3121 | lr_mult 0.2635 | tok/s 718101 | grad_norm 0.144
step 13490/20000 | loss 3.2878 | lr_mult 0.2628 | tok/s 718117 | grad_norm 0.142
step 13500/20000 | loss 3.3231 | lr_mult 0.2620 | tok/s 718132 | grad_norm 0.153
step 13500/20000 | val_loss 3.3227
step 13510/20000 | loss 3.2959 | lr_mult 0.2613 | tok/s 717428 | grad_norm 0.146
step 13520/20000 | loss 3.3054 | lr_mult 0.2606 | tok/s 717443 | grad_norm 0.150
step 13530/20000 | loss 3.3235 | lr_mult 0.2598 | tok/s 717459 | grad_norm 0.156
step 13540/20000 | loss 3.3589 | lr_mult 0.2591 | tok/s 717475 | grad_norm 0.155
step 13550/20000 | loss 3.2968 | lr_mult 0.2584 | tok/s 717490 | grad_norm 0.146
step 13560/20000 | loss 3.3250 | lr_mult 0.2577 | tok/s 717504 | grad_norm 0.150
step 13570/20000 | loss 3.3384 | lr_mult 0.2570 | tok/s 717520 | grad_norm 0.146
step 13580/20000 | loss 3.3564 | lr_mult 0.2562 | tok/s 717533 | grad_norm 0.152
step 13590/20000 | loss 3.3280 | lr_mult 0.2555 | tok/s 717545 | grad_norm 0.153
step 13600/20000 | loss 3.3045 | lr_mult 0.2548 | tok/s 717560 | grad_norm 0.154
step 13610/20000 | loss 3.3520 | lr_mult 0.2541 | tok/s 717575 | grad_norm 0.150
step 13620/20000 | loss 3.3806 | lr_mult 0.2533 | tok/s 717589 | grad_norm 0.149
step 13630/20000 | loss 3.3436 | lr_mult 0.2526 | tok/s 717605 | grad_norm 0.158
step 13640/20000 | loss 3.2884 | lr_mult 0.2519 | tok/s 717620 | grad_norm 0.150
step 13650/20000 | loss 3.3295 | lr_mult 0.2512 | tok/s 717634 | grad_norm 0.141
step 13660/20000 | loss 3.3243 | lr_mult 0.2505 | tok/s 717650 | grad_norm 0.150
step 13670/20000 | loss 3.3221 | lr_mult 0.2498 | tok/s 717666 | grad_norm 0.145
step 13680/20000 | loss 3.3211 | lr_mult 0.2490 | tok/s 717681 | grad_norm 0.153
step 13690/20000 | loss 3.3122 | lr_mult 0.2483 | tok/s 717695 | grad_norm 0.147
step 13700/20000 | loss 3.3187 | lr_mult 0.2476 | tok/s 717711 | grad_norm 0.146
step 13710/20000 | loss 3.2982 | lr_mult 0.2469 | tok/s 717725 | grad_norm 0.147
step 13720/20000 | loss 3.3039 | lr_mult 0.2462 | tok/s 717740 | grad_norm 0.148
step 13730/20000 | loss 3.2805 | lr_mult 0.2455 | tok/s 717755 | grad_norm 0.155
step 13740/20000 | loss 3.2806 | lr_mult 0.2448 | tok/s 717769 | grad_norm 0.148
step 13750/20000 | loss 3.3687 | lr_mult 0.2441 | tok/s 717784 | grad_norm 0.158
step 13760/20000 | loss 3.3287 | lr_mult 0.2433 | tok/s 717798 | grad_norm 0.155
step 13770/20000 | loss 3.3409 | lr_mult 0.2426 | tok/s 717813 | grad_norm 0.141
step 13780/20000 | loss 3.3041 | lr_mult 0.2419 | tok/s 717828 | grad_norm 0.140
step 13790/20000 | loss 3.3235 | lr_mult 0.2412 | tok/s 717843 | grad_norm 0.154
step 13800/20000 | loss 3.2741 | lr_mult 0.2405 | tok/s 717858 | grad_norm 0.160
step 13810/20000 | loss 3.3573 | lr_mult 0.2398 | tok/s 717873 | grad_norm 0.153
step 13820/20000 | loss 3.3206 | lr_mult 0.2391 | tok/s 717887 | grad_norm 0.141
step 13830/20000 | loss 3.3267 | lr_mult 0.2384 | tok/s 717901 | grad_norm 0.148
step 13840/20000 | loss 3.3077 | lr_mult 0.2377 | tok/s 717916 | grad_norm 0.148
step 13850/20000 | loss 3.3263 | lr_mult 0.2370 | tok/s 717932 | grad_norm 0.140
step 13860/20000 | loss 3.2817 | lr_mult 0.2363 | tok/s 717947 | grad_norm 0.150
step 13870/20000 | loss 3.3407 | lr_mult 0.2356 | tok/s 717962 | grad_norm 0.152
step 13880/20000 | loss 3.3433 | lr_mult 0.2349 | tok/s 717977 | grad_norm 0.149
step 13890/20000 | loss 3.2938 | lr_mult 0.2342 | tok/s 717990 | grad_norm 0.148
step 13900/20000 | loss 3.3518 | lr_mult 0.2335 | tok/s 718004 | grad_norm 0.148
step 13910/20000 | loss 3.3157 | lr_mult 0.2328 | tok/s 718019 | grad_norm 0.162
step 13920/20000 | loss 3.3491 | lr_mult 0.2321 | tok/s 718033 | grad_norm 0.154
step 13930/20000 | loss 3.3499 | lr_mult 0.2314 | tok/s 718047 | grad_norm 0.145
step 13940/20000 | loss 3.3163 | lr_mult 0.2307 | tok/s 718062 | grad_norm 0.151
step 13950/20000 | loss 3.3241 | lr_mult 0.2300 | tok/s 718077 | grad_norm 0.157
step 13960/20000 | loss 3.3147 | lr_mult 0.2293 | tok/s 718091 | grad_norm 0.152
step 13970/20000 | loss 3.3442 | lr_mult 0.2286 | tok/s 718104 | grad_norm 0.152
step 13980/20000 | loss 3.3250 | lr_mult 0.2279 | tok/s 718118 | grad_norm 0.152
step 13990/20000 | loss 3.3283 | lr_mult 0.2272 | tok/s 718133 | grad_norm 0.151
step 14000/20000 | loss 3.3277 | lr_mult 0.2265 | tok/s 718147 | grad_norm 0.150
step 14000/20000 | val_loss 3.3086
step 14010/20000 | loss 3.2840 | lr_mult 0.2258 | tok/s 717469 | grad_norm 0.140
step 14020/20000 | loss 3.3222 | lr_mult 0.2251 | tok/s 717483 | grad_norm 0.145
step 14030/20000 | loss 3.3165 | lr_mult 0.2245 | tok/s 717498 | grad_norm 0.147
step 14040/20000 | loss 3.3138 | lr_mult 0.2238 | tok/s 717512 | grad_norm 0.145
step 14050/20000 | loss 3.2991 | lr_mult 0.2231 | tok/s 717526 | grad_norm 0.153
step 14060/20000 | loss 3.3537 | lr_mult 0.2224 | tok/s 717539 | grad_norm 0.145
step 14070/20000 | loss 3.3393 | lr_mult 0.2217 | tok/s 717554 | grad_norm 0.146
step 14080/20000 | loss 3.2999 | lr_mult 0.2210 | tok/s 717569 | grad_norm 0.152
step 14090/20000 | loss 3.3104 | lr_mult 0.2203 | tok/s 717583 | grad_norm 0.143
step 14100/20000 | loss 3.3391 | lr_mult 0.2196 | tok/s 717598 | grad_norm 0.155
step 14110/20000 | loss 3.3471 | lr_mult 0.2190 | tok/s 717612 | grad_norm 0.150
step 14120/20000 | loss 3.2773 | lr_mult 0.2183 | tok/s 717627 | grad_norm 0.140
step 14130/20000 | loss 3.2925 | lr_mult 0.2176 | tok/s 717641 | grad_norm 0.148
step 14140/20000 | loss 3.2929 | lr_mult 0.2169 | tok/s 717656 | grad_norm 0.148
step 14150/20000 | loss 3.3431 | lr_mult 0.2162 | tok/s 717670 | grad_norm 0.149
step 14160/20000 | loss 3.3193 | lr_mult 0.2155 | tok/s 717684 | grad_norm 0.154
step 14170/20000 | loss 3.3220 | lr_mult 0.2149 | tok/s 717699 | grad_norm 0.145
step 14180/20000 | loss 3.3078 | lr_mult 0.2142 | tok/s 717713 | grad_norm 0.152
step 14190/20000 | loss 3.3242 | lr_mult 0.2135 | tok/s 717727 | grad_norm 0.161
step 14200/20000 | loss 3.3158 | lr_mult 0.2128 | tok/s 717742 | grad_norm 0.156
step 14210/20000 | loss 3.3203 | lr_mult 0.2122 | tok/s 717756 | grad_norm 0.154
step 14220/20000 | loss 3.2687 | lr_mult 0.2115 | tok/s 717770 | grad_norm 0.154
step 14230/20000 | loss 3.2829 | lr_mult 0.2108 | tok/s 717785 | grad_norm 0.147
step 14240/20000 | loss 3.3254 | lr_mult 0.2101 | tok/s 717799 | grad_norm 0.152
step 14250/20000 | loss 3.3124 | lr_mult 0.2095 | tok/s 717814 | grad_norm 0.147
step 14260/20000 | loss 3.3327 | lr_mult 0.2088 | tok/s 717828 | grad_norm 0.145
step 14270/20000 | loss 3.3276 | lr_mult 0.2081 | tok/s 717843 | grad_norm 0.154
step 14280/20000 | loss 3.3413 | lr_mult 0.2074 | tok/s 717858 | grad_norm 0.148
step 14290/20000 | loss 3.2957 | lr_mult 0.2068 | tok/s 717871 | grad_norm 0.150
step 14300/20000 | loss 3.2746 | lr_mult 0.2061 | tok/s 717885 | grad_norm 0.153
step 14310/20000 | loss 3.2924 | lr_mult 0.2054 | tok/s 717899 | grad_norm 0.144
step 14320/20000 | loss 3.3134 | lr_mult 0.2048 | tok/s 717912 | grad_norm 0.151
step 14330/20000 | loss 3.3130 | lr_mult 0.2041 | tok/s 717926 | grad_norm 0.151
step 14340/20000 | loss 3.3021 | lr_mult 0.2034 | tok/s 717941 | grad_norm 0.153
step 14350/20000 | loss 3.3013 | lr_mult 0.2028 | tok/s 717955 | grad_norm 0.146
step 14360/20000 | loss 3.2717 | lr_mult 0.2021 | tok/s 717969 | grad_norm 0.147
step 14370/20000 | loss 3.2754 | lr_mult 0.2014 | tok/s 717982 | grad_norm 0.151
step 14380/20000 | loss 3.2674 | lr_mult 0.2008 | tok/s 717996 | grad_norm 0.146
step 14390/20000 | loss 3.3012 | lr_mult 0.2001 | tok/s 718011 | grad_norm 0.148
step 14400/20000 | loss 3.3358 | lr_mult 0.1995 | tok/s 718025 | grad_norm 0.141
step 14410/20000 | loss 3.3140 | lr_mult 0.1988 | tok/s 718038 | grad_norm 0.150
step 14420/20000 | loss 3.3060 | lr_mult 0.1981 | tok/s 718052 | grad_norm 0.154
step 14430/20000 | loss 3.2959 | lr_mult 0.1975 | tok/s 718067 | grad_norm 0.148
step 14440/20000 | loss 3.2829 | lr_mult 0.1968 | tok/s 718082 | grad_norm 0.157
step 14450/20000 | loss 3.3136 | lr_mult 0.1962 | tok/s 718095 | grad_norm 0.141
step 14460/20000 | loss 3.2754 | lr_mult 0.1955 | tok/s 718109 | grad_norm 0.149
step 14470/20000 | loss 3.3239 | lr_mult 0.1949 | tok/s 718121 | grad_norm 0.149
step 14480/20000 | loss 3.2818 | lr_mult 0.1942 | tok/s 718134 | grad_norm 0.155
step 14490/20000 | loss 3.3173 | lr_mult 0.1935 | tok/s 718148 | grad_norm 0.143
step 14500/20000 | loss 3.3306 | lr_mult 0.1929 | tok/s 718160 | grad_norm 0.150
step 14500/20000 | val_loss 3.2948
step 14510/20000 | loss 3.3004 | lr_mult 0.1922 | tok/s 717504 | grad_norm 0.148
step 14520/20000 | loss 3.3238 | lr_mult 0.1916 | tok/s 717517 | grad_norm 0.148
step 14530/20000 | loss 3.3778 | lr_mult 0.1909 | tok/s 717531 | grad_norm 0.148
step 14540/20000 | loss 3.2574 | lr_mult 0.1903 | tok/s 717544 | grad_norm 0.143
step 14550/20000 | loss 3.2703 | lr_mult 0.1896 | tok/s 717559 | grad_norm 0.149
step 14560/20000 | loss 3.2876 | lr_mult 0.1890 | tok/s 717571 | grad_norm 0.147
step 14570/20000 | loss 3.2729 | lr_mult 0.1883 | tok/s 717586 | grad_norm 0.150
step 14580/20000 | loss 3.2952 | lr_mult 0.1877 | tok/s 717601 | grad_norm 0.152
step 14590/20000 | loss 3.2918 | lr_mult 0.1871 | tok/s 717614 | grad_norm 0.152
step 14600/20000 | loss 3.3087 | lr_mult 0.1864 | tok/s 717629 | grad_norm 0.155
step 14610/20000 | loss 3.2748 | lr_mult 0.1858 | tok/s 717642 | grad_norm 0.153
step 14620/20000 | loss 3.3309 | lr_mult 0.1851 | tok/s 717657 | grad_norm 0.152
step 14630/20000 | loss 3.2859 | lr_mult 0.1845 | tok/s 717671 | grad_norm 0.149
step 14640/20000 | loss 3.2891 | lr_mult 0.1838 | tok/s 717685 | grad_norm 0.147
step 14650/20000 | loss 3.2357 | lr_mult 0.1832 | tok/s 717700 | grad_norm 0.152
step 14660/20000 | loss 3.2943 | lr_mult 0.1826 | tok/s 717714 | grad_norm 0.153
step 14670/20000 | loss 3.2628 | lr_mult 0.1819 | tok/s 717729 | grad_norm 0.150
step 14680/20000 | loss 3.2953 | lr_mult 0.1813 | tok/s 717743 | grad_norm 0.153
step 14690/20000 | loss 3.2937 | lr_mult 0.1807 | tok/s 717756 | grad_norm 0.157
step 14700/20000 | loss 3.3192 | lr_mult 0.1800 | tok/s 717771 | grad_norm 0.147
step 14710/20000 | loss 3.2833 | lr_mult 0.1794 | tok/s 717785 | grad_norm 0.141
step 14720/20000 | loss 3.3392 | lr_mult 0.1787 | tok/s 717799 | grad_norm 0.140
step 14730/20000 | loss 3.2691 | lr_mult 0.1781 | tok/s 717813 | grad_norm 0.148
step 14740/20000 | loss 3.2643 | lr_mult 0.1775 | tok/s 717827 | grad_norm 0.154
step 14750/20000 | loss 3.3148 | lr_mult 0.1769 | tok/s 717842 | grad_norm 0.155
step 14760/20000 | loss 3.2775 | lr_mult 0.1762 | tok/s 717856 | grad_norm 0.144
step 14770/20000 | loss 3.2869 | lr_mult 0.1756 | tok/s 717870 | grad_norm 0.147
step 14780/20000 | loss 3.3179 | lr_mult 0.1750 | tok/s 717884 | grad_norm 0.146
step 14790/20000 | loss 3.2960 | lr_mult 0.1743 | tok/s 717896 | grad_norm 0.151
step 14800/20000 | loss 3.3340 | lr_mult 0.1737 | tok/s 717910 | grad_norm 0.148
step 14810/20000 | loss 3.2738 | lr_mult 0.1731 | tok/s 717924 | grad_norm 0.156
step 14820/20000 | loss 3.2771 | lr_mult 0.1725 | tok/s 717936 | grad_norm 0.147
step 14830/20000 | loss 3.3454 | lr_mult 0.1718 | tok/s 717949 | grad_norm 0.150
step 14840/20000 | loss 3.3000 | lr_mult 0.1712 | tok/s 717963 | grad_norm 0.150
step 14850/20000 | loss 3.3037 | lr_mult 0.1706 | tok/s 717977 | grad_norm 0.146
step 14860/20000 | loss 3.2250 | lr_mult 0.1700 | tok/s 717990 | grad_norm 0.152
step 14870/20000 | loss 3.3193 | lr_mult 0.1693 | tok/s 718003 | grad_norm 0.155
step 14880/20000 | loss 3.2954 | lr_mult 0.1687 | tok/s 718017 | grad_norm 0.150
step 14890/20000 | loss 3.2721 | lr_mult 0.1681 | tok/s 718031 | grad_norm 0.147
step 14900/20000 | loss 3.2805 | lr_mult 0.1675 | tok/s 718045 | grad_norm 0.142
step 14910/20000 | loss 3.3053 | lr_mult 0.1669 | tok/s 718057 | grad_norm 0.140
step 14920/20000 | loss 3.2948 | lr_mult 0.1663 | tok/s 718071 | grad_norm 0.150
step 14930/20000 | loss 3.3079 | lr_mult 0.1656 | tok/s 718085 | grad_norm 0.148
step 14940/20000 | loss 3.3087 | lr_mult 0.1650 | tok/s 718097 | grad_norm 0.153
step 14950/20000 | loss 3.2496 | lr_mult 0.1644 | tok/s 718109 | grad_norm 0.145
step 14960/20000 | loss 3.2946 | lr_mult 0.1638 | tok/s 718122 | grad_norm 0.151
step 14970/20000 | loss 3.3333 | lr_mult 0.1632 | tok/s 718135 | grad_norm 0.146
step 14980/20000 | loss 3.2881 | lr_mult 0.1626 | tok/s 718148 | grad_norm 0.154
step 14990/20000 | loss 3.2756 | lr_mult 0.1620 | tok/s 718162 | grad_norm 0.145
step 15000/20000 | loss 3.2664 | lr_mult 0.1614 | tok/s 718174 | grad_norm 0.143
step 15000/20000 | val_loss 3.2808
step 15010/20000 | loss 3.3061 | lr_mult 0.1608 | tok/s 717541 | grad_norm 0.150
step 15020/20000 | loss 3.2829 | lr_mult 0.1601 | tok/s 717551 | grad_norm 0.147
step 15030/20000 | loss 3.3125 | lr_mult 0.1595 | tok/s 717565 | grad_norm 0.150
step 15040/20000 | loss 3.2706 | lr_mult 0.1589 | tok/s 717578 | grad_norm 0.149
step 15050/20000 | loss 3.2726 | lr_mult 0.1583 | tok/s 717591 | grad_norm 0.153
step 15060/20000 | loss 3.2860 | lr_mult 0.1577 | tok/s 717604 | grad_norm 0.145
step 15070/20000 | loss 3.2833 | lr_mult 0.1571 | tok/s 717616 | grad_norm 0.153
step 15080/20000 | loss 3.2527 | lr_mult 0.1565 | tok/s 717630 | grad_norm 0.146
step 15090/20000 | loss 3.2791 | lr_mult 0.1559 | tok/s 717644 | grad_norm 0.150
step 15100/20000 | loss 3.3194 | lr_mult 0.1553 | tok/s 717657 | grad_norm 0.152
step 15110/20000 | loss 3.2920 | lr_mult 0.1547 | tok/s 717670 | grad_norm 0.143
step 15120/20000 | loss 3.3237 | lr_mult 0.1541 | tok/s 717683 | grad_norm 0.150
step 15130/20000 | loss 3.2595 | lr_mult 0.1535 | tok/s 717696 | grad_norm 0.144
step 15140/20000 | loss 3.2676 | lr_mult 0.1529 | tok/s 717710 | grad_norm 0.150
step 15150/20000 | loss 3.2939 | lr_mult 0.1523 | tok/s 717723 | grad_norm 0.152
step 15160/20000 | loss 3.3077 | lr_mult 0.1517 | tok/s 717736 | grad_norm 0.147
step 15170/20000 | loss 3.2603 | lr_mult 0.1512 | tok/s 717750 | grad_norm 0.152
step 15180/20000 | loss 3.2944 | lr_mult 0.1506 | tok/s 717764 | grad_norm 0.151
step 15190/20000 | loss 3.2801 | lr_mult 0.1500 | tok/s 717776 | grad_norm 0.146
step 15200/20000 | loss 3.2811 | lr_mult 0.1494 | tok/s 717788 | grad_norm 0.150
step 15210/20000 | loss 3.2502 | lr_mult 0.1488 | tok/s 717801 | grad_norm 0.142
step 15220/20000 | loss 3.2902 | lr_mult 0.1482 | tok/s 717815 | grad_norm 0.152
step 15230/20000 | loss 3.2768 | lr_mult 0.1476 | tok/s 717829 | grad_norm 0.147
step 15240/20000 | loss 3.2929 | lr_mult 0.1470 | tok/s 717843 | grad_norm 0.154
step 15250/20000 | loss 3.2840 | lr_mult 0.1464 | tok/s 717857 | grad_norm 0.152
step 15260/20000 | loss 3.2568 | lr_mult 0.1459 | tok/s 717870 | grad_norm 0.149
step 15270/20000 | loss 3.3373 | lr_mult 0.1453 | tok/s 717883 | grad_norm 0.152
step 15280/20000 | loss 3.2730 | lr_mult 0.1447 | tok/s 717895 | grad_norm 0.152
step 15290/20000 | loss 3.2603 | lr_mult 0.1441 | tok/s 717909 | grad_norm 0.151
step 15300/20000 | loss 3.3164 | lr_mult 0.1435 | tok/s 717923 | grad_norm 0.149
step 15310/20000 | loss 3.2752 | lr_mult 0.1430 | tok/s 717936 | grad_norm 0.143
step 15320/20000 | loss 3.2923 | lr_mult 0.1424 | tok/s 717949 | grad_norm 0.154
step 15330/20000 | loss 3.2633 | lr_mult 0.1418 | tok/s 717962 | grad_norm 0.147
step 15340/20000 | loss 3.2405 | lr_mult 0.1412 | tok/s 717974 | grad_norm 0.151
step 15350/20000 | loss 3.2751 | lr_mult 0.1406 | tok/s 717987 | grad_norm 0.144
step 15360/20000 | loss 3.2546 | lr_mult 0.1401 | tok/s 717999 | grad_norm 0.148
step 15370/20000 | loss 3.2824 | lr_mult 0.1395 | tok/s 718013 | grad_norm 0.142
step 15380/20000 | loss 3.2681 | lr_mult 0.1389 | tok/s 718027 | grad_norm 0.148
step 15390/20000 | loss 3.2726 | lr_mult 0.1384 | tok/s 718040 | grad_norm 0.145
step 15400/20000 | loss 3.2604 | lr_mult 0.1378 | tok/s 718053 | grad_norm 0.149
step 15410/20000 | loss 3.2553 | lr_mult 0.1372 | tok/s 718066 | grad_norm 0.148
step 15420/20000 | loss 3.2576 | lr_mult 0.1366 | tok/s 718080 | grad_norm 0.145
step 15430/20000 | loss 3.3055 | lr_mult 0.1361 | tok/s 718094 | grad_norm 0.152
step 15440/20000 | loss 3.3010 | lr_mult 0.1355 | tok/s 718108 | grad_norm 0.146
step 15450/20000 | loss 3.2659 | lr_mult 0.1350 | tok/s 718121 | grad_norm 0.147
step 15460/20000 | loss 3.2716 | lr_mult 0.1344 | tok/s 718134 | grad_norm 0.150
step 15470/20000 | loss 3.2866 | lr_mult 0.1338 | tok/s 718147 | grad_norm 0.140
step 15480/20000 | loss 3.2242 | lr_mult 0.1333 | tok/s 718160 | grad_norm 0.141
step 15490/20000 | loss 3.2818 | lr_mult 0.1327 | tok/s 718173 | grad_norm 0.143
step 15500/20000 | loss 3.2672 | lr_mult 0.1321 | tok/s 718186 | grad_norm 0.144
step 15500/20000 | val_loss 3.2683
step 15510/20000 | loss 3.2814 | lr_mult 0.1316 | tok/s 717572 | grad_norm 0.149
step 15520/20000 | loss 3.2771 | lr_mult 0.1310 | tok/s 717584 | grad_norm 0.145
step 15530/20000 | loss 3.2787 | lr_mult 0.1305 | tok/s 717597 | grad_norm 0.144
step 15540/20000 | loss 3.2814 | lr_mult 0.1299 | tok/s 717610 | grad_norm 0.145
step 15550/20000 | loss 3.2974 | lr_mult 0.1294 | tok/s 717620 | grad_norm 0.148
step 15560/20000 | loss 3.2762 | lr_mult 0.1288 | tok/s 717632 | grad_norm 0.150
step 15570/20000 | loss 3.2414 | lr_mult 0.1282 | tok/s 717644 | grad_norm 0.149
step 15580/20000 | loss 3.2797 | lr_mult 0.1277 | tok/s 717658 | grad_norm 0.153
step 15590/20000 | loss 3.2866 | lr_mult 0.1271 | tok/s 717672 | grad_norm 0.155
step 15600/20000 | loss 3.2425 | lr_mult 0.1266 | tok/s 717686 | grad_norm 0.146
step 15610/20000 | loss 3.2514 | lr_mult 0.1260 | tok/s 717698 | grad_norm 0.150
step 15620/20000 | loss 3.2639 | lr_mult 0.1255 | tok/s 717712 | grad_norm 0.152
step 15630/20000 | loss 3.2908 | lr_mult 0.1249 | tok/s 717725 | grad_norm 0.146
step 15640/20000 | loss 3.2919 | lr_mult 0.1244 | tok/s 717736 | grad_norm 0.146
step 15650/20000 | loss 3.2316 | lr_mult 0.1239 | tok/s 717750 | grad_norm 0.145
step 15660/20000 | loss 3.2786 | lr_mult 0.1233 | tok/s 717764 | grad_norm 0.144
step 15670/20000 | loss 3.2657 | lr_mult 0.1228 | tok/s 717777 | grad_norm 0.147
step 15680/20000 | loss 3.2895 | lr_mult 0.1222 | tok/s 717790 | grad_norm 0.149
step 15690/20000 | loss 3.3220 | lr_mult 0.1217 | tok/s 717804 | grad_norm 0.149
step 15700/20000 | loss 3.2953 | lr_mult 0.1211 | tok/s 717817 | grad_norm 0.146
step 15710/20000 | loss 3.3035 | lr_mult 0.1206 | tok/s 717830 | grad_norm 0.150
step 15720/20000 | loss 3.2858 | lr_mult 0.1201 | tok/s 717844 | grad_norm 0.145
step 15730/20000 | loss 3.2676 | lr_mult 0.1195 | tok/s 717857 | grad_norm 0.159
step 15740/20000 | loss 3.2844 | lr_mult 0.1190 | tok/s 717871 | grad_norm 0.145
step 15750/20000 | loss 3.2923 | lr_mult 0.1185 | tok/s 717885 | grad_norm 0.147
step 15760/20000 | loss 3.2861 | lr_mult 0.1179 | tok/s 717898 | grad_norm 0.153
step 15770/20000 | loss 3.2530 | lr_mult 0.1174 | tok/s 717911 | grad_norm 0.156
step 15780/20000 | loss 3.2023 | lr_mult 0.1169 | tok/s 717925 | grad_norm 0.143
step 15790/20000 | loss 3.2275 | lr_mult 0.1163 | tok/s 717938 | grad_norm 0.151
step 15800/20000 | loss 3.2610 | lr_mult 0.1158 | tok/s 717951 | grad_norm 0.147
step 15810/20000 | loss 3.2787 | lr_mult 0.1153 | tok/s 717965 | grad_norm 0.148
step 15820/20000 | loss 3.3269 | lr_mult 0.1147 | tok/s 717978 | grad_norm 0.152
step 15830/20000 | loss 3.2691 | lr_mult 0.1142 | tok/s 717991 | grad_norm 0.149
step 15840/20000 | loss 3.2991 | lr_mult 0.1137 | tok/s 718005 | grad_norm 0.146
step 15850/20000 | loss 3.2608 | lr_mult 0.1132 | tok/s 718017 | grad_norm 0.147
step 15860/20000 | loss 3.3084 | lr_mult 0.1126 | tok/s 718029 | grad_norm 0.149
step 15870/20000 | loss 3.2435 | lr_mult 0.1121 | tok/s 718042 | grad_norm 0.154
step 15880/20000 | loss 3.2896 | lr_mult 0.1116 | tok/s 718055 | grad_norm 0.151
step 15890/20000 | loss 3.2512 | lr_mult 0.1111 | tok/s 718067 | grad_norm 0.154
step 15900/20000 | loss 3.2600 | lr_mult 0.1106 | tok/s 718080 | grad_norm 0.152
step 15910/20000 | loss 3.2594 | lr_mult 0.1100 | tok/s 718092 | grad_norm 0.150
step 15920/20000 | loss 3.2578 | lr_mult 0.1095 | tok/s 718105 | grad_norm 0.159
step 15930/20000 | loss 3.2415 | lr_mult 0.1090 | tok/s 718118 | grad_norm 0.147
step 15940/20000 | loss 3.2988 | lr_mult 0.1085 | tok/s 718131 | grad_norm 0.151
step 15950/20000 | loss 3.2596 | lr_mult 0.1080 | tok/s 718143 | grad_norm 0.144
step 15960/20000 | loss 3.2590 | lr_mult 0.1075 | tok/s 718153 | grad_norm 0.144
step 15970/20000 | loss 3.2772 | lr_mult 0.1070 | tok/s 718165 | grad_norm 0.152
step 15980/20000 | loss 3.2414 | lr_mult 0.1064 | tok/s 718177 | grad_norm 0.150
step 15990/20000 | loss 3.2708 | lr_mult 0.1059 | tok/s 718190 | grad_norm 0.148
step 16000/20000 | loss 3.2590 | lr_mult 0.1054 | tok/s 718202 | grad_norm 0.155
step 16000/20000 | val_loss 3.2565
step 16010/20000 | loss 3.2244 | lr_mult 0.1049 | tok/s 717608 | grad_norm 0.147
step 16020/20000 | loss 3.2983 | lr_mult 0.1044 | tok/s 717621 | grad_norm 0.146
step 16030/20000 | loss 3.2596 | lr_mult 0.1039 | tok/s 717634 | grad_norm 0.144
step 16040/20000 | loss 3.2993 | lr_mult 0.1034 | tok/s 717646 | grad_norm 0.148
step 16050/20000 | loss 3.2325 | lr_mult 0.1029 | tok/s 717659 | grad_norm 0.153
step 16060/20000 | loss 3.2666 | lr_mult 0.1024 | tok/s 717672 | grad_norm 0.149
step 16070/20000 | loss 3.3003 | lr_mult 0.1019 | tok/s 717684 | grad_norm 0.145
step 16080/20000 | loss 3.2419 | lr_mult 0.1014 | tok/s 717696 | grad_norm 0.148
step 16090/20000 | loss 3.2931 | lr_mult 0.1009 | tok/s 717708 | grad_norm 0.151
step 16100/20000 | loss 3.2599 | lr_mult 0.1004 | tok/s 717720 | grad_norm 0.155
step 16110/20000 | loss 3.2749 | lr_mult 0.0999 | tok/s 717733 | grad_norm 0.146
step 16120/20000 | loss 3.2334 | lr_mult 0.0994 | tok/s 717746 | grad_norm 0.151
step 16130/20000 | loss 3.2431 | lr_mult 0.0989 | tok/s 717758 | grad_norm 0.156
step 16140/20000 | loss 3.2261 | lr_mult 0.0984 | tok/s 717770 | grad_norm 0.155
step 16150/20000 | loss 3.2380 | lr_mult 0.0979 | tok/s 717782 | grad_norm 0.153
step 16160/20000 | loss 3.2387 | lr_mult 0.0974 | tok/s 717794 | grad_norm 0.147
step 16170/20000 | loss 3.2467 | lr_mult 0.0970 | tok/s 717807 | grad_norm 0.152
step 16180/20000 | loss 3.2890 | lr_mult 0.0965 | tok/s 717819 | grad_norm 0.151
step 16190/20000 | loss 3.2449 | lr_mult 0.0960 | tok/s 717830 | grad_norm 0.145
step 16200/20000 | loss 3.2127 | lr_mult 0.0955 | tok/s 717842 | grad_norm 0.150
step 16210/20000 | loss 3.2236 | lr_mult 0.0950 | tok/s 717852 | grad_norm 0.148
step 16220/20000 | loss 3.2367 | lr_mult 0.0945 | tok/s 717864 | grad_norm 0.153
step 16230/20000 | loss 3.2743 | lr_mult 0.0940 | tok/s 717873 | grad_norm 0.157
step 16240/20000 | loss 3.2893 | lr_mult 0.0936 | tok/s 717884 | grad_norm 0.146
step 16250/20000 | loss 3.2428 | lr_mult 0.0931 | tok/s 717895 | grad_norm 0.151
step 16260/20000 | loss 3.2808 | lr_mult 0.0926 | tok/s 717908 | grad_norm 0.143
step 16270/20000 | loss 3.2460 | lr_mult 0.0921 | tok/s 717921 | grad_norm 0.147
step 16280/20000 | loss 3.2632 | lr_mult 0.0916 | tok/s 717933 | grad_norm 0.149
step 16290/20000 | loss 3.2625 | lr_mult 0.0912 | tok/s 717946 | grad_norm 0.151
step 16300/20000 | loss 3.2605 | lr_mult 0.0907 | tok/s 717959 | grad_norm 0.141
step 16310/20000 | loss 3.2467 | lr_mult 0.0902 | tok/s 717971 | grad_norm 0.150
step 16320/20000 | loss 3.2639 | lr_mult 0.0897 | tok/s 717983 | grad_norm 0.153
step 16330/20000 | loss 3.2158 | lr_mult 0.0893 | tok/s 717994 | grad_norm 0.146
step 16340/20000 | loss 3.2514 | lr_mult 0.0888 | tok/s 718007 | grad_norm 0.155
step 16350/20000 | loss 3.2566 | lr_mult 0.0883 | tok/s 718020 | grad_norm 0.149
step 16360/20000 | loss 3.2753 | lr_mult 0.0879 | tok/s 718032 | grad_norm 0.150
step 16370/20000 | loss 3.2616 | lr_mult 0.0874 | tok/s 718044 | grad_norm 0.152
step 16380/20000 | loss 3.2528 | lr_mult 0.0869 | tok/s 718056 | grad_norm 0.146
step 16390/20000 | loss 3.2270 | lr_mult 0.0865 | tok/s 718069 | grad_norm 0.142
step 16400/20000 | loss 3.2561 | lr_mult 0.0860 | tok/s 718081 | grad_norm 0.146
step 16410/20000 | loss 3.2630 | lr_mult 0.0855 | tok/s 718093 | grad_norm 0.150
step 16420/20000 | loss 3.2379 | lr_mult 0.0851 | tok/s 718105 | grad_norm 0.149
step 16430/20000 | loss 3.2302 | lr_mult 0.0846 | tok/s 718118 | grad_norm 0.153
step 16440/20000 | loss 3.2449 | lr_mult 0.0842 | tok/s 718130 | grad_norm 0.153
step 16450/20000 | loss 3.2689 | lr_mult 0.0837 | tok/s 718142 | grad_norm 0.153
step 16460/20000 | loss 3.2829 | lr_mult 0.0832 | tok/s 718153 | grad_norm 0.149
step 16470/20000 | loss 3.2435 | lr_mult 0.0828 | tok/s 718166 | grad_norm 0.152
step 16480/20000 | loss 3.2555 | lr_mult 0.0823 | tok/s 718178 | grad_norm 0.147
step 16490/20000 | loss 3.2455 | lr_mult 0.0819 | tok/s 718187 | grad_norm 0.148
step 16500/20000 | loss 3.2472 | lr_mult 0.0814 | tok/s 718200 | grad_norm 0.153
step 16500/20000 | val_loss 3.2457
step 16510/20000 | loss 3.2498 | lr_mult 0.0810 | tok/s 717623 | grad_norm 0.150
step 16520/20000 | loss 3.2779 | lr_mult 0.0805 | tok/s 717636 | grad_norm 0.147
step 16530/20000 | loss 3.2196 | lr_mult 0.0801 | tok/s 717648 | grad_norm 0.159
step 16540/20000 | loss 3.2405 | lr_mult 0.0796 | tok/s 717660 | grad_norm 0.143
step 16550/20000 | loss 3.2132 | lr_mult 0.0792 | tok/s 717670 | grad_norm 0.147
step 16560/20000 | loss 3.2420 | lr_mult 0.0787 | tok/s 717682 | grad_norm 0.151
step 16570/20000 | loss 3.2236 | lr_mult 0.0783 | tok/s 717694 | grad_norm 0.160
step 16580/20000 | loss 3.2905 | lr_mult 0.0778 | tok/s 717706 | grad_norm 0.145
step 16590/20000 | loss 3.2413 | lr_mult 0.0774 | tok/s 717719 | grad_norm 0.145
step 16600/20000 | loss 3.2419 | lr_mult 0.0770 | tok/s 717732 | grad_norm 0.147
step 16610/20000 | loss 3.2679 | lr_mult 0.0765 | tok/s 717743 | grad_norm 0.151
step 16620/20000 | loss 3.2542 | lr_mult 0.0761 | tok/s 717755 | grad_norm 0.145
step 16630/20000 | loss 3.2484 | lr_mult 0.0756 | tok/s 717768 | grad_norm 0.145
step 16640/20000 | loss 3.2606 | lr_mult 0.0752 | tok/s 717780 | grad_norm 0.146
step 16650/20000 | loss 3.2538 | lr_mult 0.0748 | tok/s 717793 | grad_norm 0.156
step 16660/20000 | loss 3.2523 | lr_mult 0.0743 | tok/s 717805 | grad_norm 0.156
step 16670/20000 | loss 3.2446 | lr_mult 0.0739 | tok/s 717816 | grad_norm 0.152
step 16680/20000 | loss 3.2217 | lr_mult 0.0735 | tok/s 717828 | grad_norm 0.147
step 16690/20000 | loss 3.2893 | lr_mult 0.0730 | tok/s 717838 | grad_norm 0.153
step 16700/20000 | loss 3.2365 | lr_mult 0.0726 | tok/s 717847 | grad_norm 0.151
step 16710/20000 | loss 3.2473 | lr_mult 0.0722 | tok/s 717858 | grad_norm 0.148
step 16720/20000 | loss 3.2565 | lr_mult 0.0717 | tok/s 717870 | grad_norm 0.153
step 16730/20000 | loss 3.2372 | lr_mult 0.0713 | tok/s 717882 | grad_norm 0.153
step 16740/20000 | loss 3.2631 | lr_mult 0.0709 | tok/s 717894 | grad_norm 0.155
step 16750/20000 | loss 3.2692 | lr_mult 0.0705 | tok/s 717907 | grad_norm 0.154
step 16760/20000 | loss 3.2255 | lr_mult 0.0701 | tok/s 717919 | grad_norm 0.148
step 16770/20000 | loss 3.2578 | lr_mult 0.0696 | tok/s 717931 | grad_norm 0.147
step 16780/20000 | loss 3.2415 | lr_mult 0.0692 | tok/s 717942 | grad_norm 0.144
step 16790/20000 | loss 3.2347 | lr_mult 0.0688 | tok/s 717954 | grad_norm 0.148
step 16800/20000 | loss 3.2511 | lr_mult 0.0684 | tok/s 717967 | grad_norm 0.149
step 16810/20000 | loss 3.2860 | lr_mult 0.0680 | tok/s 717979 | grad_norm 0.149
step 16820/20000 | loss 3.2530 | lr_mult 0.0675 | tok/s 717991 | grad_norm 0.149
step 16830/20000 | loss 3.2710 | lr_mult 0.0671 | tok/s 718004 | grad_norm 0.146
step 16840/20000 | loss 3.2342 | lr_mult 0.0667 | tok/s 718016 | grad_norm 0.147
step 16850/20000 | loss 3.2296 | lr_mult 0.0663 | tok/s 718027 | grad_norm 0.152
step 16860/20000 | loss 3.2557 | lr_mult 0.0659 | tok/s 718039 | grad_norm 0.147
step 16870/20000 | loss 3.2422 | lr_mult 0.0655 | tok/s 718050 | grad_norm 0.151
step 16880/20000 | loss 3.2478 | lr_mult 0.0651 | tok/s 718062 | grad_norm 0.152
step 16890/20000 | loss 3.2240 | lr_mult 0.0647 | tok/s 718074 | grad_norm 0.151
step 16900/20000 | loss 3.2665 | lr_mult 0.0643 | tok/s 718086 | grad_norm 0.145
step 16910/20000 | loss 3.2460 | lr_mult 0.0639 | tok/s 718098 | grad_norm 0.146
step 16920/20000 | loss 3.2422 | lr_mult 0.0634 | tok/s 718109 | grad_norm 0.147
step 16930/20000 | loss 3.2278 | lr_mult 0.0630 | tok/s 718121 | grad_norm 0.151
step 16940/20000 | loss 3.1841 | lr_mult 0.0626 | tok/s 718131 | grad_norm 0.153
step 16950/20000 | loss 3.2375 | lr_mult 0.0622 | tok/s 718143 | grad_norm 0.147
step 16960/20000 | loss 3.2203 | lr_mult 0.0618 | tok/s 718154 | grad_norm 0.152
step 16970/20000 | loss 3.2160 | lr_mult 0.0614 | tok/s 718166 | grad_norm 0.152
step 16980/20000 | loss 3.2835 | lr_mult 0.0611 | tok/s 718177 | grad_norm 0.156
step 16990/20000 | loss 3.2062 | lr_mult 0.0607 | tok/s 718189 | grad_norm 0.144
step 17000/20000 | loss 3.2410 | lr_mult 0.0603 | tok/s 718201 | grad_norm 0.150
step 17000/20000 | val_loss 3.2362
step 17010/20000 | loss 3.2502 | lr_mult 0.0599 | tok/s 717641 | grad_norm 0.154
step 17020/20000 | loss 3.1819 | lr_mult 0.0595 | tok/s 717652 | grad_norm 0.145
step 17030/20000 | loss 3.2316 | lr_mult 0.0591 | tok/s 717664 | grad_norm 0.149
step 17040/20000 | loss 3.2501 | lr_mult 0.0587 | tok/s 717677 | grad_norm 0.145
step 17050/20000 | loss 3.2567 | lr_mult 0.0583 | tok/s 717689 | grad_norm 0.149
step 17060/20000 | loss 3.2788 | lr_mult 0.0579 | tok/s 717700 | grad_norm 0.151
step 17070/20000 | loss 3.2509 | lr_mult 0.0575 | tok/s 717712 | grad_norm 0.148
step 17080/20000 | loss 3.2126 | lr_mult 0.0572 | tok/s 717723 | grad_norm 0.152
step 17090/20000 | loss 3.2592 | lr_mult 0.0568 | tok/s 717735 | grad_norm 0.154
step 17100/20000 | loss 3.2179 | lr_mult 0.0564 | tok/s 717747 | grad_norm 0.171
step 17110/20000 | loss 3.2291 | lr_mult 0.0560 | tok/s 717759 | grad_norm 0.146
step 17120/20000 | loss 3.2657 | lr_mult 0.0556 | tok/s 717771 | grad_norm 0.144
step 17130/20000 | loss 3.2206 | lr_mult 0.0552 | tok/s 717782 | grad_norm 0.153
step 17140/20000 | loss 3.2311 | lr_mult 0.0549 | tok/s 717794 | grad_norm 0.150
step 17150/20000 | loss 3.2171 | lr_mult 0.0545 | tok/s 717806 | grad_norm 0.149
step 17160/20000 | loss 3.2161 | lr_mult 0.0541 | tok/s 717818 | grad_norm 0.147
step 17170/20000 | loss 3.2626 | lr_mult 0.0537 | tok/s 717829 | grad_norm 0.146
step 17180/20000 | loss 3.2361 | lr_mult 0.0534 | tok/s 717840 | grad_norm 0.148
step 17190/20000 | loss 3.2228 | lr_mult 0.0530 | tok/s 717852 | grad_norm 0.149
step 17200/20000 | loss 3.2413 | lr_mult 0.0526 | tok/s 717864 | grad_norm 0.146
step 17210/20000 | loss 3.2617 | lr_mult 0.0523 | tok/s 717875 | grad_norm 0.150
step 17220/20000 | loss 3.2267 | lr_mult 0.0519 | tok/s 717887 | grad_norm 0.148
step 17230/20000 | loss 3.2284 | lr_mult 0.0515 | tok/s 717899 | grad_norm 0.145
step 17240/20000 | loss 3.2160 | lr_mult 0.0512 | tok/s 717910 | grad_norm 0.147
step 17250/20000 | loss 3.2309 | lr_mult 0.0508 | tok/s 717921 | grad_norm 0.150
step 17260/20000 | loss 3.1835 | lr_mult 0.0504 | tok/s 717932 | grad_norm 0.153
step 17270/20000 | loss 3.2717 | lr_mult 0.0501 | tok/s 717943 | grad_norm 0.149
step 17280/20000 | loss 3.2961 | lr_mult 0.0497 | tok/s 717954 | grad_norm 0.154
step 17290/20000 | loss 3.2698 | lr_mult 0.0494 | tok/s 717966 | grad_norm 0.152
step 17300/20000 | loss 3.2465 | lr_mult 0.0490 | tok/s 717978 | grad_norm 0.158
step 17310/20000 | loss 3.2531 | lr_mult 0.0486 | tok/s 717988 | grad_norm 0.151
step 17320/20000 | loss 3.2636 | lr_mult 0.0483 | tok/s 718000 | grad_norm 0.144
step 17330/20000 | loss 3.2328 | lr_mult 0.0479 | tok/s 718012 | grad_norm 0.150
step 17340/20000 | loss 3.2440 | lr_mult 0.0476 | tok/s 718022 | grad_norm 0.148
step 17350/20000 | loss 3.2140 | lr_mult 0.0472 | tok/s 718033 | grad_norm 0.154
step 17360/20000 | loss 3.2977 | lr_mult 0.0469 | tok/s 718045 | grad_norm 0.158
step 17370/20000 | loss 3.2900 | lr_mult 0.0465 | tok/s 718056 | grad_norm 0.150
step 17380/20000 | loss 3.2602 | lr_mult 0.0462 | tok/s 718067 | grad_norm 0.148
step 17390/20000 | loss 3.2915 | lr_mult 0.0458 | tok/s 718078 | grad_norm 0.146
step 17400/20000 | loss 3.2018 | lr_mult 0.0455 | tok/s 718088 | grad_norm 0.152
step 17410/20000 | loss 3.2342 | lr_mult 0.0452 | tok/s 718098 | grad_norm 0.150
step 17420/20000 | loss 3.2043 | lr_mult 0.0448 | tok/s 718109 | grad_norm 0.150
step 17430/20000 | loss 3.2378 | lr_mult 0.0445 | tok/s 718121 | grad_norm 0.147
step 17440/20000 | loss 3.2310 | lr_mult 0.0441 | tok/s 718133 | grad_norm 0.153
step 17450/20000 | loss 3.2074 | lr_mult 0.0438 | tok/s 718145 | grad_norm 0.149
step 17460/20000 | loss 3.2059 | lr_mult 0.0435 | tok/s 718157 | grad_norm 0.148
step 17470/20000 | loss 3.2607 | lr_mult 0.0431 | tok/s 718160 | grad_norm 0.148
step 17480/20000 | loss 3.2273 | lr_mult 0.0428 | tok/s 718172 | grad_norm 0.156
step 17490/20000 | loss 3.2284 | lr_mult 0.0424 | tok/s 718184 | grad_norm 0.149
step 17500/20000 | loss 3.2249 | lr_mult 0.0421 | tok/s 718197 | grad_norm 0.151
step 17500/20000 | val_loss 3.2282
step 17510/20000 | loss 3.2646 | lr_mult 0.0418 | tok/s 717654 | grad_norm 0.152
step 17520/20000 | loss 3.2275 | lr_mult 0.0415 | tok/s 717665 | grad_norm 0.153
step 17530/20000 | loss 3.2265 | lr_mult 0.0411 | tok/s 717678 | grad_norm 0.151
step 17540/20000 | loss 3.2465 | lr_mult 0.0408 | tok/s 717689 | grad_norm 0.146
step 17550/20000 | loss 3.2266 | lr_mult 0.0405 | tok/s 717700 | grad_norm 0.149
step 17560/20000 | loss 3.2216 | lr_mult 0.0401 | tok/s 717709 | grad_norm 0.147
step 17570/20000 | loss 3.2325 | lr_mult 0.0398 | tok/s 717721 | grad_norm 0.148
step 17580/20000 | loss 3.2259 | lr_mult 0.0395 | tok/s 717733 | grad_norm 0.153
step 17590/20000 | loss 3.2540 | lr_mult 0.0392 | tok/s 717745 | grad_norm 0.150
step 17600/20000 | loss 3.2300 | lr_mult 0.0389 | tok/s 717757 | grad_norm 0.150
step 17610/20000 | loss 3.2807 | lr_mult 0.0385 | tok/s 717767 | grad_norm 0.155
step 17620/20000 | loss 3.2249 | lr_mult 0.0382 | tok/s 717777 | grad_norm 0.147
step 17630/20000 | loss 3.2389 | lr_mult 0.0379 | tok/s 717787 | grad_norm 0.155
step 17640/20000 | loss 3.2360 | lr_mult 0.0376 | tok/s 717797 | grad_norm 0.148
step 17650/20000 | loss 3.2343 | lr_mult 0.0373 | tok/s 717807 | grad_norm 0.143
step 17660/20000 | loss 3.2607 | lr_mult 0.0370 | tok/s 717819 | grad_norm 0.149
step 17670/20000 | loss 3.2115 | lr_mult 0.0366 | tok/s 717831 | grad_norm 0.151
step 17680/20000 | loss 3.1956 | lr_mult 0.0363 | tok/s 717841 | grad_norm 0.148
step 17690/20000 | loss 3.2056 | lr_mult 0.0360 | tok/s 717853 | grad_norm 0.148
step 17700/20000 | loss 3.2387 | lr_mult 0.0357 | tok/s 717863 | grad_norm 0.147
step 17710/20000 | loss 3.2536 | lr_mult 0.0354 | tok/s 717874 | grad_norm 0.147
step 17720/20000 | loss 3.2579 | lr_mult 0.0351 | tok/s 717885 | grad_norm 0.148
step 17730/20000 | loss 3.2354 | lr_mult 0.0348 | tok/s 717897 | grad_norm 0.147
step 17740/20000 | loss 3.2503 | lr_mult 0.0345 | tok/s 717907 | grad_norm 0.149
step 17750/20000 | loss 3.2252 | lr_mult 0.0342 | tok/s 717917 | grad_norm 0.149
step 17760/20000 | loss 3.2659 | lr_mult 0.0339 | tok/s 717929 | grad_norm 0.142
step 17770/20000 | loss 3.2493 | lr_mult 0.0336 | tok/s 717936 | grad_norm 0.151
step 17780/20000 | loss 3.2479 | lr_mult 0.0333 | tok/s 717947 | grad_norm 0.148
step 17790/20000 | loss 3.2281 | lr_mult 0.0330 | tok/s 717958 | grad_norm 0.153
step 17800/20000 | loss 3.2485 | lr_mult 0.0327 | tok/s 717970 | grad_norm 0.147
step 17810/20000 | loss 3.2082 | lr_mult 0.0324 | tok/s 717980 | grad_norm 0.145
step 17820/20000 | loss 3.2393 | lr_mult 0.0321 | tok/s 717991 | grad_norm 0.147
step 17830/20000 | loss 3.2149 | lr_mult 0.0318 | tok/s 718002 | grad_norm 0.145
step 17840/20000 | loss 3.2092 | lr_mult 0.0316 | tok/s 718013 | grad_norm 0.149
step 17850/20000 | loss 3.1945 | lr_mult 0.0313 | tok/s 718024 | grad_norm 0.147
step 17860/20000 | loss 3.2333 | lr_mult 0.0310 | tok/s 718036 | grad_norm 0.145
step 17870/20000 | loss 3.1996 | lr_mult 0.0307 | tok/s 718046 | grad_norm 0.144
step 17880/20000 | loss 3.2358 | lr_mult 0.0304 | tok/s 718058 | grad_norm 0.145
step 17890/20000 | loss 3.2152 | lr_mult 0.0301 | tok/s 718069 | grad_norm 0.149
step 17900/20000 | loss 3.2266 | lr_mult 0.0298 | tok/s 718081 | grad_norm 0.147
step 17910/20000 | loss 3.1827 | lr_mult 0.0296 | tok/s 718092 | grad_norm 0.147
step 17920/20000 | loss 3.2228 | lr_mult 0.0293 | tok/s 718104 | grad_norm 0.147
step 17930/20000 | loss 3.2218 | lr_mult 0.0290 | tok/s 718116 | grad_norm 0.149
step 17940/20000 | loss 3.2278 | lr_mult 0.0287 | tok/s 718127 | grad_norm 0.148
step 17950/20000 | loss 3.1886 | lr_mult 0.0284 | tok/s 718139 | grad_norm 0.152
step 17960/20000 | loss 3.2199 | lr_mult 0.0282 | tok/s 718150 | grad_norm 0.150
step 17970/20000 | loss 3.2432 | lr_mult 0.0279 | tok/s 718162 | grad_norm 0.143
step 17980/20000 | loss 3.2008 | lr_mult 0.0276 | tok/s 718174 | grad_norm 0.152
step 17990/20000 | loss 3.1766 | lr_mult 0.0274 | tok/s 718185 | grad_norm 0.146
step 18000/20000 | loss 3.2381 | lr_mult 0.0271 | tok/s 718195 | grad_norm 0.149
step 18000/20000 | val_loss 3.2217
step 18010/20000 | loss 3.2581 | lr_mult 0.0268 | tok/s 717666 | grad_norm 0.152
step 18020/20000 | loss 3.2282 | lr_mult 0.0266 | tok/s 717677 | grad_norm 0.145
step 18030/20000 | loss 3.1807 | lr_mult 0.0263 | tok/s 717689 | grad_norm 0.150
step 18040/20000 | loss 3.2577 | lr_mult 0.0260 | tok/s 717700 | grad_norm 0.147
step 18050/20000 | loss 3.1755 | lr_mult 0.0258 | tok/s 717712 | grad_norm 0.146
step 18060/20000 | loss 3.2255 | lr_mult 0.0255 | tok/s 717724 | grad_norm 0.148
step 18070/20000 | loss 3.2196 | lr_mult 0.0252 | tok/s 717736 | grad_norm 0.146
step 18080/20000 | loss 3.2504 | lr_mult 0.0250 | tok/s 717748 | grad_norm 0.149
step 18090/20000 | loss 3.2138 | lr_mult 0.0247 | tok/s 717759 | grad_norm 0.146
step 18100/20000 | loss 3.1776 | lr_mult 0.0245 | tok/s 717771 | grad_norm 0.140
step 18110/20000 | loss 3.2253 | lr_mult 0.0242 | tok/s 717782 | grad_norm 0.149
step 18120/20000 | loss 3.2036 | lr_mult 0.0240 | tok/s 717794 | grad_norm 0.149
step 18130/20000 | loss 3.2565 | lr_mult 0.0237 | tok/s 717806 | grad_norm 0.151
step 18140/20000 | loss 3.2231 | lr_mult 0.0235 | tok/s 717817 | grad_norm 0.146
step 18150/20000 | loss 3.2345 | lr_mult 0.0232 | tok/s 717829 | grad_norm 0.148
step 18160/20000 | loss 3.2310 | lr_mult 0.0230 | tok/s 717840 | grad_norm 0.142
step 18170/20000 | loss 3.2497 | lr_mult 0.0227 | tok/s 717852 | grad_norm 0.145
step 18180/20000 | loss 3.2489 | lr_mult 0.0225 | tok/s 717863 | grad_norm 0.146
step 18190/20000 | loss 3.2158 | lr_mult 0.0222 | tok/s 717874 | grad_norm 0.147
step 18200/20000 | loss 3.2029 | lr_mult 0.0220 | tok/s 717882 | grad_norm 0.147
step 18210/20000 | loss 3.2173 | lr_mult 0.0217 | tok/s 717893 | grad_norm 0.147
step 18220/20000 | loss 3.1924 | lr_mult 0.0215 | tok/s 717905 | grad_norm 0.150
step 18230/20000 | loss 3.2304 | lr_mult 0.0213 | tok/s 717915 | grad_norm 0.145
step 18240/20000 | loss 3.2086 | lr_mult 0.0210 | tok/s 717926 | grad_norm 0.150
step 18250/20000 | loss 3.2664 | lr_mult 0.0208 | tok/s 717937 | grad_norm 0.151
step 18260/20000 | loss 3.2110 | lr_mult 0.0206 | tok/s 717948 | grad_norm 0.155
step 18270/20000 | loss 3.2244 | lr_mult 0.0203 | tok/s 717958 | grad_norm 0.144
step 18280/20000 | loss 3.2193 | lr_mult 0.0201 | tok/s 717969 | grad_norm 0.145
step 18290/20000 | loss 3.2295 | lr_mult 0.0199 | tok/s 717980 | grad_norm 0.144
step 18300/20000 | loss 3.2319 | lr_mult 0.0196 | tok/s 717991 | grad_norm 0.146
step 18310/20000 | loss 3.2174 | lr_mult 0.0194 | tok/s 718001 | grad_norm 0.146
step 18320/20000 | loss 3.2335 | lr_mult 0.0192 | tok/s 718012 | grad_norm 0.147
step 18330/20000 | loss 3.1804 | lr_mult 0.0189 | tok/s 718022 | grad_norm 0.144
step 18340/20000 | loss 3.2109 | lr_mult 0.0187 | tok/s 718031 | grad_norm 0.148
step 18350/20000 | loss 3.2570 | lr_mult 0.0185 | tok/s 718042 | grad_norm 0.151
step 18360/20000 | loss 3.1967 | lr_mult 0.0183 | tok/s 718053 | grad_norm 0.148
step 18370/20000 | loss 3.2149 | lr_mult 0.0181 | tok/s 718064 | grad_norm 0.149
step 18380/20000 | loss 3.2269 | lr_mult 0.0178 | tok/s 718075 | grad_norm 0.151
step 18390/20000 | loss 3.2802 | lr_mult 0.0176 | tok/s 718086 | grad_norm 0.148
step 18400/20000 | loss 3.2202 | lr_mult 0.0174 | tok/s 718095 | grad_norm 0.146
step 18410/20000 | loss 3.2670 | lr_mult 0.0172 | tok/s 718105 | grad_norm 0.143
step 18420/20000 | loss 3.1986 | lr_mult 0.0170 | tok/s 718116 | grad_norm 0.139
step 18430/20000 | loss 3.2260 | lr_mult 0.0168 | tok/s 718127 | grad_norm 0.150
step 18440/20000 | loss 3.2763 | lr_mult 0.0165 | tok/s 718137 | grad_norm 0.145
step 18450/20000 | loss 3.2363 | lr_mult 0.0163 | tok/s 718149 | grad_norm 0.144
step 18460/20000 | loss 3.2280 | lr_mult 0.0161 | tok/s 718160 | grad_norm 0.146
step 18470/20000 | loss 3.2250 | lr_mult 0.0159 | tok/s 718171 | grad_norm 0.141
step 18480/20000 | loss 3.2082 | lr_mult 0.0157 | tok/s 718182 | grad_norm 0.145
step 18490/20000 | loss 3.2400 | lr_mult 0.0155 | tok/s 718192 | grad_norm 0.144
step 18500/20000 | loss 3.2281 | lr_mult 0.0153 | tok/s 718201 | grad_norm 0.146
step 18500/20000 | val_loss 3.2168
step 18510/20000 | loss 3.2602 | lr_mult 0.0151 | tok/s 717689 | grad_norm 0.145
step 18520/20000 | loss 3.2431 | lr_mult 0.0149 | tok/s 717700 | grad_norm 0.154
step 18530/20000 | loss 3.2323 | lr_mult 0.0147 | tok/s 717711 | grad_norm 0.148
step 18540/20000 | loss 3.2236 | lr_mult 0.0145 | tok/s 717722 | grad_norm 0.146
step 18550/20000 | loss 3.1577 | lr_mult 0.0143 | tok/s 717733 | grad_norm 0.149
step 18560/20000 | loss 3.2202 | lr_mult 0.0141 | tok/s 717744 | grad_norm 0.147
step 18570/20000 | loss 3.2099 | lr_mult 0.0139 | tok/s 717756 | grad_norm 0.145
step 18580/20000 | loss 3.2322 | lr_mult 0.0137 | tok/s 717767 | grad_norm 0.144
step 18590/20000 | loss 3.2015 | lr_mult 0.0135 | tok/s 717779 | grad_norm 0.150
step 18600/20000 | loss 3.2162 | lr_mult 0.0133 | tok/s 717790 | grad_norm 0.149
step 18610/20000 | loss 3.2087 | lr_mult 0.0131 | tok/s 717801 | grad_norm 0.143
step 18620/20000 | loss 3.2097 | lr_mult 0.0130 | tok/s 717812 | grad_norm 0.144
step 18630/20000 | loss 3.2335 | lr_mult 0.0128 | tok/s 717823 | grad_norm 0.157
step 18640/20000 | loss 3.1655 | lr_mult 0.0126 | tok/s 717834 | grad_norm 0.140
step 18650/20000 | loss 3.2258 | lr_mult 0.0124 | tok/s 717845 | grad_norm 0.148
step 18660/20000 | loss 3.1956 | lr_mult 0.0122 | tok/s 717855 | grad_norm 0.146
step 18670/20000 | loss 3.2491 | lr_mult 0.0120 | tok/s 717865 | grad_norm 0.143
step 18680/20000 | loss 3.1790 | lr_mult 0.0119 | tok/s 717875 | grad_norm 0.147
step 18690/20000 | loss 3.2181 | lr_mult 0.0117 | tok/s 717886 | grad_norm 0.149
step 18700/20000 | loss 3.2289 | lr_mult 0.0115 | tok/s 717897 | grad_norm 0.148
step 18710/20000 | loss 3.2000 | lr_mult 0.0113 | tok/s 717907 | grad_norm 0.149
step 18720/20000 | loss 3.2506 | lr_mult 0.0112 | tok/s 717918 | grad_norm 0.142
step 18730/20000 | loss 3.2001 | lr_mult 0.0110 | tok/s 717929 | grad_norm 0.142
step 18740/20000 | loss 3.2401 | lr_mult 0.0108 | tok/s 717940 | grad_norm 0.147
step 18750/20000 | loss 3.2071 | lr_mult 0.0106 | tok/s 717949 | grad_norm 0.146
step 18760/20000 | loss 3.1882 | lr_mult 0.0105 | tok/s 717959 | grad_norm 0.148
step 18770/20000 | loss 3.2312 | lr_mult 0.0103 | tok/s 717969 | grad_norm 0.147
step 18780/20000 | loss 3.1559 | lr_mult 0.0101 | tok/s 717980 | grad_norm 0.147
step 18790/20000 | loss 3.2406 | lr_mult 0.0100 | tok/s 717990 | grad_norm 0.145
step 18800/20000 | loss 3.1976 | lr_mult 0.0098 | tok/s 718002 | grad_norm 0.142
step 18810/20000 | loss 3.1942 | lr_mult 0.0096 | tok/s 718012 | grad_norm 0.146
step 18820/20000 | loss 3.2056 | lr_mult 0.0095 | tok/s 718023 | grad_norm 0.149
step 18830/20000 | loss 3.2519 | lr_mult 0.0093 | tok/s 718034 | grad_norm 0.142
step 18840/20000 | loss 3.2665 | lr_mult 0.0092 | tok/s 718045 | grad_norm 0.145
step 18850/20000 | loss 3.2514 | lr_mult 0.0090 | tok/s 718054 | grad_norm 0.143
step 18860/20000 | loss 3.2102 | lr_mult 0.0089 | tok/s 718065 | grad_norm 0.141
step 18870/20000 | loss 3.1979 | lr_mult 0.0087 | tok/s 718075 | grad_norm 0.146
step 18880/20000 | loss 3.2254 | lr_mult 0.0085 | tok/s 718086 | grad_norm 0.143
step 18890/20000 | loss 3.2416 | lr_mult 0.0084 | tok/s 718097 | grad_norm 0.140
step 18900/20000 | loss 3.2336 | lr_mult 0.0082 | tok/s 718107 | grad_norm 0.140
step 18910/20000 | loss 3.2222 | lr_mult 0.0081 | tok/s 718117 | grad_norm 0.146
step 18920/20000 | loss 3.2018 | lr_mult 0.0080 | tok/s 718127 | grad_norm 0.142
step 18930/20000 | loss 3.2254 | lr_mult 0.0078 | tok/s 718138 | grad_norm 0.147
step 18940/20000 | loss 3.2124 | lr_mult 0.0077 | tok/s 718148 | grad_norm 0.147
step 18950/20000 | loss 3.2381 | lr_mult 0.0075 | tok/s 718159 | grad_norm 0.141
step 18960/20000 | loss 3.2159 | lr_mult 0.0074 | tok/s 718169 | grad_norm 0.150
step 18970/20000 | loss 3.2145 | lr_mult 0.0072 | tok/s 718180 | grad_norm 0.144
step 18980/20000 | loss 3.1644 | lr_mult 0.0071 | tok/s 718189 | grad_norm 0.143
step 18990/20000 | loss 3.1762 | lr_mult 0.0070 | tok/s 718199 | grad_norm 0.143
step 19000/20000 | loss 3.2108 | lr_mult 0.0068 | tok/s 718210 | grad_norm 0.147
step 19000/20000 | val_loss 3.2138
step 19010/20000 | loss 3.2052 | lr_mult 0.0067 | tok/s 717709 | grad_norm 0.144
step 19020/20000 | loss 3.2272 | lr_mult 0.0065 | tok/s 717717 | grad_norm 0.143
step 19030/20000 | loss 3.2378 | lr_mult 0.0064 | tok/s 717728 | grad_norm 0.144
step 19040/20000 | loss 3.2715 | lr_mult 0.0063 | tok/s 717740 | grad_norm 0.143
step 19050/20000 | loss 3.1899 | lr_mult 0.0062 | tok/s 717751 | grad_norm 0.144
step 19060/20000 | loss 3.2253 | lr_mult 0.0060 | tok/s 717761 | grad_norm 0.142
step 19070/20000 | loss 3.2026 | lr_mult 0.0059 | tok/s 717773 | grad_norm 0.145
step 19080/20000 | loss 3.2343 | lr_mult 0.0058 | tok/s 717783 | grad_norm 0.146
step 19090/20000 | loss 3.2099 | lr_mult 0.0056 | tok/s 717794 | grad_norm 0.143
step 19100/20000 | loss 3.2279 | lr_mult 0.0055 | tok/s 717805 | grad_norm 0.144
step 19110/20000 | loss 3.2292 | lr_mult 0.0054 | tok/s 717815 | grad_norm 0.140
step 19120/20000 | loss 3.1493 | lr_mult 0.0053 | tok/s 717825 | grad_norm 0.145
step 19130/20000 | loss 3.2493 | lr_mult 0.0052 | tok/s 717836 | grad_norm 0.145
step 19140/20000 | loss 3.2568 | lr_mult 0.0050 | tok/s 717846 | grad_norm 0.144
step 19150/20000 | loss 3.2321 | lr_mult 0.0049 | tok/s 717857 | grad_norm 0.140
step 19160/20000 | loss 3.2085 | lr_mult 0.0048 | tok/s 717868 | grad_norm 0.148
step 19170/20000 | loss 3.1965 | lr_mult 0.0047 | tok/s 717879 | grad_norm 0.140
step 19180/20000 | loss 3.2812 | lr_mult 0.0046 | tok/s 717889 | grad_norm 0.146
step 19190/20000 | loss 3.2143 | lr_mult 0.0045 | tok/s 717899 | grad_norm 0.142
step 19200/20000 | loss 3.2055 | lr_mult 0.0044 | tok/s 717909 | grad_norm 0.147
step 19210/20000 | loss 3.2545 | lr_mult 0.0043 | tok/s 717918 | grad_norm 0.146
step 19220/20000 | loss 3.2389 | lr_mult 0.0042 | tok/s 717929 | grad_norm 0.148
step 19230/20000 | loss 3.2587 | lr_mult 0.0040 | tok/s 717939 | grad_norm 0.143
step 19240/20000 | loss 3.2229 | lr_mult 0.0039 | tok/s 717950 | grad_norm 0.145
step 19250/20000 | loss 3.2274 | lr_mult 0.0038 | tok/s 717961 | grad_norm 0.145
step 19260/20000 | loss 3.2335 | lr_mult 0.0037 | tok/s 717971 | grad_norm 0.143
step 19270/20000 | loss 3.2376 | lr_mult 0.0036 | tok/s 717982 | grad_norm 0.144
step 19280/20000 | loss 3.1892 | lr_mult 0.0035 | tok/s 717991 | grad_norm 0.141
step 19290/20000 | loss 3.2236 | lr_mult 0.0034 | tok/s 718001 | grad_norm 0.144
step 19300/20000 | loss 3.2220 | lr_mult 0.0033 | tok/s 718011 | grad_norm 0.142
step 19310/20000 | loss 3.1687 | lr_mult 0.0033 | tok/s 718021 | grad_norm 0.147
step 19320/20000 | loss 3.2296 | lr_mult 0.0032 | tok/s 718032 | grad_norm 0.146
step 19330/20000 | loss 3.2336 | lr_mult 0.0031 | tok/s 718043 | grad_norm 0.143
step 19340/20000 | loss 3.2039 | lr_mult 0.0030 | tok/s 718052 | grad_norm 0.142
step 19350/20000 | loss 3.2056 | lr_mult 0.0029 | tok/s 718063 | grad_norm 0.144
step 19360/20000 | loss 3.2193 | lr_mult 0.0028 | tok/s 718072 | grad_norm 0.140
step 19370/20000 | loss 3.2201 | lr_mult 0.0027 | tok/s 718082 | grad_norm 0.140
step 19380/20000 | loss 3.2354 | lr_mult 0.0026 | tok/s 718093 | grad_norm 0.139
step 19390/20000 | loss 3.2253 | lr_mult 0.0025 | tok/s 718103 | grad_norm 0.144
step 19400/20000 | loss 3.2203 | lr_mult 0.0025 | tok/s 718112 | grad_norm 0.148
step 19410/20000 | loss 3.2389 | lr_mult 0.0024 | tok/s 718122 | grad_norm 0.144
step 19420/20000 | loss 3.2256 | lr_mult 0.0023 | tok/s 718132 | grad_norm 0.139
step 19430/20000 | loss 3.2538 | lr_mult 0.0022 | tok/s 718142 | grad_norm 0.143
step 19440/20000 | loss 3.2770 | lr_mult 0.0021 | tok/s 718152 | grad_norm 0.146
step 19450/20000 | loss 3.1909 | lr_mult 0.0021 | tok/s 718163 | grad_norm 0.144
step 19460/20000 | loss 3.2132 | lr_mult 0.0020 | tok/s 718173 | grad_norm 0.142
step 19470/20000 | loss 3.2232 | lr_mult 0.0019 | tok/s 718183 | grad_norm 0.142
step 19480/20000 | loss 3.2359 | lr_mult 0.0018 | tok/s 718192 | grad_norm 0.143
step 19490/20000 | loss 3.2274 | lr_mult 0.0018 | tok/s 718202 | grad_norm 0.141
step 19500/20000 | loss 3.2168 | lr_mult 0.0017 | tok/s 718212 | grad_norm 0.141
step 19500/20000 | val_loss 3.2123
step 19510/20000 | loss 3.2037 | lr_mult 0.0016 | tok/s 717725 | grad_norm 0.142
step 19520/20000 | loss 3.2016 | lr_mult 0.0016 | tok/s 717735 | grad_norm 0.146
step 19530/20000 | loss 3.1844 | lr_mult 0.0015 | tok/s 717746 | grad_norm 0.138
step 19540/20000 | loss 3.2418 | lr_mult 0.0014 | tok/s 717756 | grad_norm 0.143
step 19550/20000 | loss 3.2657 | lr_mult 0.0014 | tok/s 717767 | grad_norm 0.140
step 19560/20000 | loss 3.1767 | lr_mult 0.0013 | tok/s 717777 | grad_norm 0.143
step 19570/20000 | loss 3.2595 | lr_mult 0.0013 | tok/s 717787 | grad_norm 0.145
step 19580/20000 | loss 3.2150 | lr_mult 0.0012 | tok/s 717796 | grad_norm 0.143
step 19590/20000 | loss 3.2237 | lr_mult 0.0011 | tok/s 717806 | grad_norm 0.139
step 19600/20000 | loss 3.2465 | lr_mult 0.0011 | tok/s 717816 | grad_norm 0.144
step 19610/20000 | loss 3.2296 | lr_mult 0.0010 | tok/s 717826 | grad_norm 0.137
step 19620/20000 | loss 3.2508 | lr_mult 0.0010 | tok/s 717837 | grad_norm 0.150
step 19630/20000 | loss 3.2326 | lr_mult 0.0009 | tok/s 717846 | grad_norm 0.146
step 19640/20000 | loss 3.1787 | lr_mult 0.0009 | tok/s 717857 | grad_norm 0.138
step 19650/20000 | loss 3.1956 | lr_mult 0.0008 | tok/s 717868 | grad_norm 0.141
step 19660/20000 | loss 3.2262 | lr_mult 0.0008 | tok/s 717878 | grad_norm 0.142
step 19670/20000 | loss 3.1945 | lr_mult 0.0007 | tok/s 717888 | grad_norm 0.143
step 19680/20000 | loss 3.1982 | lr_mult 0.0007 | tok/s 717898 | grad_norm 0.144
step 19690/20000 | loss 3.1978 | lr_mult 0.0007 | tok/s 717908 | grad_norm 0.144
step 19700/20000 | loss 3.1776 | lr_mult 0.0006 | tok/s 717918 | grad_norm 0.143
step 19710/20000 | loss 3.2553 | lr_mult 0.0006 | tok/s 717929 | grad_norm 0.139
step 19720/20000 | loss 3.1998 | lr_mult 0.0005 | tok/s 717939 | grad_norm 0.143
step 19730/20000 | loss 3.2152 | lr_mult 0.0005 | tok/s 717950 | grad_norm 0.143
step 19740/20000 | loss 3.2325 | lr_mult 0.0005 | tok/s 717960 | grad_norm 0.141
step 19750/20000 | loss 3.2070 | lr_mult 0.0004 | tok/s 717970 | grad_norm 0.142
step 19760/20000 | loss 3.2267 | lr_mult 0.0004 | tok/s 717980 | grad_norm 0.142
step 19770/20000 | loss 3.2760 | lr_mult 0.0004 | tok/s 717990 | grad_norm 0.141
step 19780/20000 | loss 3.2187 | lr_mult 0.0003 | tok/s 718001 | grad_norm 0.142
step 19790/20000 | loss 3.2037 | lr_mult 0.0003 | tok/s 718011 | grad_norm 0.142
step 19800/20000 | loss 3.2660 | lr_mult 0.0003 | tok/s 718021 | grad_norm 0.146
step 19810/20000 | loss 3.2262 | lr_mult 0.0002 | tok/s 718031 | grad_norm 0.142
step 19820/20000 | loss 3.2353 | lr_mult 0.0002 | tok/s 718041 | grad_norm 0.142
step 19830/20000 | loss 3.2057 | lr_mult 0.0002 | tok/s 718051 | grad_norm 0.141
step 19840/20000 | loss 3.2222 | lr_mult 0.0002 | tok/s 718060 | grad_norm 0.142
step 19850/20000 | loss 3.2630 | lr_mult 0.0002 | tok/s 718070 | grad_norm 0.144
step 19860/20000 | loss 3.2044 | lr_mult 0.0001 | tok/s 718080 | grad_norm 0.138
step 19870/20000 | loss 3.2065 | lr_mult 0.0001 | tok/s 718090 | grad_norm 0.142
step 19880/20000 | loss 3.2147 | lr_mult 0.0001 | tok/s 718100 | grad_norm 0.146
step 19890/20000 | loss 3.1958 | lr_mult 0.0001 | tok/s 718110 | grad_norm 0.141
step 19900/20000 | loss 3.2492 | lr_mult 0.0001 | tok/s 718120 | grad_norm 0.139
step 19910/20000 | loss 3.2317 | lr_mult 0.0001 | tok/s 718130 | grad_norm 0.140
step 19920/20000 | loss 3.2342 | lr_mult 0.0000 | tok/s 718141 | grad_norm 0.144
step 19930/20000 | loss 3.2103 | lr_mult 0.0000 | tok/s 718150 | grad_norm 0.141
step 19940/20000 | loss 3.2203 | lr_mult 0.0000 | tok/s 718160 | grad_norm 0.144
step 19950/20000 | loss 3.1787 | lr_mult 0.0000 | tok/s 718170 | grad_norm 0.143
step 19960/20000 | loss 3.1900 | lr_mult 0.0000 | tok/s 718180 | grad_norm 0.143
step 19970/20000 | loss 3.2377 | lr_mult 0.0000 | tok/s 718191 | grad_norm 0.141
step 19980/20000 | loss 3.2566 | lr_mult 0.0000 | tok/s 718201 | grad_norm 0.142
step 19990/20000 | loss 3.2278 | lr_mult 0.0000 | tok/s 718211 | grad_norm 0.141
step 20000/20000 | loss 3.1945 | lr_mult 0.0000 | tok/s 718222 | grad_norm 0.138
step 20000/20000 | val_loss 3.2120
Checkpoint saved: /mnt/dllm/ruilai/checkpoints/fineweb_small_125m/orscale_muon_moonlight_calibrated/step_020000.pt
Final val_loss: 3.2120
Training complete. 20000 steps in 7780.0s. Total tokens: 5,242,880,000
