W0502 14:14:35.898000 330792 site-packages/torch/distributed/run.py:793] 
W0502 14:14:35.898000 330792 site-packages/torch/distributed/run.py:793] *****************************************
W0502 14:14:35.898000 330792 site-packages/torch/distributed/run.py:793] Setting OMP_NUM_THREADS environment variable for each process to be 1 in default, to avoid your system being overloaded, please further tune the variable for optimal performance in your application as needed. 
W0502 14:14:35.898000 330792 site-packages/torch/distributed/run.py:793] *****************************************
[rank3]:[W502 14:14:41.784714598 ProcessGroupNCCL.cpp:4115] [PG ID 0 PG GUID 0 Rank 3]  using GPU 3 to perform barrier as devices used by this process are currently unknown. This can potentially cause a hang if this rank to GPU mapping is incorrect.Specify device_ids in barrier() to force use of a particular device,or call init_process_group() with a device_id.
[rank2]:[W502 14:14:41.902094172 ProcessGroupNCCL.cpp:4115] [PG ID 0 PG GUID 0 Rank 2]  using GPU 2 to perform barrier as devices used by this process are currently unknown. This can potentially cause a hang if this rank to GPU mapping is incorrect.Specify device_ids in barrier() to force use of a particular device,or call init_process_group() with a device_id.
[rank4]:[W502 14:14:41.913765631 ProcessGroupNCCL.cpp:4115] [PG ID 0 PG GUID 0 Rank 4]  using GPU 4 to perform barrier as devices used by this process are currently unknown. This can potentially cause a hang if this rank to GPU mapping is incorrect.Specify device_ids in barrier() to force use of a particular device,or call init_process_group() with a device_id.
[rank5]:[W502 14:14:41.918971537 ProcessGroupNCCL.cpp:4115] [PG ID 0 PG GUID 0 Rank 5]  using GPU 5 to perform barrier as devices used by this process are currently unknown. This can potentially cause a hang if this rank to GPU mapping is incorrect.Specify device_ids in barrier() to force use of a particular device,or call init_process_group() with a device_id.
[rank7]:[W502 14:14:41.979233129 ProcessGroupNCCL.cpp:4115] [PG ID 0 PG GUID 0 Rank 7]  using GPU 7 to perform barrier as devices used by this process are currently unknown. This can potentially cause a hang if this rank to GPU mapping is incorrect.Specify device_ids in barrier() to force use of a particular device,or call init_process_group() with a device_id.
[rank0]:[W502 14:14:41.998577533 ProcessGroupNCCL.cpp:4115] [PG ID 0 PG GUID 0 Rank 0]  using GPU 0 to perform barrier as devices used by this process are currently unknown. This can potentially cause a hang if this rank to GPU mapping is incorrect.Specify device_ids in barrier() to force use of a particular device,or call init_process_group() with a device_id.
[rank6]:[W502 14:14:41.009305415 ProcessGroupNCCL.cpp:4115] [PG ID 0 PG GUID 0 Rank 6]  using GPU 6 to perform barrier as devices used by this process are currently unknown. This can potentially cause a hang if this rank to GPU mapping is incorrect.Specify device_ids in barrier() to force use of a particular device,or call init_process_group() with a device_id.
[rank1]:[W502 14:14:41.008469141 ProcessGroupNCCL.cpp:4115] [PG ID 0 PG GUID 0 Rank 1]  using GPU 1 to perform barrier as devices used by this process are currently unknown. This can potentially cause a hang if this rank to GPU mapping is incorrect.Specify device_ids in barrier() to force use of a particular device,or call init_process_group() with a device_id.
2026-05-02 14:14:45 | INFO | World size: 8, Device: cuda:0
wandb: [wandb.login()] Loaded credentials for https://api.wandb.ai from /root/.netrc.
wandb: Currently logged in as: yuxuanlou to https://api.wandb.ai. Use `wandb login --relogin` to force relogin
wandb: setting up run 9qnh0b9k
wandb: Tracking run with wandb version 0.26.1
wandb: Run data is saved locally in /ossfs/workspace/OrScale/wandb/run-20260502_141454-9qnh0b9k
wandb: Run `wandb offline` to turn off syncing.
wandb: Syncing run fineweb_small_125m-orscale_muon_moonlight_calibrated-seed42
wandb: ⭐️ View project at https://wandb.ai/yuxuanlou/orscale-fineweb10B
wandb: 🚀 View run at https://wandb.ai/yuxuanlou/orscale-fineweb10B/runs/9qnh0b9k
2026-05-02 14:15:05 | INFO | Building model...
2026-05-02 14:15:06 | INFO | Model: 123.6M parameters
2026-05-02 14:15:06 | INFO | Building optimizer(s): orscale_muon_moonlight_calibrated
2026-05-02 14:15:06 | INFO | Building scheduler...
2026-05-02 14:15:06 | INFO | Building training data loader...
2026-05-02 14:15:07 | INFO | Building validation data loader...
2026-05-02 14:15:07 | INFO | Launching training run
2026-05-02 14:15:07 | INFO |   config: configs/small_125m.yaml
2026-05-02 14:15:07 | INFO |   overrides: ['model.preset=small', 'model.max_seq_len=1024', 'training.batch_size=32', 'training.grad_accum_steps=1', 'training.max_steps=20000', 'training.seed=42', 'optimizer.name=orscale_muon_moonlight_calibrated', 'logging.wandb_name=fineweb_small_125m-orscale_muon_moonlight_calibrated-seed42', 'optimizer.lr=0.001', 'optimizer.weight_decay=0.1', 'optimizer.adamw_lr=0.001', 'optimizer.adamw_weight_decay=0.1', 'optimizer.r_min=0.1', 'optimizer.r_max=5.0']
2026-05-02 14:15:07 | INFO |   distributed: rank=0 local_rank=0 world_size=8 device=cuda:0
2026-05-02 14:15:07 | INFO |   seed: base=42 effective_rank_seed=42 precision=bfloat16
2026-05-02 14:15:07 | INFO |   model: preset=small seq_len=1024 norm=rmsnorm mlp=relusqr pos=rope tie_weights=True
2026-05-02 14:15:07 | INFO |   optimizer: name=orscale_muon_moonlight_calibrated optimizers=2 lr=0.001 weight_decay=0.1 momentum=0.95
2026-05-02 14:15:07 | INFO |   optimizer extras: ns_iters=5 adamw_lr=0.001 alpha=0.5 r_min=0.1 r_max=5.0 c_denom=auto
2026-05-02 14:15:07 | INFO |   schedule: max_steps=20000 warmup_steps=1000 grad_accum=1 tokens/step=262,144
2026-05-02 14:15:07 | INFO |   training cadence: log_every=10 val_every=500 val_steps=20 save_every=5000
2026-05-02 14:15:07 | INFO |   data(train): in-memory .bin shards (103 files) from /mnt/dllm/ruilai/dataset/fineweb10B/fineweb_train_*.bin
2026-05-02 14:15:07 | INFO |   data(val): in-memory .bin shards (1 files) from /mnt/dllm/ruilai/dataset/fineweb10B/fineweb_val_*.bin
2026-05-02 14:15:07 | INFO |   loaders: train=DataLoader val=DataLoader
2026-05-02 14:15:07 | INFO |   diagnostics: log_every=50 heavy_log_every=500
2026-05-02 14:15:07 | INFO |   wandb: enabled (project=orscale-fineweb10B, group=small_125m)
2026-05-02 14:15:07 | INFO | Starting training loop...
step 10/20000 | loss 10.9777 | lr_mult 0.0100 | tok/s 316522 | grad_norm 12.562
step 20/20000 | loss 10.7885 | lr_mult 0.0200 | tok/s 441711 | grad_norm 11.588
step 30/20000 | loss 10.4115 | lr_mult 0.0300 | tok/s 509883 | grad_norm 8.655
step 40/20000 | loss 9.9085 | lr_mult 0.0400 | tok/s 552528 | grad_norm 5.826
step 50/20000 | loss 9.2774 | lr_mult 0.0500 | tok/s 581620 | grad_norm 3.969
step 60/20000 | loss 8.6552 | lr_mult 0.0600 | tok/s 602743 | grad_norm 2.626
step 70/20000 | loss 7.9894 | lr_mult 0.0700 | tok/s 618795 | grad_norm 1.639
step 80/20000 | loss 7.4335 | lr_mult 0.0800 | tok/s 631525 | grad_norm 1.255
step 90/20000 | loss 7.1350 | lr_mult 0.0900 | tok/s 642301 | grad_norm 1.012
step 100/20000 | loss 6.9232 | lr_mult 0.1000 | tok/s 650623 | grad_norm 0.907
step 110/20000 | loss 6.7957 | lr_mult 0.1100 | tok/s 657591 | grad_norm 2.248
step 120/20000 | loss 6.6493 | lr_mult 0.1200 | tok/s 663535 | grad_norm 2.385
step 130/20000 | loss 6.5695 | lr_mult 0.1300 | tok/s 668678 | grad_norm 2.225
step 140/20000 | loss 6.5289 | lr_mult 0.1400 | tok/s 673039 | grad_norm 2.311
step 150/20000 | loss 6.4006 | lr_mult 0.1500 | tok/s 677009 | grad_norm 2.261
step 160/20000 | loss 6.3729 | lr_mult 0.1600 | tok/s 680496 | grad_norm 2.317
step 170/20000 | loss 6.3458 | lr_mult 0.1700 | tok/s 683627 | grad_norm 2.078
step 180/20000 | loss 6.2391 | lr_mult 0.1800 | tok/s 686702 | grad_norm 2.446
step 190/20000 | loss 6.2257 | lr_mult 0.1900 | tok/s 689392 | grad_norm 2.073
step 200/20000 | loss 6.1563 | lr_mult 0.2000 | tok/s 691681 | grad_norm 2.288
step 210/20000 | loss 6.1325 | lr_mult 0.2100 | tok/s 693712 | grad_norm 2.576
step 220/20000 | loss 6.0942 | lr_mult 0.2200 | tok/s 695626 | grad_norm 2.268
step 230/20000 | loss 6.0898 | lr_mult 0.2300 | tok/s 697354 | grad_norm 2.223
step 240/20000 | loss 6.0318 | lr_mult 0.2400 | tok/s 699162 | grad_norm 2.119
step 250/20000 | loss 5.9825 | lr_mult 0.2500 | tok/s 700867 | grad_norm 2.278
step 260/20000 | loss 5.9780 | lr_mult 0.2600 | tok/s 702418 | grad_norm 2.430
step 270/20000 | loss 5.9779 | lr_mult 0.2700 | tok/s 703879 | grad_norm 1.983
step 280/20000 | loss 5.9008 | lr_mult 0.2800 | tok/s 705252 | grad_norm 2.442
step 290/20000 | loss 5.8859 | lr_mult 0.2900 | tok/s 706542 | grad_norm 2.060
step 300/20000 | loss 5.8643 | lr_mult 0.3000 | tok/s 707732 | grad_norm 2.393
step 310/20000 | loss 5.8086 | lr_mult 0.3100 | tok/s 708666 | grad_norm 2.375
step 320/20000 | loss 5.7491 | lr_mult 0.3200 | tok/s 709715 | grad_norm 2.235
step 330/20000 | loss 5.7153 | lr_mult 0.3300 | tok/s 710538 | grad_norm 2.300
step 340/20000 | loss 5.7264 | lr_mult 0.3400 | tok/s 711339 | grad_norm 2.143
step 350/20000 | loss 5.6521 | lr_mult 0.3500 | tok/s 712080 | grad_norm 2.685
step 360/20000 | loss 5.6391 | lr_mult 0.3600 | tok/s 712936 | grad_norm 2.753
step 370/20000 | loss 5.5581 | lr_mult 0.3700 | tok/s 713616 | grad_norm 2.963
step 380/20000 | loss 5.5489 | lr_mult 0.3800 | tok/s 714393 | grad_norm 2.741
step 390/20000 | loss 5.4863 | lr_mult 0.3900 | tok/s 714978 | grad_norm 3.139
step 400/20000 | loss 5.4326 | lr_mult 0.4000 | tok/s 715702 | grad_norm 2.560
step 410/20000 | loss 5.3963 | lr_mult 0.4100 | tok/s 716349 | grad_norm 2.899
step 420/20000 | loss 5.3843 | lr_mult 0.4200 | tok/s 716857 | grad_norm 2.980
step 430/20000 | loss 5.3218 | lr_mult 0.4300 | tok/s 717348 | grad_norm 3.095
step 440/20000 | loss 5.2639 | lr_mult 0.4400 | tok/s 717819 | grad_norm 2.901
step 450/20000 | loss 5.2600 | lr_mult 0.4500 | tok/s 718260 | grad_norm 2.637
step 460/20000 | loss 5.2333 | lr_mult 0.4600 | tok/s 718799 | grad_norm 2.518
step 470/20000 | loss 5.1569 | lr_mult 0.4700 | tok/s 719195 | grad_norm 2.132
step 480/20000 | loss 5.1626 | lr_mult 0.4800 | tok/s 719653 | grad_norm 2.319
step 490/20000 | loss 5.1431 | lr_mult 0.4900 | tok/s 719975 | grad_norm 2.331
step 500/20000 | loss 5.1214 | lr_mult 0.5000 | tok/s 720444 | grad_norm 2.597
step 500/20000 | val_loss 5.1006
step 510/20000 | loss 5.0782 | lr_mult 0.5100 | tok/s 700950 | grad_norm 2.196
step 520/20000 | loss 5.0675 | lr_mult 0.5200 | tok/s 701743 | grad_norm 2.161
step 530/20000 | loss 5.0666 | lr_mult 0.5300 | tok/s 702382 | grad_norm 2.340
step 540/20000 | loss 4.9594 | lr_mult 0.5400 | tok/s 703002 | grad_norm 2.278
step 550/20000 | loss 4.9749 | lr_mult 0.5500 | tok/s 703655 | grad_norm 2.503
step 560/20000 | loss 4.9842 | lr_mult 0.5600 | tok/s 704360 | grad_norm 1.937
step 570/20000 | loss 4.9409 | lr_mult 0.5700 | tok/s 704914 | grad_norm 1.896
step 580/20000 | loss 4.9045 | lr_mult 0.5800 | tok/s 705435 | grad_norm 1.920
step 590/20000 | loss 4.8721 | lr_mult 0.5900 | tok/s 706046 | grad_norm 2.166
step 600/20000 | loss 4.8730 | lr_mult 0.6000 | tok/s 706560 | grad_norm 1.868
step 610/20000 | loss 4.8616 | lr_mult 0.6100 | tok/s 707053 | grad_norm 1.757
step 620/20000 | loss 4.8705 | lr_mult 0.6200 | tok/s 707524 | grad_norm 1.809
step 630/20000 | loss 4.8237 | lr_mult 0.6300 | tok/s 707823 | grad_norm 1.528
step 640/20000 | loss 4.8525 | lr_mult 0.6400 | tok/s 708276 | grad_norm 1.781
step 650/20000 | loss 4.7662 | lr_mult 0.6500 | tok/s 708713 | grad_norm 1.561
step 660/20000 | loss 4.6961 | lr_mult 0.6600 | tok/s 709107 | grad_norm 1.656
step 670/20000 | loss 4.7496 | lr_mult 0.6700 | tok/s 709559 | grad_norm 1.626
step 680/20000 | loss 4.6871 | lr_mult 0.6800 | tok/s 709958 | grad_norm 1.838
step 690/20000 | loss 4.6808 | lr_mult 0.6900 | tok/s 710347 | grad_norm 1.757
step 700/20000 | loss 4.6923 | lr_mult 0.7000 | tok/s 710734 | grad_norm 1.788
step 710/20000 | loss 4.6222 | lr_mult 0.7100 | tok/s 711044 | grad_norm 1.789
step 720/20000 | loss 4.6054 | lr_mult 0.7200 | tok/s 711415 | grad_norm 1.511
step 730/20000 | loss 4.5860 | lr_mult 0.7300 | tok/s 711755 | grad_norm 1.577
step 740/20000 | loss 4.5068 | lr_mult 0.7400 | tok/s 712097 | grad_norm 1.660
step 750/20000 | loss 4.5143 | lr_mult 0.7500 | tok/s 712444 | grad_norm 1.421
step 760/20000 | loss 4.4909 | lr_mult 0.7600 | tok/s 712740 | grad_norm 1.566
step 770/20000 | loss 4.4840 | lr_mult 0.7700 | tok/s 713078 | grad_norm 1.470
step 780/20000 | loss 4.4369 | lr_mult 0.7800 | tok/s 713461 | grad_norm 1.445
step 790/20000 | loss 4.4245 | lr_mult 0.7900 | tok/s 713836 | grad_norm 1.007
step 800/20000 | loss 4.4059 | lr_mult 0.8000 | tok/s 714217 | grad_norm 1.313
step 810/20000 | loss 4.3800 | lr_mult 0.8100 | tok/s 714555 | grad_norm 1.271
step 820/20000 | loss 4.3722 | lr_mult 0.8200 | tok/s 714864 | grad_norm 1.309
step 830/20000 | loss 4.3578 | lr_mult 0.8300 | tok/s 715218 | grad_norm 1.450
step 840/20000 | loss 4.3097 | lr_mult 0.8400 | tok/s 715495 | grad_norm 1.098
step 850/20000 | loss 4.3524 | lr_mult 0.8500 | tok/s 715813 | grad_norm 1.307
step 860/20000 | loss 4.3623 | lr_mult 0.8600 | tok/s 716132 | grad_norm 1.299
step 870/20000 | loss 4.3167 | lr_mult 0.8700 | tok/s 716456 | grad_norm 1.383
step 880/20000 | loss 4.3002 | lr_mult 0.8800 | tok/s 716781 | grad_norm 1.178
step 890/20000 | loss 4.3271 | lr_mult 0.8900 | tok/s 717099 | grad_norm 1.170
step 900/20000 | loss 4.3332 | lr_mult 0.9000 | tok/s 717390 | grad_norm 1.128
step 910/20000 | loss 4.3017 | lr_mult 0.9100 | tok/s 717683 | grad_norm 1.083
step 920/20000 | loss 4.2928 | lr_mult 0.9200 | tok/s 717971 | grad_norm 0.969
step 930/20000 | loss 4.2515 | lr_mult 0.9300 | tok/s 718193 | grad_norm 1.033
step 940/20000 | loss 4.2643 | lr_mult 0.9400 | tok/s 718410 | grad_norm 1.058
step 950/20000 | loss 4.2703 | lr_mult 0.9500 | tok/s 718629 | grad_norm 1.003
step 960/20000 | loss 4.2763 | lr_mult 0.9600 | tok/s 718829 | grad_norm 1.152
step 970/20000 | loss 4.2548 | lr_mult 0.9700 | tok/s 719038 | grad_norm 1.060
step 980/20000 | loss 4.2282 | lr_mult 0.9800 | tok/s 719228 | grad_norm 1.256
step 990/20000 | loss 4.1969 | lr_mult 0.9900 | tok/s 719420 | grad_norm 1.068
step 1000/20000 | loss 4.2090 | lr_mult 1.0000 | tok/s 719613 | grad_norm 1.080
step 1000/20000 | val_loss 4.2124
step 1010/20000 | loss 4.1875 | lr_mult 1.0000 | tok/s 710176 | grad_norm 1.143
step 1020/20000 | loss 4.2420 | lr_mult 1.0000 | tok/s 710493 | grad_norm 1.010
step 1030/20000 | loss 4.2431 | lr_mult 1.0000 | tok/s 710821 | grad_norm 1.011
step 1040/20000 | loss 4.1431 | lr_mult 1.0000 | tok/s 711141 | grad_norm 0.902
step 1050/20000 | loss 4.1728 | lr_mult 1.0000 | tok/s 711422 | grad_norm 1.017
step 1060/20000 | loss 4.1542 | lr_mult 1.0000 | tok/s 711661 | grad_norm 0.956
step 1070/20000 | loss 4.1691 | lr_mult 1.0000 | tok/s 711966 | grad_norm 1.045
step 1080/20000 | loss 4.1257 | lr_mult 1.0000 | tok/s 712264 | grad_norm 0.980
step 1090/20000 | loss 4.1240 | lr_mult 0.9999 | tok/s 712555 | grad_norm 0.967
step 1100/20000 | loss 4.1151 | lr_mult 0.9999 | tok/s 712829 | grad_norm 1.028
step 1110/20000 | loss 4.1343 | lr_mult 0.9999 | tok/s 713090 | grad_norm 1.033
step 1120/20000 | loss 4.1190 | lr_mult 0.9999 | tok/s 713354 | grad_norm 0.997
step 1130/20000 | loss 4.0953 | lr_mult 0.9999 | tok/s 713629 | grad_norm 0.863
step 1140/20000 | loss 4.0831 | lr_mult 0.9999 | tok/s 713847 | grad_norm 0.824
step 1150/20000 | loss 4.1255 | lr_mult 0.9998 | tok/s 714080 | grad_norm 0.948
step 1160/20000 | loss 4.0633 | lr_mult 0.9998 | tok/s 714288 | grad_norm 0.954
step 1170/20000 | loss 4.0661 | lr_mult 0.9998 | tok/s 714485 | grad_norm 0.711
step 1180/20000 | loss 4.0800 | lr_mult 0.9998 | tok/s 714681 | grad_norm 0.771
step 1190/20000 | loss 4.0565 | lr_mult 0.9998 | tok/s 714929 | grad_norm 0.879
step 1200/20000 | loss 4.0824 | lr_mult 0.9997 | tok/s 715115 | grad_norm 0.774
step 1210/20000 | loss 4.1139 | lr_mult 0.9997 | tok/s 715298 | grad_norm 0.731
step 1220/20000 | loss 4.0597 | lr_mult 0.9997 | tok/s 715535 | grad_norm 0.651
step 1230/20000 | loss 4.0642 | lr_mult 0.9996 | tok/s 715762 | grad_norm 0.830
step 1240/20000 | loss 4.0327 | lr_mult 0.9996 | tok/s 715950 | grad_norm 0.736
step 1250/20000 | loss 4.0497 | lr_mult 0.9996 | tok/s 716134 | grad_norm 0.825
step 1260/20000 | loss 3.9922 | lr_mult 0.9995 | tok/s 716346 | grad_norm 0.681
step 1270/20000 | loss 4.0467 | lr_mult 0.9995 | tok/s 716572 | grad_norm 0.746
step 1280/20000 | loss 4.0059 | lr_mult 0.9995 | tok/s 716798 | grad_norm 0.766
step 1290/20000 | loss 4.0379 | lr_mult 0.9994 | tok/s 717017 | grad_norm 0.816
step 1300/20000 | loss 3.9879 | lr_mult 0.9994 | tok/s 717184 | grad_norm 0.665
step 1310/20000 | loss 3.9510 | lr_mult 0.9993 | tok/s 717346 | grad_norm 0.763
step 1320/20000 | loss 4.0035 | lr_mult 0.9993 | tok/s 717508 | grad_norm 0.677
step 1330/20000 | loss 4.0087 | lr_mult 0.9993 | tok/s 717670 | grad_norm 0.659
step 1340/20000 | loss 4.0051 | lr_mult 0.9992 | tok/s 717870 | grad_norm 0.629
step 1350/20000 | loss 3.9946 | lr_mult 0.9992 | tok/s 718027 | grad_norm 0.629
step 1360/20000 | loss 3.9683 | lr_mult 0.9991 | tok/s 718171 | grad_norm 0.560
step 1370/20000 | loss 4.0062 | lr_mult 0.9991 | tok/s 718318 | grad_norm 0.742
step 1380/20000 | loss 3.9759 | lr_mult 0.9990 | tok/s 718461 | grad_norm 0.648
step 1390/20000 | loss 3.9563 | lr_mult 0.9990 | tok/s 718601 | grad_norm 0.611
step 1400/20000 | loss 3.9649 | lr_mult 0.9989 | tok/s 718744 | grad_norm 0.643
step 1410/20000 | loss 3.9933 | lr_mult 0.9989 | tok/s 718872 | grad_norm 0.594
step 1420/20000 | loss 3.9417 | lr_mult 0.9988 | tok/s 718995 | grad_norm 0.580
step 1430/20000 | loss 3.9723 | lr_mult 0.9987 | tok/s 719117 | grad_norm 0.731
step 1440/20000 | loss 3.9264 | lr_mult 0.9987 | tok/s 719289 | grad_norm 0.642
step 1450/20000 | loss 3.9411 | lr_mult 0.9986 | tok/s 719467 | grad_norm 0.490
step 1460/20000 | loss 3.9651 | lr_mult 0.9986 | tok/s 719625 | grad_norm 0.641
step 1470/20000 | loss 3.9391 | lr_mult 0.9985 | tok/s 719716 | grad_norm 0.617
step 1480/20000 | loss 3.9578 | lr_mult 0.9984 | tok/s 719842 | grad_norm 0.578
step 1490/20000 | loss 3.9333 | lr_mult 0.9984 | tok/s 719968 | grad_norm 0.567
step 1500/20000 | loss 3.9453 | lr_mult 0.9983 | tok/s 720125 | grad_norm 0.634
step 1500/20000 | val_loss 3.9281
step 1510/20000 | loss 3.9631 | lr_mult 0.9982 | tok/s 713749 | grad_norm 0.581
step 1520/20000 | loss 3.9261 | lr_mult 0.9982 | tok/s 713905 | grad_norm 0.565
step 1530/20000 | loss 3.8942 | lr_mult 0.9981 | tok/s 714064 | grad_norm 0.648
step 1540/20000 | loss 3.9060 | lr_mult 0.9980 | tok/s 714257 | grad_norm 0.549
step 1550/20000 | loss 3.9161 | lr_mult 0.9979 | tok/s 714441 | grad_norm 0.500
step 1560/20000 | loss 3.9378 | lr_mult 0.9979 | tok/s 714620 | grad_norm 0.512
step 1570/20000 | loss 3.8737 | lr_mult 0.9978 | tok/s 714810 | grad_norm 0.579
step 1580/20000 | loss 3.9085 | lr_mult 0.9977 | tok/s 714997 | grad_norm 0.526
step 1590/20000 | loss 3.8959 | lr_mult 0.9976 | tok/s 715187 | grad_norm 0.518
step 1600/20000 | loss 3.8754 | lr_mult 0.9975 | tok/s 715375 | grad_norm 0.606
step 1610/20000 | loss 3.9040 | lr_mult 0.9975 | tok/s 715547 | grad_norm 0.530
step 1620/20000 | loss 3.9026 | lr_mult 0.9974 | tok/s 715719 | grad_norm 0.537
step 1630/20000 | loss 3.8875 | lr_mult 0.9973 | tok/s 715894 | grad_norm 0.539
step 1640/20000 | loss 3.8754 | lr_mult 0.9972 | tok/s 716063 | grad_norm 0.470
step 1650/20000 | loss 3.8898 | lr_mult 0.9971 | tok/s 716219 | grad_norm 0.511
step 1660/20000 | loss 3.8764 | lr_mult 0.9970 | tok/s 716389 | grad_norm 0.495
step 1670/20000 | loss 3.9069 | lr_mult 0.9969 | tok/s 716558 | grad_norm 0.640
step 1680/20000 | loss 3.9001 | lr_mult 0.9968 | tok/s 716727 | grad_norm 0.491
step 1690/20000 | loss 3.9292 | lr_mult 0.9967 | tok/s 716894 | grad_norm 0.503
step 1700/20000 | loss 3.8926 | lr_mult 0.9967 | tok/s 717048 | grad_norm 0.581
step 1710/20000 | loss 3.8535 | lr_mult 0.9966 | tok/s 717200 | grad_norm 0.496
step 1720/20000 | loss 3.8469 | lr_mult 0.9965 | tok/s 717351 | grad_norm 0.534
step 1730/20000 | loss 3.8451 | lr_mult 0.9964 | tok/s 717497 | grad_norm 0.514
step 1740/20000 | loss 3.8855 | lr_mult 0.9963 | tok/s 717652 | grad_norm 0.490
step 1750/20000 | loss 3.8777 | lr_mult 0.9962 | tok/s 717793 | grad_norm 0.478
step 1760/20000 | loss 3.8625 | lr_mult 0.9961 | tok/s 717942 | grad_norm 0.529
step 1770/20000 | loss 3.8608 | lr_mult 0.9960 | tok/s 718093 | grad_norm 0.509
step 1780/20000 | loss 3.8167 | lr_mult 0.9958 | tok/s 718229 | grad_norm 0.403
step 1790/20000 | loss 3.8834 | lr_mult 0.9957 | tok/s 718368 | grad_norm 0.484
step 1800/20000 | loss 3.8436 | lr_mult 0.9956 | tok/s 718508 | grad_norm 0.503
step 1810/20000 | loss 3.8725 | lr_mult 0.9955 | tok/s 718652 | grad_norm 0.418
step 1820/20000 | loss 3.8474 | lr_mult 0.9954 | tok/s 718788 | grad_norm 0.484
step 1830/20000 | loss 3.8154 | lr_mult 0.9953 | tok/s 718928 | grad_norm 0.443
step 1840/20000 | loss 3.8217 | lr_mult 0.9952 | tok/s 719067 | grad_norm 0.485
step 1850/20000 | loss 3.9093 | lr_mult 0.9951 | tok/s 719206 | grad_norm 0.475
step 1860/20000 | loss 3.8342 | lr_mult 0.9950 | tok/s 719342 | grad_norm 0.463
step 1870/20000 | loss 3.8202 | lr_mult 0.9948 | tok/s 719481 | grad_norm 0.395
step 1880/20000 | loss 3.8616 | lr_mult 0.9947 | tok/s 719559 | grad_norm 0.433
step 1890/20000 | loss 3.8168 | lr_mult 0.9946 | tok/s 719663 | grad_norm 0.454
step 1900/20000 | loss 3.8137 | lr_mult 0.9945 | tok/s 719796 | grad_norm 0.413
step 1910/20000 | loss 3.8469 | lr_mult 0.9944 | tok/s 719919 | grad_norm 0.459
step 1920/20000 | loss 3.8266 | lr_mult 0.9942 | tok/s 720046 | grad_norm 0.453
step 1930/20000 | loss 3.8498 | lr_mult 0.9941 | tok/s 720142 | grad_norm 0.450
step 1940/20000 | loss 3.8464 | lr_mult 0.9940 | tok/s 720241 | grad_norm 0.443
step 1950/20000 | loss 3.8077 | lr_mult 0.9938 | tok/s 720335 | grad_norm 0.469
step 1960/20000 | loss 3.8308 | lr_mult 0.9937 | tok/s 720442 | grad_norm 0.430
step 1970/20000 | loss 3.8246 | lr_mult 0.9936 | tok/s 720536 | grad_norm 0.468
step 1980/20000 | loss 3.7745 | lr_mult 0.9935 | tok/s 720602 | grad_norm 0.456
step 1990/20000 | loss 3.7917 | lr_mult 0.9933 | tok/s 720699 | grad_norm 0.455
step 2000/20000 | loss 3.8343 | lr_mult 0.9932 | tok/s 720791 | grad_norm 0.413
step 2000/20000 | val_loss 3.8121
step 2010/20000 | loss 3.8445 | lr_mult 0.9930 | tok/s 716005 | grad_norm 0.423
step 2020/20000 | loss 3.8097 | lr_mult 0.9929 | tok/s 716138 | grad_norm 0.418
step 2030/20000 | loss 3.8064 | lr_mult 0.9928 | tok/s 716226 | grad_norm 0.471
step 2040/20000 | loss 3.7860 | lr_mult 0.9926 | tok/s 716331 | grad_norm 0.403
step 2050/20000 | loss 3.7980 | lr_mult 0.9925 | tok/s 716441 | grad_norm 0.446
step 2060/20000 | loss 3.8435 | lr_mult 0.9923 | tok/s 716545 | grad_norm 0.418
step 2070/20000 | loss 3.8320 | lr_mult 0.9922 | tok/s 716654 | grad_norm 0.449
step 2080/20000 | loss 3.8584 | lr_mult 0.9920 | tok/s 716763 | grad_norm 0.462
step 2090/20000 | loss 3.8365 | lr_mult 0.9919 | tok/s 716874 | grad_norm 0.407
step 2100/20000 | loss 3.7981 | lr_mult 0.9918 | tok/s 717009 | grad_norm 0.394
step 2110/20000 | loss 3.7738 | lr_mult 0.9916 | tok/s 717114 | grad_norm 0.406
step 2120/20000 | loss 3.7786 | lr_mult 0.9915 | tok/s 717241 | grad_norm 0.391
step 2130/20000 | loss 3.8503 | lr_mult 0.9913 | tok/s 717341 | grad_norm 0.467
step 2140/20000 | loss 3.7859 | lr_mult 0.9911 | tok/s 717473 | grad_norm 0.479
step 2150/20000 | loss 3.7906 | lr_mult 0.9910 | tok/s 717568 | grad_norm 0.408
step 2160/20000 | loss 3.8124 | lr_mult 0.9908 | tok/s 717629 | grad_norm 0.402
step 2170/20000 | loss 3.8218 | lr_mult 0.9907 | tok/s 717730 | grad_norm 0.413
step 2180/20000 | loss 3.7487 | lr_mult 0.9905 | tok/s 717856 | grad_norm 0.465
step 2190/20000 | loss 3.7846 | lr_mult 0.9904 | tok/s 717982 | grad_norm 0.447
step 2200/20000 | loss 3.7650 | lr_mult 0.9902 | tok/s 718105 | grad_norm 0.372
step 2210/20000 | loss 3.8100 | lr_mult 0.9900 | tok/s 718193 | grad_norm 0.440
step 2220/20000 | loss 3.7666 | lr_mult 0.9899 | tok/s 718281 | grad_norm 0.442
step 2230/20000 | loss 3.7827 | lr_mult 0.9897 | tok/s 718374 | grad_norm 0.370
step 2240/20000 | loss 3.7563 | lr_mult 0.9895 | tok/s 718490 | grad_norm 0.430
step 2250/20000 | loss 3.8008 | lr_mult 0.9894 | tok/s 718577 | grad_norm 0.334
step 2260/20000 | loss 3.7848 | lr_mult 0.9892 | tok/s 718651 | grad_norm 0.420
step 2270/20000 | loss 3.7684 | lr_mult 0.9890 | tok/s 718742 | grad_norm 0.414
step 2280/20000 | loss 3.7762 | lr_mult 0.9888 | tok/s 718825 | grad_norm 0.447
step 2290/20000 | loss 3.7943 | lr_mult 0.9887 | tok/s 718913 | grad_norm 0.430
step 2300/20000 | loss 3.7582 | lr_mult 0.9885 | tok/s 719001 | grad_norm 0.406
step 2310/20000 | loss 3.7357 | lr_mult 0.9883 | tok/s 719085 | grad_norm 0.372
step 2320/20000 | loss 3.7195 | lr_mult 0.9881 | tok/s 719172 | grad_norm 0.388
step 2330/20000 | loss 3.7996 | lr_mult 0.9880 | tok/s 719276 | grad_norm 0.401
step 2340/20000 | loss 3.8254 | lr_mult 0.9878 | tok/s 719386 | grad_norm 0.525
step 2350/20000 | loss 3.7644 | lr_mult 0.9876 | tok/s 719496 | grad_norm 0.437
step 2360/20000 | loss 3.7667 | lr_mult 0.9874 | tok/s 719600 | grad_norm 0.361
step 2370/20000 | loss 3.7938 | lr_mult 0.9872 | tok/s 719710 | grad_norm 0.394
step 2380/20000 | loss 3.7413 | lr_mult 0.9870 | tok/s 719788 | grad_norm 0.396
step 2390/20000 | loss 3.7829 | lr_mult 0.9869 | tok/s 719871 | grad_norm 0.422
step 2400/20000 | loss 3.7727 | lr_mult 0.9867 | tok/s 719977 | grad_norm 0.412
step 2410/20000 | loss 3.7598 | lr_mult 0.9865 | tok/s 720047 | grad_norm 0.478
step 2420/20000 | loss 3.7330 | lr_mult 0.9863 | tok/s 720124 | grad_norm 0.417
step 2430/20000 | loss 3.7649 | lr_mult 0.9861 | tok/s 720194 | grad_norm 0.373
step 2440/20000 | loss 3.7419 | lr_mult 0.9859 | tok/s 720273 | grad_norm 0.369
step 2450/20000 | loss 3.7449 | lr_mult 0.9857 | tok/s 720350 | grad_norm 0.404
step 2460/20000 | loss 3.7743 | lr_mult 0.9855 | tok/s 720444 | grad_norm 0.399
step 2470/20000 | loss 3.7373 | lr_mult 0.9853 | tok/s 720517 | grad_norm 0.430
step 2480/20000 | loss 3.7711 | lr_mult 0.9851 | tok/s 720595 | grad_norm 0.373
step 2490/20000 | loss 3.7323 | lr_mult 0.9849 | tok/s 720665 | grad_norm 0.468
step 2500/20000 | loss 3.7874 | lr_mult 0.9847 | tok/s 720745 | grad_norm 0.390
step 2500/20000 | val_loss 3.7457
step 2510/20000 | loss 3.7397 | lr_mult 0.9845 | tok/s 716887 | grad_norm 0.369
step 2520/20000 | loss 3.7113 | lr_mult 0.9843 | tok/s 716996 | grad_norm 0.401
step 2530/20000 | loss 3.7337 | lr_mult 0.9841 | tok/s 717083 | grad_norm 0.354
step 2540/20000 | loss 3.7154 | lr_mult 0.9839 | tok/s 717190 | grad_norm 0.383
step 2550/20000 | loss 3.7360 | lr_mult 0.9837 | tok/s 717274 | grad_norm 0.363
step 2560/20000 | loss 3.7114 | lr_mult 0.9835 | tok/s 717364 | grad_norm 0.365
step 2570/20000 | loss 3.7379 | lr_mult 0.9832 | tok/s 717447 | grad_norm 0.408
step 2580/20000 | loss 3.7420 | lr_mult 0.9830 | tok/s 717529 | grad_norm 0.439
step 2590/20000 | loss 3.7569 | lr_mult 0.9828 | tok/s 717633 | grad_norm 0.454
step 2600/20000 | loss 3.7508 | lr_mult 0.9826 | tok/s 717712 | grad_norm 0.376
step 2610/20000 | loss 3.7472 | lr_mult 0.9824 | tok/s 717784 | grad_norm 0.344
step 2620/20000 | loss 3.7214 | lr_mult 0.9822 | tok/s 717861 | grad_norm 0.372
step 2630/20000 | loss 3.7552 | lr_mult 0.9819 | tok/s 717942 | grad_norm 0.352
step 2640/20000 | loss 3.7426 | lr_mult 0.9817 | tok/s 718019 | grad_norm 0.384
step 2650/20000 | loss 3.7706 | lr_mult 0.9815 | tok/s 718099 | grad_norm 0.454
step 2660/20000 | loss 3.6810 | lr_mult 0.9813 | tok/s 718174 | grad_norm 0.398
step 2670/20000 | loss 3.7527 | lr_mult 0.9811 | tok/s 718250 | grad_norm 0.384
step 2680/20000 | loss 3.7237 | lr_mult 0.9808 | tok/s 718328 | grad_norm 0.383
step 2690/20000 | loss 3.7257 | lr_mult 0.9806 | tok/s 718404 | grad_norm 0.389
step 2700/20000 | loss 3.7377 | lr_mult 0.9804 | tok/s 718500 | grad_norm 0.387
step 2710/20000 | loss 3.7568 | lr_mult 0.9801 | tok/s 718596 | grad_norm 0.366
step 2720/20000 | loss 3.7096 | lr_mult 0.9799 | tok/s 718674 | grad_norm 0.330
step 2730/20000 | loss 3.7169 | lr_mult 0.9797 | tok/s 718773 | grad_norm 0.320
step 2740/20000 | loss 3.6875 | lr_mult 0.9794 | tok/s 718868 | grad_norm 0.366
step 2750/20000 | loss 3.7246 | lr_mult 0.9792 | tok/s 718933 | grad_norm 0.372
step 2760/20000 | loss 3.7361 | lr_mult 0.9790 | tok/s 719020 | grad_norm 0.349
step 2770/20000 | loss 3.7392 | lr_mult 0.9787 | tok/s 719085 | grad_norm 0.377
step 2780/20000 | loss 3.6879 | lr_mult 0.9785 | tok/s 719150 | grad_norm 0.325
step 2790/20000 | loss 3.7353 | lr_mult 0.9783 | tok/s 719220 | grad_norm 0.412
step 2800/20000 | loss 3.6780 | lr_mult 0.9780 | tok/s 719307 | grad_norm 0.341
step 2810/20000 | loss 3.7511 | lr_mult 0.9778 | tok/s 719360 | grad_norm 0.341
step 2820/20000 | loss 3.7128 | lr_mult 0.9775 | tok/s 719429 | grad_norm 0.380
step 2830/20000 | loss 3.6978 | lr_mult 0.9773 | tok/s 719493 | grad_norm 0.316
step 2840/20000 | loss 3.6783 | lr_mult 0.9770 | tok/s 719563 | grad_norm 0.372
step 2850/20000 | loss 3.7356 | lr_mult 0.9768 | tok/s 719632 | grad_norm 0.321
step 2860/20000 | loss 3.7230 | lr_mult 0.9765 | tok/s 719691 | grad_norm 0.355
step 2870/20000 | loss 3.7365 | lr_mult 0.9763 | tok/s 719752 | grad_norm 0.389
step 2880/20000 | loss 3.7005 | lr_mult 0.9760 | tok/s 719817 | grad_norm 0.357
step 2890/20000 | loss 3.7009 | lr_mult 0.9758 | tok/s 719882 | grad_norm 0.398
step 2900/20000 | loss 3.6746 | lr_mult 0.9755 | tok/s 719943 | grad_norm 0.376
step 2910/20000 | loss 3.7029 | lr_mult 0.9753 | tok/s 719998 | grad_norm 0.343
step 2920/20000 | loss 3.7624 | lr_mult 0.9750 | tok/s 720054 | grad_norm 0.382
step 2930/20000 | loss 3.7082 | lr_mult 0.9748 | tok/s 720120 | grad_norm 0.343
step 2940/20000 | loss 3.7049 | lr_mult 0.9745 | tok/s 720183 | grad_norm 0.398
step 2950/20000 | loss 3.6917 | lr_mult 0.9742 | tok/s 720242 | grad_norm 0.372
step 2960/20000 | loss 3.6974 | lr_mult 0.9740 | tok/s 720302 | grad_norm 0.394
step 2970/20000 | loss 3.6886 | lr_mult 0.9737 | tok/s 720367 | grad_norm 0.348
step 2980/20000 | loss 3.7016 | lr_mult 0.9734 | tok/s 720426 | grad_norm 0.347
step 2990/20000 | loss 3.6729 | lr_mult 0.9732 | tok/s 720484 | grad_norm 0.287
step 3000/20000 | loss 3.7226 | lr_mult 0.9729 | tok/s 720545 | grad_norm 0.358
step 3000/20000 | val_loss 3.6961
step 3010/20000 | loss 3.7428 | lr_mult 0.9726 | tok/s 717319 | grad_norm 0.429
step 3020/20000 | loss 3.6876 | lr_mult 0.9724 | tok/s 717408 | grad_norm 0.367
step 3030/20000 | loss 3.6995 | lr_mult 0.9721 | tok/s 717477 | grad_norm 0.339
step 3040/20000 | loss 3.6926 | lr_mult 0.9718 | tok/s 717539 | grad_norm 0.344
step 3050/20000 | loss 3.6936 | lr_mult 0.9716 | tok/s 717603 | grad_norm 0.299
step 3060/20000 | loss 3.6674 | lr_mult 0.9713 | tok/s 717665 | grad_norm 0.353
step 3070/20000 | loss 3.7245 | lr_mult 0.9710 | tok/s 717734 | grad_norm 0.339
step 3080/20000 | loss 3.7129 | lr_mult 0.9707 | tok/s 717823 | grad_norm 0.316
step 3090/20000 | loss 3.6509 | lr_mult 0.9704 | tok/s 717884 | grad_norm 0.391
step 3100/20000 | loss 3.6961 | lr_mult 0.9702 | tok/s 717971 | grad_norm 0.341
step 3110/20000 | loss 3.7030 | lr_mult 0.9699 | tok/s 718058 | grad_norm 0.340
step 3120/20000 | loss 3.6998 | lr_mult 0.9696 | tok/s 718125 | grad_norm 0.310
step 3130/20000 | loss 3.7043 | lr_mult 0.9693 | tok/s 718191 | grad_norm 0.368
step 3140/20000 | loss 3.6847 | lr_mult 0.9690 | tok/s 718258 | grad_norm 0.327
step 3150/20000 | loss 3.6800 | lr_mult 0.9687 | tok/s 718321 | grad_norm 0.312
step 3160/20000 | loss 3.6709 | lr_mult 0.9684 | tok/s 718382 | grad_norm 0.328
step 3170/20000 | loss 3.6822 | lr_mult 0.9682 | tok/s 718459 | grad_norm 0.339
step 3180/20000 | loss 3.6669 | lr_mult 0.9679 | tok/s 718523 | grad_norm 0.354
step 3190/20000 | loss 3.7040 | lr_mult 0.9676 | tok/s 718590 | grad_norm 0.305
step 3200/20000 | loss 3.6715 | lr_mult 0.9673 | tok/s 718654 | grad_norm 0.298
step 3210/20000 | loss 3.6652 | lr_mult 0.9670 | tok/s 718712 | grad_norm 0.313
step 3220/20000 | loss 3.6724 | lr_mult 0.9667 | tok/s 718773 | grad_norm 0.292
step 3230/20000 | loss 3.6513 | lr_mult 0.9664 | tok/s 718854 | grad_norm 0.327
step 3240/20000 | loss 3.6572 | lr_mult 0.9661 | tok/s 718934 | grad_norm 0.343
step 3250/20000 | loss 3.6789 | lr_mult 0.9658 | tok/s 719010 | grad_norm 0.298
step 3260/20000 | loss 3.6620 | lr_mult 0.9655 | tok/s 719068 | grad_norm 0.343
step 3270/20000 | loss 3.6296 | lr_mult 0.9652 | tok/s 719147 | grad_norm 0.338
step 3280/20000 | loss 3.6776 | lr_mult 0.9649 | tok/s 719206 | grad_norm 0.322
step 3290/20000 | loss 3.6607 | lr_mult 0.9646 | tok/s 719260 | grad_norm 0.333
step 3300/20000 | loss 3.6863 | lr_mult 0.9643 | tok/s 719327 | grad_norm 0.358
step 3310/20000 | loss 3.6063 | lr_mult 0.9640 | tok/s 719402 | grad_norm 0.317
step 3320/20000 | loss 3.6728 | lr_mult 0.9637 | tok/s 719462 | grad_norm 0.293
step 3330/20000 | loss 3.6945 | lr_mult 0.9634 | tok/s 719523 | grad_norm 0.319
step 3340/20000 | loss 3.6973 | lr_mult 0.9630 | tok/s 719582 | grad_norm 0.308
step 3350/20000 | loss 3.6824 | lr_mult 0.9627 | tok/s 719659 | grad_norm 0.385
step 3360/20000 | loss 3.6363 | lr_mult 0.9624 | tok/s 719735 | grad_norm 0.335
step 3370/20000 | loss 3.6990 | lr_mult 0.9621 | tok/s 719813 | grad_norm 0.274
step 3380/20000 | loss 3.6558 | lr_mult 0.9618 | tok/s 719886 | grad_norm 0.294
step 3390/20000 | loss 3.6727 | lr_mult 0.9615 | tok/s 719938 | grad_norm 0.291
step 3400/20000 | loss 3.6495 | lr_mult 0.9611 | tok/s 719984 | grad_norm 0.291
step 3410/20000 | loss 3.6357 | lr_mult 0.9608 | tok/s 720039 | grad_norm 0.285
step 3420/20000 | loss 3.6854 | lr_mult 0.9605 | tok/s 720113 | grad_norm 0.336
step 3430/20000 | loss 3.6521 | lr_mult 0.9602 | tok/s 720185 | grad_norm 0.317
step 3440/20000 | loss 3.6987 | lr_mult 0.9599 | tok/s 720258 | grad_norm 0.343
step 3450/20000 | loss 3.6784 | lr_mult 0.9595 | tok/s 720329 | grad_norm 0.357
step 3460/20000 | loss 3.6190 | lr_mult 0.9592 | tok/s 720378 | grad_norm 0.321
step 3470/20000 | loss 3.6392 | lr_mult 0.9589 | tok/s 720430 | grad_norm 0.310
step 3480/20000 | loss 3.6363 | lr_mult 0.9585 | tok/s 720478 | grad_norm 0.362
step 3490/20000 | loss 3.6481 | lr_mult 0.9582 | tok/s 720531 | grad_norm 0.256
step 3500/20000 | loss 3.6877 | lr_mult 0.9579 | tok/s 720584 | grad_norm 0.342
step 3500/20000 | val_loss 3.6477
step 3510/20000 | loss 3.6401 | lr_mult 0.9576 | tok/s 717822 | grad_norm 0.316
step 3520/20000 | loss 3.6648 | lr_mult 0.9572 | tok/s 717894 | grad_norm 0.282
step 3530/20000 | loss 3.6279 | lr_mult 0.9569 | tok/s 717973 | grad_norm 0.278
step 3540/20000 | loss 3.6508 | lr_mult 0.9565 | tok/s 718034 | grad_norm 0.316
step 3550/20000 | loss 3.6143 | lr_mult 0.9562 | tok/s 718082 | grad_norm 0.341
step 3560/20000 | loss 3.6655 | lr_mult 0.9559 | tok/s 718138 | grad_norm 0.334
step 3570/20000 | loss 3.6078 | lr_mult 0.9555 | tok/s 718195 | grad_norm 0.289
step 3580/20000 | loss 3.6398 | lr_mult 0.9552 | tok/s 718251 | grad_norm 0.272
step 3590/20000 | loss 3.6473 | lr_mult 0.9548 | tok/s 718307 | grad_norm 0.297
step 3600/20000 | loss 3.6067 | lr_mult 0.9545 | tok/s 718365 | grad_norm 0.277
step 3610/20000 | loss 3.6799 | lr_mult 0.9542 | tok/s 718434 | grad_norm 0.308
step 3620/20000 | loss 3.6281 | lr_mult 0.9538 | tok/s 718490 | grad_norm 0.294
step 3630/20000 | loss 3.6193 | lr_mult 0.9535 | tok/s 718539 | grad_norm 0.315
step 3640/20000 | loss 3.6321 | lr_mult 0.9531 | tok/s 718583 | grad_norm 0.276
step 3650/20000 | loss 3.6603 | lr_mult 0.9528 | tok/s 718634 | grad_norm 0.310
step 3660/20000 | loss 3.6653 | lr_mult 0.9524 | tok/s 718685 | grad_norm 0.289
step 3670/20000 | loss 3.6467 | lr_mult 0.9521 | tok/s 718741 | grad_norm 0.325
step 3680/20000 | loss 3.6621 | lr_mult 0.9517 | tok/s 718797 | grad_norm 0.289
step 3690/20000 | loss 3.6385 | lr_mult 0.9514 | tok/s 718845 | grad_norm 0.302
step 3700/20000 | loss 3.6237 | lr_mult 0.9510 | tok/s 718908 | grad_norm 0.308
step 3710/20000 | loss 3.6029 | lr_mult 0.9506 | tok/s 718951 | grad_norm 0.322
step 3720/20000 | loss 3.6249 | lr_mult 0.9503 | tok/s 718999 | grad_norm 0.343
step 3730/20000 | loss 3.6146 | lr_mult 0.9499 | tok/s 719053 | grad_norm 0.376
step 3740/20000 | loss 3.6214 | lr_mult 0.9496 | tok/s 719108 | grad_norm 0.301
step 3750/20000 | loss 3.6210 | lr_mult 0.9492 | tok/s 719157 | grad_norm 0.326
step 3760/20000 | loss 3.6500 | lr_mult 0.9488 | tok/s 719223 | grad_norm 0.331
step 3770/20000 | loss 3.6699 | lr_mult 0.9485 | tok/s 719292 | grad_norm 0.315
step 3780/20000 | loss 3.6420 | lr_mult 0.9481 | tok/s 719361 | grad_norm 0.264
step 3790/20000 | loss 3.6245 | lr_mult 0.9477 | tok/s 719414 | grad_norm 0.368
step 3800/20000 | loss 3.6036 | lr_mult 0.9474 | tok/s 719467 | grad_norm 0.295
step 3810/20000 | loss 3.6261 | lr_mult 0.9470 | tok/s 719516 | grad_norm 0.326
step 3820/20000 | loss 3.6396 | lr_mult 0.9466 | tok/s 719564 | grad_norm 0.286
step 3830/20000 | loss 3.6420 | lr_mult 0.9463 | tok/s 719613 | grad_norm 0.287
step 3840/20000 | loss 3.6100 | lr_mult 0.9459 | tok/s 719662 | grad_norm 0.266
step 3850/20000 | loss 3.6516 | lr_mult 0.9455 | tok/s 719709 | grad_norm 0.278
step 3860/20000 | loss 3.6051 | lr_mult 0.9451 | tok/s 719771 | grad_norm 0.281
step 3870/20000 | loss 3.6631 | lr_mult 0.9448 | tok/s 719819 | grad_norm 0.291
step 3880/20000 | loss 3.6246 | lr_mult 0.9444 | tok/s 719868 | grad_norm 0.268
step 3890/20000 | loss 3.5997 | lr_mult 0.9440 | tok/s 719918 | grad_norm 0.255
step 3900/20000 | loss 3.6185 | lr_mult 0.9436 | tok/s 719969 | grad_norm 0.275
step 3910/20000 | loss 3.6344 | lr_mult 0.9432 | tok/s 720029 | grad_norm 0.287
step 3920/20000 | loss 3.5906 | lr_mult 0.9428 | tok/s 720094 | grad_norm 0.402
step 3930/20000 | loss 3.5807 | lr_mult 0.9425 | tok/s 720142 | grad_norm 0.318
step 3940/20000 | loss 3.6131 | lr_mult 0.9421 | tok/s 720192 | grad_norm 0.318
step 3950/20000 | loss 3.6115 | lr_mult 0.9417 | tok/s 720253 | grad_norm 0.320
step 3960/20000 | loss 3.6070 | lr_mult 0.9413 | tok/s 720315 | grad_norm 0.336
step 3970/20000 | loss 3.6461 | lr_mult 0.9409 | tok/s 720366 | grad_norm 0.284
step 3980/20000 | loss 3.5946 | lr_mult 0.9405 | tok/s 720430 | grad_norm 0.273
step 3990/20000 | loss 3.6078 | lr_mult 0.9401 | tok/s 720492 | grad_norm 0.310
step 4000/20000 | loss 3.5616 | lr_mult 0.9397 | tok/s 720556 | grad_norm 0.325
step 4000/20000 | val_loss 3.6029
step 4010/20000 | loss 3.5864 | lr_mult 0.9393 | tok/s 718156 | grad_norm 0.279
step 4020/20000 | loss 3.5858 | lr_mult 0.9389 | tok/s 718223 | grad_norm 0.303
step 4030/20000 | loss 3.5717 | lr_mult 0.9386 | tok/s 718286 | grad_norm 0.289
step 4040/20000 | loss 3.6241 | lr_mult 0.9382 | tok/s 718351 | grad_norm 0.308
step 4050/20000 | loss 3.6556 | lr_mult 0.9378 | tok/s 718418 | grad_norm 0.322
step 4060/20000 | loss 3.6209 | lr_mult 0.9374 | tok/s 718483 | grad_norm 0.283
step 4070/20000 | loss 3.6071 | lr_mult 0.9370 | tok/s 718534 | grad_norm 0.285
step 4080/20000 | loss 3.5954 | lr_mult 0.9366 | tok/s 718580 | grad_norm 0.291
step 4090/20000 | loss 3.6101 | lr_mult 0.9361 | tok/s 718630 | grad_norm 0.275
step 4100/20000 | loss 3.6086 | lr_mult 0.9357 | tok/s 718681 | grad_norm 0.262
step 4110/20000 | loss 3.5688 | lr_mult 0.9353 | tok/s 718742 | grad_norm 0.292
step 4120/20000 | loss 3.5906 | lr_mult 0.9349 | tok/s 718806 | grad_norm 0.292
step 4130/20000 | loss 3.5546 | lr_mult 0.9345 | tok/s 718855 | grad_norm 0.336
step 4140/20000 | loss 3.5745 | lr_mult 0.9341 | tok/s 718916 | grad_norm 0.284
step 4150/20000 | loss 3.5954 | lr_mult 0.9337 | tok/s 718967 | grad_norm 0.265
step 4160/20000 | loss 3.5829 | lr_mult 0.9333 | tok/s 719031 | grad_norm 0.321
step 4170/20000 | loss 3.5786 | lr_mult 0.9329 | tok/s 719094 | grad_norm 0.277
step 4180/20000 | loss 3.6042 | lr_mult 0.9325 | tok/s 719143 | grad_norm 0.296
step 4190/20000 | loss 3.5594 | lr_mult 0.9320 | tok/s 719193 | grad_norm 0.299
step 4200/20000 | loss 3.5521 | lr_mult 0.9316 | tok/s 719251 | grad_norm 0.289
step 4210/20000 | loss 3.6067 | lr_mult 0.9312 | tok/s 719296 | grad_norm 0.315
step 4220/20000 | loss 3.5883 | lr_mult 0.9308 | tok/s 719342 | grad_norm 0.310
step 4230/20000 | loss 3.5994 | lr_mult 0.9304 | tok/s 719403 | grad_norm 0.336
step 4240/20000 | loss 3.6227 | lr_mult 0.9299 | tok/s 719448 | grad_norm 0.249
step 4250/20000 | loss 3.5872 | lr_mult 0.9295 | tok/s 719509 | grad_norm 0.280
step 4260/20000 | loss 3.5980 | lr_mult 0.9291 | tok/s 719551 | grad_norm 0.293
step 4270/20000 | loss 3.6240 | lr_mult 0.9287 | tok/s 719608 | grad_norm 0.265
step 4280/20000 | loss 3.5820 | lr_mult 0.9283 | tok/s 719648 | grad_norm 0.285
step 4290/20000 | loss 3.5719 | lr_mult 0.9278 | tok/s 719690 | grad_norm 0.310
step 4300/20000 | loss 3.5522 | lr_mult 0.9274 | tok/s 719733 | grad_norm 0.264
step 4310/20000 | loss 3.5932 | lr_mult 0.9270 | tok/s 719777 | grad_norm 0.269
step 4320/20000 | loss 3.5854 | lr_mult 0.9265 | tok/s 719822 | grad_norm 0.294
step 4330/20000 | loss 3.5967 | lr_mult 0.9261 | tok/s 719880 | grad_norm 0.300
step 4340/20000 | loss 3.5736 | lr_mult 0.9257 | tok/s 719936 | grad_norm 0.275
step 4350/20000 | loss 3.5784 | lr_mult 0.9252 | tok/s 719980 | grad_norm 0.243
step 4360/20000 | loss 3.5514 | lr_mult 0.9248 | tok/s 720021 | grad_norm 0.267
step 4370/20000 | loss 3.5724 | lr_mult 0.9244 | tok/s 720066 | grad_norm 0.271
step 4380/20000 | loss 3.5849 | lr_mult 0.9239 | tok/s 720122 | grad_norm 0.301
step 4390/20000 | loss 3.5874 | lr_mult 0.9235 | tok/s 720161 | grad_norm 0.322
step 4400/20000 | loss 3.5615 | lr_mult 0.9230 | tok/s 720204 | grad_norm 0.281
step 4410/20000 | loss 3.5619 | lr_mult 0.9226 | tok/s 720258 | grad_norm 0.256
step 4420/20000 | loss 3.5771 | lr_mult 0.9222 | tok/s 720297 | grad_norm 0.288
step 4430/20000 | loss 3.5747 | lr_mult 0.9217 | tok/s 720339 | grad_norm 0.260
step 4440/20000 | loss 3.5792 | lr_mult 0.9213 | tok/s 720379 | grad_norm 0.312
step 4450/20000 | loss 3.5671 | lr_mult 0.9208 | tok/s 720412 | grad_norm 0.286
step 4460/20000 | loss 3.5166 | lr_mult 0.9204 | tok/s 720465 | grad_norm 0.329
step 4470/20000 | loss 3.5665 | lr_mult 0.9199 | tok/s 720506 | grad_norm 0.275
step 4480/20000 | loss 3.5246 | lr_mult 0.9195 | tok/s 720550 | grad_norm 0.263
step 4490/20000 | loss 3.5781 | lr_mult 0.9190 | tok/s 720589 | grad_norm 0.248
step 4500/20000 | loss 3.5457 | lr_mult 0.9186 | tok/s 720627 | grad_norm 0.278
step 4500/20000 | val_loss 3.5677
step 4510/20000 | loss 3.5838 | lr_mult 0.9181 | tok/s 718483 | grad_norm 0.276
step 4520/20000 | loss 3.5458 | lr_mult 0.9177 | tok/s 718530 | grad_norm 0.260
step 4530/20000 | loss 3.5502 | lr_mult 0.9172 | tok/s 718574 | grad_norm 0.269
step 4540/20000 | loss 3.5480 | lr_mult 0.9168 | tok/s 718617 | grad_norm 0.275
step 4550/20000 | loss 3.5802 | lr_mult 0.9163 | tok/s 718663 | grad_norm 0.268
step 4560/20000 | loss 3.6160 | lr_mult 0.9158 | tok/s 718721 | grad_norm 0.276
step 4570/20000 | loss 3.5742 | lr_mult 0.9154 | tok/s 718776 | grad_norm 0.242
step 4580/20000 | loss 3.5265 | lr_mult 0.9149 | tok/s 718836 | grad_norm 0.256
step 4590/20000 | loss 3.5780 | lr_mult 0.9145 | tok/s 718895 | grad_norm 0.292
step 4600/20000 | loss 3.5405 | lr_mult 0.9140 | tok/s 718951 | grad_norm 0.316
step 4610/20000 | loss 3.5647 | lr_mult 0.9135 | tok/s 719009 | grad_norm 0.255
step 4620/20000 | loss 3.5582 | lr_mult 0.9131 | tok/s 719058 | grad_norm 0.252
step 4630/20000 | loss 3.5253 | lr_mult 0.9126 | tok/s 719112 | grad_norm 0.329
step 4640/20000 | loss 3.6449 | lr_mult 0.9121 | tok/s 719166 | grad_norm 0.265
step 4650/20000 | loss 3.5677 | lr_mult 0.9117 | tok/s 719217 | grad_norm 0.280
step 4660/20000 | loss 3.5899 | lr_mult 0.9112 | tok/s 719269 | grad_norm 0.269
step 4670/20000 | loss 3.5431 | lr_mult 0.9107 | tok/s 719323 | grad_norm 0.290
step 4680/20000 | loss 3.5589 | lr_mult 0.9103 | tok/s 719376 | grad_norm 0.296
step 4690/20000 | loss 3.5427 | lr_mult 0.9098 | tok/s 719431 | grad_norm 0.264
step 4700/20000 | loss 3.5938 | lr_mult 0.9093 | tok/s 719486 | grad_norm 0.320
step 4710/20000 | loss 3.5311 | lr_mult 0.9088 | tok/s 719540 | grad_norm 0.241
step 4720/20000 | loss 3.5828 | lr_mult 0.9084 | tok/s 719594 | grad_norm 0.263
step 4730/20000 | loss 3.5802 | lr_mult 0.9079 | tok/s 719647 | grad_norm 0.273
step 4740/20000 | loss 3.5647 | lr_mult 0.9074 | tok/s 719702 | grad_norm 0.282
step 4750/20000 | loss 3.5549 | lr_mult 0.9069 | tok/s 719745 | grad_norm 0.301
step 4760/20000 | loss 3.5707 | lr_mult 0.9064 | tok/s 719794 | grad_norm 0.287
step 4770/20000 | loss 3.5497 | lr_mult 0.9060 | tok/s 719844 | grad_norm 0.260
step 4780/20000 | loss 3.5301 | lr_mult 0.9055 | tok/s 719897 | grad_norm 0.269
step 4790/20000 | loss 3.5227 | lr_mult 0.9050 | tok/s 719950 | grad_norm 0.274
step 4800/20000 | loss 3.5583 | lr_mult 0.9045 | tok/s 720001 | grad_norm 0.268
step 4810/20000 | loss 3.5813 | lr_mult 0.9040 | tok/s 720054 | grad_norm 0.254
step 4820/20000 | loss 3.5371 | lr_mult 0.9035 | tok/s 720104 | grad_norm 0.267
step 4830/20000 | loss 3.5868 | lr_mult 0.9030 | tok/s 720158 | grad_norm 0.266
step 4840/20000 | loss 3.5118 | lr_mult 0.9026 | tok/s 720211 | grad_norm 0.283
step 4850/20000 | loss 3.5575 | lr_mult 0.9021 | tok/s 720260 | grad_norm 0.241
step 4860/20000 | loss 3.5578 | lr_mult 0.9016 | tok/s 720309 | grad_norm 0.280
step 4870/20000 | loss 3.5553 | lr_mult 0.9011 | tok/s 720357 | grad_norm 0.253
step 4880/20000 | loss 3.5706 | lr_mult 0.9006 | tok/s 720407 | grad_norm 0.234
step 4890/20000 | loss 3.5242 | lr_mult 0.9001 | tok/s 720458 | grad_norm 0.253
step 4900/20000 | loss 3.5942 | lr_mult 0.8996 | tok/s 720504 | grad_norm 0.245
step 4910/20000 | loss 3.5479 | lr_mult 0.8991 | tok/s 720552 | grad_norm 0.251
step 4920/20000 | loss 3.5957 | lr_mult 0.8986 | tok/s 720601 | grad_norm 0.241
step 4930/20000 | loss 3.5686 | lr_mult 0.8981 | tok/s 720648 | grad_norm 0.254
step 4940/20000 | loss 3.5689 | lr_mult 0.8976 | tok/s 720697 | grad_norm 0.305
step 4950/20000 | loss 3.5872 | lr_mult 0.8971 | tok/s 720746 | grad_norm 0.231
step 4960/20000 | loss 3.5114 | lr_mult 0.8966 | tok/s 720793 | grad_norm 0.234
step 4970/20000 | loss 3.5717 | lr_mult 0.8961 | tok/s 720838 | grad_norm 0.268
step 4980/20000 | loss 3.5208 | lr_mult 0.8956 | tok/s 720884 | grad_norm 0.267
step 4990/20000 | loss 3.5603 | lr_mult 0.8951 | tok/s 720930 | grad_norm 0.242
step 5000/20000 | loss 3.5013 | lr_mult 0.8946 | tok/s 720977 | grad_norm 0.253
step 5000/20000 | val_loss 3.5393
Checkpoint saved: /mnt/dllm/ruilai/checkpoints/small_125m/step_005000.pt
step 5010/20000 | loss 3.5467 | lr_mult 0.8941 | tok/s 588639 | grad_norm 0.226
step 5020/20000 | loss 3.5760 | lr_mult 0.8936 | tok/s 588886 | grad_norm 0.219
step 5030/20000 | loss 3.5234 | lr_mult 0.8930 | tok/s 589130 | grad_norm 0.257
step 5040/20000 | loss 3.5018 | lr_mult 0.8925 | tok/s 589376 | grad_norm 0.239
step 5050/20000 | loss 3.5859 | lr_mult 0.8920 | tok/s 589617 | grad_norm 0.262
step 5060/20000 | loss 3.5043 | lr_mult 0.8915 | tok/s 589855 | grad_norm 0.272
step 5070/20000 | loss 3.5856 | lr_mult 0.8910 | tok/s 590097 | grad_norm 0.242
step 5080/20000 | loss 3.5106 | lr_mult 0.8905 | tok/s 590339 | grad_norm 0.241
step 5090/20000 | loss 3.5313 | lr_mult 0.8900 | tok/s 590577 | grad_norm 0.250
step 5100/20000 | loss 3.5227 | lr_mult 0.8894 | tok/s 590817 | grad_norm 0.253
step 5110/20000 | loss 3.5360 | lr_mult 0.8889 | tok/s 591052 | grad_norm 0.227
step 5120/20000 | loss 3.5041 | lr_mult 0.8884 | tok/s 591290 | grad_norm 0.253
step 5130/20000 | loss 3.5573 | lr_mult 0.8879 | tok/s 591528 | grad_norm 0.252
step 5140/20000 | loss 3.4924 | lr_mult 0.8874 | tok/s 591766 | grad_norm 0.264
step 5150/20000 | loss 3.5620 | lr_mult 0.8868 | tok/s 592001 | grad_norm 0.242
step 5160/20000 | loss 3.5339 | lr_mult 0.8863 | tok/s 592236 | grad_norm 0.284
step 5170/20000 | loss 3.5177 | lr_mult 0.8858 | tok/s 592470 | grad_norm 0.224
step 5180/20000 | loss 3.5573 | lr_mult 0.8853 | tok/s 592704 | grad_norm 0.279
step 5190/20000 | loss 3.4874 | lr_mult 0.8847 | tok/s 592939 | grad_norm 0.236
step 5200/20000 | loss 3.5407 | lr_mult 0.8842 | tok/s 593171 | grad_norm 0.232
step 5210/20000 | loss 3.5266 | lr_mult 0.8837 | tok/s 593403 | grad_norm 0.241
step 5220/20000 | loss 3.5286 | lr_mult 0.8831 | tok/s 593637 | grad_norm 0.299
step 5230/20000 | loss 3.5235 | lr_mult 0.8826 | tok/s 593869 | grad_norm 0.254
step 5240/20000 | loss 3.5089 | lr_mult 0.8821 | tok/s 594099 | grad_norm 0.253
step 5250/20000 | loss 3.5093 | lr_mult 0.8815 | tok/s 594330 | grad_norm 0.245
step 5260/20000 | loss 3.5054 | lr_mult 0.8810 | tok/s 594557 | grad_norm 0.247
step 5270/20000 | loss 3.5095 | lr_mult 0.8805 | tok/s 594784 | grad_norm 0.228
step 5280/20000 | loss 3.5010 | lr_mult 0.8799 | tok/s 595010 | grad_norm 0.249
step 5290/20000 | loss 3.5045 | lr_mult 0.8794 | tok/s 595237 | grad_norm 0.267
step 5300/20000 | loss 3.5364 | lr_mult 0.8789 | tok/s 595464 | grad_norm 0.212
step 5310/20000 | loss 3.5672 | lr_mult 0.8783 | tok/s 595688 | grad_norm 0.235
step 5320/20000 | loss 3.5307 | lr_mult 0.8778 | tok/s 595912 | grad_norm 0.290
step 5330/20000 | loss 3.4937 | lr_mult 0.8772 | tok/s 596136 | grad_norm 0.232
step 5340/20000 | loss 3.5477 | lr_mult 0.8767 | tok/s 596360 | grad_norm 0.229
step 5350/20000 | loss 3.5555 | lr_mult 0.8761 | tok/s 596578 | grad_norm 0.280
step 5360/20000 | loss 3.5175 | lr_mult 0.8756 | tok/s 596799 | grad_norm 0.271
step 5370/20000 | loss 3.5341 | lr_mult 0.8751 | tok/s 597022 | grad_norm 0.258
step 5380/20000 | loss 3.5359 | lr_mult 0.8745 | tok/s 597240 | grad_norm 0.272
step 5390/20000 | loss 3.4919 | lr_mult 0.8740 | tok/s 597462 | grad_norm 0.234
step 5400/20000 | loss 3.5230 | lr_mult 0.8734 | tok/s 597680 | grad_norm 0.322
step 5410/20000 | loss 3.5209 | lr_mult 0.8729 | tok/s 597899 | grad_norm 0.279
step 5420/20000 | loss 3.5644 | lr_mult 0.8723 | tok/s 598117 | grad_norm 0.234
step 5430/20000 | loss 3.4876 | lr_mult 0.8718 | tok/s 598334 | grad_norm 0.237
step 5440/20000 | loss 3.4964 | lr_mult 0.8712 | tok/s 598552 | grad_norm 0.216
step 5450/20000 | loss 3.5330 | lr_mult 0.8706 | tok/s 598766 | grad_norm 0.240
step 5460/20000 | loss 3.5150 | lr_mult 0.8701 | tok/s 598979 | grad_norm 0.229
step 5470/20000 | loss 3.4950 | lr_mult 0.8695 | tok/s 599194 | grad_norm 0.242
step 5480/20000 | loss 3.5184 | lr_mult 0.8690 | tok/s 599409 | grad_norm 0.242
step 5490/20000 | loss 3.5297 | lr_mult 0.8684 | tok/s 599622 | grad_norm 0.246
step 5500/20000 | loss 3.5467 | lr_mult 0.8679 | tok/s 599835 | grad_norm 0.236
step 5500/20000 | val_loss 3.5158
step 5510/20000 | loss 3.5055 | lr_mult 0.8673 | tok/s 598814 | grad_norm 0.246
step 5520/20000 | loss 3.5303 | lr_mult 0.8667 | tok/s 599022 | grad_norm 0.248
step 5530/20000 | loss 3.4945 | lr_mult 0.8662 | tok/s 599235 | grad_norm 0.270
step 5540/20000 | loss 3.5353 | lr_mult 0.8656 | tok/s 599449 | grad_norm 0.224
step 5550/20000 | loss 3.5110 | lr_mult 0.8650 | tok/s 599662 | grad_norm 0.219
step 5560/20000 | loss 3.5085 | lr_mult 0.8645 | tok/s 599871 | grad_norm 0.245
step 5570/20000 | loss 3.4890 | lr_mult 0.8639 | tok/s 600082 | grad_norm 0.253
step 5580/20000 | loss 3.5386 | lr_mult 0.8634 | tok/s 600290 | grad_norm 0.239
step 5590/20000 | loss 3.5125 | lr_mult 0.8628 | tok/s 600500 | grad_norm 0.237
step 5600/20000 | loss 3.4827 | lr_mult 0.8622 | tok/s 600707 | grad_norm 0.236
step 5610/20000 | loss 3.5093 | lr_mult 0.8616 | tok/s 600915 | grad_norm 0.238
step 5620/20000 | loss 3.5375 | lr_mult 0.8611 | tok/s 601123 | grad_norm 0.230
step 5630/20000 | loss 3.4950 | lr_mult 0.8605 | tok/s 601329 | grad_norm 0.232
step 5640/20000 | loss 3.4749 | lr_mult 0.8599 | tok/s 601534 | grad_norm 0.277
step 5650/20000 | loss 3.5332 | lr_mult 0.8594 | tok/s 601736 | grad_norm 0.246
step 5660/20000 | loss 3.4849 | lr_mult 0.8588 | tok/s 601941 | grad_norm 0.254
step 5670/20000 | loss 3.5210 | lr_mult 0.8582 | tok/s 602138 | grad_norm 0.222
step 5680/20000 | loss 3.5102 | lr_mult 0.8576 | tok/s 602341 | grad_norm 0.233
step 5690/20000 | loss 3.5202 | lr_mult 0.8570 | tok/s 602545 | grad_norm 0.222
step 5700/20000 | loss 3.5317 | lr_mult 0.8565 | tok/s 602745 | grad_norm 0.235
step 5710/20000 | loss 3.4859 | lr_mult 0.8559 | tok/s 602943 | grad_norm 0.218
step 5720/20000 | loss 3.5073 | lr_mult 0.8553 | tok/s 603143 | grad_norm 0.206
step 5730/20000 | loss 3.4822 | lr_mult 0.8547 | tok/s 603343 | grad_norm 0.211
step 5740/20000 | loss 3.5861 | lr_mult 0.8541 | tok/s 603544 | grad_norm 0.248
step 5750/20000 | loss 3.4881 | lr_mult 0.8536 | tok/s 603745 | grad_norm 0.213
step 5760/20000 | loss 3.5312 | lr_mult 0.8530 | tok/s 603943 | grad_norm 0.226
step 5770/20000 | loss 3.5066 | lr_mult 0.8524 | tok/s 604141 | grad_norm 0.221
step 5780/20000 | loss 3.4937 | lr_mult 0.8518 | tok/s 604340 | grad_norm 0.236
step 5790/20000 | loss 3.5402 | lr_mult 0.8512 | tok/s 604538 | grad_norm 0.206
step 5800/20000 | loss 3.5197 | lr_mult 0.8506 | tok/s 604736 | grad_norm 0.238
step 5810/20000 | loss 3.4787 | lr_mult 0.8500 | tok/s 604932 | grad_norm 0.199
step 5820/20000 | loss 3.4954 | lr_mult 0.8494 | tok/s 605130 | grad_norm 0.231
step 5830/20000 | loss 3.5075 | lr_mult 0.8488 | tok/s 605326 | grad_norm 0.220
step 5840/20000 | loss 3.5013 | lr_mult 0.8483 | tok/s 605520 | grad_norm 0.206
step 5850/20000 | loss 3.4295 | lr_mult 0.8477 | tok/s 605716 | grad_norm 0.286
step 5860/20000 | loss 3.5181 | lr_mult 0.8471 | tok/s 605908 | grad_norm 0.234
step 5870/20000 | loss 3.5114 | lr_mult 0.8465 | tok/s 606103 | grad_norm 0.225
step 5880/20000 | loss 3.4482 | lr_mult 0.8459 | tok/s 606297 | grad_norm 0.221
step 5890/20000 | loss 3.5193 | lr_mult 0.8453 | tok/s 606489 | grad_norm 0.246
step 5900/20000 | loss 3.5405 | lr_mult 0.8447 | tok/s 606677 | grad_norm 0.247
step 5910/20000 | loss 3.5085 | lr_mult 0.8441 | tok/s 606867 | grad_norm 0.213
step 5920/20000 | loss 3.5065 | lr_mult 0.8435 | tok/s 607058 | grad_norm 0.207
step 5930/20000 | loss 3.5288 | lr_mult 0.8429 | tok/s 607249 | grad_norm 0.223
step 5940/20000 | loss 3.5062 | lr_mult 0.8423 | tok/s 607440 | grad_norm 0.219
step 5950/20000 | loss 3.4737 | lr_mult 0.8417 | tok/s 607627 | grad_norm 0.238
step 5960/20000 | loss 3.5186 | lr_mult 0.8411 | tok/s 607815 | grad_norm 0.260
step 5970/20000 | loss 3.5263 | lr_mult 0.8405 | tok/s 608001 | grad_norm 0.238
step 5980/20000 | loss 3.4900 | lr_mult 0.8399 | tok/s 608189 | grad_norm 0.199
step 5990/20000 | loss 3.4915 | lr_mult 0.8392 | tok/s 608377 | grad_norm 0.256
step 6000/20000 | loss 3.5106 | lr_mult 0.8386 | tok/s 608564 | grad_norm 0.234
step 6000/20000 | val_loss 3.4941
step 6010/20000 | loss 3.5317 | lr_mult 0.8380 | tok/s 607585 | grad_norm 0.217
step 6020/20000 | loss 3.5224 | lr_mult 0.8374 | tok/s 607773 | grad_norm 0.195
step 6030/20000 | loss 3.4926 | lr_mult 0.8368 | tok/s 607959 | grad_norm 0.232
step 6040/20000 | loss 3.5433 | lr_mult 0.8362 | tok/s 608145 | grad_norm 0.224
step 6050/20000 | loss 3.4673 | lr_mult 0.8356 | tok/s 608330 | grad_norm 0.204
step 6060/20000 | loss 3.4878 | lr_mult 0.8350 | tok/s 608513 | grad_norm 0.209
step 6070/20000 | loss 3.4579 | lr_mult 0.8344 | tok/s 608698 | grad_norm 0.221
step 6080/20000 | loss 3.5267 | lr_mult 0.8337 | tok/s 608880 | grad_norm 0.234
step 6090/20000 | loss 3.4669 | lr_mult 0.8331 | tok/s 609062 | grad_norm 0.279
step 6100/20000 | loss 3.4434 | lr_mult 0.8325 | tok/s 609245 | grad_norm 0.217
step 6110/20000 | loss 3.4997 | lr_mult 0.8319 | tok/s 609429 | grad_norm 0.200
step 6120/20000 | loss 3.5225 | lr_mult 0.8313 | tok/s 609611 | grad_norm 0.208
step 6130/20000 | loss 3.4828 | lr_mult 0.8307 | tok/s 609793 | grad_norm 0.196
step 6140/20000 | loss 3.4979 | lr_mult 0.8300 | tok/s 609974 | grad_norm 0.211
step 6150/20000 | loss 3.4676 | lr_mult 0.8294 | tok/s 610155 | grad_norm 0.236
step 6160/20000 | loss 3.4871 | lr_mult 0.8288 | tok/s 610330 | grad_norm 0.219
step 6170/20000 | loss 3.4759 | lr_mult 0.8282 | tok/s 610511 | grad_norm 0.227
step 6180/20000 | loss 3.5140 | lr_mult 0.8275 | tok/s 610688 | grad_norm 0.231
step 6190/20000 | loss 3.4579 | lr_mult 0.8269 | tok/s 610866 | grad_norm 0.193
step 6200/20000 | loss 3.4435 | lr_mult 0.8263 | tok/s 611041 | grad_norm 0.233
step 6210/20000 | loss 3.5006 | lr_mult 0.8257 | tok/s 611219 | grad_norm 0.213
step 6220/20000 | loss 3.4852 | lr_mult 0.8250 | tok/s 611396 | grad_norm 0.213
step 6230/20000 | loss 3.5051 | lr_mult 0.8244 | tok/s 611573 | grad_norm 0.226
step 6240/20000 | loss 3.4688 | lr_mult 0.8238 | tok/s 611747 | grad_norm 0.201
step 6250/20000 | loss 3.5234 | lr_mult 0.8231 | tok/s 611924 | grad_norm 0.214
step 6260/20000 | loss 3.4739 | lr_mult 0.8225 | tok/s 612097 | grad_norm 0.217
step 6270/20000 | loss 3.4879 | lr_mult 0.8219 | tok/s 612272 | grad_norm 0.218
step 6280/20000 | loss 3.5412 | lr_mult 0.8213 | tok/s 612447 | grad_norm 0.209
step 6290/20000 | loss 3.5095 | lr_mult 0.8206 | tok/s 612620 | grad_norm 0.184
step 6300/20000 | loss 3.5224 | lr_mult 0.8200 | tok/s 612792 | grad_norm 0.222
step 6310/20000 | loss 3.5128 | lr_mult 0.8193 | tok/s 612960 | grad_norm 0.217
step 6320/20000 | loss 3.5195 | lr_mult 0.8187 | tok/s 613132 | grad_norm 0.224
step 6330/20000 | loss 3.4555 | lr_mult 0.8181 | tok/s 613303 | grad_norm 0.207
step 6340/20000 | loss 3.5306 | lr_mult 0.8174 | tok/s 613473 | grad_norm 0.202
step 6350/20000 | loss 3.4888 | lr_mult 0.8168 | tok/s 613642 | grad_norm 0.193
step 6360/20000 | loss 3.5021 | lr_mult 0.8162 | tok/s 613809 | grad_norm 0.206
step 6370/20000 | loss 3.4717 | lr_mult 0.8155 | tok/s 613979 | grad_norm 0.195
step 6380/20000 | loss 3.4909 | lr_mult 0.8149 | tok/s 614148 | grad_norm 0.193
step 6390/20000 | loss 3.4850 | lr_mult 0.8142 | tok/s 614317 | grad_norm 0.203
step 6400/20000 | loss 3.4815 | lr_mult 0.8136 | tok/s 614486 | grad_norm 0.217
step 6410/20000 | loss 3.5284 | lr_mult 0.8129 | tok/s 614652 | grad_norm 0.211
step 6420/20000 | loss 3.4809 | lr_mult 0.8123 | tok/s 614820 | grad_norm 0.212
step 6430/20000 | loss 3.4859 | lr_mult 0.8117 | tok/s 614988 | grad_norm 0.211
step 6440/20000 | loss 3.4528 | lr_mult 0.8110 | tok/s 615156 | grad_norm 0.184
step 6450/20000 | loss 3.4514 | lr_mult 0.8104 | tok/s 615321 | grad_norm 0.191
step 6460/20000 | loss 3.4962 | lr_mult 0.8097 | tok/s 615487 | grad_norm 0.231
step 6470/20000 | loss 3.4901 | lr_mult 0.8091 | tok/s 615654 | grad_norm 0.193
step 6480/20000 | loss 3.5052 | lr_mult 0.8084 | tok/s 615816 | grad_norm 0.206
step 6490/20000 | loss 3.4315 | lr_mult 0.8078 | tok/s 615977 | grad_norm 0.201
step 6500/20000 | loss 3.4814 | lr_mult 0.8071 | tok/s 616142 | grad_norm 0.194
step 6500/20000 | val_loss 3.4746
step 6510/20000 | loss 3.4803 | lr_mult 0.8065 | tok/s 615205 | grad_norm 0.212
step 6520/20000 | loss 3.4653 | lr_mult 0.8058 | tok/s 615369 | grad_norm 0.216
step 6530/20000 | loss 3.4722 | lr_mult 0.8051 | tok/s 615532 | grad_norm 0.224
step 6540/20000 | loss 3.4768 | lr_mult 0.8045 | tok/s 615697 | grad_norm 0.191
step 6550/20000 | loss 3.4638 | lr_mult 0.8038 | tok/s 615861 | grad_norm 0.205
step 6560/20000 | loss 3.4712 | lr_mult 0.8032 | tok/s 616024 | grad_norm 0.200
step 6570/20000 | loss 3.4400 | lr_mult 0.8025 | tok/s 616187 | grad_norm 0.195
step 6580/20000 | loss 3.4819 | lr_mult 0.8019 | tok/s 616351 | grad_norm 0.215
step 6590/20000 | loss 3.4520 | lr_mult 0.8012 | tok/s 616511 | grad_norm 0.193
step 6600/20000 | loss 3.5102 | lr_mult 0.8005 | tok/s 616673 | grad_norm 0.187
step 6610/20000 | loss 3.4589 | lr_mult 0.7999 | tok/s 616834 | grad_norm 0.223
step 6620/20000 | loss 3.5063 | lr_mult 0.7992 | tok/s 616995 | grad_norm 0.230
step 6630/20000 | loss 3.4883 | lr_mult 0.7986 | tok/s 617155 | grad_norm 0.192
step 6640/20000 | loss 3.4359 | lr_mult 0.7979 | tok/s 617315 | grad_norm 0.209
step 6650/20000 | loss 3.4706 | lr_mult 0.7972 | tok/s 617475 | grad_norm 0.194
step 6660/20000 | loss 3.4313 | lr_mult 0.7966 | tok/s 617634 | grad_norm 0.197
step 6670/20000 | loss 3.4846 | lr_mult 0.7959 | tok/s 617792 | grad_norm 0.192
step 6680/20000 | loss 3.4426 | lr_mult 0.7952 | tok/s 617949 | grad_norm 0.193
step 6690/20000 | loss 3.5068 | lr_mult 0.7946 | tok/s 618107 | grad_norm 0.208
step 6700/20000 | loss 3.4529 | lr_mult 0.7939 | tok/s 618265 | grad_norm 0.228
step 6710/20000 | loss 3.4842 | lr_mult 0.7932 | tok/s 618418 | grad_norm 0.203
step 6720/20000 | loss 3.4761 | lr_mult 0.7926 | tok/s 618574 | grad_norm 0.186
step 6730/20000 | loss 3.5018 | lr_mult 0.7919 | tok/s 618732 | grad_norm 0.182
step 6740/20000 | loss 3.4603 | lr_mult 0.7912 | tok/s 618886 | grad_norm 0.180
step 6750/20000 | loss 3.4875 | lr_mult 0.7905 | tok/s 619041 | grad_norm 0.188
step 6760/20000 | loss 3.4617 | lr_mult 0.7899 | tok/s 619192 | grad_norm 0.226
step 6770/20000 | loss 3.4781 | lr_mult 0.7892 | tok/s 619347 | grad_norm 0.204
step 6780/20000 | loss 3.4553 | lr_mult 0.7885 | tok/s 619501 | grad_norm 0.177
step 6790/20000 | loss 3.4829 | lr_mult 0.7878 | tok/s 619654 | grad_norm 0.201
step 6800/20000 | loss 3.4584 | lr_mult 0.7872 | tok/s 619808 | grad_norm 0.198
step 6810/20000 | loss 3.4786 | lr_mult 0.7865 | tok/s 619961 | grad_norm 0.201
step 6820/20000 | loss 3.4496 | lr_mult 0.7858 | tok/s 620114 | grad_norm 0.210
step 6830/20000 | loss 3.4555 | lr_mult 0.7851 | tok/s 620267 | grad_norm 0.181
step 6840/20000 | loss 3.4688 | lr_mult 0.7845 | tok/s 620419 | grad_norm 0.194
step 6850/20000 | loss 3.4952 | lr_mult 0.7838 | tok/s 620572 | grad_norm 0.177
step 6860/20000 | loss 3.4808 | lr_mult 0.7831 | tok/s 620720 | grad_norm 0.206
step 6870/20000 | loss 3.4925 | lr_mult 0.7824 | tok/s 620872 | grad_norm 0.203
step 6880/20000 | loss 3.4221 | lr_mult 0.7817 | tok/s 621024 | grad_norm 0.184
step 6890/20000 | loss 3.4431 | lr_mult 0.7810 | tok/s 621176 | grad_norm 0.203
step 6900/20000 | loss 3.4835 | lr_mult 0.7804 | tok/s 621324 | grad_norm 0.189
step 6910/20000 | loss 3.4728 | lr_mult 0.7797 | tok/s 621474 | grad_norm 0.208
step 6920/20000 | loss 3.4602 | lr_mult 0.7790 | tok/s 621623 | grad_norm 0.207
step 6930/20000 | loss 3.4397 | lr_mult 0.7783 | tok/s 621773 | grad_norm 0.196
step 6940/20000 | loss 3.4555 | lr_mult 0.7776 | tok/s 621920 | grad_norm 0.204
step 6950/20000 | loss 3.4622 | lr_mult 0.7769 | tok/s 622069 | grad_norm 0.204
step 6960/20000 | loss 3.4469 | lr_mult 0.7762 | tok/s 622216 | grad_norm 0.172
step 6970/20000 | loss 3.4509 | lr_mult 0.7755 | tok/s 622363 | grad_norm 0.186
step 6980/20000 | loss 3.4618 | lr_mult 0.7749 | tok/s 622509 | grad_norm 0.207
step 6990/20000 | loss 3.4513 | lr_mult 0.7742 | tok/s 622657 | grad_norm 0.181
step 7000/20000 | loss 3.4234 | lr_mult 0.7735 | tok/s 622805 | grad_norm 0.182
step 7000/20000 | val_loss 3.4573
step 7010/20000 | loss 3.4448 | lr_mult 0.7728 | tok/s 621906 | grad_norm 0.202
step 7020/20000 | loss 3.4828 | lr_mult 0.7721 | tok/s 622053 | grad_norm 0.181
step 7030/20000 | loss 3.4998 | lr_mult 0.7714 | tok/s 622201 | grad_norm 0.198
step 7040/20000 | loss 3.4837 | lr_mult 0.7707 | tok/s 622347 | grad_norm 0.193
step 7050/20000 | loss 3.4683 | lr_mult 0.7700 | tok/s 622492 | grad_norm 0.209
step 7060/20000 | loss 3.4658 | lr_mult 0.7693 | tok/s 622636 | grad_norm 0.194
step 7070/20000 | loss 3.4428 | lr_mult 0.7686 | tok/s 622782 | grad_norm 0.174
step 7080/20000 | loss 3.4951 | lr_mult 0.7679 | tok/s 622928 | grad_norm 0.188
step 7090/20000 | loss 3.5039 | lr_mult 0.7672 | tok/s 623073 | grad_norm 0.236
step 7100/20000 | loss 3.4465 | lr_mult 0.7665 | tok/s 623218 | grad_norm 0.189
step 7110/20000 | loss 3.4649 | lr_mult 0.7658 | tok/s 623363 | grad_norm 0.183
step 7120/20000 | loss 3.5106 | lr_mult 0.7651 | tok/s 623506 | grad_norm 0.174
step 7130/20000 | loss 3.4556 | lr_mult 0.7644 | tok/s 623650 | grad_norm 0.181
step 7140/20000 | loss 3.4635 | lr_mult 0.7637 | tok/s 623792 | grad_norm 0.187
step 7150/20000 | loss 3.4766 | lr_mult 0.7630 | tok/s 623936 | grad_norm 0.185
step 7160/20000 | loss 3.4948 | lr_mult 0.7623 | tok/s 624077 | grad_norm 0.185
step 7170/20000 | loss 3.4639 | lr_mult 0.7616 | tok/s 624219 | grad_norm 0.188
step 7180/20000 | loss 3.4803 | lr_mult 0.7609 | tok/s 624361 | grad_norm 0.174
step 7190/20000 | loss 3.4661 | lr_mult 0.7602 | tok/s 624503 | grad_norm 0.177
step 7200/20000 | loss 3.4944 | lr_mult 0.7595 | tok/s 624643 | grad_norm 0.195
step 7210/20000 | loss 3.4613 | lr_mult 0.7588 | tok/s 624782 | grad_norm 0.187
step 7220/20000 | loss 3.4729 | lr_mult 0.7581 | tok/s 624920 | grad_norm 0.177
step 7230/20000 | loss 3.4931 | lr_mult 0.7574 | tok/s 625060 | grad_norm 0.204
step 7240/20000 | loss 3.4300 | lr_mult 0.7567 | tok/s 625200 | grad_norm 0.177
step 7250/20000 | loss 3.4513 | lr_mult 0.7559 | tok/s 625340 | grad_norm 0.187
step 7260/20000 | loss 3.4646 | lr_mult 0.7552 | tok/s 625478 | grad_norm 0.177
step 7270/20000 | loss 3.4493 | lr_mult 0.7545 | tok/s 625617 | grad_norm 0.207
step 7280/20000 | loss 3.4801 | lr_mult 0.7538 | tok/s 625755 | grad_norm 0.167
step 7290/20000 | loss 3.5138 | lr_mult 0.7531 | tok/s 625893 | grad_norm 0.185
step 7300/20000 | loss 3.4664 | lr_mult 0.7524 | tok/s 626030 | grad_norm 0.178
step 7310/20000 | loss 3.4956 | lr_mult 0.7517 | tok/s 626168 | grad_norm 0.184
step 7320/20000 | loss 3.4610 | lr_mult 0.7510 | tok/s 626306 | grad_norm 0.195
step 7330/20000 | loss 3.4411 | lr_mult 0.7502 | tok/s 626442 | grad_norm 0.196
step 7340/20000 | loss 3.4744 | lr_mult 0.7495 | tok/s 626579 | grad_norm 0.172
step 7350/20000 | loss 3.4100 | lr_mult 0.7488 | tok/s 626715 | grad_norm 0.168
step 7360/20000 | loss 3.4100 | lr_mult 0.7481 | tok/s 626850 | grad_norm 0.161
step 7370/20000 | loss 3.4657 | lr_mult 0.7474 | tok/s 626985 | grad_norm 0.169
step 7380/20000 | loss 3.4548 | lr_mult 0.7467 | tok/s 627119 | grad_norm 0.177
step 7390/20000 | loss 3.4585 | lr_mult 0.7459 | tok/s 627254 | grad_norm 0.175
step 7400/20000 | loss 3.4690 | lr_mult 0.7452 | tok/s 627389 | grad_norm 0.170
step 7410/20000 | loss 3.4458 | lr_mult 0.7445 | tok/s 627522 | grad_norm 0.166
step 7420/20000 | loss 3.4222 | lr_mult 0.7438 | tok/s 627654 | grad_norm 0.168
step 7430/20000 | loss 3.4651 | lr_mult 0.7430 | tok/s 627785 | grad_norm 0.174
step 7440/20000 | loss 3.4363 | lr_mult 0.7423 | tok/s 627919 | grad_norm 0.186
step 7450/20000 | loss 3.4601 | lr_mult 0.7416 | tok/s 628051 | grad_norm 0.180
step 7460/20000 | loss 3.4863 | lr_mult 0.7409 | tok/s 628182 | grad_norm 0.160
step 7470/20000 | loss 3.4750 | lr_mult 0.7402 | tok/s 628314 | grad_norm 0.181
step 7480/20000 | loss 3.4551 | lr_mult 0.7394 | tok/s 628444 | grad_norm 0.184
step 7490/20000 | loss 3.4419 | lr_mult 0.7387 | tok/s 628575 | grad_norm 0.160
step 7500/20000 | loss 3.4352 | lr_mult 0.7380 | tok/s 628706 | grad_norm 0.190
step 7500/20000 | val_loss 3.4401
step 7510/20000 | loss 3.4496 | lr_mult 0.7372 | tok/s 627840 | grad_norm 0.170
step 7520/20000 | loss 3.4141 | lr_mult 0.7365 | tok/s 627972 | grad_norm 0.163
step 7530/20000 | loss 3.4533 | lr_mult 0.7358 | tok/s 628104 | grad_norm 0.172
step 7540/20000 | loss 3.4806 | lr_mult 0.7351 | tok/s 628236 | grad_norm 0.170
step 7550/20000 | loss 3.4255 | lr_mult 0.7343 | tok/s 628367 | grad_norm 0.174
step 7560/20000 | loss 3.4398 | lr_mult 0.7336 | tok/s 628492 | grad_norm 0.179
step 7570/20000 | loss 3.4285 | lr_mult 0.7329 | tok/s 628621 | grad_norm 0.171
step 7580/20000 | loss 3.4405 | lr_mult 0.7321 | tok/s 628748 | grad_norm 0.173
step 7590/20000 | loss 3.4422 | lr_mult 0.7314 | tok/s 628878 | grad_norm 0.168
step 7600/20000 | loss 3.4491 | lr_mult 0.7307 | tok/s 629007 | grad_norm 0.164
step 7610/20000 | loss 3.4463 | lr_mult 0.7299 | tok/s 629136 | grad_norm 0.181
step 7620/20000 | loss 3.4027 | lr_mult 0.7292 | tok/s 629264 | grad_norm 0.197
step 7630/20000 | loss 3.4328 | lr_mult 0.7285 | tok/s 629391 | grad_norm 0.182
step 7640/20000 | loss 3.4462 | lr_mult 0.7277 | tok/s 629515 | grad_norm 0.175
step 7650/20000 | loss 3.4054 | lr_mult 0.7270 | tok/s 629643 | grad_norm 0.183
step 7660/20000 | loss 3.4991 | lr_mult 0.7263 | tok/s 629771 | grad_norm 0.190
step 7670/20000 | loss 3.4246 | lr_mult 0.7255 | tok/s 629898 | grad_norm 0.168
step 7680/20000 | loss 3.4253 | lr_mult 0.7248 | tok/s 630025 | grad_norm 0.208
step 7690/20000 | loss 3.4369 | lr_mult 0.7240 | tok/s 630149 | grad_norm 0.173
step 7700/20000 | loss 3.4093 | lr_mult 0.7233 | tok/s 630274 | grad_norm 0.179
step 7710/20000 | loss 3.4806 | lr_mult 0.7226 | tok/s 630401 | grad_norm 0.164
step 7720/20000 | loss 3.4245 | lr_mult 0.7218 | tok/s 630527 | grad_norm 0.185
step 7730/20000 | loss 3.4144 | lr_mult 0.7211 | tok/s 630653 | grad_norm 0.191
step 7740/20000 | loss 3.4439 | lr_mult 0.7203 | tok/s 630779 | grad_norm 0.170
step 7750/20000 | loss 3.4415 | lr_mult 0.7196 | tok/s 630906 | grad_norm 0.186
step 7760/20000 | loss 3.3773 | lr_mult 0.7189 | tok/s 631032 | grad_norm 0.180
step 7770/20000 | loss 3.4381 | lr_mult 0.7181 | tok/s 631157 | grad_norm 0.173
step 7780/20000 | loss 3.4439 | lr_mult 0.7174 | tok/s 631282 | grad_norm 0.168
step 7790/20000 | loss 3.4430 | lr_mult 0.7166 | tok/s 631405 | grad_norm 0.174
step 7800/20000 | loss 3.4241 | lr_mult 0.7159 | tok/s 631529 | grad_norm 0.175
step 7810/20000 | loss 3.4568 | lr_mult 0.7151 | tok/s 631652 | grad_norm 0.166
step 7820/20000 | loss 3.4180 | lr_mult 0.7144 | tok/s 631776 | grad_norm 0.161
step 7830/20000 | loss 3.4305 | lr_mult 0.7136 | tok/s 631898 | grad_norm 0.171
step 7840/20000 | loss 3.4988 | lr_mult 0.7129 | tok/s 632020 | grad_norm 0.165
step 7850/20000 | loss 3.4498 | lr_mult 0.7121 | tok/s 632142 | grad_norm 0.173
step 7860/20000 | loss 3.4135 | lr_mult 0.7114 | tok/s 632264 | grad_norm 0.149
step 7870/20000 | loss 3.4485 | lr_mult 0.7106 | tok/s 632386 | grad_norm 0.170
step 7880/20000 | loss 3.4605 | lr_mult 0.7099 | tok/s 632504 | grad_norm 0.176
step 7890/20000 | loss 3.4369 | lr_mult 0.7091 | tok/s 632622 | grad_norm 0.161
step 7900/20000 | loss 3.4403 | lr_mult 0.7084 | tok/s 632743 | grad_norm 0.155
step 7910/20000 | loss 3.4444 | lr_mult 0.7076 | tok/s 632861 | grad_norm 0.139
step 7920/20000 | loss 3.4261 | lr_mult 0.7069 | tok/s 632981 | grad_norm 0.158
step 7930/20000 | loss 3.4012 | lr_mult 0.7061 | tok/s 633102 | grad_norm 0.164
step 7940/20000 | loss 3.4475 | lr_mult 0.7054 | tok/s 633221 | grad_norm 0.168
step 7950/20000 | loss 3.4190 | lr_mult 0.7046 | tok/s 633341 | grad_norm 0.162
step 7960/20000 | loss 3.4624 | lr_mult 0.7039 | tok/s 633460 | grad_norm 0.162
step 7970/20000 | loss 3.3905 | lr_mult 0.7031 | tok/s 633580 | grad_norm 0.164
step 7980/20000 | loss 3.4120 | lr_mult 0.7024 | tok/s 633700 | grad_norm 0.171
step 7990/20000 | loss 3.4293 | lr_mult 0.7016 | tok/s 633820 | grad_norm 0.156
step 8000/20000 | loss 3.4301 | lr_mult 0.7008 | tok/s 633941 | grad_norm 0.185
step 8000/20000 | val_loss 3.4246
step 8010/20000 | loss 3.4256 | lr_mult 0.7001 | tok/s 633112 | grad_norm 0.175
step 8020/20000 | loss 3.3965 | lr_mult 0.6993 | tok/s 633230 | grad_norm 0.173
step 8030/20000 | loss 3.4232 | lr_mult 0.6986 | tok/s 633350 | grad_norm 0.169
step 8040/20000 | loss 3.4377 | lr_mult 0.6978 | tok/s 633469 | grad_norm 0.173
step 8050/20000 | loss 3.4594 | lr_mult 0.6971 | tok/s 633586 | grad_norm 0.172
step 8060/20000 | loss 3.4388 | lr_mult 0.6963 | tok/s 633703 | grad_norm 0.169
step 8070/20000 | loss 3.3899 | lr_mult 0.6955 | tok/s 633818 | grad_norm 0.160
step 8080/20000 | loss 3.4226 | lr_mult 0.6948 | tok/s 633936 | grad_norm 0.173
step 8090/20000 | loss 3.4341 | lr_mult 0.6940 | tok/s 634052 | grad_norm 0.162
step 8100/20000 | loss 3.4012 | lr_mult 0.6932 | tok/s 634168 | grad_norm 0.168
step 8110/20000 | loss 3.4367 | lr_mult 0.6925 | tok/s 634284 | grad_norm 0.165
step 8120/20000 | loss 3.4178 | lr_mult 0.6917 | tok/s 634399 | grad_norm 0.162
step 8130/20000 | loss 3.4695 | lr_mult 0.6910 | tok/s 634516 | grad_norm 0.177
step 8140/20000 | loss 3.3993 | lr_mult 0.6902 | tok/s 634632 | grad_norm 0.169
step 8150/20000 | loss 3.4455 | lr_mult 0.6894 | tok/s 634746 | grad_norm 0.158
step 8160/20000 | loss 3.4352 | lr_mult 0.6887 | tok/s 634860 | grad_norm 0.163
step 8170/20000 | loss 3.4379 | lr_mult 0.6879 | tok/s 634976 | grad_norm 0.157
step 8180/20000 | loss 3.3900 | lr_mult 0.6871 | tok/s 635091 | grad_norm 0.154
step 8190/20000 | loss 3.4549 | lr_mult 0.6864 | tok/s 635205 | grad_norm 0.173
step 8200/20000 | loss 3.3950 | lr_mult 0.6856 | tok/s 635321 | grad_norm 0.157
step 8210/20000 | loss 3.4200 | lr_mult 0.6848 | tok/s 635426 | grad_norm 0.167
step 8220/20000 | loss 3.3888 | lr_mult 0.6841 | tok/s 635541 | grad_norm 0.146
step 8230/20000 | loss 3.3945 | lr_mult 0.6833 | tok/s 635653 | grad_norm 0.155
step 8240/20000 | loss 3.4352 | lr_mult 0.6825 | tok/s 635767 | grad_norm 0.166
step 8250/20000 | loss 3.4093 | lr_mult 0.6818 | tok/s 635880 | grad_norm 0.164
step 8260/20000 | loss 3.4270 | lr_mult 0.6810 | tok/s 635993 | grad_norm 0.190
step 8270/20000 | loss 3.4246 | lr_mult 0.6802 | tok/s 636106 | grad_norm 0.164
step 8280/20000 | loss 3.4089 | lr_mult 0.6794 | tok/s 636217 | grad_norm 0.184
step 8290/20000 | loss 3.4198 | lr_mult 0.6787 | tok/s 636331 | grad_norm 0.166
step 8300/20000 | loss 3.3996 | lr_mult 0.6779 | tok/s 636443 | grad_norm 0.166
step 8310/20000 | loss 3.4090 | lr_mult 0.6771 | tok/s 636550 | grad_norm 0.169
step 8320/20000 | loss 3.3585 | lr_mult 0.6764 | tok/s 636663 | grad_norm 0.158
step 8330/20000 | loss 3.4535 | lr_mult 0.6756 | tok/s 636775 | grad_norm 0.148
step 8340/20000 | loss 3.4176 | lr_mult 0.6748 | tok/s 636886 | grad_norm 0.152
step 8350/20000 | loss 3.4244 | lr_mult 0.6740 | tok/s 636997 | grad_norm 0.145
step 8360/20000 | loss 3.3811 | lr_mult 0.6733 | tok/s 637104 | grad_norm 0.150
step 8370/20000 | loss 3.4489 | lr_mult 0.6725 | tok/s 637216 | grad_norm 0.153
step 8380/20000 | loss 3.3790 | lr_mult 0.6717 | tok/s 637327 | grad_norm 0.164
step 8390/20000 | loss 3.4189 | lr_mult 0.6709 | tok/s 637438 | grad_norm 0.171
step 8400/20000 | loss 3.4543 | lr_mult 0.6701 | tok/s 637548 | grad_norm 0.169
step 8410/20000 | loss 3.4186 | lr_mult 0.6694 | tok/s 637658 | grad_norm 0.147
step 8420/20000 | loss 3.4465 | lr_mult 0.6686 | tok/s 637767 | grad_norm 0.160
step 8430/20000 | loss 3.4119 | lr_mult 0.6678 | tok/s 637877 | grad_norm 0.148
step 8440/20000 | loss 3.4480 | lr_mult 0.6670 | tok/s 637984 | grad_norm 0.158
step 8450/20000 | loss 3.4320 | lr_mult 0.6663 | tok/s 638093 | grad_norm 0.157
step 8460/20000 | loss 3.4204 | lr_mult 0.6655 | tok/s 638201 | grad_norm 0.152
step 8470/20000 | loss 3.4063 | lr_mult 0.6647 | tok/s 638308 | grad_norm 0.142
step 8480/20000 | loss 3.4206 | lr_mult 0.6639 | tok/s 638417 | grad_norm 0.162
step 8490/20000 | loss 3.3715 | lr_mult 0.6631 | tok/s 638524 | grad_norm 0.148
step 8500/20000 | loss 3.4183 | lr_mult 0.6623 | tok/s 638632 | grad_norm 0.154
step 8500/20000 | val_loss 3.4107
step 8510/20000 | loss 3.4103 | lr_mult 0.6616 | tok/s 637837 | grad_norm 0.156
step 8520/20000 | loss 3.3870 | lr_mult 0.6608 | tok/s 637946 | grad_norm 0.158
step 8530/20000 | loss 3.3946 | lr_mult 0.6600 | tok/s 638054 | grad_norm 0.143
step 8540/20000 | loss 3.4038 | lr_mult 0.6592 | tok/s 638162 | grad_norm 0.158
step 8550/20000 | loss 3.4419 | lr_mult 0.6584 | tok/s 638268 | grad_norm 0.161
step 8560/20000 | loss 3.3981 | lr_mult 0.6577 | tok/s 638375 | grad_norm 0.152
step 8570/20000 | loss 3.4306 | lr_mult 0.6569 | tok/s 638481 | grad_norm 0.157
step 8580/20000 | loss 3.3633 | lr_mult 0.6561 | tok/s 638588 | grad_norm 0.155
step 8590/20000 | loss 3.4194 | lr_mult 0.6553 | tok/s 638694 | grad_norm 0.164
step 8600/20000 | loss 3.4367 | lr_mult 0.6545 | tok/s 638801 | grad_norm 0.165
step 8610/20000 | loss 3.4431 | lr_mult 0.6537 | tok/s 638907 | grad_norm 0.146
step 8620/20000 | loss 3.4090 | lr_mult 0.6529 | tok/s 639013 | grad_norm 0.173
step 8630/20000 | loss 3.4190 | lr_mult 0.6521 | tok/s 639117 | grad_norm 0.155
step 8640/20000 | loss 3.4361 | lr_mult 0.6514 | tok/s 639223 | grad_norm 0.153
step 8650/20000 | loss 3.4511 | lr_mult 0.6506 | tok/s 639328 | grad_norm 0.158
step 8660/20000 | loss 3.4065 | lr_mult 0.6498 | tok/s 639430 | grad_norm 0.142
step 8670/20000 | loss 3.4143 | lr_mult 0.6490 | tok/s 639536 | grad_norm 0.153
step 8680/20000 | loss 3.4208 | lr_mult 0.6482 | tok/s 639642 | grad_norm 0.156
step 8690/20000 | loss 3.3914 | lr_mult 0.6474 | tok/s 639745 | grad_norm 0.139
step 8700/20000 | loss 3.4369 | lr_mult 0.6466 | tok/s 639850 | grad_norm 0.163
step 8710/20000 | loss 3.4281 | lr_mult 0.6458 | tok/s 639953 | grad_norm 0.162
step 8720/20000 | loss 3.4433 | lr_mult 0.6450 | tok/s 640054 | grad_norm 0.151
step 8730/20000 | loss 3.4051 | lr_mult 0.6443 | tok/s 640156 | grad_norm 0.147
step 8740/20000 | loss 3.4233 | lr_mult 0.6435 | tok/s 640259 | grad_norm 0.153
step 8750/20000 | loss 3.4050 | lr_mult 0.6427 | tok/s 640362 | grad_norm 0.139
step 8760/20000 | loss 3.4791 | lr_mult 0.6419 | tok/s 640464 | grad_norm 0.141
step 8770/20000 | loss 3.3790 | lr_mult 0.6411 | tok/s 640566 | grad_norm 0.151
step 8780/20000 | loss 3.3931 | lr_mult 0.6403 | tok/s 640666 | grad_norm 0.154
step 8790/20000 | loss 3.4000 | lr_mult 0.6395 | tok/s 640769 | grad_norm 0.157
step 8800/20000 | loss 3.3700 | lr_mult 0.6387 | tok/s 640871 | grad_norm 0.161
step 8810/20000 | loss 3.3830 | lr_mult 0.6379 | tok/s 640973 | grad_norm 0.148
step 8820/20000 | loss 3.3820 | lr_mult 0.6371 | tok/s 641076 | grad_norm 0.143
step 8830/20000 | loss 3.4014 | lr_mult 0.6363 | tok/s 641178 | grad_norm 0.160
step 8840/20000 | loss 3.3753 | lr_mult 0.6355 | tok/s 641280 | grad_norm 0.146
step 8850/20000 | loss 3.4299 | lr_mult 0.6347 | tok/s 641382 | grad_norm 0.154
step 8860/20000 | loss 3.3993 | lr_mult 0.6339 | tok/s 641484 | grad_norm 0.130
step 8870/20000 | loss 3.3881 | lr_mult 0.6331 | tok/s 641585 | grad_norm 0.152
step 8880/20000 | loss 3.3621 | lr_mult 0.6323 | tok/s 641686 | grad_norm 0.160
step 8890/20000 | loss 3.4255 | lr_mult 0.6315 | tok/s 641787 | grad_norm 0.154
step 8900/20000 | loss 3.4324 | lr_mult 0.6307 | tok/s 641886 | grad_norm 0.152
step 8910/20000 | loss 3.3602 | lr_mult 0.6299 | tok/s 641986 | grad_norm 0.157
step 8920/20000 | loss 3.3825 | lr_mult 0.6291 | tok/s 642086 | grad_norm 0.145
step 8930/20000 | loss 3.4055 | lr_mult 0.6283 | tok/s 642182 | grad_norm 0.149
step 8940/20000 | loss 3.4084 | lr_mult 0.6275 | tok/s 642281 | grad_norm 0.159
step 8950/20000 | loss 3.3984 | lr_mult 0.6267 | tok/s 642378 | grad_norm 0.153
step 8960/20000 | loss 3.3815 | lr_mult 0.6259 | tok/s 642477 | grad_norm 0.146
step 8970/20000 | loss 3.3782 | lr_mult 0.6251 | tok/s 642567 | grad_norm 0.138
step 8980/20000 | loss 3.4171 | lr_mult 0.6243 | tok/s 642660 | grad_norm 0.162
step 8990/20000 | loss 3.4053 | lr_mult 0.6235 | tok/s 642754 | grad_norm 0.154
step 9000/20000 | loss 3.3918 | lr_mult 0.6227 | tok/s 642851 | grad_norm 0.144
step 9000/20000 | val_loss 3.3968
step 9010/20000 | loss 3.3873 | lr_mult 0.6219 | tok/s 642081 | grad_norm 0.141
step 9020/20000 | loss 3.4137 | lr_mult 0.6211 | tok/s 642174 | grad_norm 0.148
step 9030/20000 | loss 3.4054 | lr_mult 0.6203 | tok/s 642273 | grad_norm 0.141
step 9040/20000 | loss 3.3925 | lr_mult 0.6195 | tok/s 642369 | grad_norm 0.152
step 9050/20000 | loss 3.4290 | lr_mult 0.6187 | tok/s 642467 | grad_norm 0.144
step 9060/20000 | loss 3.4219 | lr_mult 0.6179 | tok/s 642565 | grad_norm 0.156
step 9070/20000 | loss 3.4516 | lr_mult 0.6171 | tok/s 642663 | grad_norm 0.155
step 9080/20000 | loss 3.3929 | lr_mult 0.6163 | tok/s 642761 | grad_norm 0.154
step 9090/20000 | loss 3.4093 | lr_mult 0.6155 | tok/s 642859 | grad_norm 0.159
step 9100/20000 | loss 3.3715 | lr_mult 0.6147 | tok/s 642957 | grad_norm 0.149
step 9110/20000 | loss 3.3653 | lr_mult 0.6139 | tok/s 643052 | grad_norm 0.152
step 9120/20000 | loss 3.3479 | lr_mult 0.6131 | tok/s 643148 | grad_norm 0.158
step 9130/20000 | loss 3.3682 | lr_mult 0.6123 | tok/s 643244 | grad_norm 0.157
step 9140/20000 | loss 3.3818 | lr_mult 0.6115 | tok/s 643341 | grad_norm 0.149
step 9150/20000 | loss 3.3840 | lr_mult 0.6107 | tok/s 643437 | grad_norm 0.140
step 9160/20000 | loss 3.4233 | lr_mult 0.6099 | tok/s 643533 | grad_norm 0.152
step 9170/20000 | loss 3.4276 | lr_mult 0.6091 | tok/s 643629 | grad_norm 0.153
step 9180/20000 | loss 3.3777 | lr_mult 0.6083 | tok/s 643725 | grad_norm 0.151
step 9190/20000 | loss 3.4255 | lr_mult 0.6075 | tok/s 643821 | grad_norm 0.135
step 9200/20000 | loss 3.3738 | lr_mult 0.6066 | tok/s 643916 | grad_norm 0.135
step 9210/20000 | loss 3.3445 | lr_mult 0.6058 | tok/s 644011 | grad_norm 0.139
step 9220/20000 | loss 3.4203 | lr_mult 0.6050 | tok/s 644106 | grad_norm 0.158
step 9230/20000 | loss 3.4066 | lr_mult 0.6042 | tok/s 644200 | grad_norm 0.140
step 9240/20000 | loss 3.4145 | lr_mult 0.6034 | tok/s 644295 | grad_norm 0.152
step 9250/20000 | loss 3.3831 | lr_mult 0.6026 | tok/s 644388 | grad_norm 0.148
step 9260/20000 | loss 3.3571 | lr_mult 0.6018 | tok/s 644482 | grad_norm 0.140
step 9270/20000 | loss 3.3645 | lr_mult 0.6010 | tok/s 644576 | grad_norm 0.153
step 9280/20000 | loss 3.4253 | lr_mult 0.6002 | tok/s 644670 | grad_norm 0.163
step 9290/20000 | loss 3.3983 | lr_mult 0.5994 | tok/s 644763 | grad_norm 0.142
step 9300/20000 | loss 3.3560 | lr_mult 0.5986 | tok/s 644856 | grad_norm 0.139
step 9310/20000 | loss 3.3704 | lr_mult 0.5977 | tok/s 644950 | grad_norm 0.149
step 9320/20000 | loss 3.3700 | lr_mult 0.5969 | tok/s 645043 | grad_norm 0.138
step 9330/20000 | loss 3.3734 | lr_mult 0.5961 | tok/s 645137 | grad_norm 0.153
step 9340/20000 | loss 3.4324 | lr_mult 0.5953 | tok/s 645230 | grad_norm 0.137
step 9350/20000 | loss 3.3555 | lr_mult 0.5945 | tok/s 645323 | grad_norm 0.139
step 9360/20000 | loss 3.3921 | lr_mult 0.5937 | tok/s 645416 | grad_norm 0.143
step 9370/20000 | loss 3.3993 | lr_mult 0.5929 | tok/s 645508 | grad_norm 0.144
step 9380/20000 | loss 3.4267 | lr_mult 0.5921 | tok/s 645600 | grad_norm 0.138
step 9390/20000 | loss 3.3666 | lr_mult 0.5913 | tok/s 645692 | grad_norm 0.146
step 9400/20000 | loss 3.3839 | lr_mult 0.5904 | tok/s 645785 | grad_norm 0.146
step 9410/20000 | loss 3.4000 | lr_mult 0.5896 | tok/s 645876 | grad_norm 0.137
step 9420/20000 | loss 3.3657 | lr_mult 0.5888 | tok/s 645963 | grad_norm 0.160
step 9430/20000 | loss 3.3922 | lr_mult 0.5880 | tok/s 646056 | grad_norm 0.146
step 9440/20000 | loss 3.4300 | lr_mult 0.5872 | tok/s 646142 | grad_norm 0.145
step 9450/20000 | loss 3.3986 | lr_mult 0.5864 | tok/s 646228 | grad_norm 0.161
step 9460/20000 | loss 3.3942 | lr_mult 0.5856 | tok/s 646312 | grad_norm 0.139
step 9470/20000 | loss 3.4225 | lr_mult 0.5847 | tok/s 646398 | grad_norm 0.148
step 9480/20000 | loss 3.3962 | lr_mult 0.5839 | tok/s 646480 | grad_norm 0.140
step 9490/20000 | loss 3.3754 | lr_mult 0.5831 | tok/s 646570 | grad_norm 0.148
step 9500/20000 | loss 3.3943 | lr_mult 0.5823 | tok/s 646631 | grad_norm 0.143
step 9500/20000 | val_loss 3.3839
step 9510/20000 | loss 3.3757 | lr_mult 0.5815 | tok/s 645888 | grad_norm 0.135
step 9520/20000 | loss 3.3430 | lr_mult 0.5807 | tok/s 645979 | grad_norm 0.138
step 9530/20000 | loss 3.3572 | lr_mult 0.5798 | tok/s 646064 | grad_norm 0.155
step 9540/20000 | loss 3.3805 | lr_mult 0.5790 | tok/s 646148 | grad_norm 0.154
step 9550/20000 | loss 3.3854 | lr_mult 0.5782 | tok/s 646237 | grad_norm 0.159
step 9560/20000 | loss 3.3574 | lr_mult 0.5774 | tok/s 646325 | grad_norm 0.133
step 9570/20000 | loss 3.3988 | lr_mult 0.5766 | tok/s 646409 | grad_norm 0.142
step 9580/20000 | loss 3.4113 | lr_mult 0.5758 | tok/s 646494 | grad_norm 0.145
step 9590/20000 | loss 3.4168 | lr_mult 0.5749 | tok/s 646583 | grad_norm 0.160
step 9600/20000 | loss 3.3566 | lr_mult 0.5741 | tok/s 646668 | grad_norm 0.136
step 9610/20000 | loss 3.4246 | lr_mult 0.5733 | tok/s 646752 | grad_norm 0.142
step 9620/20000 | loss 3.3819 | lr_mult 0.5725 | tok/s 646836 | grad_norm 0.146
step 9630/20000 | loss 3.3931 | lr_mult 0.5717 | tok/s 646923 | grad_norm 0.145
step 9640/20000 | loss 3.3620 | lr_mult 0.5709 | tok/s 647007 | grad_norm 0.152
step 9650/20000 | loss 3.3910 | lr_mult 0.5700 | tok/s 647091 | grad_norm 0.137
step 9660/20000 | loss 3.3857 | lr_mult 0.5692 | tok/s 647172 | grad_norm 0.150
step 9670/20000 | loss 3.4278 | lr_mult 0.5684 | tok/s 647254 | grad_norm 0.151
step 9680/20000 | loss 3.4403 | lr_mult 0.5676 | tok/s 647342 | grad_norm 0.140
step 9690/20000 | loss 3.4510 | lr_mult 0.5668 | tok/s 647430 | grad_norm 0.134
step 9700/20000 | loss 3.3465 | lr_mult 0.5659 | tok/s 647519 | grad_norm 0.143
step 9710/20000 | loss 3.3533 | lr_mult 0.5651 | tok/s 647605 | grad_norm 0.144
step 9720/20000 | loss 3.3648 | lr_mult 0.5643 | tok/s 647693 | grad_norm 0.133
step 9730/20000 | loss 3.3699 | lr_mult 0.5635 | tok/s 647780 | grad_norm 0.138
step 9740/20000 | loss 3.3621 | lr_mult 0.5627 | tok/s 647862 | grad_norm 0.136
step 9750/20000 | loss 3.3990 | lr_mult 0.5618 | tok/s 647945 | grad_norm 0.130
step 9760/20000 | loss 3.4084 | lr_mult 0.5610 | tok/s 648032 | grad_norm 0.139
step 9770/20000 | loss 3.3858 | lr_mult 0.5602 | tok/s 648112 | grad_norm 0.132
step 9780/20000 | loss 3.4015 | lr_mult 0.5594 | tok/s 648199 | grad_norm 0.138
step 9790/20000 | loss 3.3954 | lr_mult 0.5586 | tok/s 648283 | grad_norm 0.133
step 9800/20000 | loss 3.3644 | lr_mult 0.5577 | tok/s 648370 | grad_norm 0.140
step 9810/20000 | loss 3.3571 | lr_mult 0.5569 | tok/s 648451 | grad_norm 0.143
step 9820/20000 | loss 3.3632 | lr_mult 0.5561 | tok/s 648533 | grad_norm 0.146
step 9830/20000 | loss 3.3691 | lr_mult 0.5553 | tok/s 648614 | grad_norm 0.143
step 9840/20000 | loss 3.3986 | lr_mult 0.5545 | tok/s 648695 | grad_norm 0.138
step 9850/20000 | loss 3.3670 | lr_mult 0.5536 | tok/s 648775 | grad_norm 0.136
step 9860/20000 | loss 3.3562 | lr_mult 0.5528 | tok/s 648850 | grad_norm 0.142
step 9870/20000 | loss 3.3541 | lr_mult 0.5520 | tok/s 648931 | grad_norm 0.151
step 9880/20000 | loss 3.3683 | lr_mult 0.5512 | tok/s 649013 | grad_norm 0.130
step 9890/20000 | loss 3.3487 | lr_mult 0.5503 | tok/s 649093 | grad_norm 0.139
step 9900/20000 | loss 3.3398 | lr_mult 0.5495 | tok/s 649171 | grad_norm 0.134
step 9910/20000 | loss 3.3894 | lr_mult 0.5487 | tok/s 649251 | grad_norm 0.139
step 9920/20000 | loss 3.3475 | lr_mult 0.5479 | tok/s 649330 | grad_norm 0.134
step 9930/20000 | loss 3.3740 | lr_mult 0.5471 | tok/s 649408 | grad_norm 0.138
step 9940/20000 | loss 3.3762 | lr_mult 0.5462 | tok/s 649486 | grad_norm 0.138
step 9950/20000 | loss 3.3583 | lr_mult 0.5454 | tok/s 649565 | grad_norm 0.140
step 9960/20000 | loss 3.3467 | lr_mult 0.5446 | tok/s 649643 | grad_norm 0.134
step 9970/20000 | loss 3.3680 | lr_mult 0.5438 | tok/s 649721 | grad_norm 0.133
step 9980/20000 | loss 3.3823 | lr_mult 0.5429 | tok/s 649801 | grad_norm 0.132
step 9990/20000 | loss 3.3686 | lr_mult 0.5421 | tok/s 649880 | grad_norm 0.142
step 10000/20000 | loss 3.3502 | lr_mult 0.5413 | tok/s 649957 | grad_norm 0.127
step 10000/20000 | val_loss 3.3709
Checkpoint saved: /mnt/dllm/ruilai/checkpoints/small_125m/step_010000.pt
step 10010/20000 | loss 3.3659 | lr_mult 0.5405 | tok/s 619786 | grad_norm 0.145
step 10020/20000 | loss 3.3753 | lr_mult 0.5396 | tok/s 619886 | grad_norm 0.134
step 10030/20000 | loss 3.3203 | lr_mult 0.5388 | tok/s 619985 | grad_norm 0.140
step 10040/20000 | loss 3.3647 | lr_mult 0.5380 | tok/s 620082 | grad_norm 0.135
step 10050/20000 | loss 3.3424 | lr_mult 0.5372 | tok/s 620181 | grad_norm 0.147
step 10060/20000 | loss 3.3778 | lr_mult 0.5363 | tok/s 620279 | grad_norm 0.126
step 10070/20000 | loss 3.3626 | lr_mult 0.5355 | tok/s 620380 | grad_norm 0.150
step 10080/20000 | loss 3.3803 | lr_mult 0.5347 | tok/s 620479 | grad_norm 0.130
step 10090/20000 | loss 3.3027 | lr_mult 0.5339 | tok/s 620577 | grad_norm 0.142
step 10100/20000 | loss 3.3616 | lr_mult 0.5330 | tok/s 620677 | grad_norm 0.124
step 10110/20000 | loss 3.4105 | lr_mult 0.5322 | tok/s 620780 | grad_norm 0.128
step 10120/20000 | loss 3.3433 | lr_mult 0.5314 | tok/s 620881 | grad_norm 0.125
step 10130/20000 | loss 3.3825 | lr_mult 0.5306 | tok/s 620981 | grad_norm 0.127
step 10140/20000 | loss 3.3826 | lr_mult 0.5297 | tok/s 621079 | grad_norm 0.131
step 10150/20000 | loss 3.3418 | lr_mult 0.5289 | tok/s 621177 | grad_norm 0.148
step 10160/20000 | loss 3.4137 | lr_mult 0.5281 | tok/s 621279 | grad_norm 0.146
step 10170/20000 | loss 3.4115 | lr_mult 0.5273 | tok/s 621378 | grad_norm 0.133
step 10180/20000 | loss 3.3994 | lr_mult 0.5264 | tok/s 621475 | grad_norm 0.138
step 10190/20000 | loss 3.3673 | lr_mult 0.5256 | tok/s 621576 | grad_norm 0.143
step 10200/20000 | loss 3.3925 | lr_mult 0.5248 | tok/s 621674 | grad_norm 0.132
step 10210/20000 | loss 3.3973 | lr_mult 0.5240 | tok/s 621775 | grad_norm 0.140
step 10220/20000 | loss 3.3684 | lr_mult 0.5231 | tok/s 621876 | grad_norm 0.125
step 10230/20000 | loss 3.3795 | lr_mult 0.5223 | tok/s 621975 | grad_norm 0.132
step 10240/20000 | loss 3.3632 | lr_mult 0.5215 | tok/s 622070 | grad_norm 0.141
step 10250/20000 | loss 3.3748 | lr_mult 0.5207 | tok/s 622166 | grad_norm 0.133
step 10260/20000 | loss 3.4233 | lr_mult 0.5198 | tok/s 622262 | grad_norm 0.131
step 10270/20000 | loss 3.3850 | lr_mult 0.5190 | tok/s 622358 | grad_norm 0.137
step 10280/20000 | loss 3.3524 | lr_mult 0.5182 | tok/s 622459 | grad_norm 0.130
step 10290/20000 | loss 3.3711 | lr_mult 0.5174 | tok/s 622559 | grad_norm 0.142
step 10300/20000 | loss 3.3716 | lr_mult 0.5165 | tok/s 622654 | grad_norm 0.133
step 10310/20000 | loss 3.3473 | lr_mult 0.5157 | tok/s 622750 | grad_norm 0.136
step 10320/20000 | loss 3.3629 | lr_mult 0.5149 | tok/s 622849 | grad_norm 0.139
step 10330/20000 | loss 3.3896 | lr_mult 0.5141 | tok/s 622948 | grad_norm 0.140
step 10340/20000 | loss 3.3121 | lr_mult 0.5132 | tok/s 623043 | grad_norm 0.120
step 10350/20000 | loss 3.3639 | lr_mult 0.5124 | tok/s 623141 | grad_norm 0.133
step 10360/20000 | loss 3.3986 | lr_mult 0.5116 | tok/s 623235 | grad_norm 0.132
step 10370/20000 | loss 3.3682 | lr_mult 0.5107 | tok/s 623330 | grad_norm 0.131
step 10380/20000 | loss 3.4200 | lr_mult 0.5099 | tok/s 623424 | grad_norm 0.152
step 10390/20000 | loss 3.3536 | lr_mult 0.5091 | tok/s 623518 | grad_norm 0.135
step 10400/20000 | loss 3.3722 | lr_mult 0.5083 | tok/s 623616 | grad_norm 0.144
step 10410/20000 | loss 3.3742 | lr_mult 0.5074 | tok/s 623711 | grad_norm 0.135
step 10420/20000 | loss 3.3737 | lr_mult 0.5066 | tok/s 623805 | grad_norm 0.131
step 10430/20000 | loss 3.3256 | lr_mult 0.5058 | tok/s 623902 | grad_norm 0.138
step 10440/20000 | loss 3.3769 | lr_mult 0.5050 | tok/s 623996 | grad_norm 0.120
step 10450/20000 | loss 3.3808 | lr_mult 0.5041 | tok/s 624089 | grad_norm 0.124
step 10460/20000 | loss 3.3422 | lr_mult 0.5033 | tok/s 624181 | grad_norm 0.138
step 10470/20000 | loss 3.3634 | lr_mult 0.5025 | tok/s 624272 | grad_norm 0.131
step 10480/20000 | loss 3.3723 | lr_mult 0.5017 | tok/s 624364 | grad_norm 0.130
step 10490/20000 | loss 3.2842 | lr_mult 0.5008 | tok/s 624461 | grad_norm 0.141
step 10500/20000 | loss 3.3399 | lr_mult 0.5000 | tok/s 624558 | grad_norm 0.134
step 10500/20000 | val_loss 3.3585
step 10510/20000 | loss 3.3565 | lr_mult 0.4992 | tok/s 623949 | grad_norm 0.134
step 10520/20000 | loss 3.3008 | lr_mult 0.4983 | tok/s 624041 | grad_norm 0.133
step 10530/20000 | loss 3.3669 | lr_mult 0.4975 | tok/s 624131 | grad_norm 0.136
step 10540/20000 | loss 3.3627 | lr_mult 0.4967 | tok/s 624228 | grad_norm 0.125
step 10550/20000 | loss 3.3640 | lr_mult 0.4959 | tok/s 624323 | grad_norm 0.128
step 10560/20000 | loss 3.3400 | lr_mult 0.4950 | tok/s 624418 | grad_norm 0.134
step 10570/20000 | loss 3.3763 | lr_mult 0.4942 | tok/s 624508 | grad_norm 0.136
step 10580/20000 | loss 3.3518 | lr_mult 0.4934 | tok/s 624599 | grad_norm 0.123
step 10590/20000 | loss 3.3775 | lr_mult 0.4926 | tok/s 624691 | grad_norm 0.135
step 10600/20000 | loss 3.4002 | lr_mult 0.4917 | tok/s 624787 | grad_norm 0.135
step 10610/20000 | loss 3.3506 | lr_mult 0.4909 | tok/s 624881 | grad_norm 0.123
step 10620/20000 | loss 3.3813 | lr_mult 0.4901 | tok/s 624976 | grad_norm 0.141
step 10630/20000 | loss 3.3480 | lr_mult 0.4893 | tok/s 625067 | grad_norm 0.125
step 10640/20000 | loss 3.3673 | lr_mult 0.4884 | tok/s 625157 | grad_norm 0.130
step 10650/20000 | loss 3.3494 | lr_mult 0.4876 | tok/s 625247 | grad_norm 0.124
step 10660/20000 | loss 3.3107 | lr_mult 0.4868 | tok/s 625336 | grad_norm 0.133
step 10670/20000 | loss 3.3505 | lr_mult 0.4859 | tok/s 625425 | grad_norm 0.130
step 10680/20000 | loss 3.3925 | lr_mult 0.4851 | tok/s 625520 | grad_norm 0.125
step 10690/20000 | loss 3.3336 | lr_mult 0.4843 | tok/s 625610 | grad_norm 0.124
step 10700/20000 | loss 3.3281 | lr_mult 0.4835 | tok/s 625701 | grad_norm 0.128
step 10710/20000 | loss 3.3755 | lr_mult 0.4826 | tok/s 625795 | grad_norm 0.125
step 10720/20000 | loss 3.3953 | lr_mult 0.4818 | tok/s 625886 | grad_norm 0.131
step 10730/20000 | loss 3.3299 | lr_mult 0.4810 | tok/s 625976 | grad_norm 0.132
step 10740/20000 | loss 3.3650 | lr_mult 0.4802 | tok/s 626066 | grad_norm 0.141
step 10750/20000 | loss 3.3583 | lr_mult 0.4793 | tok/s 626155 | grad_norm 0.130
step 10760/20000 | loss 3.3985 | lr_mult 0.4785 | tok/s 626244 | grad_norm 0.132
step 10770/20000 | loss 3.3267 | lr_mult 0.4777 | tok/s 626334 | grad_norm 0.151
step 10780/20000 | loss 3.3351 | lr_mult 0.4769 | tok/s 626423 | grad_norm 0.133
step 10790/20000 | loss 3.4005 | lr_mult 0.4760 | tok/s 626511 | grad_norm 0.131
step 10800/20000 | loss 3.3780 | lr_mult 0.4752 | tok/s 626600 | grad_norm 0.134
step 10810/20000 | loss 3.3472 | lr_mult 0.4744 | tok/s 626688 | grad_norm 0.136
step 10820/20000 | loss 3.3599 | lr_mult 0.4736 | tok/s 626776 | grad_norm 0.129
step 10830/20000 | loss 3.3546 | lr_mult 0.4727 | tok/s 626862 | grad_norm 0.139
step 10840/20000 | loss 3.3574 | lr_mult 0.4719 | tok/s 626950 | grad_norm 0.135
step 10850/20000 | loss 3.3387 | lr_mult 0.4711 | tok/s 627038 | grad_norm 0.126
step 10860/20000 | loss 3.3194 | lr_mult 0.4703 | tok/s 627128 | grad_norm 0.120
step 10870/20000 | loss 3.3548 | lr_mult 0.4694 | tok/s 627215 | grad_norm 0.127
step 10880/20000 | loss 3.3975 | lr_mult 0.4686 | tok/s 627307 | grad_norm 0.118
step 10890/20000 | loss 3.3343 | lr_mult 0.4678 | tok/s 627394 | grad_norm 0.125
step 10900/20000 | loss 3.3585 | lr_mult 0.4670 | tok/s 627482 | grad_norm 0.124
step 10910/20000 | loss 3.3311 | lr_mult 0.4661 | tok/s 627565 | grad_norm 0.134
step 10920/20000 | loss 3.3246 | lr_mult 0.4653 | tok/s 627652 | grad_norm 0.134
step 10930/20000 | loss 3.3175 | lr_mult 0.4645 | tok/s 627737 | grad_norm 0.134
step 10940/20000 | loss 3.3428 | lr_mult 0.4637 | tok/s 627822 | grad_norm 0.129
step 10950/20000 | loss 3.3740 | lr_mult 0.4628 | tok/s 627908 | grad_norm 0.133
step 10960/20000 | loss 3.3527 | lr_mult 0.4620 | tok/s 627997 | grad_norm 0.129
step 10970/20000 | loss 3.3522 | lr_mult 0.4612 | tok/s 628083 | grad_norm 0.124
step 10980/20000 | loss 3.3605 | lr_mult 0.4604 | tok/s 628168 | grad_norm 0.126
step 10990/20000 | loss 3.3418 | lr_mult 0.4595 | tok/s 628254 | grad_norm 0.130
step 11000/20000 | loss 3.3329 | lr_mult 0.4587 | tok/s 628340 | grad_norm 0.124
step 11000/20000 | val_loss 3.3460
step 11010/20000 | loss 3.3195 | lr_mult 0.4579 | tok/s 627749 | grad_norm 0.132
step 11020/20000 | loss 3.3531 | lr_mult 0.4571 | tok/s 627836 | grad_norm 0.126
step 11030/20000 | loss 3.3029 | lr_mult 0.4562 | tok/s 627926 | grad_norm 0.119
step 11040/20000 | loss 3.3683 | lr_mult 0.4554 | tok/s 628014 | grad_norm 0.119
step 11050/20000 | loss 3.3756 | lr_mult 0.4546 | tok/s 628103 | grad_norm 0.125
step 11060/20000 | loss 3.3004 | lr_mult 0.4538 | tok/s 628192 | grad_norm 0.125
step 11070/20000 | loss 3.3455 | lr_mult 0.4529 | tok/s 628277 | grad_norm 0.133
step 11080/20000 | loss 3.3456 | lr_mult 0.4521 | tok/s 628367 | grad_norm 0.129
step 11090/20000 | loss 3.3231 | lr_mult 0.4513 | tok/s 628456 | grad_norm 0.122
step 11100/20000 | loss 3.3522 | lr_mult 0.4505 | tok/s 628541 | grad_norm 0.128
step 11110/20000 | loss 3.3475 | lr_mult 0.4497 | tok/s 628626 | grad_norm 0.119
step 11120/20000 | loss 3.3165 | lr_mult 0.4488 | tok/s 628711 | grad_norm 0.128
step 11130/20000 | loss 3.3657 | lr_mult 0.4480 | tok/s 628795 | grad_norm 0.131
step 11140/20000 | loss 3.3160 | lr_mult 0.4472 | tok/s 628880 | grad_norm 0.135
step 11150/20000 | loss 3.3194 | lr_mult 0.4464 | tok/s 628966 | grad_norm 0.140
step 11160/20000 | loss 3.3752 | lr_mult 0.4455 | tok/s 629050 | grad_norm 0.122
step 11170/20000 | loss 3.3413 | lr_mult 0.4447 | tok/s 629134 | grad_norm 0.132
step 11180/20000 | loss 3.3381 | lr_mult 0.4439 | tok/s 629218 | grad_norm 0.123
step 11190/20000 | loss 3.3468 | lr_mult 0.4431 | tok/s 629302 | grad_norm 0.131
step 11200/20000 | loss 3.3458 | lr_mult 0.4423 | tok/s 629390 | grad_norm 0.133
step 11210/20000 | loss 3.3246 | lr_mult 0.4414 | tok/s 629472 | grad_norm 0.122
step 11220/20000 | loss 3.3739 | lr_mult 0.4406 | tok/s 629560 | grad_norm 0.130
step 11230/20000 | loss 3.3605 | lr_mult 0.4398 | tok/s 629642 | grad_norm 0.127
step 11240/20000 | loss 3.3047 | lr_mult 0.4390 | tok/s 629724 | grad_norm 0.120
step 11250/20000 | loss 3.3331 | lr_mult 0.4382 | tok/s 629812 | grad_norm 0.133
step 11260/20000 | loss 3.3493 | lr_mult 0.4373 | tok/s 629891 | grad_norm 0.120
step 11270/20000 | loss 3.3530 | lr_mult 0.4365 | tok/s 629977 | grad_norm 0.132
step 11280/20000 | loss 3.2967 | lr_mult 0.4357 | tok/s 630060 | grad_norm 0.127
step 11290/20000 | loss 3.3160 | lr_mult 0.4349 | tok/s 630143 | grad_norm 0.128
step 11300/20000 | loss 3.3203 | lr_mult 0.4341 | tok/s 630226 | grad_norm 0.129
step 11310/20000 | loss 3.3439 | lr_mult 0.4332 | tok/s 630308 | grad_norm 0.123
step 11320/20000 | loss 3.3613 | lr_mult 0.4324 | tok/s 630395 | grad_norm 0.125
step 11330/20000 | loss 3.3251 | lr_mult 0.4316 | tok/s 630476 | grad_norm 0.125
step 11340/20000 | loss 3.3368 | lr_mult 0.4308 | tok/s 630558 | grad_norm 0.128
step 11350/20000 | loss 3.3584 | lr_mult 0.4300 | tok/s 630640 | grad_norm 0.119
step 11360/20000 | loss 3.3391 | lr_mult 0.4291 | tok/s 630722 | grad_norm 0.136
step 11370/20000 | loss 3.3697 | lr_mult 0.4283 | tok/s 630808 | grad_norm 0.132
step 11380/20000 | loss 3.3235 | lr_mult 0.4275 | tok/s 630894 | grad_norm 0.129
step 11390/20000 | loss 3.3592 | lr_mult 0.4267 | tok/s 630975 | grad_norm 0.124
step 11400/20000 | loss 3.3524 | lr_mult 0.4259 | tok/s 631061 | grad_norm 0.141
step 11410/20000 | loss 3.3260 | lr_mult 0.4251 | tok/s 631141 | grad_norm 0.133
step 11420/20000 | loss 3.3476 | lr_mult 0.4242 | tok/s 631222 | grad_norm 0.127
step 11430/20000 | loss 3.3551 | lr_mult 0.4234 | tok/s 631303 | grad_norm 0.136
step 11440/20000 | loss 3.3301 | lr_mult 0.4226 | tok/s 631382 | grad_norm 0.121
step 11450/20000 | loss 3.3786 | lr_mult 0.4218 | tok/s 631463 | grad_norm 0.129
step 11460/20000 | loss 3.3411 | lr_mult 0.4210 | tok/s 631544 | grad_norm 0.137
step 11470/20000 | loss 3.3155 | lr_mult 0.4202 | tok/s 631621 | grad_norm 0.126
step 11480/20000 | loss 3.3829 | lr_mult 0.4193 | tok/s 631700 | grad_norm 0.122
step 11490/20000 | loss 3.3404 | lr_mult 0.4185 | tok/s 631783 | grad_norm 0.120
step 11500/20000 | loss 3.3035 | lr_mult 0.4177 | tok/s 631866 | grad_norm 0.129
step 11500/20000 | val_loss 3.3346
step 11510/20000 | loss 3.3323 | lr_mult 0.4169 | tok/s 631289 | grad_norm 0.122
step 11520/20000 | loss 3.3563 | lr_mult 0.4161 | tok/s 631369 | grad_norm 0.122
step 11530/20000 | loss 3.3548 | lr_mult 0.4153 | tok/s 631447 | grad_norm 0.118
step 11540/20000 | loss 3.3718 | lr_mult 0.4144 | tok/s 631531 | grad_norm 0.126
step 11550/20000 | loss 3.3811 | lr_mult 0.4136 | tok/s 631610 | grad_norm 0.125
step 11560/20000 | loss 3.3222 | lr_mult 0.4128 | tok/s 631690 | grad_norm 0.125
step 11570/20000 | loss 3.3079 | lr_mult 0.4120 | tok/s 631769 | grad_norm 0.119
step 11580/20000 | loss 3.3147 | lr_mult 0.4112 | tok/s 631848 | grad_norm 0.128
step 11590/20000 | loss 3.3240 | lr_mult 0.4104 | tok/s 631927 | grad_norm 0.122
step 11600/20000 | loss 3.3265 | lr_mult 0.4096 | tok/s 632007 | grad_norm 0.121
step 11610/20000 | loss 3.3594 | lr_mult 0.4087 | tok/s 632090 | grad_norm 0.131
step 11620/20000 | loss 3.3420 | lr_mult 0.4079 | tok/s 632173 | grad_norm 0.127
step 11630/20000 | loss 3.3542 | lr_mult 0.4071 | tok/s 632251 | grad_norm 0.131
step 11640/20000 | loss 3.3443 | lr_mult 0.4063 | tok/s 632330 | grad_norm 0.128
step 11650/20000 | loss 3.3502 | lr_mult 0.4055 | tok/s 632409 | grad_norm 0.124
step 11660/20000 | loss 3.3858 | lr_mult 0.4047 | tok/s 632487 | grad_norm 0.130
step 11670/20000 | loss 3.3089 | lr_mult 0.4039 | tok/s 632569 | grad_norm 0.122
step 11680/20000 | loss 3.3151 | lr_mult 0.4031 | tok/s 632651 | grad_norm 0.126
step 11690/20000 | loss 3.3286 | lr_mult 0.4023 | tok/s 632733 | grad_norm 0.121
step 11700/20000 | loss 3.3086 | lr_mult 0.4014 | tok/s 632816 | grad_norm 0.122
step 11710/20000 | loss 3.3800 | lr_mult 0.4006 | tok/s 632892 | grad_norm 0.122
step 11720/20000 | loss 3.3480 | lr_mult 0.3998 | tok/s 632973 | grad_norm 0.125
step 11730/20000 | loss 3.3288 | lr_mult 0.3990 | tok/s 633051 | grad_norm 0.127
step 11740/20000 | loss 3.3216 | lr_mult 0.3982 | tok/s 633128 | grad_norm 0.127
step 11750/20000 | loss 3.3281 | lr_mult 0.3974 | tok/s 633206 | grad_norm 0.124
step 11760/20000 | loss 3.3466 | lr_mult 0.3966 | tok/s 633283 | grad_norm 0.122
step 11770/20000 | loss 3.3233 | lr_mult 0.3958 | tok/s 633364 | grad_norm 0.124
step 11780/20000 | loss 3.3399 | lr_mult 0.3950 | tok/s 633440 | grad_norm 0.120
step 11790/20000 | loss 3.3090 | lr_mult 0.3942 | tok/s 633517 | grad_norm 0.121
step 11800/20000 | loss 3.2858 | lr_mult 0.3934 | tok/s 633593 | grad_norm 0.140
step 11810/20000 | loss 3.3869 | lr_mult 0.3925 | tok/s 633667 | grad_norm 0.124
step 11820/20000 | loss 3.3030 | lr_mult 0.3917 | tok/s 633743 | grad_norm 0.125
step 11830/20000 | loss 3.3540 | lr_mult 0.3909 | tok/s 633822 | grad_norm 0.127
step 11840/20000 | loss 3.3204 | lr_mult 0.3901 | tok/s 633902 | grad_norm 0.126
step 11850/20000 | loss 3.3490 | lr_mult 0.3893 | tok/s 633983 | grad_norm 0.123
step 11860/20000 | loss 3.2966 | lr_mult 0.3885 | tok/s 634063 | grad_norm 0.126
step 11870/20000 | loss 3.2943 | lr_mult 0.3877 | tok/s 634141 | grad_norm 0.128
step 11880/20000 | loss 3.3471 | lr_mult 0.3869 | tok/s 634217 | grad_norm 0.126
step 11890/20000 | loss 3.3089 | lr_mult 0.3861 | tok/s 634291 | grad_norm 0.127
step 11900/20000 | loss 3.3414 | lr_mult 0.3853 | tok/s 634370 | grad_norm 0.129
step 11910/20000 | loss 3.3330 | lr_mult 0.3845 | tok/s 634445 | grad_norm 0.121
step 11920/20000 | loss 3.3619 | lr_mult 0.3837 | tok/s 634521 | grad_norm 0.121
step 11930/20000 | loss 3.2913 | lr_mult 0.3829 | tok/s 634596 | grad_norm 0.117
step 11940/20000 | loss 3.3567 | lr_mult 0.3821 | tok/s 634671 | grad_norm 0.124
step 11950/20000 | loss 3.3414 | lr_mult 0.3813 | tok/s 634749 | grad_norm 0.128
step 11960/20000 | loss 3.3295 | lr_mult 0.3805 | tok/s 634824 | grad_norm 0.128
step 11970/20000 | loss 3.3257 | lr_mult 0.3797 | tok/s 634899 | grad_norm 0.138
step 11980/20000 | loss 3.3182 | lr_mult 0.3789 | tok/s 634975 | grad_norm 0.124
step 11990/20000 | loss 3.3402 | lr_mult 0.3781 | tok/s 635049 | grad_norm 0.125
step 12000/20000 | loss 3.3109 | lr_mult 0.3773 | tok/s 635127 | grad_norm 0.119
step 12000/20000 | val_loss 3.3237
step 12010/20000 | loss 3.3208 | lr_mult 0.3765 | tok/s 634565 | grad_norm 0.120
step 12020/20000 | loss 3.3251 | lr_mult 0.3757 | tok/s 634639 | grad_norm 0.119
step 12030/20000 | loss 3.3116 | lr_mult 0.3749 | tok/s 634712 | grad_norm 0.120
step 12040/20000 | loss 3.3253 | lr_mult 0.3741 | tok/s 634785 | grad_norm 0.123
step 12050/20000 | loss 3.3648 | lr_mult 0.3733 | tok/s 634863 | grad_norm 0.123
step 12060/20000 | loss 3.3443 | lr_mult 0.3725 | tok/s 634936 | grad_norm 0.120
step 12070/20000 | loss 3.3332 | lr_mult 0.3717 | tok/s 635014 | grad_norm 0.126
step 12080/20000 | loss 3.3163 | lr_mult 0.3709 | tok/s 635093 | grad_norm 0.118
step 12090/20000 | loss 3.3522 | lr_mult 0.3701 | tok/s 635172 | grad_norm 0.125
step 12100/20000 | loss 3.3486 | lr_mult 0.3693 | tok/s 635248 | grad_norm 0.123
step 12110/20000 | loss 3.3339 | lr_mult 0.3685 | tok/s 635321 | grad_norm 0.124
step 12120/20000 | loss 3.3186 | lr_mult 0.3677 | tok/s 635399 | grad_norm 0.118
step 12130/20000 | loss 3.3158 | lr_mult 0.3669 | tok/s 635472 | grad_norm 0.128
step 12140/20000 | loss 3.3282 | lr_mult 0.3661 | tok/s 635546 | grad_norm 0.120
step 12150/20000 | loss 3.3465 | lr_mult 0.3653 | tok/s 635623 | grad_norm 0.123
step 12160/20000 | loss 3.3656 | lr_mult 0.3645 | tok/s 635700 | grad_norm 0.121
step 12170/20000 | loss 3.3612 | lr_mult 0.3637 | tok/s 635777 | grad_norm 0.136
step 12180/20000 | loss 3.3212 | lr_mult 0.3629 | tok/s 635853 | grad_norm 0.119
step 12190/20000 | loss 3.3418 | lr_mult 0.3621 | tok/s 635926 | grad_norm 0.130
step 12200/20000 | loss 3.3347 | lr_mult 0.3613 | tok/s 635999 | grad_norm 0.120
step 12210/20000 | loss 3.3223 | lr_mult 0.3605 | tok/s 636071 | grad_norm 0.120
step 12220/20000 | loss 3.3460 | lr_mult 0.3597 | tok/s 636143 | grad_norm 0.132
step 12230/20000 | loss 3.3363 | lr_mult 0.3589 | tok/s 636216 | grad_norm 0.118
step 12240/20000 | loss 3.2859 | lr_mult 0.3581 | tok/s 636289 | grad_norm 0.116
step 12250/20000 | loss 3.3151 | lr_mult 0.3573 | tok/s 636361 | grad_norm 0.116
step 12260/20000 | loss 3.3034 | lr_mult 0.3565 | tok/s 636432 | grad_norm 0.116
step 12270/20000 | loss 3.3004 | lr_mult 0.3557 | tok/s 636507 | grad_norm 0.126
step 12280/20000 | loss 3.2862 | lr_mult 0.3550 | tok/s 636580 | grad_norm 0.125
step 12290/20000 | loss 3.2965 | lr_mult 0.3542 | tok/s 636652 | grad_norm 0.125
step 12300/20000 | loss 3.2922 | lr_mult 0.3534 | tok/s 636722 | grad_norm 0.127
step 12310/20000 | loss 3.3275 | lr_mult 0.3526 | tok/s 636794 | grad_norm 0.122
step 12320/20000 | loss 3.3450 | lr_mult 0.3518 | tok/s 636866 | grad_norm 0.119
step 12330/20000 | loss 3.2809 | lr_mult 0.3510 | tok/s 636941 | grad_norm 0.118
step 12340/20000 | loss 3.3290 | lr_mult 0.3502 | tok/s 637012 | grad_norm 0.126
step 12350/20000 | loss 3.3211 | lr_mult 0.3494 | tok/s 637082 | grad_norm 0.121
step 12360/20000 | loss 3.3461 | lr_mult 0.3486 | tok/s 637153 | grad_norm 0.120
step 12370/20000 | loss 3.3472 | lr_mult 0.3479 | tok/s 637228 | grad_norm 0.117
step 12380/20000 | loss 3.2924 | lr_mult 0.3471 | tok/s 637303 | grad_norm 0.118
step 12390/20000 | loss 3.3280 | lr_mult 0.3463 | tok/s 637374 | grad_norm 0.123
step 12400/20000 | loss 3.3209 | lr_mult 0.3455 | tok/s 637449 | grad_norm 0.120
step 12410/20000 | loss 3.2829 | lr_mult 0.3447 | tok/s 637520 | grad_norm 0.115
step 12420/20000 | loss 3.2969 | lr_mult 0.3439 | tok/s 637594 | grad_norm 0.131
step 12430/20000 | loss 3.2957 | lr_mult 0.3431 | tok/s 637665 | grad_norm 0.122
step 12440/20000 | loss 3.3032 | lr_mult 0.3423 | tok/s 637736 | grad_norm 0.125
step 12450/20000 | loss 3.3022 | lr_mult 0.3416 | tok/s 637807 | grad_norm 0.122
step 12460/20000 | loss 3.3301 | lr_mult 0.3408 | tok/s 637881 | grad_norm 0.131
step 12470/20000 | loss 3.3602 | lr_mult 0.3400 | tok/s 637951 | grad_norm 0.127
step 12480/20000 | loss 3.2720 | lr_mult 0.3392 | tok/s 638021 | grad_norm 0.128
step 12490/20000 | loss 3.3323 | lr_mult 0.3384 | tok/s 638091 | grad_norm 0.121
step 12500/20000 | loss 3.2657 | lr_mult 0.3377 | tok/s 638160 | grad_norm 0.119
step 12500/20000 | val_loss 3.3125
step 12510/20000 | loss 3.3098 | lr_mult 0.3369 | tok/s 637617 | grad_norm 0.123
step 12520/20000 | loss 3.3383 | lr_mult 0.3361 | tok/s 637690 | grad_norm 0.122
step 12530/20000 | loss 3.2996 | lr_mult 0.3353 | tok/s 637761 | grad_norm 0.125
step 12540/20000 | loss 3.3391 | lr_mult 0.3345 | tok/s 637835 | grad_norm 0.124
step 12550/20000 | loss 3.3406 | lr_mult 0.3337 | tok/s 637906 | grad_norm 0.125
step 12560/20000 | loss 3.3334 | lr_mult 0.3330 | tok/s 637974 | grad_norm 0.122
step 12570/20000 | loss 3.2939 | lr_mult 0.3322 | tok/s 638046 | grad_norm 0.116
step 12580/20000 | loss 3.2867 | lr_mult 0.3314 | tok/s 638118 | grad_norm 0.125
step 12590/20000 | loss 3.3017 | lr_mult 0.3306 | tok/s 638191 | grad_norm 0.119
step 12600/20000 | loss 3.3208 | lr_mult 0.3299 | tok/s 638263 | grad_norm 0.118
step 12610/20000 | loss 3.3443 | lr_mult 0.3291 | tok/s 638331 | grad_norm 0.118
step 12620/20000 | loss 3.3126 | lr_mult 0.3283 | tok/s 638400 | grad_norm 0.119
step 12630/20000 | loss 3.2840 | lr_mult 0.3275 | tok/s 638469 | grad_norm 0.110
step 12640/20000 | loss 3.3164 | lr_mult 0.3267 | tok/s 638538 | grad_norm 0.122
step 12650/20000 | loss 3.3017 | lr_mult 0.3260 | tok/s 638607 | grad_norm 0.120
step 12660/20000 | loss 3.3583 | lr_mult 0.3252 | tok/s 638676 | grad_norm 0.119
step 12670/20000 | loss 3.3238 | lr_mult 0.3244 | tok/s 638745 | grad_norm 0.128
step 12680/20000 | loss 3.3163 | lr_mult 0.3236 | tok/s 638814 | grad_norm 0.125
step 12690/20000 | loss 3.2894 | lr_mult 0.3229 | tok/s 638881 | grad_norm 0.119
step 12700/20000 | loss 3.3125 | lr_mult 0.3221 | tok/s 638950 | grad_norm 0.117
step 12710/20000 | loss 3.3347 | lr_mult 0.3213 | tok/s 639018 | grad_norm 0.120
step 12720/20000 | loss 3.3023 | lr_mult 0.3206 | tok/s 639086 | grad_norm 0.129
step 12730/20000 | loss 3.3228 | lr_mult 0.3198 | tok/s 639158 | grad_norm 0.122
step 12740/20000 | loss 3.2841 | lr_mult 0.3190 | tok/s 639230 | grad_norm 0.120
step 12750/20000 | loss 3.2798 | lr_mult 0.3182 | tok/s 639301 | grad_norm 0.117
step 12760/20000 | loss 3.3022 | lr_mult 0.3175 | tok/s 639372 | grad_norm 0.117
step 12770/20000 | loss 3.3336 | lr_mult 0.3167 | tok/s 639442 | grad_norm 0.125
step 12780/20000 | loss 3.3349 | lr_mult 0.3159 | tok/s 639513 | grad_norm 0.121
step 12790/20000 | loss 3.3059 | lr_mult 0.3152 | tok/s 639584 | grad_norm 0.123
step 12800/20000 | loss 3.3247 | lr_mult 0.3144 | tok/s 639655 | grad_norm 0.123
step 12810/20000 | loss 3.3258 | lr_mult 0.3136 | tok/s 639726 | grad_norm 0.116
step 12820/20000 | loss 3.3259 | lr_mult 0.3129 | tok/s 639796 | grad_norm 0.125
step 12830/20000 | loss 3.2968 | lr_mult 0.3121 | tok/s 639867 | grad_norm 0.123
step 12840/20000 | loss 3.3209 | lr_mult 0.3113 | tok/s 639938 | grad_norm 0.118
step 12850/20000 | loss 3.3157 | lr_mult 0.3106 | tok/s 640003 | grad_norm 0.131
step 12860/20000 | loss 3.3298 | lr_mult 0.3098 | tok/s 640070 | grad_norm 0.132
step 12870/20000 | loss 3.3052 | lr_mult 0.3090 | tok/s 640136 | grad_norm 0.114
step 12880/20000 | loss 3.3018 | lr_mult 0.3083 | tok/s 640203 | grad_norm 0.123
step 12890/20000 | loss 3.2844 | lr_mult 0.3075 | tok/s 640269 | grad_norm 0.117
step 12900/20000 | loss 3.3023 | lr_mult 0.3068 | tok/s 640336 | grad_norm 0.124
step 12910/20000 | loss 3.2904 | lr_mult 0.3060 | tok/s 640403 | grad_norm 0.128
step 12920/20000 | loss 3.3095 | lr_mult 0.3052 | tok/s 640469 | grad_norm 0.117
step 12930/20000 | loss 3.3093 | lr_mult 0.3045 | tok/s 640536 | grad_norm 0.114
step 12940/20000 | loss 3.3092 | lr_mult 0.3037 | tok/s 640605 | grad_norm 0.129
step 12950/20000 | loss 3.2781 | lr_mult 0.3029 | tok/s 640671 | grad_norm 0.117
step 12960/20000 | loss 3.2959 | lr_mult 0.3022 | tok/s 640737 | grad_norm 0.126
step 12970/20000 | loss 3.2320 | lr_mult 0.3014 | tok/s 640802 | grad_norm 0.116
step 12980/20000 | loss 3.3412 | lr_mult 0.3007 | tok/s 640867 | grad_norm 0.119
step 12990/20000 | loss 3.3102 | lr_mult 0.2999 | tok/s 640931 | grad_norm 0.120
step 13000/20000 | loss 3.3053 | lr_mult 0.2992 | tok/s 640997 | grad_norm 0.118
step 13000/20000 | val_loss 3.3017
step 13010/20000 | loss 3.3460 | lr_mult 0.2984 | tok/s 640464 | grad_norm 0.120
step 13020/20000 | loss 3.2766 | lr_mult 0.2976 | tok/s 640529 | grad_norm 0.114
step 13030/20000 | loss 3.2794 | lr_mult 0.2969 | tok/s 640594 | grad_norm 0.126
step 13040/20000 | loss 3.3063 | lr_mult 0.2961 | tok/s 640660 | grad_norm 0.115
step 13050/20000 | loss 3.3184 | lr_mult 0.2954 | tok/s 640724 | grad_norm 0.117
step 13060/20000 | loss 3.2785 | lr_mult 0.2946 | tok/s 640788 | grad_norm 0.115
step 13070/20000 | loss 3.3226 | lr_mult 0.2939 | tok/s 640853 | grad_norm 0.116
step 13080/20000 | loss 3.3326 | lr_mult 0.2931 | tok/s 640917 | grad_norm 0.122
step 13090/20000 | loss 3.3234 | lr_mult 0.2924 | tok/s 640981 | grad_norm 0.121
step 13100/20000 | loss 3.2961 | lr_mult 0.2916 | tok/s 641046 | grad_norm 0.120
step 13110/20000 | loss 3.3291 | lr_mult 0.2909 | tok/s 641110 | grad_norm 0.121
step 13120/20000 | loss 3.3104 | lr_mult 0.2901 | tok/s 641179 | grad_norm 0.114
step 13130/20000 | loss 3.3132 | lr_mult 0.2894 | tok/s 641244 | grad_norm 0.117
step 13140/20000 | loss 3.3355 | lr_mult 0.2886 | tok/s 641308 | grad_norm 0.121
step 13150/20000 | loss 3.3180 | lr_mult 0.2879 | tok/s 641371 | grad_norm 0.117
step 13160/20000 | loss 3.2922 | lr_mult 0.2871 | tok/s 641435 | grad_norm 0.126
step 13170/20000 | loss 3.2897 | lr_mult 0.2864 | tok/s 641499 | grad_norm 0.120
step 13180/20000 | loss 3.3368 | lr_mult 0.2856 | tok/s 641562 | grad_norm 0.122
step 13190/20000 | loss 3.3251 | lr_mult 0.2849 | tok/s 641627 | grad_norm 0.118
step 13200/20000 | loss 3.3032 | lr_mult 0.2841 | tok/s 641690 | grad_norm 0.116
step 13210/20000 | loss 3.3048 | lr_mult 0.2834 | tok/s 641754 | grad_norm 0.126
step 13220/20000 | loss 3.2964 | lr_mult 0.2826 | tok/s 641819 | grad_norm 0.122
step 13230/20000 | loss 3.3159 | lr_mult 0.2819 | tok/s 641883 | grad_norm 0.118
step 13240/20000 | loss 3.3336 | lr_mult 0.2811 | tok/s 641947 | grad_norm 0.117
step 13250/20000 | loss 3.2854 | lr_mult 0.2804 | tok/s 642011 | grad_norm 0.119
step 13260/20000 | loss 3.2921 | lr_mult 0.2797 | tok/s 642078 | grad_norm 0.125
step 13270/20000 | loss 3.2851 | lr_mult 0.2789 | tok/s 642142 | grad_norm 0.117
step 13280/20000 | loss 3.3313 | lr_mult 0.2782 | tok/s 642204 | grad_norm 0.120
step 13290/20000 | loss 3.3220 | lr_mult 0.2774 | tok/s 642267 | grad_norm 0.117
step 13300/20000 | loss 3.2865 | lr_mult 0.2767 | tok/s 642330 | grad_norm 0.125
step 13310/20000 | loss 3.3117 | lr_mult 0.2760 | tok/s 642393 | grad_norm 0.122
step 13320/20000 | loss 3.3031 | lr_mult 0.2752 | tok/s 642455 | grad_norm 0.113
step 13330/20000 | loss 3.3117 | lr_mult 0.2745 | tok/s 642519 | grad_norm 0.123
step 13340/20000 | loss 3.2992 | lr_mult 0.2737 | tok/s 642581 | grad_norm 0.115
step 13350/20000 | loss 3.3323 | lr_mult 0.2730 | tok/s 642645 | grad_norm 0.125
step 13360/20000 | loss 3.3199 | lr_mult 0.2723 | tok/s 642707 | grad_norm 0.112
step 13370/20000 | loss 3.2928 | lr_mult 0.2715 | tok/s 642769 | grad_norm 0.118
step 13380/20000 | loss 3.3038 | lr_mult 0.2708 | tok/s 642835 | grad_norm 0.119
step 13390/20000 | loss 3.3189 | lr_mult 0.2701 | tok/s 642898 | grad_norm 0.121
step 13400/20000 | loss 3.3107 | lr_mult 0.2693 | tok/s 642961 | grad_norm 0.121
step 13410/20000 | loss 3.3355 | lr_mult 0.2686 | tok/s 643024 | grad_norm 0.123
step 13420/20000 | loss 3.3091 | lr_mult 0.2679 | tok/s 643089 | grad_norm 0.124
step 13430/20000 | loss 3.2730 | lr_mult 0.2671 | tok/s 643153 | grad_norm 0.116
step 13440/20000 | loss 3.2992 | lr_mult 0.2664 | tok/s 643219 | grad_norm 0.121
step 13450/20000 | loss 3.2778 | lr_mult 0.2657 | tok/s 643281 | grad_norm 0.116
step 13460/20000 | loss 3.3057 | lr_mult 0.2649 | tok/s 643347 | grad_norm 0.124
step 13470/20000 | loss 3.2711 | lr_mult 0.2642 | tok/s 643411 | grad_norm 0.123
step 13480/20000 | loss 3.2815 | lr_mult 0.2635 | tok/s 643473 | grad_norm 0.120
step 13490/20000 | loss 3.2557 | lr_mult 0.2628 | tok/s 643535 | grad_norm 0.121
step 13500/20000 | loss 3.2958 | lr_mult 0.2620 | tok/s 643597 | grad_norm 0.117
step 13500/20000 | val_loss 3.2915
step 13510/20000 | loss 3.2655 | lr_mult 0.2613 | tok/s 643079 | grad_norm 0.116
step 13520/20000 | loss 3.2761 | lr_mult 0.2606 | tok/s 643141 | grad_norm 0.121
step 13530/20000 | loss 3.2915 | lr_mult 0.2598 | tok/s 643203 | grad_norm 0.125
step 13540/20000 | loss 3.3287 | lr_mult 0.2591 | tok/s 643264 | grad_norm 0.118
step 13550/20000 | loss 3.2675 | lr_mult 0.2584 | tok/s 643325 | grad_norm 0.119
step 13560/20000 | loss 3.2950 | lr_mult 0.2577 | tok/s 643386 | grad_norm 0.119
step 13570/20000 | loss 3.3116 | lr_mult 0.2570 | tok/s 643449 | grad_norm 0.124
step 13580/20000 | loss 3.3269 | lr_mult 0.2562 | tok/s 643514 | grad_norm 0.123
step 13590/20000 | loss 3.3006 | lr_mult 0.2555 | tok/s 643575 | grad_norm 0.119
step 13600/20000 | loss 3.2714 | lr_mult 0.2548 | tok/s 643635 | grad_norm 0.120
step 13610/20000 | loss 3.3218 | lr_mult 0.2541 | tok/s 643695 | grad_norm 0.115
step 13620/20000 | loss 3.3500 | lr_mult 0.2533 | tok/s 643756 | grad_norm 0.122
step 13630/20000 | loss 3.3152 | lr_mult 0.2526 | tok/s 643817 | grad_norm 0.122
step 13640/20000 | loss 3.2577 | lr_mult 0.2519 | tok/s 643879 | grad_norm 0.115
step 13650/20000 | loss 3.3003 | lr_mult 0.2512 | tok/s 643939 | grad_norm 0.116
step 13660/20000 | loss 3.2987 | lr_mult 0.2505 | tok/s 644000 | grad_norm 0.115
step 13670/20000 | loss 3.2942 | lr_mult 0.2498 | tok/s 644060 | grad_norm 0.118
step 13680/20000 | loss 3.2938 | lr_mult 0.2490 | tok/s 644121 | grad_norm 0.115
step 13690/20000 | loss 3.2831 | lr_mult 0.2483 | tok/s 644181 | grad_norm 0.115
step 13700/20000 | loss 3.2900 | lr_mult 0.2476 | tok/s 644242 | grad_norm 0.114
step 13710/20000 | loss 3.2685 | lr_mult 0.2469 | tok/s 644302 | grad_norm 0.118
step 13720/20000 | loss 3.2761 | lr_mult 0.2462 | tok/s 644362 | grad_norm 0.121
step 13730/20000 | loss 3.2513 | lr_mult 0.2455 | tok/s 644422 | grad_norm 0.115
step 13740/20000 | loss 3.2549 | lr_mult 0.2448 | tok/s 644482 | grad_norm 0.117
step 13750/20000 | loss 3.3391 | lr_mult 0.2441 | tok/s 644543 | grad_norm 0.117
step 13760/20000 | loss 3.2998 | lr_mult 0.2433 | tok/s 644603 | grad_norm 0.113
step 13770/20000 | loss 3.3115 | lr_mult 0.2426 | tok/s 644663 | grad_norm 0.115
step 13780/20000 | loss 3.2747 | lr_mult 0.2419 | tok/s 644723 | grad_norm 0.120
step 13790/20000 | loss 3.2962 | lr_mult 0.2412 | tok/s 644786 | grad_norm 0.117
step 13800/20000 | loss 3.2451 | lr_mult 0.2405 | tok/s 644845 | grad_norm 0.127
step 13810/20000 | loss 3.3309 | lr_mult 0.2398 | tok/s 644908 | grad_norm 0.119
step 13820/20000 | loss 3.2920 | lr_mult 0.2391 | tok/s 644967 | grad_norm 0.110
step 13830/20000 | loss 3.3006 | lr_mult 0.2384 | tok/s 645027 | grad_norm 0.123
step 13840/20000 | loss 3.2789 | lr_mult 0.2377 | tok/s 645086 | grad_norm 0.120
step 13850/20000 | loss 3.2972 | lr_mult 0.2370 | tok/s 645145 | grad_norm 0.117
step 13860/20000 | loss 3.2556 | lr_mult 0.2363 | tok/s 645202 | grad_norm 0.112
step 13870/20000 | loss 3.3118 | lr_mult 0.2356 | tok/s 645262 | grad_norm 0.118
step 13880/20000 | loss 3.3130 | lr_mult 0.2349 | tok/s 645321 | grad_norm 0.112
step 13890/20000 | loss 3.2701 | lr_mult 0.2342 | tok/s 645379 | grad_norm 0.119
step 13900/20000 | loss 3.3274 | lr_mult 0.2335 | tok/s 645438 | grad_norm 0.123
step 13910/20000 | loss 3.2896 | lr_mult 0.2328 | tok/s 645497 | grad_norm 0.127
step 13920/20000 | loss 3.3221 | lr_mult 0.2321 | tok/s 645556 | grad_norm 0.130
step 13930/20000 | loss 3.3233 | lr_mult 0.2314 | tok/s 645614 | grad_norm 0.121
step 13940/20000 | loss 3.2895 | lr_mult 0.2307 | tok/s 645671 | grad_norm 0.119
step 13950/20000 | loss 3.3000 | lr_mult 0.2300 | tok/s 645729 | grad_norm 0.113
step 13960/20000 | loss 3.2908 | lr_mult 0.2293 | tok/s 645787 | grad_norm 0.118
step 13970/20000 | loss 3.3179 | lr_mult 0.2286 | tok/s 645846 | grad_norm 0.119
step 13980/20000 | loss 3.2990 | lr_mult 0.2279 | tok/s 645904 | grad_norm 0.120
step 13990/20000 | loss 3.3010 | lr_mult 0.2272 | tok/s 645963 | grad_norm 0.126
step 14000/20000 | loss 3.3000 | lr_mult 0.2265 | tok/s 646021 | grad_norm 0.118
step 14000/20000 | val_loss 3.2821
step 14010/20000 | loss 3.2564 | lr_mult 0.2258 | tok/s 645514 | grad_norm 0.115
step 14020/20000 | loss 3.2957 | lr_mult 0.2251 | tok/s 645572 | grad_norm 0.116
step 14030/20000 | loss 3.2884 | lr_mult 0.2245 | tok/s 645629 | grad_norm 0.121
step 14040/20000 | loss 3.2866 | lr_mult 0.2238 | tok/s 645687 | grad_norm 0.119
step 14050/20000 | loss 3.2716 | lr_mult 0.2231 | tok/s 645749 | grad_norm 0.114
step 14060/20000 | loss 3.3280 | lr_mult 0.2224 | tok/s 645807 | grad_norm 0.118
step 14070/20000 | loss 3.3147 | lr_mult 0.2217 | tok/s 645865 | grad_norm 0.115
step 14080/20000 | loss 3.2765 | lr_mult 0.2210 | tok/s 645924 | grad_norm 0.119
step 14090/20000 | loss 3.2840 | lr_mult 0.2203 | tok/s 645980 | grad_norm 0.115
step 14100/20000 | loss 3.3116 | lr_mult 0.2196 | tok/s 646036 | grad_norm 0.116
step 14110/20000 | loss 3.3202 | lr_mult 0.2190 | tok/s 646094 | grad_norm 0.122
step 14120/20000 | loss 3.2505 | lr_mult 0.2183 | tok/s 646151 | grad_norm 0.114
step 14130/20000 | loss 3.2711 | lr_mult 0.2176 | tok/s 646209 | grad_norm 0.119
step 14140/20000 | loss 3.2635 | lr_mult 0.2169 | tok/s 646269 | grad_norm 0.114
step 14150/20000 | loss 3.3188 | lr_mult 0.2162 | tok/s 646327 | grad_norm 0.121
step 14160/20000 | loss 3.2942 | lr_mult 0.2155 | tok/s 646384 | grad_norm 0.115
step 14170/20000 | loss 3.2989 | lr_mult 0.2149 | tok/s 646440 | grad_norm 0.121
step 14180/20000 | loss 3.2846 | lr_mult 0.2142 | tok/s 646497 | grad_norm 0.120
step 14190/20000 | loss 3.2995 | lr_mult 0.2135 | tok/s 646554 | grad_norm 0.120
step 14200/20000 | loss 3.2869 | lr_mult 0.2128 | tok/s 646611 | grad_norm 0.126
step 14210/20000 | loss 3.2971 | lr_mult 0.2122 | tok/s 646667 | grad_norm 0.122
step 14220/20000 | loss 3.2456 | lr_mult 0.2115 | tok/s 646724 | grad_norm 0.117
step 14230/20000 | loss 3.2612 | lr_mult 0.2108 | tok/s 646784 | grad_norm 0.117
step 14240/20000 | loss 3.3012 | lr_mult 0.2101 | tok/s 646841 | grad_norm 0.121
step 14250/20000 | loss 3.2901 | lr_mult 0.2095 | tok/s 646897 | grad_norm 0.114
step 14260/20000 | loss 3.3078 | lr_mult 0.2088 | tok/s 646953 | grad_norm 0.117
step 14270/20000 | loss 3.3042 | lr_mult 0.2081 | tok/s 647010 | grad_norm 0.114
step 14280/20000 | loss 3.3172 | lr_mult 0.2074 | tok/s 647065 | grad_norm 0.127
step 14290/20000 | loss 3.2743 | lr_mult 0.2068 | tok/s 647120 | grad_norm 0.119
step 14300/20000 | loss 3.2536 | lr_mult 0.2061 | tok/s 647177 | grad_norm 0.120
step 14310/20000 | loss 3.2710 | lr_mult 0.2054 | tok/s 647233 | grad_norm 0.116
step 14320/20000 | loss 3.2924 | lr_mult 0.2048 | tok/s 647290 | grad_norm 0.116
step 14330/20000 | loss 3.2901 | lr_mult 0.2041 | tok/s 647345 | grad_norm 0.125
step 14340/20000 | loss 3.2792 | lr_mult 0.2034 | tok/s 647401 | grad_norm 0.124
step 14350/20000 | loss 3.2811 | lr_mult 0.2028 | tok/s 647457 | grad_norm 0.118
step 14360/20000 | loss 3.2475 | lr_mult 0.2021 | tok/s 647516 | grad_norm 0.115
step 14370/20000 | loss 3.2529 | lr_mult 0.2014 | tok/s 647571 | grad_norm 0.120
step 14380/20000 | loss 3.2439 | lr_mult 0.2008 | tok/s 647626 | grad_norm 0.115
step 14390/20000 | loss 3.2790 | lr_mult 0.2001 | tok/s 647681 | grad_norm 0.120
step 14400/20000 | loss 3.3130 | lr_mult 0.1995 | tok/s 647736 | grad_norm 0.111
step 14410/20000 | loss 3.2888 | lr_mult 0.1988 | tok/s 647791 | grad_norm 0.116
step 14420/20000 | loss 3.2842 | lr_mult 0.1981 | tok/s 647847 | grad_norm 0.113
step 14430/20000 | loss 3.2725 | lr_mult 0.1975 | tok/s 647902 | grad_norm 0.118
step 14440/20000 | loss 3.2599 | lr_mult 0.1968 | tok/s 647958 | grad_norm 0.116
step 14450/20000 | loss 3.2927 | lr_mult 0.1962 | tok/s 648012 | grad_norm 0.117
step 14460/20000 | loss 3.2543 | lr_mult 0.1955 | tok/s 648066 | grad_norm 0.120
step 14470/20000 | loss 3.3002 | lr_mult 0.1949 | tok/s 648121 | grad_norm 0.120
step 14480/20000 | loss 3.2609 | lr_mult 0.1942 | tok/s 648177 | grad_norm 0.123
step 14490/20000 | loss 3.2974 | lr_mult 0.1935 | tok/s 648232 | grad_norm 0.118
step 14500/20000 | loss 3.3089 | lr_mult 0.1929 | tok/s 648287 | grad_norm 0.121
step 14500/20000 | val_loss 3.2731
step 14510/20000 | loss 3.2779 | lr_mult 0.1922 | tok/s 647794 | grad_norm 0.121
step 14520/20000 | loss 3.3031 | lr_mult 0.1916 | tok/s 647849 | grad_norm 0.112
step 14530/20000 | loss 3.3576 | lr_mult 0.1909 | tok/s 647905 | grad_norm 0.117
step 14540/20000 | loss 3.2395 | lr_mult 0.1903 | tok/s 647963 | grad_norm 0.113
step 14550/20000 | loss 3.2460 | lr_mult 0.1896 | tok/s 648018 | grad_norm 0.126
step 14560/20000 | loss 3.2669 | lr_mult 0.1890 | tok/s 648070 | grad_norm 0.116
step 14570/20000 | loss 3.2526 | lr_mult 0.1883 | tok/s 648124 | grad_norm 0.114
step 14580/20000 | loss 3.2759 | lr_mult 0.1877 | tok/s 648179 | grad_norm 0.119
step 14590/20000 | loss 3.2723 | lr_mult 0.1871 | tok/s 648234 | grad_norm 0.117
step 14600/20000 | loss 3.2874 | lr_mult 0.1864 | tok/s 648289 | grad_norm 0.119
step 14610/20000 | loss 3.2541 | lr_mult 0.1858 | tok/s 648346 | grad_norm 0.117
step 14620/20000 | loss 3.3099 | lr_mult 0.1851 | tok/s 648404 | grad_norm 0.123
step 14630/20000 | loss 3.2665 | lr_mult 0.1845 | tok/s 648459 | grad_norm 0.114
step 14640/20000 | loss 3.2693 | lr_mult 0.1838 | tok/s 648517 | grad_norm 0.113
step 14650/20000 | loss 3.2177 | lr_mult 0.1832 | tok/s 648574 | grad_norm 0.121
step 14660/20000 | loss 3.2710 | lr_mult 0.1826 | tok/s 648628 | grad_norm 0.116
step 14670/20000 | loss 3.2418 | lr_mult 0.1819 | tok/s 648683 | grad_norm 0.118
step 14680/20000 | loss 3.2760 | lr_mult 0.1813 | tok/s 648739 | grad_norm 0.116
step 14690/20000 | loss 3.2734 | lr_mult 0.1807 | tok/s 648796 | grad_norm 0.119
step 14700/20000 | loss 3.2978 | lr_mult 0.1800 | tok/s 648850 | grad_norm 0.118
step 14710/20000 | loss 3.2633 | lr_mult 0.1794 | tok/s 648906 | grad_norm 0.123
step 14720/20000 | loss 3.3191 | lr_mult 0.1787 | tok/s 648959 | grad_norm 0.113
step 14730/20000 | loss 3.2476 | lr_mult 0.1781 | tok/s 649012 | grad_norm 0.118
step 14740/20000 | loss 3.2480 | lr_mult 0.1775 | tok/s 649066 | grad_norm 0.118
step 14750/20000 | loss 3.2944 | lr_mult 0.1769 | tok/s 649119 | grad_norm 0.124
step 14760/20000 | loss 3.2576 | lr_mult 0.1762 | tok/s 649171 | grad_norm 0.119
step 14770/20000 | loss 3.2699 | lr_mult 0.1756 | tok/s 649228 | grad_norm 0.114
step 14780/20000 | loss 3.2985 | lr_mult 0.1750 | tok/s 649285 | grad_norm 0.115
step 14790/20000 | loss 3.2782 | lr_mult 0.1743 | tok/s 649342 | grad_norm 0.118
step 14800/20000 | loss 3.3151 | lr_mult 0.1737 | tok/s 649395 | grad_norm 0.113
step 14810/20000 | loss 3.2534 | lr_mult 0.1731 | tok/s 649451 | grad_norm 0.119
step 14820/20000 | loss 3.2597 | lr_mult 0.1725 | tok/s 649507 | grad_norm 0.121
step 14830/20000 | loss 3.3264 | lr_mult 0.1718 | tok/s 649560 | grad_norm 0.119
step 14840/20000 | loss 3.2831 | lr_mult 0.1712 | tok/s 649616 | grad_norm 0.113
step 14850/20000 | loss 3.2845 | lr_mult 0.1706 | tok/s 649672 | grad_norm 0.118
step 14860/20000 | loss 3.2085 | lr_mult 0.1700 | tok/s 649725 | grad_norm 0.119
step 14870/20000 | loss 3.3023 | lr_mult 0.1693 | tok/s 649777 | grad_norm 0.119
step 14880/20000 | loss 3.2768 | lr_mult 0.1687 | tok/s 649834 | grad_norm 0.119
step 14890/20000 | loss 3.2544 | lr_mult 0.1681 | tok/s 649887 | grad_norm 0.121
step 14900/20000 | loss 3.2651 | lr_mult 0.1675 | tok/s 649938 | grad_norm 0.114
step 14910/20000 | loss 3.2881 | lr_mult 0.1669 | tok/s 649994 | grad_norm 0.118
step 14920/20000 | loss 3.2785 | lr_mult 0.1663 | tok/s 650049 | grad_norm 0.113
step 14930/20000 | loss 3.2886 | lr_mult 0.1656 | tok/s 650104 | grad_norm 0.121
step 14940/20000 | loss 3.2904 | lr_mult 0.1650 | tok/s 650160 | grad_norm 0.123
step 14950/20000 | loss 3.2330 | lr_mult 0.1644 | tok/s 650212 | grad_norm 0.120
step 14960/20000 | loss 3.2774 | lr_mult 0.1638 | tok/s 650267 | grad_norm 0.115
step 14970/20000 | loss 3.3145 | lr_mult 0.1632 | tok/s 650318 | grad_norm 0.118
step 14980/20000 | loss 3.2699 | lr_mult 0.1626 | tok/s 650373 | grad_norm 0.122
step 14990/20000 | loss 3.2599 | lr_mult 0.1620 | tok/s 650425 | grad_norm 0.117
step 15000/20000 | loss 3.2515 | lr_mult 0.1614 | tok/s 650473 | grad_norm 0.117
step 15000/20000 | val_loss 3.2644
Checkpoint saved: /mnt/dllm/ruilai/checkpoints/small_125m/step_015000.pt
step 15010/20000 | loss 3.2888 | lr_mult 0.1608 | tok/s 627787 | grad_norm 0.118
step 15020/20000 | loss 3.2660 | lr_mult 0.1601 | tok/s 627850 | grad_norm 0.117
step 15030/20000 | loss 3.2975 | lr_mult 0.1595 | tok/s 627913 | grad_norm 0.120
step 15040/20000 | loss 3.2533 | lr_mult 0.1589 | tok/s 627976 | grad_norm 0.120
step 15050/20000 | loss 3.2589 | lr_mult 0.1583 | tok/s 628038 | grad_norm 0.114
step 15060/20000 | loss 3.2694 | lr_mult 0.1577 | tok/s 628103 | grad_norm 0.114
step 15070/20000 | loss 3.2692 | lr_mult 0.1571 | tok/s 628168 | grad_norm 0.120
step 15080/20000 | loss 3.2381 | lr_mult 0.1565 | tok/s 628233 | grad_norm 0.116
step 15090/20000 | loss 3.2660 | lr_mult 0.1559 | tok/s 628298 | grad_norm 0.117
step 15100/20000 | loss 3.3014 | lr_mult 0.1553 | tok/s 628363 | grad_norm 0.117
step 15110/20000 | loss 3.2779 | lr_mult 0.1547 | tok/s 628425 | grad_norm 0.117
step 15120/20000 | loss 3.3121 | lr_mult 0.1541 | tok/s 628490 | grad_norm 0.117
step 15130/20000 | loss 3.2450 | lr_mult 0.1535 | tok/s 628551 | grad_norm 0.117
step 15140/20000 | loss 3.2514 | lr_mult 0.1529 | tok/s 628613 | grad_norm 0.120
step 15150/20000 | loss 3.2748 | lr_mult 0.1523 | tok/s 628673 | grad_norm 0.118
step 15160/20000 | loss 3.2914 | lr_mult 0.1517 | tok/s 628735 | grad_norm 0.119
step 15170/20000 | loss 3.2450 | lr_mult 0.1512 | tok/s 628798 | grad_norm 0.122
step 15180/20000 | loss 3.2777 | lr_mult 0.1506 | tok/s 628862 | grad_norm 0.122
step 15190/20000 | loss 3.2640 | lr_mult 0.1500 | tok/s 628924 | grad_norm 0.109
step 15200/20000 | loss 3.2685 | lr_mult 0.1494 | tok/s 628988 | grad_norm 0.119
step 15210/20000 | loss 3.2349 | lr_mult 0.1488 | tok/s 629052 | grad_norm 0.122
step 15220/20000 | loss 3.2743 | lr_mult 0.1482 | tok/s 629116 | grad_norm 0.116
step 15230/20000 | loss 3.2644 | lr_mult 0.1476 | tok/s 629180 | grad_norm 0.120
step 15240/20000 | loss 3.2806 | lr_mult 0.1470 | tok/s 629243 | grad_norm 0.120
step 15250/20000 | loss 3.2700 | lr_mult 0.1464 | tok/s 629308 | grad_norm 0.114
step 15260/20000 | loss 3.2442 | lr_mult 0.1459 | tok/s 629371 | grad_norm 0.114
step 15270/20000 | loss 3.3226 | lr_mult 0.1453 | tok/s 629435 | grad_norm 0.117
step 15280/20000 | loss 3.2617 | lr_mult 0.1447 | tok/s 629497 | grad_norm 0.121
step 15290/20000 | loss 3.2472 | lr_mult 0.1441 | tok/s 629560 | grad_norm 0.122
step 15300/20000 | loss 3.3026 | lr_mult 0.1435 | tok/s 629624 | grad_norm 0.118
step 15310/20000 | loss 3.2639 | lr_mult 0.1430 | tok/s 629688 | grad_norm 0.119
step 15320/20000 | loss 3.2774 | lr_mult 0.1424 | tok/s 629752 | grad_norm 0.129
step 15330/20000 | loss 3.2510 | lr_mult 0.1418 | tok/s 629815 | grad_norm 0.115
step 15340/20000 | loss 3.2294 | lr_mult 0.1412 | tok/s 629879 | grad_norm 0.117
step 15350/20000 | loss 3.2633 | lr_mult 0.1406 | tok/s 629943 | grad_norm 0.116
step 15360/20000 | loss 3.2432 | lr_mult 0.1401 | tok/s 630006 | grad_norm 0.119
step 15370/20000 | loss 3.2704 | lr_mult 0.1395 | tok/s 630066 | grad_norm 0.116
step 15380/20000 | loss 3.2575 | lr_mult 0.1389 | tok/s 630125 | grad_norm 0.119
step 15390/20000 | loss 3.2610 | lr_mult 0.1384 | tok/s 630185 | grad_norm 0.115
step 15400/20000 | loss 3.2483 | lr_mult 0.1378 | tok/s 630247 | grad_norm 0.113
step 15410/20000 | loss 3.2428 | lr_mult 0.1372 | tok/s 630307 | grad_norm 0.117
step 15420/20000 | loss 3.2455 | lr_mult 0.1366 | tok/s 630368 | grad_norm 0.117
step 15430/20000 | loss 3.2941 | lr_mult 0.1361 | tok/s 630428 | grad_norm 0.117
step 15440/20000 | loss 3.2893 | lr_mult 0.1355 | tok/s 630488 | grad_norm 0.114
step 15450/20000 | loss 3.2564 | lr_mult 0.1350 | tok/s 630551 | grad_norm 0.115
step 15460/20000 | loss 3.2601 | lr_mult 0.1344 | tok/s 630614 | grad_norm 0.120
step 15470/20000 | loss 3.2749 | lr_mult 0.1338 | tok/s 630674 | grad_norm 0.114
step 15480/20000 | loss 3.2140 | lr_mult 0.1333 | tok/s 630737 | grad_norm 0.110
step 15490/20000 | loss 3.2695 | lr_mult 0.1327 | tok/s 630800 | grad_norm 0.119
step 15500/20000 | loss 3.2547 | lr_mult 0.1321 | tok/s 630862 | grad_norm 0.119
step 15500/20000 | val_loss 3.2570
step 15510/20000 | loss 3.2714 | lr_mult 0.1316 | tok/s 630436 | grad_norm 0.114
step 15520/20000 | loss 3.2638 | lr_mult 0.1310 | tok/s 630496 | grad_norm 0.120
step 15530/20000 | loss 3.2648 | lr_mult 0.1305 | tok/s 630559 | grad_norm 0.112
step 15540/20000 | loss 3.2706 | lr_mult 0.1299 | tok/s 630621 | grad_norm 0.385
step 15550/20000 | loss 3.2845 | lr_mult 0.1294 | tok/s 630681 | grad_norm 0.124
step 15560/20000 | loss 3.2668 | lr_mult 0.1288 | tok/s 630740 | grad_norm 0.114
step 15570/20000 | loss 3.2312 | lr_mult 0.1282 | tok/s 630803 | grad_norm 0.116
step 15580/20000 | loss 3.2723 | lr_mult 0.1277 | tok/s 630865 | grad_norm 0.118
step 15590/20000 | loss 3.2737 | lr_mult 0.1271 | tok/s 630924 | grad_norm 0.115
step 15600/20000 | loss 3.2334 | lr_mult 0.1266 | tok/s 630986 | grad_norm 0.113
step 15610/20000 | loss 3.2399 | lr_mult 0.1260 | tok/s 631047 | grad_norm 0.114
step 15620/20000 | loss 3.2558 | lr_mult 0.1255 | tok/s 631108 | grad_norm 0.117
step 15630/20000 | loss 3.2806 | lr_mult 0.1249 | tok/s 631170 | grad_norm 0.113
step 15640/20000 | loss 3.2827 | lr_mult 0.1244 | tok/s 631229 | grad_norm 0.115
step 15650/20000 | loss 3.2198 | lr_mult 0.1239 | tok/s 631291 | grad_norm 0.119
step 15660/20000 | loss 3.2675 | lr_mult 0.1233 | tok/s 631352 | grad_norm 0.116
step 15670/20000 | loss 3.2569 | lr_mult 0.1228 | tok/s 631413 | grad_norm 0.114
step 15680/20000 | loss 3.2781 | lr_mult 0.1222 | tok/s 631475 | grad_norm 0.121
step 15690/20000 | loss 3.3114 | lr_mult 0.1217 | tok/s 631534 | grad_norm 0.115
step 15700/20000 | loss 3.2871 | lr_mult 0.1211 | tok/s 631595 | grad_norm 0.118
step 15710/20000 | loss 3.2910 | lr_mult 0.1206 | tok/s 631654 | grad_norm 0.116
step 15720/20000 | loss 3.2761 | lr_mult 0.1201 | tok/s 631715 | grad_norm 0.117
step 15730/20000 | loss 3.2558 | lr_mult 0.1195 | tok/s 631776 | grad_norm 0.118
step 15740/20000 | loss 3.2735 | lr_mult 0.1190 | tok/s 631836 | grad_norm 0.115
step 15750/20000 | loss 3.2866 | lr_mult 0.1185 | tok/s 631898 | grad_norm 0.121
step 15760/20000 | loss 3.2783 | lr_mult 0.1179 | tok/s 631956 | grad_norm 0.123
step 15770/20000 | loss 3.2459 | lr_mult 0.1174 | tok/s 632017 | grad_norm 0.115
step 15780/20000 | loss 3.1960 | lr_mult 0.1169 | tok/s 632075 | grad_norm 0.119
step 15790/20000 | loss 3.2183 | lr_mult 0.1163 | tok/s 632136 | grad_norm 0.112
step 15800/20000 | loss 3.2549 | lr_mult 0.1158 | tok/s 632193 | grad_norm 0.115
step 15810/20000 | loss 3.2716 | lr_mult 0.1153 | tok/s 632250 | grad_norm 0.117
step 15820/20000 | loss 3.3202 | lr_mult 0.1147 | tok/s 632308 | grad_norm 0.117
step 15830/20000 | loss 3.2589 | lr_mult 0.1142 | tok/s 632366 | grad_norm 0.117
step 15840/20000 | loss 3.2919 | lr_mult 0.1137 | tok/s 632426 | grad_norm 0.118
step 15850/20000 | loss 3.2516 | lr_mult 0.1132 | tok/s 632486 | grad_norm 0.125
step 15860/20000 | loss 3.3005 | lr_mult 0.1126 | tok/s 632546 | grad_norm 0.113
step 15870/20000 | loss 3.2368 | lr_mult 0.1121 | tok/s 632603 | grad_norm 0.112
step 15880/20000 | loss 3.2805 | lr_mult 0.1116 | tok/s 632663 | grad_norm 0.119
step 15890/20000 | loss 3.2459 | lr_mult 0.1111 | tok/s 632723 | grad_norm 0.115
step 15900/20000 | loss 3.2532 | lr_mult 0.1106 | tok/s 632783 | grad_norm 0.116
step 15910/20000 | loss 3.2514 | lr_mult 0.1100 | tok/s 632842 | grad_norm 0.112
step 15920/20000 | loss 3.2503 | lr_mult 0.1095 | tok/s 632899 | grad_norm 0.119
step 15930/20000 | loss 3.2365 | lr_mult 0.1090 | tok/s 632959 | grad_norm 0.116
step 15940/20000 | loss 3.2913 | lr_mult 0.1085 | tok/s 633018 | grad_norm 0.120
step 15950/20000 | loss 3.2525 | lr_mult 0.1080 | tok/s 633075 | grad_norm 0.117
step 15960/20000 | loss 3.2542 | lr_mult 0.1075 | tok/s 633131 | grad_norm 0.119
step 15970/20000 | loss 3.2709 | lr_mult 0.1070 | tok/s 633190 | grad_norm 0.120
step 15980/20000 | loss 3.2352 | lr_mult 0.1064 | tok/s 633247 | grad_norm 0.119
step 15990/20000 | loss 3.2634 | lr_mult 0.1059 | tok/s 633304 | grad_norm 0.119
step 16000/20000 | loss 3.2546 | lr_mult 0.1054 | tok/s 633361 | grad_norm 0.117
step 16000/20000 | val_loss 3.2502
step 16010/20000 | loss 3.2194 | lr_mult 0.1049 | tok/s 632942 | grad_norm 0.117
step 16020/20000 | loss 3.2904 | lr_mult 0.1044 | tok/s 632998 | grad_norm 0.115
step 16030/20000 | loss 3.2530 | lr_mult 0.1039 | tok/s 633055 | grad_norm 0.114
step 16040/20000 | loss 3.2931 | lr_mult 0.1034 | tok/s 633115 | grad_norm 0.119
step 16050/20000 | loss 3.2274 | lr_mult 0.1029 | tok/s 633171 | grad_norm 0.119
step 16060/20000 | loss 3.2607 | lr_mult 0.1024 | tok/s 633230 | grad_norm 0.118
step 16070/20000 | loss 3.2955 | lr_mult 0.1019 | tok/s 633289 | grad_norm 0.116
step 16080/20000 | loss 3.2350 | lr_mult 0.1014 | tok/s 633345 | grad_norm 0.118
step 16090/20000 | loss 3.2874 | lr_mult 0.1009 | tok/s 633402 | grad_norm 0.120
step 16100/20000 | loss 3.2574 | lr_mult 0.1004 | tok/s 633460 | grad_norm 0.121
step 16110/20000 | loss 3.2709 | lr_mult 0.0999 | tok/s 633519 | grad_norm 0.119
step 16120/20000 | loss 3.2260 | lr_mult 0.0994 | tok/s 633578 | grad_norm 0.120
step 16130/20000 | loss 3.2351 | lr_mult 0.0989 | tok/s 633636 | grad_norm 0.118
step 16140/20000 | loss 3.2190 | lr_mult 0.0984 | tok/s 633691 | grad_norm 0.119
step 16150/20000 | loss 3.2325 | lr_mult 0.0979 | tok/s 633750 | grad_norm 0.121
step 16160/20000 | loss 3.2313 | lr_mult 0.0974 | tok/s 633808 | grad_norm 0.119
step 16170/20000 | loss 3.2410 | lr_mult 0.0970 | tok/s 633866 | grad_norm 0.121
step 16180/20000 | loss 3.2820 | lr_mult 0.0965 | tok/s 633922 | grad_norm 0.118
step 16190/20000 | loss 3.2394 | lr_mult 0.0960 | tok/s 633978 | grad_norm 0.118
step 16200/20000 | loss 3.2071 | lr_mult 0.0955 | tok/s 634034 | grad_norm 0.125
step 16210/20000 | loss 3.2190 | lr_mult 0.0950 | tok/s 634089 | grad_norm 0.115
step 16220/20000 | loss 3.2330 | lr_mult 0.0945 | tok/s 634144 | grad_norm 0.117
step 16230/20000 | loss 3.2702 | lr_mult 0.0940 | tok/s 634202 | grad_norm 0.119
step 16240/20000 | loss 3.2848 | lr_mult 0.0936 | tok/s 634261 | grad_norm 0.112
step 16250/20000 | loss 3.2372 | lr_mult 0.0931 | tok/s 634318 | grad_norm 0.120
step 16260/20000 | loss 3.2763 | lr_mult 0.0926 | tok/s 634375 | grad_norm 0.118
step 16270/20000 | loss 3.2415 | lr_mult 0.0921 | tok/s 634433 | grad_norm 0.114
step 16280/20000 | loss 3.2567 | lr_mult 0.0916 | tok/s 634490 | grad_norm 0.119
step 16290/20000 | loss 3.2616 | lr_mult 0.0912 | tok/s 634547 | grad_norm 0.114
step 16300/20000 | loss 3.2586 | lr_mult 0.0907 | tok/s 634604 | grad_norm 0.114
step 16310/20000 | loss 3.2423 | lr_mult 0.0902 | tok/s 634662 | grad_norm 0.118
step 16320/20000 | loss 3.2618 | lr_mult 0.0897 | tok/s 634719 | grad_norm 0.115
step 16330/20000 | loss 3.2124 | lr_mult 0.0893 | tok/s 634776 | grad_norm 0.117
step 16340/20000 | loss 3.2492 | lr_mult 0.0888 | tok/s 634834 | grad_norm 0.117
step 16350/20000 | loss 3.2536 | lr_mult 0.0883 | tok/s 634888 | grad_norm 0.119
step 16360/20000 | loss 3.2701 | lr_mult 0.0879 | tok/s 634945 | grad_norm 0.117
step 16370/20000 | loss 3.2582 | lr_mult 0.0874 | tok/s 634999 | grad_norm 0.114
step 16380/20000 | loss 3.2499 | lr_mult 0.0869 | tok/s 635057 | grad_norm 0.118
step 16390/20000 | loss 3.2239 | lr_mult 0.0865 | tok/s 635114 | grad_norm 0.119
step 16400/20000 | loss 3.2517 | lr_mult 0.0860 | tok/s 635169 | grad_norm 0.114
step 16410/20000 | loss 3.2627 | lr_mult 0.0855 | tok/s 635224 | grad_norm 0.120
step 16420/20000 | loss 3.2369 | lr_mult 0.0851 | tok/s 635279 | grad_norm 0.118
step 16430/20000 | loss 3.2300 | lr_mult 0.0846 | tok/s 635334 | grad_norm 0.116
step 16440/20000 | loss 3.2431 | lr_mult 0.0842 | tok/s 635389 | grad_norm 0.114
step 16450/20000 | loss 3.2659 | lr_mult 0.0837 | tok/s 635442 | grad_norm 0.120
step 16460/20000 | loss 3.2811 | lr_mult 0.0832 | tok/s 635496 | grad_norm 0.112
step 16470/20000 | loss 3.2410 | lr_mult 0.0828 | tok/s 635551 | grad_norm 0.126
step 16480/20000 | loss 3.2529 | lr_mult 0.0823 | tok/s 635608 | grad_norm 0.112
step 16490/20000 | loss 3.2454 | lr_mult 0.0819 | tok/s 635665 | grad_norm 0.116
step 16500/20000 | loss 3.2462 | lr_mult 0.0814 | tok/s 635720 | grad_norm 0.117
step 16500/20000 | val_loss 3.2440
step 16510/20000 | loss 3.2477 | lr_mult 0.0810 | tok/s 635313 | grad_norm 0.116
step 16520/20000 | loss 3.2773 | lr_mult 0.0805 | tok/s 635369 | grad_norm 0.111
step 16530/20000 | loss 3.2192 | lr_mult 0.0801 | tok/s 635423 | grad_norm 0.120
step 16540/20000 | loss 3.2397 | lr_mult 0.0796 | tok/s 635476 | grad_norm 0.114
step 16550/20000 | loss 3.2118 | lr_mult 0.0792 | tok/s 635533 | grad_norm 0.113
step 16560/20000 | loss 3.2386 | lr_mult 0.0787 | tok/s 635586 | grad_norm 0.123
step 16570/20000 | loss 3.2233 | lr_mult 0.0783 | tok/s 635642 | grad_norm 0.124
step 16580/20000 | loss 3.2890 | lr_mult 0.0778 | tok/s 635695 | grad_norm 0.113
step 16590/20000 | loss 3.2407 | lr_mult 0.0774 | tok/s 635751 | grad_norm 0.119
step 16600/20000 | loss 3.2429 | lr_mult 0.0770 | tok/s 635807 | grad_norm 0.114
step 16610/20000 | loss 3.2656 | lr_mult 0.0765 | tok/s 635861 | grad_norm 0.114
step 16620/20000 | loss 3.2543 | lr_mult 0.0761 | tok/s 635914 | grad_norm 0.115
step 16630/20000 | loss 3.2478 | lr_mult 0.0756 | tok/s 635967 | grad_norm 0.115
step 16640/20000 | loss 3.2580 | lr_mult 0.0752 | tok/s 636020 | grad_norm 0.116
step 16650/20000 | loss 3.2524 | lr_mult 0.0748 | tok/s 636076 | grad_norm 0.122
step 16660/20000 | loss 3.2532 | lr_mult 0.0743 | tok/s 636131 | grad_norm 0.119
step 16670/20000 | loss 3.2439 | lr_mult 0.0739 | tok/s 636184 | grad_norm 0.119
step 16680/20000 | loss 3.2212 | lr_mult 0.0735 | tok/s 636239 | grad_norm 0.115
step 16690/20000 | loss 3.2885 | lr_mult 0.0730 | tok/s 636292 | grad_norm 0.121
step 16700/20000 | loss 3.2357 | lr_mult 0.0726 | tok/s 636348 | grad_norm 0.116
step 16710/20000 | loss 3.2473 | lr_mult 0.0722 | tok/s 636403 | grad_norm 0.114
step 16720/20000 | loss 3.2558 | lr_mult 0.0717 | tok/s 636456 | grad_norm 0.115
step 16730/20000 | loss 3.2396 | lr_mult 0.0713 | tok/s 636508 | grad_norm 0.116
step 16740/20000 | loss 3.2623 | lr_mult 0.0709 | tok/s 636563 | grad_norm 0.119
step 16750/20000 | loss 3.2689 | lr_mult 0.0705 | tok/s 636619 | grad_norm 0.120
step 16760/20000 | loss 3.2255 | lr_mult 0.0701 | tok/s 636670 | grad_norm 0.117
step 16770/20000 | loss 3.2592 | lr_mult 0.0696 | tok/s 636725 | grad_norm 0.115
step 16780/20000 | loss 3.2393 | lr_mult 0.0692 | tok/s 636777 | grad_norm 0.115
step 16790/20000 | loss 3.2370 | lr_mult 0.0688 | tok/s 636832 | grad_norm 0.113
step 16800/20000 | loss 3.2508 | lr_mult 0.0684 | tok/s 636887 | grad_norm 0.119
step 16810/20000 | loss 3.2865 | lr_mult 0.0680 | tok/s 636939 | grad_norm 0.119
step 16820/20000 | loss 3.2520 | lr_mult 0.0675 | tok/s 636991 | grad_norm 0.120
step 16830/20000 | loss 3.2714 | lr_mult 0.0671 | tok/s 637043 | grad_norm 0.116
step 16840/20000 | loss 3.2350 | lr_mult 0.0667 | tok/s 637097 | grad_norm 0.116
step 16850/20000 | loss 3.2325 | lr_mult 0.0663 | tok/s 637150 | grad_norm 0.117
step 16860/20000 | loss 3.2566 | lr_mult 0.0659 | tok/s 637202 | grad_norm 0.118
step 16870/20000 | loss 3.2435 | lr_mult 0.0655 | tok/s 637257 | grad_norm 0.114
step 16880/20000 | loss 3.2489 | lr_mult 0.0651 | tok/s 637309 | grad_norm 0.116
step 16890/20000 | loss 3.2233 | lr_mult 0.0647 | tok/s 637361 | grad_norm 0.119
step 16900/20000 | loss 3.2684 | lr_mult 0.0643 | tok/s 637413 | grad_norm 0.114
step 16910/20000 | loss 3.2478 | lr_mult 0.0639 | tok/s 637465 | grad_norm 0.115
step 16920/20000 | loss 3.2444 | lr_mult 0.0634 | tok/s 637520 | grad_norm 0.117
step 16930/20000 | loss 3.2313 | lr_mult 0.0630 | tok/s 637574 | grad_norm 0.116
step 16940/20000 | loss 3.1871 | lr_mult 0.0626 | tok/s 637628 | grad_norm 0.121
step 16950/20000 | loss 3.2393 | lr_mult 0.0622 | tok/s 637680 | grad_norm 0.118
step 16960/20000 | loss 3.2222 | lr_mult 0.0618 | tok/s 637734 | grad_norm 0.123
step 16970/20000 | loss 3.2189 | lr_mult 0.0614 | tok/s 637786 | grad_norm 0.121
step 16980/20000 | loss 3.2846 | lr_mult 0.0611 | tok/s 637841 | grad_norm 0.119
step 16990/20000 | loss 3.2106 | lr_mult 0.0607 | tok/s 637895 | grad_norm 0.114
step 17000/20000 | loss 3.2439 | lr_mult 0.0603 | tok/s 637949 | grad_norm 0.117
step 17000/20000 | val_loss 3.2386
step 17010/20000 | loss 3.2511 | lr_mult 0.0599 | tok/s 637551 | grad_norm 0.117
step 17020/20000 | loss 3.1828 | lr_mult 0.0595 | tok/s 637604 | grad_norm 0.111
step 17030/20000 | loss 3.2319 | lr_mult 0.0591 | tok/s 637658 | grad_norm 0.117
step 17040/20000 | loss 3.2520 | lr_mult 0.0587 | tok/s 637712 | grad_norm 0.114
step 17050/20000 | loss 3.2570 | lr_mult 0.0583 | tok/s 637766 | grad_norm 0.114
step 17060/20000 | loss 3.2805 | lr_mult 0.0579 | tok/s 637820 | grad_norm 0.113
step 17070/20000 | loss 3.2542 | lr_mult 0.0575 | tok/s 637874 | grad_norm 0.110
step 17080/20000 | loss 3.2149 | lr_mult 0.0572 | tok/s 637925 | grad_norm 0.116
step 17090/20000 | loss 3.2637 | lr_mult 0.0568 | tok/s 637979 | grad_norm 0.116
step 17100/20000 | loss 3.2184 | lr_mult 0.0564 | tok/s 638032 | grad_norm 0.119
step 17110/20000 | loss 3.2318 | lr_mult 0.0560 | tok/s 638083 | grad_norm 0.118
step 17120/20000 | loss 3.2705 | lr_mult 0.0556 | tok/s 638134 | grad_norm 0.117
step 17130/20000 | loss 3.2225 | lr_mult 0.0552 | tok/s 638188 | grad_norm 0.117
step 17140/20000 | loss 3.2360 | lr_mult 0.0549 | tok/s 638242 | grad_norm 0.114
step 17150/20000 | loss 3.2196 | lr_mult 0.0545 | tok/s 638293 | grad_norm 0.112
step 17160/20000 | loss 3.2170 | lr_mult 0.0541 | tok/s 638345 | grad_norm 0.111
step 17170/20000 | loss 3.2647 | lr_mult 0.0537 | tok/s 638399 | grad_norm 0.118
step 17180/20000 | loss 3.2406 | lr_mult 0.0534 | tok/s 638452 | grad_norm 0.116
step 17190/20000 | loss 3.2267 | lr_mult 0.0530 | tok/s 638503 | grad_norm 0.114
step 17200/20000 | loss 3.2454 | lr_mult 0.0526 | tok/s 638556 | grad_norm 0.121
step 17210/20000 | loss 3.2650 | lr_mult 0.0523 | tok/s 638609 | grad_norm 0.119
step 17220/20000 | loss 3.2327 | lr_mult 0.0519 | tok/s 638662 | grad_norm 0.120
step 17230/20000 | loss 3.2313 | lr_mult 0.0515 | tok/s 638714 | grad_norm 0.111
step 17240/20000 | loss 3.2197 | lr_mult 0.0512 | tok/s 638767 | grad_norm 0.114
step 17250/20000 | loss 3.2371 | lr_mult 0.0508 | tok/s 638817 | grad_norm 0.116
step 17260/20000 | loss 3.1863 | lr_mult 0.0504 | tok/s 638867 | grad_norm 0.117
step 17270/20000 | loss 3.2753 | lr_mult 0.0501 | tok/s 638919 | grad_norm 0.112
step 17280/20000 | loss 3.3036 | lr_mult 0.0497 | tok/s 638969 | grad_norm 0.189
step 17290/20000 | loss 3.2742 | lr_mult 0.0494 | tok/s 639022 | grad_norm 0.113
step 17300/20000 | loss 3.2521 | lr_mult 0.0490 | tok/s 639075 | grad_norm 0.119
step 17310/20000 | loss 3.2540 | lr_mult 0.0486 | tok/s 639128 | grad_norm 0.114
step 17320/20000 | loss 3.2689 | lr_mult 0.0483 | tok/s 639180 | grad_norm 0.115
step 17330/20000 | loss 3.2367 | lr_mult 0.0479 | tok/s 639230 | grad_norm 0.117
step 17340/20000 | loss 3.2501 | lr_mult 0.0476 | tok/s 639283 | grad_norm 0.118
step 17350/20000 | loss 3.2178 | lr_mult 0.0472 | tok/s 639335 | grad_norm 0.116
step 17360/20000 | loss 3.3024 | lr_mult 0.0469 | tok/s 639388 | grad_norm 0.120
step 17370/20000 | loss 3.2970 | lr_mult 0.0465 | tok/s 639440 | grad_norm 0.113
step 17380/20000 | loss 3.2653 | lr_mult 0.0462 | tok/s 639491 | grad_norm 0.116
step 17390/20000 | loss 3.2960 | lr_mult 0.0458 | tok/s 639541 | grad_norm 0.118
step 17400/20000 | loss 3.2060 | lr_mult 0.0455 | tok/s 639594 | grad_norm 0.118
step 17410/20000 | loss 3.2394 | lr_mult 0.0452 | tok/s 639643 | grad_norm 0.114
step 17420/20000 | loss 3.2080 | lr_mult 0.0448 | tok/s 639692 | grad_norm 0.119
step 17430/20000 | loss 3.2434 | lr_mult 0.0445 | tok/s 639744 | grad_norm 0.119
step 17440/20000 | loss 3.2339 | lr_mult 0.0441 | tok/s 639797 | grad_norm 0.112
step 17450/20000 | loss 3.2128 | lr_mult 0.0438 | tok/s 639846 | grad_norm 0.113
step 17460/20000 | loss 3.2132 | lr_mult 0.0435 | tok/s 639895 | grad_norm 0.118
step 17470/20000 | loss 3.2651 | lr_mult 0.0431 | tok/s 639943 | grad_norm 0.116
step 17480/20000 | loss 3.2326 | lr_mult 0.0428 | tok/s 639995 | grad_norm 0.120
step 17490/20000 | loss 3.2343 | lr_mult 0.0424 | tok/s 640044 | grad_norm 0.119
step 17500/20000 | loss 3.2311 | lr_mult 0.0421 | tok/s 640095 | grad_norm 0.117
step 17500/20000 | val_loss 3.2343
step 17510/20000 | loss 3.2699 | lr_mult 0.0418 | tok/s 639703 | grad_norm 0.114
step 17520/20000 | loss 3.2323 | lr_mult 0.0415 | tok/s 639752 | grad_norm 0.113
step 17530/20000 | loss 3.2314 | lr_mult 0.0411 | tok/s 639803 | grad_norm 0.113
step 17540/20000 | loss 3.2545 | lr_mult 0.0408 | tok/s 639853 | grad_norm 0.117
step 17550/20000 | loss 3.2330 | lr_mult 0.0405 | tok/s 639904 | grad_norm 0.118
step 17560/20000 | loss 3.2290 | lr_mult 0.0401 | tok/s 639952 | grad_norm 0.116
step 17570/20000 | loss 3.2393 | lr_mult 0.0398 | tok/s 640004 | grad_norm 0.117
step 17580/20000 | loss 3.2270 | lr_mult 0.0395 | tok/s 640052 | grad_norm 0.116
step 17590/20000 | loss 3.2614 | lr_mult 0.0392 | tok/s 640100 | grad_norm 0.116
step 17600/20000 | loss 3.2366 | lr_mult 0.0389 | tok/s 640149 | grad_norm 0.116
step 17610/20000 | loss 3.2866 | lr_mult 0.0385 | tok/s 640198 | grad_norm 0.116
step 17620/20000 | loss 3.2331 | lr_mult 0.0382 | tok/s 640249 | grad_norm 0.119
step 17630/20000 | loss 3.2470 | lr_mult 0.0379 | tok/s 640298 | grad_norm 0.121
step 17640/20000 | loss 3.2427 | lr_mult 0.0376 | tok/s 640346 | grad_norm 0.118
step 17650/20000 | loss 3.2391 | lr_mult 0.0373 | tok/s 640397 | grad_norm 0.111
step 17660/20000 | loss 3.2688 | lr_mult 0.0370 | tok/s 640444 | grad_norm 0.117
step 17670/20000 | loss 3.2177 | lr_mult 0.0366 | tok/s 640495 | grad_norm 0.116
step 17680/20000 | loss 3.2006 | lr_mult 0.0363 | tok/s 640543 | grad_norm 0.115
step 17690/20000 | loss 3.2104 | lr_mult 0.0360 | tok/s 640594 | grad_norm 0.116
step 17700/20000 | loss 3.2449 | lr_mult 0.0357 | tok/s 640641 | grad_norm 0.113
step 17710/20000 | loss 3.2603 | lr_mult 0.0354 | tok/s 640691 | grad_norm 0.114
step 17720/20000 | loss 3.2628 | lr_mult 0.0351 | tok/s 640740 | grad_norm 0.115
step 17730/20000 | loss 3.2424 | lr_mult 0.0348 | tok/s 640791 | grad_norm 0.115
step 17740/20000 | loss 3.2565 | lr_mult 0.0345 | tok/s 640841 | grad_norm 0.115
step 17750/20000 | loss 3.2323 | lr_mult 0.0342 | tok/s 640892 | grad_norm 0.120
step 17760/20000 | loss 3.2739 | lr_mult 0.0339 | tok/s 640942 | grad_norm 0.115
step 17770/20000 | loss 3.2588 | lr_mult 0.0336 | tok/s 640989 | grad_norm 0.112
step 17780/20000 | loss 3.2573 | lr_mult 0.0333 | tok/s 641040 | grad_norm 0.115
step 17790/20000 | loss 3.2392 | lr_mult 0.0330 | tok/s 641088 | grad_norm 0.119
step 17800/20000 | loss 3.2547 | lr_mult 0.0327 | tok/s 641138 | grad_norm 0.110
step 17810/20000 | loss 3.2151 | lr_mult 0.0324 | tok/s 641188 | grad_norm 0.115
step 17820/20000 | loss 3.2490 | lr_mult 0.0321 | tok/s 641236 | grad_norm 0.116
step 17830/20000 | loss 3.2228 | lr_mult 0.0318 | tok/s 641286 | grad_norm 0.114
step 17840/20000 | loss 3.2189 | lr_mult 0.0316 | tok/s 641336 | grad_norm 0.112
step 17850/20000 | loss 3.2025 | lr_mult 0.0313 | tok/s 641386 | grad_norm 0.120
step 17860/20000 | loss 3.2412 | lr_mult 0.0310 | tok/s 641432 | grad_norm 0.112
step 17870/20000 | loss 3.2071 | lr_mult 0.0307 | tok/s 641481 | grad_norm 0.112
step 17880/20000 | loss 3.2446 | lr_mult 0.0304 | tok/s 641529 | grad_norm 0.117
step 17890/20000 | loss 3.2225 | lr_mult 0.0301 | tok/s 641575 | grad_norm 0.112
step 17900/20000 | loss 3.2352 | lr_mult 0.0298 | tok/s 641622 | grad_norm 0.114
step 17910/20000 | loss 3.1895 | lr_mult 0.0296 | tok/s 641671 | grad_norm 0.114
step 17920/20000 | loss 3.2310 | lr_mult 0.0293 | tok/s 641719 | grad_norm 0.116
step 17930/20000 | loss 3.2284 | lr_mult 0.0290 | tok/s 641769 | grad_norm 0.114
step 17940/20000 | loss 3.2375 | lr_mult 0.0287 | tok/s 641818 | grad_norm 0.114
step 17950/20000 | loss 3.1965 | lr_mult 0.0284 | tok/s 641868 | grad_norm 0.121
step 17960/20000 | loss 3.2284 | lr_mult 0.0282 | tok/s 641917 | grad_norm 0.114
step 17970/20000 | loss 3.2523 | lr_mult 0.0279 | tok/s 641964 | grad_norm 0.115
step 17980/20000 | loss 3.2093 | lr_mult 0.0276 | tok/s 642014 | grad_norm 0.116
step 17990/20000 | loss 3.1844 | lr_mult 0.0274 | tok/s 642063 | grad_norm 0.115
step 18000/20000 | loss 3.2512 | lr_mult 0.0271 | tok/s 642112 | grad_norm 0.118
step 18000/20000 | val_loss 3.2309
step 18010/20000 | loss 3.2676 | lr_mult 0.0268 | tok/s 641726 | grad_norm 0.121
step 18020/20000 | loss 3.2370 | lr_mult 0.0266 | tok/s 641773 | grad_norm 0.115
step 18030/20000 | loss 3.1870 | lr_mult 0.0263 | tok/s 641822 | grad_norm 0.118
step 18040/20000 | loss 3.2666 | lr_mult 0.0260 | tok/s 641870 | grad_norm 0.114
step 18050/20000 | loss 3.1836 | lr_mult 0.0258 | tok/s 641917 | grad_norm 0.114
step 18060/20000 | loss 3.2338 | lr_mult 0.0255 | tok/s 641966 | grad_norm 0.116
step 18070/20000 | loss 3.2309 | lr_mult 0.0252 | tok/s 642013 | grad_norm 0.115
step 18080/20000 | loss 3.2604 | lr_mult 0.0250 | tok/s 642061 | grad_norm 0.117
step 18090/20000 | loss 3.2226 | lr_mult 0.0247 | tok/s 642108 | grad_norm 0.115
step 18100/20000 | loss 3.1870 | lr_mult 0.0245 | tok/s 642155 | grad_norm 0.114
step 18110/20000 | loss 3.2365 | lr_mult 0.0242 | tok/s 642201 | grad_norm 0.116
step 18120/20000 | loss 3.2139 | lr_mult 0.0240 | tok/s 642250 | grad_norm 0.112
step 18130/20000 | loss 3.2620 | lr_mult 0.0237 | tok/s 642299 | grad_norm 0.115
step 18140/20000 | loss 3.2337 | lr_mult 0.0235 | tok/s 642345 | grad_norm 0.114
step 18150/20000 | loss 3.2452 | lr_mult 0.0232 | tok/s 642390 | grad_norm 0.114
step 18160/20000 | loss 3.2434 | lr_mult 0.0230 | tok/s 642436 | grad_norm 0.114
step 18170/20000 | loss 3.2595 | lr_mult 0.0227 | tok/s 642482 | grad_norm 0.114
step 18180/20000 | loss 3.2571 | lr_mult 0.0225 | tok/s 642531 | grad_norm 0.112
step 18190/20000 | loss 3.2238 | lr_mult 0.0222 | tok/s 642580 | grad_norm 0.111
step 18200/20000 | loss 3.2121 | lr_mult 0.0220 | tok/s 642628 | grad_norm 0.115
step 18210/20000 | loss 3.2264 | lr_mult 0.0217 | tok/s 642674 | grad_norm 0.109
step 18220/20000 | loss 3.2035 | lr_mult 0.0215 | tok/s 642723 | grad_norm 0.116
step 18230/20000 | loss 3.2412 | lr_mult 0.0213 | tok/s 642770 | grad_norm 0.113
step 18240/20000 | loss 3.2208 | lr_mult 0.0210 | tok/s 642815 | grad_norm 0.114
step 18250/20000 | loss 3.2785 | lr_mult 0.0208 | tok/s 642861 | grad_norm 0.113
step 18260/20000 | loss 3.2208 | lr_mult 0.0206 | tok/s 642910 | grad_norm 0.113
step 18270/20000 | loss 3.2336 | lr_mult 0.0203 | tok/s 642958 | grad_norm 0.113
step 18280/20000 | loss 3.2301 | lr_mult 0.0201 | tok/s 643007 | grad_norm 0.115
step 18290/20000 | loss 3.2399 | lr_mult 0.0199 | tok/s 643055 | grad_norm 0.112
step 18300/20000 | loss 3.2451 | lr_mult 0.0196 | tok/s 643103 | grad_norm 0.117
step 18310/20000 | loss 3.2273 | lr_mult 0.0194 | tok/s 643149 | grad_norm 0.112
step 18320/20000 | loss 3.2452 | lr_mult 0.0192 | tok/s 643195 | grad_norm 0.111
step 18330/20000 | loss 3.1894 | lr_mult 0.0189 | tok/s 643244 | grad_norm 0.120
step 18340/20000 | loss 3.2225 | lr_mult 0.0187 | tok/s 643289 | grad_norm 0.117
step 18350/20000 | loss 3.2678 | lr_mult 0.0185 | tok/s 643334 | grad_norm 0.113
step 18360/20000 | loss 3.2096 | lr_mult 0.0183 | tok/s 643382 | grad_norm 0.110
step 18370/20000 | loss 3.2248 | lr_mult 0.0181 | tok/s 643428 | grad_norm 0.113
step 18380/20000 | loss 3.2384 | lr_mult 0.0178 | tok/s 643475 | grad_norm 0.114
step 18390/20000 | loss 3.2899 | lr_mult 0.0176 | tok/s 643523 | grad_norm 0.110
step 18400/20000 | loss 3.2318 | lr_mult 0.0174 | tok/s 643571 | grad_norm 0.113
step 18410/20000 | loss 3.2786 | lr_mult 0.0172 | tok/s 643618 | grad_norm 0.111
step 18420/20000 | loss 3.2114 | lr_mult 0.0170 | tok/s 643665 | grad_norm 0.111
step 18430/20000 | loss 3.2367 | lr_mult 0.0168 | tok/s 643711 | grad_norm 0.112
step 18440/20000 | loss 3.2898 | lr_mult 0.0165 | tok/s 643758 | grad_norm 0.111
step 18450/20000 | loss 3.2481 | lr_mult 0.0163 | tok/s 643806 | grad_norm 0.111
step 18460/20000 | loss 3.2417 | lr_mult 0.0161 | tok/s 643853 | grad_norm 0.112
step 18470/20000 | loss 3.2363 | lr_mult 0.0159 | tok/s 643898 | grad_norm 0.110
step 18480/20000 | loss 3.2189 | lr_mult 0.0157 | tok/s 643945 | grad_norm 0.115
step 18490/20000 | loss 3.2517 | lr_mult 0.0155 | tok/s 643990 | grad_norm 0.114
step 18500/20000 | loss 3.2392 | lr_mult 0.0153 | tok/s 644037 | grad_norm 0.114
step 18500/20000 | val_loss 3.2285
step 18510/20000 | loss 3.2716 | lr_mult 0.0151 | tok/s 643662 | grad_norm 0.118
step 18520/20000 | loss 3.2554 | lr_mult 0.0149 | tok/s 643707 | grad_norm 0.115
step 18530/20000 | loss 3.2434 | lr_mult 0.0147 | tok/s 643752 | grad_norm 0.113
step 18540/20000 | loss 3.2356 | lr_mult 0.0145 | tok/s 643799 | grad_norm 0.118
step 18550/20000 | loss 3.1686 | lr_mult 0.0143 | tok/s 643847 | grad_norm 0.115
step 18560/20000 | loss 3.2350 | lr_mult 0.0141 | tok/s 643891 | grad_norm 0.112
step 18570/20000 | loss 3.2212 | lr_mult 0.0139 | tok/s 643935 | grad_norm 0.110
step 18580/20000 | loss 3.2425 | lr_mult 0.0137 | tok/s 643980 | grad_norm 0.110
step 18590/20000 | loss 3.2129 | lr_mult 0.0135 | tok/s 644023 | grad_norm 0.117
step 18600/20000 | loss 3.2286 | lr_mult 0.0133 | tok/s 644070 | grad_norm 0.120
step 18610/20000 | loss 3.2197 | lr_mult 0.0131 | tok/s 644117 | grad_norm 0.111
step 18620/20000 | loss 3.2214 | lr_mult 0.0130 | tok/s 644163 | grad_norm 0.114
step 18630/20000 | loss 3.2438 | lr_mult 0.0128 | tok/s 644207 | grad_norm 0.117
step 18640/20000 | loss 3.1782 | lr_mult 0.0126 | tok/s 644251 | grad_norm 0.112
step 18650/20000 | loss 3.2380 | lr_mult 0.0124 | tok/s 644295 | grad_norm 0.115
step 18660/20000 | loss 3.2077 | lr_mult 0.0122 | tok/s 644341 | grad_norm 0.111
step 18670/20000 | loss 3.2610 | lr_mult 0.0120 | tok/s 644388 | grad_norm 0.113
step 18680/20000 | loss 3.1908 | lr_mult 0.0119 | tok/s 644434 | grad_norm 0.110
step 18690/20000 | loss 3.2318 | lr_mult 0.0117 | tok/s 644481 | grad_norm 0.114
step 18700/20000 | loss 3.2413 | lr_mult 0.0115 | tok/s 644528 | grad_norm 0.113
step 18710/20000 | loss 3.2134 | lr_mult 0.0113 | tok/s 644574 | grad_norm 0.114
step 18720/20000 | loss 3.2612 | lr_mult 0.0112 | tok/s 644618 | grad_norm 0.110
step 18730/20000 | loss 3.2089 | lr_mult 0.0110 | tok/s 644662 | grad_norm 0.116
step 18740/20000 | loss 3.2529 | lr_mult 0.0108 | tok/s 644706 | grad_norm 0.114
step 18750/20000 | loss 3.2190 | lr_mult 0.0106 | tok/s 644749 | grad_norm 0.113
step 18760/20000 | loss 3.2008 | lr_mult 0.0105 | tok/s 644793 | grad_norm 0.114
step 18770/20000 | loss 3.2424 | lr_mult 0.0103 | tok/s 644839 | grad_norm 0.115
step 18780/20000 | loss 3.1671 | lr_mult 0.0101 | tok/s 644883 | grad_norm 0.115
step 18790/20000 | loss 3.2511 | lr_mult 0.0100 | tok/s 644927 | grad_norm 0.112
step 18800/20000 | loss 3.2088 | lr_mult 0.0098 | tok/s 644973 | grad_norm 0.113
step 18810/20000 | loss 3.2076 | lr_mult 0.0096 | tok/s 645015 | grad_norm 0.114
step 18820/20000 | loss 3.2178 | lr_mult 0.0095 | tok/s 645061 | grad_norm 0.113
step 18830/20000 | loss 3.2660 | lr_mult 0.0093 | tok/s 645107 | grad_norm 0.112
step 18840/20000 | loss 3.2797 | lr_mult 0.0092 | tok/s 645153 | grad_norm 0.110
step 18850/20000 | loss 3.2657 | lr_mult 0.0090 | tok/s 645199 | grad_norm 0.112
step 18860/20000 | loss 3.2224 | lr_mult 0.0089 | tok/s 645245 | grad_norm 0.112
step 18870/20000 | loss 3.2103 | lr_mult 0.0087 | tok/s 645291 | grad_norm 0.118
step 18880/20000 | loss 3.2376 | lr_mult 0.0085 | tok/s 645337 | grad_norm 0.112
step 18890/20000 | loss 3.2538 | lr_mult 0.0084 | tok/s 645383 | grad_norm 0.110
step 18900/20000 | loss 3.2483 | lr_mult 0.0082 | tok/s 645429 | grad_norm 0.108
step 18910/20000 | loss 3.2343 | lr_mult 0.0081 | tok/s 645474 | grad_norm 0.111
step 18920/20000 | loss 3.2148 | lr_mult 0.0080 | tok/s 645517 | grad_norm 0.111
step 18930/20000 | loss 3.2379 | lr_mult 0.0078 | tok/s 645561 | grad_norm 0.114
step 18940/20000 | loss 3.2246 | lr_mult 0.0077 | tok/s 645606 | grad_norm 0.114
step 18950/20000 | loss 3.2514 | lr_mult 0.0075 | tok/s 645652 | grad_norm 0.110
step 18960/20000 | loss 3.2298 | lr_mult 0.0074 | tok/s 645696 | grad_norm 0.113
step 18970/20000 | loss 3.2302 | lr_mult 0.0072 | tok/s 645738 | grad_norm 0.110
step 18980/20000 | loss 3.1768 | lr_mult 0.0071 | tok/s 645781 | grad_norm 0.109
step 18990/20000 | loss 3.1897 | lr_mult 0.0070 | tok/s 645824 | grad_norm 0.112
step 19000/20000 | loss 3.2239 | lr_mult 0.0068 | tok/s 645866 | grad_norm 0.116
step 19000/20000 | val_loss 3.2269
step 19010/20000 | loss 3.2177 | lr_mult 0.0067 | tok/s 645496 | grad_norm 0.111
step 19020/20000 | loss 3.2411 | lr_mult 0.0065 | tok/s 645542 | grad_norm 0.111
step 19030/20000 | loss 3.2508 | lr_mult 0.0064 | tok/s 645585 | grad_norm 0.111
step 19040/20000 | loss 3.2830 | lr_mult 0.0063 | tok/s 645628 | grad_norm 0.115
step 19050/20000 | loss 3.2011 | lr_mult 0.0062 | tok/s 645670 | grad_norm 0.112
step 19060/20000 | loss 3.2361 | lr_mult 0.0060 | tok/s 645715 | grad_norm 0.117
step 19070/20000 | loss 3.2165 | lr_mult 0.0059 | tok/s 645758 | grad_norm 0.113
step 19080/20000 | loss 3.2466 | lr_mult 0.0058 | tok/s 645800 | grad_norm 0.112
step 19090/20000 | loss 3.2221 | lr_mult 0.0056 | tok/s 645845 | grad_norm 0.111
step 19100/20000 | loss 3.2403 | lr_mult 0.0055 | tok/s 645887 | grad_norm 0.113
step 19110/20000 | loss 3.2419 | lr_mult 0.0054 | tok/s 645932 | grad_norm 0.107
step 19120/20000 | loss 3.1636 | lr_mult 0.0053 | tok/s 645976 | grad_norm 0.113
step 19130/20000 | loss 3.2616 | lr_mult 0.0052 | tok/s 646021 | grad_norm 0.108
step 19140/20000 | loss 3.2706 | lr_mult 0.0050 | tok/s 646066 | grad_norm 0.111
step 19150/20000 | loss 3.2469 | lr_mult 0.0049 | tok/s 646108 | grad_norm 0.111
step 19160/20000 | loss 3.2211 | lr_mult 0.0048 | tok/s 646150 | grad_norm 0.114
step 19170/20000 | loss 3.2123 | lr_mult 0.0047 | tok/s 646193 | grad_norm 0.111
step 19180/20000 | loss 3.2933 | lr_mult 0.0046 | tok/s 646237 | grad_norm 0.111
step 19190/20000 | loss 3.2274 | lr_mult 0.0045 | tok/s 646282 | grad_norm 0.110
step 19200/20000 | loss 3.2162 | lr_mult 0.0044 | tok/s 646326 | grad_norm 0.110
step 19210/20000 | loss 3.2679 | lr_mult 0.0043 | tok/s 646370 | grad_norm 0.111
step 19220/20000 | loss 3.2502 | lr_mult 0.0042 | tok/s 646411 | grad_norm 0.114
step 19230/20000 | loss 3.2707 | lr_mult 0.0040 | tok/s 646454 | grad_norm 0.109
step 19240/20000 | loss 3.2342 | lr_mult 0.0039 | tok/s 646496 | grad_norm 0.113
step 19250/20000 | loss 3.2382 | lr_mult 0.0038 | tok/s 646538 | grad_norm 0.115
step 19260/20000 | loss 3.2472 | lr_mult 0.0037 | tok/s 646582 | grad_norm 0.112
step 19270/20000 | loss 3.2508 | lr_mult 0.0036 | tok/s 646626 | grad_norm 0.113
step 19280/20000 | loss 3.2017 | lr_mult 0.0035 | tok/s 646670 | grad_norm 0.111
step 19290/20000 | loss 3.2338 | lr_mult 0.0034 | tok/s 646713 | grad_norm 0.113
step 19300/20000 | loss 3.2347 | lr_mult 0.0033 | tok/s 646757 | grad_norm 0.109
step 19310/20000 | loss 3.1841 | lr_mult 0.0033 | tok/s 646801 | grad_norm 0.114
step 19320/20000 | loss 3.2426 | lr_mult 0.0032 | tok/s 646843 | grad_norm 0.110
step 19330/20000 | loss 3.2473 | lr_mult 0.0031 | tok/s 646887 | grad_norm 0.109
step 19340/20000 | loss 3.2191 | lr_mult 0.0030 | tok/s 646931 | grad_norm 0.109
step 19350/20000 | loss 3.2184 | lr_mult 0.0029 | tok/s 646975 | grad_norm 0.108
step 19360/20000 | loss 3.2311 | lr_mult 0.0028 | tok/s 647017 | grad_norm 0.107
step 19370/20000 | loss 3.2341 | lr_mult 0.0027 | tok/s 647061 | grad_norm 0.110
step 19380/20000 | loss 3.2505 | lr_mult 0.0026 | tok/s 647102 | grad_norm 0.110
step 19390/20000 | loss 3.2386 | lr_mult 0.0025 | tok/s 647143 | grad_norm 0.111
step 19400/20000 | loss 3.2321 | lr_mult 0.0025 | tok/s 647185 | grad_norm 0.111
step 19410/20000 | loss 3.2520 | lr_mult 0.0024 | tok/s 647227 | grad_norm 0.112
step 19420/20000 | loss 3.2369 | lr_mult 0.0023 | tok/s 647269 | grad_norm 0.109
step 19430/20000 | loss 3.2662 | lr_mult 0.0022 | tok/s 647310 | grad_norm 0.110
step 19440/20000 | loss 3.2898 | lr_mult 0.0021 | tok/s 647354 | grad_norm 0.113
step 19450/20000 | loss 3.2042 | lr_mult 0.0021 | tok/s 647397 | grad_norm 0.110
step 19460/20000 | loss 3.2280 | lr_mult 0.0020 | tok/s 647440 | grad_norm 0.109
step 19470/20000 | loss 3.2381 | lr_mult 0.0019 | tok/s 647484 | grad_norm 0.110
step 19480/20000 | loss 3.2481 | lr_mult 0.0018 | tok/s 647528 | grad_norm 0.110
step 19490/20000 | loss 3.2427 | lr_mult 0.0018 | tok/s 647571 | grad_norm 0.112
step 19500/20000 | loss 3.2306 | lr_mult 0.0017 | tok/s 647612 | grad_norm 0.108
step 19500/20000 | val_loss 3.2262
step 19510/20000 | loss 3.2179 | lr_mult 0.0016 | tok/s 647244 | grad_norm 0.111
step 19520/20000 | loss 3.2158 | lr_mult 0.0016 | tok/s 647287 | grad_norm 0.111
step 19530/20000 | loss 3.1976 | lr_mult 0.0015 | tok/s 647328 | grad_norm 0.109
step 19540/20000 | loss 3.2561 | lr_mult 0.0014 | tok/s 647370 | grad_norm 0.108
step 19550/20000 | loss 3.2807 | lr_mult 0.0014 | tok/s 647413 | grad_norm 0.108
step 19560/20000 | loss 3.1877 | lr_mult 0.0013 | tok/s 647455 | grad_norm 0.108
step 19570/20000 | loss 3.2740 | lr_mult 0.0013 | tok/s 647497 | grad_norm 0.110
step 19580/20000 | loss 3.2281 | lr_mult 0.0012 | tok/s 647540 | grad_norm 0.114
step 19590/20000 | loss 3.2360 | lr_mult 0.0011 | tok/s 647582 | grad_norm 0.111
step 19600/20000 | loss 3.2605 | lr_mult 0.0011 | tok/s 647623 | grad_norm 0.108
step 19610/20000 | loss 3.2429 | lr_mult 0.0010 | tok/s 647664 | grad_norm 0.108
step 19620/20000 | loss 3.2639 | lr_mult 0.0010 | tok/s 647707 | grad_norm 0.115
step 19630/20000 | loss 3.2443 | lr_mult 0.0009 | tok/s 647751 | grad_norm 0.114
step 19640/20000 | loss 3.1925 | lr_mult 0.0009 | tok/s 647791 | grad_norm 0.108
step 19650/20000 | loss 3.2116 | lr_mult 0.0008 | tok/s 647834 | grad_norm 0.114
step 19660/20000 | loss 3.2387 | lr_mult 0.0008 | tok/s 647875 | grad_norm 0.112
step 19670/20000 | loss 3.2075 | lr_mult 0.0007 | tok/s 647915 | grad_norm 0.111
step 19680/20000 | loss 3.2111 | lr_mult 0.0007 | tok/s 647958 | grad_norm 0.108
step 19690/20000 | loss 3.2119 | lr_mult 0.0007 | tok/s 648000 | grad_norm 0.110
step 19700/20000 | loss 3.1915 | lr_mult 0.0006 | tok/s 648043 | grad_norm 0.107
step 19710/20000 | loss 3.2678 | lr_mult 0.0006 | tok/s 648086 | grad_norm 0.106
step 19720/20000 | loss 3.2134 | lr_mult 0.0005 | tok/s 648128 | grad_norm 0.110
step 19730/20000 | loss 3.2299 | lr_mult 0.0005 | tok/s 648168 | grad_norm 0.112
step 19740/20000 | loss 3.2457 | lr_mult 0.0005 | tok/s 648209 | grad_norm 0.108
step 19750/20000 | loss 3.2200 | lr_mult 0.0004 | tok/s 648251 | grad_norm 0.110
step 19760/20000 | loss 3.2418 | lr_mult 0.0004 | tok/s 648294 | grad_norm 0.109
step 19770/20000 | loss 3.2899 | lr_mult 0.0004 | tok/s 648334 | grad_norm 0.110
step 19780/20000 | loss 3.2317 | lr_mult 0.0003 | tok/s 648376 | grad_norm 0.108
step 19790/20000 | loss 3.2156 | lr_mult 0.0003 | tok/s 648416 | grad_norm 0.112
step 19800/20000 | loss 3.2788 | lr_mult 0.0003 | tok/s 648457 | grad_norm 0.111
step 19810/20000 | loss 3.2401 | lr_mult 0.0002 | tok/s 648497 | grad_norm 0.114
step 19820/20000 | loss 3.2492 | lr_mult 0.0002 | tok/s 648537 | grad_norm 0.110
step 19830/20000 | loss 3.2172 | lr_mult 0.0002 | tok/s 648577 | grad_norm 0.109
step 19840/20000 | loss 3.2357 | lr_mult 0.0002 | tok/s 648617 | grad_norm 0.110
step 19850/20000 | loss 3.2781 | lr_mult 0.0002 | tok/s 648659 | grad_norm 0.113
step 19860/20000 | loss 3.2201 | lr_mult 0.0001 | tok/s 648699 | grad_norm 0.107
step 19870/20000 | loss 3.2209 | lr_mult 0.0001 | tok/s 648741 | grad_norm 0.109
step 19880/20000 | loss 3.2262 | lr_mult 0.0001 | tok/s 648780 | grad_norm 0.114
step 19890/20000 | loss 3.2073 | lr_mult 0.0001 | tok/s 648820 | grad_norm 0.111
step 19900/20000 | loss 3.2630 | lr_mult 0.0001 | tok/s 648861 | grad_norm 0.107
step 19910/20000 | loss 3.2434 | lr_mult 0.0001 | tok/s 648902 | grad_norm 0.112
step 19920/20000 | loss 3.2485 | lr_mult 0.0000 | tok/s 648942 | grad_norm 0.109
step 19930/20000 | loss 3.2210 | lr_mult 0.0000 | tok/s 648981 | grad_norm 0.111
step 19940/20000 | loss 3.2346 | lr_mult 0.0000 | tok/s 649021 | grad_norm 0.112
step 19950/20000 | loss 3.1913 | lr_mult 0.0000 | tok/s 649061 | grad_norm 0.108
step 19960/20000 | loss 3.2017 | lr_mult 0.0000 | tok/s 649103 | grad_norm 0.109
step 19970/20000 | loss 3.2521 | lr_mult 0.0000 | tok/s 649144 | grad_norm 0.110
step 19980/20000 | loss 3.2713 | lr_mult 0.0000 | tok/s 649185 | grad_norm 0.109
step 19990/20000 | loss 3.2420 | lr_mult 0.0000 | tok/s 649227 | grad_norm 0.108
step 20000/20000 | loss 3.2103 | lr_mult 0.0000 | tok/s 649269 | grad_norm 0.108
step 20000/20000 | val_loss 3.2261
Checkpoint saved: /mnt/dllm/ruilai/checkpoints/small_125m/step_020000.pt
Final val_loss: 3.2261
Training complete. 20000 steps in 8508.9s. Total tokens: 5,242,880,000
wandb: updating run metadata
wandb: uploading output.log; uploading wandb-summary.json; uploading config.yaml
wandb: uploading output.log; uploading wandb-summary.json
wandb: uploading history steps 1999-1999, summary, console lines 2065-2067
wandb: 
wandb: Run history:
wandb:               diagnostics/_summary/M_rms_max █▂▂▂▂▁▁▁▁▁▁▁▁▁▁▁▁▁▁▁▁▁▁▁▁▁▁▁▁▁▁▁▁▁▁▁▁▁▁▁
wandb:              diagnostics/_summary/M_rms_mean █▃▂▂▂▂▁▁▁▁▁▁▁▁▁▁▁▁▁▁▁▁▁▁▁▁▁▁▁▁▁▁▁▁▁▁▂▂▂▂
wandb:               diagnostics/_summary/M_rms_min █▁▁▁▁▁▁▁▁▁▁▁▁▁▁▁▁▁▁▁▁▁▁▁▁▁▁▁▁▁▁▁▁▁▁▁▁▁▁▁
wandb:               diagnostics/_summary/W_rms_max ▁▂▃▄▅▅▆▆▇▇▇▇▇▇██████████████████████████
wandb:              diagnostics/_summary/W_rms_mean ▁▁▂▃▄▆▆▇▇▇▇▇████████████████████████████
wandb:               diagnostics/_summary/W_rms_min ▁▁▁▁▃▃▃▃▃▄▄▄▄▄▄▄▅▆▆▆▇▇███████▇▇▇▇▇▇▇▇▇▇▇
wandb: diagnostics/_summary/clip_active_active_frac ▁▆▆▆▆▇██████████████████████████████████
wandb:         diagnostics/_summary/clip_active_max ▁███████████████████████████████████████
wandb:        diagnostics/_summary/clip_active_mean ▁▁▆▆▆▇▇█████████████████████████████████
wandb:         diagnostics/_summary/clip_active_min ▁▁▁▁▁▁▁▁▁▁▁▁▁▁▁▁▁▁▁▁▁▁▁▁▁▁▁▁▁▁▁▁▁▁▁▁▁▁▁▁
wandb:                                         +794 ...
wandb: 
wandb: Run summary:
wandb:               diagnostics/_summary/M_rms_max 0.00012
wandb:              diagnostics/_summary/M_rms_mean 2e-05
wandb:               diagnostics/_summary/M_rms_min 1e-05
wandb:               diagnostics/_summary/W_rms_max 0.42063
wandb:              diagnostics/_summary/W_rms_mean 0.23114
wandb:               diagnostics/_summary/W_rms_min 0.03588
wandb: diagnostics/_summary/clip_active_active_frac 0.75
wandb:         diagnostics/_summary/clip_active_max 1
wandb:        diagnostics/_summary/clip_active_mean 0.75
wandb:         diagnostics/_summary/clip_active_min 0
wandb:                                         +890 ...
wandb: 
wandb: 🚀 View run fineweb_small_125m-orscale_muon_moonlight_calibrated-seed42 at: https://wandb.ai/yuxuanlou/orscale-fineweb10B/runs/9qnh0b9k
wandb: ⭐️ View project at: https://wandb.ai/yuxuanlou/orscale-fineweb10B
wandb: Synced 5 W&B file(s), 0 media file(s), 0 artifact file(s) and 0 other file(s)
wandb: Find logs at: ./wandb/run-20260502_141454-9qnh0b9k/logs
